id_pais,id_ccaa,id_provincia,ccaa,ccaa_key,provincia,año,mes,categoria_alojamiento,valoraciones
ES,01,04,andalucia,andalucia,almeria,2023,1,hotel 3 estrellas,84.06
ES,01,04,andalucia,andalucia,almeria,2023,1,hotel 4 estrellas,80.36
ES,01,04,andalucia,andalucia,almeria,2023,1,hotel 5 estrellas,76.77
ES,01,04,andalucia,andalucia,almeria,2023,1,total,80.75
ES,01,11,andalucia,andalucia,cadiz,2023,1,hotel 3 estrellas,75.03
ES,01,11,andalucia,andalucia,cadiz,2023,1,hotel 4 estrellas,71.74
ES,01,11,andalucia,andalucia,cadiz,2023,1,hotel 5 estrellas,72.69
ES,01,11,andalucia,andalucia,cadiz,2023,1,total,75.86
ES,01,14,andalucia,andalucia,cordoba,2023,1,hotel 3 estrellas,85.99
ES,01,14,andalucia,andalucia,cordoba,2023,1,hotel 4 estrellas,83.1
ES,01,14,andalucia,andalucia,cordoba,2023,1,hotel 5 estrellas,89.71
ES,01,14,andalucia,andalucia,cordoba,2023,1,total,83.2
ES,01,18,andalucia,andalucia,granada,2023,1,hotel 3 estrellas,66.03
ES,01,18,andalucia,andalucia,granada,2023,1,hotel 4 estrellas,71.11
ES,01,18,andalucia,andalucia,granada,2023,1,hotel 5 estrellas,84.08
ES,01,18,andalucia,andalucia,granada,2023,1,total,72.29
ES,01,21,andalucia,andalucia,huelva,2023,1,hotel 3 estrellas,74.89
ES,01,21,andalucia,andalucia,huelva,2023,1,hotel 4 estrellas,69.44
ES,01,21,andalucia,andalucia,huelva,2023,1,hotel 5 estrellas,76.77
ES,01,21,andalucia,andalucia,huelva,2023,1,total,75.54
ES,01,23,andalucia,andalucia,jaen,2023,1,hotel 3 estrellas,70.61
ES,01,23,andalucia,andalucia,jaen,2023,1,hotel 4 estrellas,77.25
ES,01,23,andalucia,andalucia,jaen,2023,1,hotel 5 estrellas,43.72
ES,01,23,andalucia,andalucia,jaen,2023,1,total,64.42
ES,01,29,andalucia,andalucia,malaga,2023,1,hotel 3 estrellas,73.26
ES,01,29,andalucia,andalucia,malaga,2023,1,hotel 4 estrellas,81.73
ES,01,29,andalucia,andalucia,malaga,2023,1,hotel 5 estrellas,85.29
ES,01,29,andalucia,andalucia,malaga,2023,1,total,78.22
ES,01,41,andalucia,andalucia,sevilla,2023,1,hotel 3 estrellas,80.45
ES,01,41,andalucia,andalucia,sevilla,2023,1,hotel 4 estrellas,85.29
ES,01,41,andalucia,andalucia,sevilla,2023,1,hotel 5 estrellas,85.15
ES,01,41,andalucia,andalucia,sevilla,2023,1,total,83.93
ES,02,22,aragon,aragon,huesca,2023,1,hotel 3 estrellas,75.66
ES,02,22,aragon,aragon,huesca,2023,1,hotel 4 estrellas,90.59
ES,02,22,aragon,aragon,huesca,2023,1,hotel 5 estrellas,99.13
ES,02,22,aragon,aragon,huesca,2023,1,total,73.4
ES,02,44,aragon,aragon,teruel,2023,1,hotel 3 estrellas,72.24
ES,02,44,aragon,aragon,teruel,2023,1,hotel 4 estrellas,79.5
ES,02,44,aragon,aragon,teruel,2023,1,hotel 5 estrellas,99.13
ES,02,44,aragon,aragon,teruel,2023,1,total,75.58
ES,02,50,aragon,aragon,zaragoza,2023,1,hotel 3 estrellas,87.7
ES,02,50,aragon,aragon,zaragoza,2023,1,hotel 4 estrellas,86.18
ES,02,50,aragon,aragon,zaragoza,2023,1,hotel 5 estrellas,99.13
ES,02,50,aragon,aragon,zaragoza,2023,1,total,87.11
ES,03,33,"asturias, principado de",asturias,asturias,2023,1,hotel 3 estrellas,84.41
ES,03,33,"asturias, principado de",asturias,asturias,2023,1,hotel 4 estrellas,78.01
ES,03,33,"asturias, principado de",asturias,asturias,2023,1,hotel 5 estrellas,89.06
ES,03,33,"asturias, principado de",asturias,asturias,2023,1,total,82.66
ES,04,07,"balears, illes",balears,illes balears,2023,1,hotel 3 estrellas,67.04
ES,04,07,"balears, illes",balears,illes balears,2023,1,hotel 4 estrellas,78.28
ES,04,07,"balears, illes",balears,illes balears,2023,1,hotel 5 estrellas,84.56
ES,04,07,"balears, illes",balears,illes balears,2023,1,total,77.28
ES,05,35,canarias,canarias,las palmas,2023,1,hotel 3 estrellas,61.77
ES,05,35,canarias,canarias,las palmas,2023,1,hotel 4 estrellas,61.39
ES,05,35,canarias,canarias,las palmas,2023,1,hotel 5 estrellas,80.4
ES,05,35,canarias,canarias,las palmas,2023,1,total,64.51
ES,05,38,canarias,canarias,santa cruz de tenerife,2023,1,hotel 3 estrellas,60.3
ES,05,38,canarias,canarias,santa cruz de tenerife,2023,1,hotel 4 estrellas,59.17
ES,05,38,canarias,canarias,santa cruz de tenerife,2023,1,hotel 5 estrellas,72.28
ES,05,38,canarias,canarias,santa cruz de tenerife,2023,1,total,60.73
ES,06,39,cantabria,cantabria,cantabria,2023,1,hotel 3 estrellas,80.92
ES,06,39,cantabria,cantabria,cantabria,2023,1,hotel 4 estrellas,90.31
ES,06,39,cantabria,cantabria,cantabria,2023,1,hotel 5 estrellas,94.41
ES,06,39,cantabria,cantabria,cantabria,2023,1,total,86.73
ES,07,05,castilla y leon,castilla y leon,avila,2023,1,hotel 3 estrellas,88.96
ES,07,05,castilla y leon,castilla y leon,avila,2023,1,hotel 4 estrellas,83.98
ES,07,05,castilla y leon,castilla y leon,avila,2023,1,hotel 5 estrellas,99.3
ES,07,05,castilla y leon,castilla y leon,avila,2023,1,total,86.38
ES,07,09,castilla y leon,castilla y leon,burgos,2023,1,hotel 3 estrellas,74.81
ES,07,09,castilla y leon,castilla y leon,burgos,2023,1,hotel 4 estrellas,90.55
ES,07,09,castilla y leon,castilla y leon,burgos,2023,1,hotel 5 estrellas,96.18
ES,07,09,castilla y leon,castilla y leon,burgos,2023,1,total,78.45
ES,07,24,castilla y leon,castilla y leon,leon,2023,1,hotel 3 estrellas,91.51
ES,07,24,castilla y leon,castilla y leon,leon,2023,1,hotel 4 estrellas,87.91
ES,07,24,castilla y leon,castilla y leon,leon,2023,1,hotel 5 estrellas,92.15
ES,07,24,castilla y leon,castilla y leon,leon,2023,1,total,90.14
ES,07,34,castilla y leon,castilla y leon,palencia,2023,1,hotel 3 estrellas,83.75
ES,07,34,castilla y leon,castilla y leon,palencia,2023,1,hotel 4 estrellas,88.28
ES,07,34,castilla y leon,castilla y leon,palencia,2023,1,hotel 5 estrellas,92.15
ES,07,34,castilla y leon,castilla y leon,palencia,2023,1,total,85.67
ES,07,37,castilla y leon,castilla y leon,salamanca,2023,1,hotel 3 estrellas,80.38
ES,07,37,castilla y leon,castilla y leon,salamanca,2023,1,hotel 4 estrellas,70.9
ES,07,37,castilla y leon,castilla y leon,salamanca,2023,1,hotel 5 estrellas,83.29
ES,07,37,castilla y leon,castilla y leon,salamanca,2023,1,total,80.6
ES,07,40,castilla y leon,castilla y leon,segovia,2023,1,hotel 3 estrellas,84.76
ES,07,40,castilla y leon,castilla y leon,segovia,2023,1,hotel 4 estrellas,84.56
ES,07,40,castilla y leon,castilla y leon,segovia,2023,1,hotel 5 estrellas,87.82
ES,07,40,castilla y leon,castilla y leon,segovia,2023,1,total,81.05
ES,07,42,castilla y leon,castilla y leon,soria,2023,1,hotel 3 estrellas,86.58
ES,07,42,castilla y leon,castilla y leon,soria,2023,1,hotel 4 estrellas,82.82
ES,07,42,castilla y leon,castilla y leon,soria,2023,1,hotel 5 estrellas,92.15
ES,07,42,castilla y leon,castilla y leon,soria,2023,1,total,89.02
ES,07,47,castilla y leon,castilla y leon,valladolid,2023,1,hotel 3 estrellas,92.64
ES,07,47,castilla y leon,castilla y leon,valladolid,2023,1,hotel 4 estrellas,73.32
ES,07,47,castilla y leon,castilla y leon,valladolid,2023,1,hotel 5 estrellas,98.68
ES,07,47,castilla y leon,castilla y leon,valladolid,2023,1,total,81.94
ES,07,49,castilla y leon,castilla y leon,zamora,2023,1,hotel 3 estrellas,83.45
ES,07,49,castilla y leon,castilla y leon,zamora,2023,1,hotel 4 estrellas,77.07
ES,07,49,castilla y leon,castilla y leon,zamora,2023,1,hotel 5 estrellas,87.6
ES,07,49,castilla y leon,castilla y leon,zamora,2023,1,total,70.49
ES,08,02,castilla-la mancha,castilla-la mancha,albacete,2023,1,hotel 3 estrellas,60.45
ES,08,02,castilla-la mancha,castilla-la mancha,albacete,2023,1,hotel 4 estrellas,77.25
ES,08,02,castilla-la mancha,castilla-la mancha,albacete,2023,1,hotel 5 estrellas,78.7
ES,08,02,castilla-la mancha,castilla-la mancha,albacete,2023,1,total,66.39
ES,08,13,castilla-la mancha,castilla-la mancha,ciudad real,2023,1,hotel 3 estrellas,83.37
ES,08,13,castilla-la mancha,castilla-la mancha,ciudad real,2023,1,hotel 4 estrellas,91.24
ES,08,13,castilla-la mancha,castilla-la mancha,ciudad real,2023,1,hotel 5 estrellas,96.1
ES,08,13,castilla-la mancha,castilla-la mancha,ciudad real,2023,1,total,87.36
ES,08,16,castilla-la mancha,castilla-la mancha,cuenca,2023,1,hotel 3 estrellas,70.19
ES,08,16,castilla-la mancha,castilla-la mancha,cuenca,2023,1,hotel 4 estrellas,92.23
ES,08,16,castilla-la mancha,castilla-la mancha,cuenca,2023,1,hotel 5 estrellas,78.7
ES,08,16,castilla-la mancha,castilla-la mancha,cuenca,2023,1,total,89.36
ES,08,19,castilla-la mancha,castilla-la mancha,guadalajara,2023,1,hotel 3 estrellas,76.4
ES,08,19,castilla-la mancha,castilla-la mancha,guadalajara,2023,1,hotel 4 estrellas,73.22
ES,08,19,castilla-la mancha,castilla-la mancha,guadalajara,2023,1,hotel 5 estrellas,78.7
ES,08,19,castilla-la mancha,castilla-la mancha,guadalajara,2023,1,total,73.98
ES,08,45,castilla-la mancha,castilla-la mancha,toledo,2023,1,hotel 3 estrellas,75.13
ES,08,45,castilla-la mancha,castilla-la mancha,toledo,2023,1,hotel 4 estrellas,61.44
ES,08,45,castilla-la mancha,castilla-la mancha,toledo,2023,1,hotel 5 estrellas,61.3
ES,08,45,castilla-la mancha,castilla-la mancha,toledo,2023,1,total,69.02
ES,09,08,cataluna,cataluna,barcelona,2023,1,hotel 3 estrellas,76.76
ES,09,08,cataluna,cataluna,barcelona,2023,1,hotel 4 estrellas,75.04
ES,09,08,cataluna,cataluna,barcelona,2023,1,hotel 5 estrellas,83.99
ES,09,08,cataluna,cataluna,barcelona,2023,1,total,76.02
ES,09,17,cataluna,cataluna,girona,2023,1,hotel 3 estrellas,77.56
ES,09,17,cataluna,cataluna,girona,2023,1,hotel 4 estrellas,79.1
ES,09,17,cataluna,cataluna,girona,2023,1,hotel 5 estrellas,74.18
ES,09,17,cataluna,cataluna,girona,2023,1,total,79.71
ES,09,25,cataluna,cataluna,lleida,2023,1,hotel 3 estrellas,87.82
ES,09,25,cataluna,cataluna,lleida,2023,1,hotel 4 estrellas,60.92
ES,09,25,cataluna,cataluna,lleida,2023,1,hotel 5 estrellas,84.57
ES,09,25,cataluna,cataluna,lleida,2023,1,total,79.31
ES,09,43,cataluna,cataluna,tarragona,2023,1,hotel 3 estrellas,78.5
ES,09,43,cataluna,cataluna,tarragona,2023,1,hotel 4 estrellas,67.25
ES,09,43,cataluna,cataluna,tarragona,2023,1,hotel 5 estrellas,85.74
ES,09,43,cataluna,cataluna,tarragona,2023,1,total,72.33
ES,10,03,comunitat valenciana,comunitat valenciana,alicante/alacant,2023,1,hotel 3 estrellas,76.25
ES,10,03,comunitat valenciana,comunitat valenciana,alicante/alacant,2023,1,hotel 4 estrellas,69.66
ES,10,03,comunitat valenciana,comunitat valenciana,alicante/alacant,2023,1,hotel 5 estrellas,61.15
ES,10,03,comunitat valenciana,comunitat valenciana,alicante/alacant,2023,1,total,69.46
ES,10,12,comunitat valenciana,comunitat valenciana,castellon/castello,2023,1,hotel 3 estrellas,69.14
ES,10,12,comunitat valenciana,comunitat valenciana,castellon/castello,2023,1,hotel 4 estrellas,67.88
ES,10,12,comunitat valenciana,comunitat valenciana,castellon/castello,2023,1,hotel 5 estrellas,71.73
ES,10,12,comunitat valenciana,comunitat valenciana,castellon/castello,2023,1,total,63.89
ES,10,46,comunitat valenciana,comunitat valenciana,valencia/valencia,2023,1,hotel 3 estrellas,81.07
ES,10,46,comunitat valenciana,comunitat valenciana,valencia/valencia,2023,1,hotel 4 estrellas,75.1
ES,10,46,comunitat valenciana,comunitat valenciana,valencia/valencia,2023,1,hotel 5 estrellas,82.32
ES,10,46,comunitat valenciana,comunitat valenciana,valencia/valencia,2023,1,total,79.87
ES,11,06,extremadura,extremadura,badajoz,2023,1,hotel 3 estrellas,68.61
ES,11,06,extremadura,extremadura,badajoz,2023,1,hotel 4 estrellas,73.76
ES,11,06,extremadura,extremadura,badajoz,2023,1,hotel 5 estrellas,90.57
ES,11,06,extremadura,extremadura,badajoz,2023,1,total,72.96
ES,11,10,extremadura,extremadura,caceres,2023,1,hotel 3 estrellas,70.18
ES,11,10,extremadura,extremadura,caceres,2023,1,hotel 4 estrellas,65.44
ES,11,10,extremadura,extremadura,caceres,2023,1,hotel 5 estrellas,84.44
ES,11,10,extremadura,extremadura,caceres,2023,1,total,70.76
ES,12,15,galicia,galicia,a coruna,2023,1,hotel 3 estrellas,79.72
ES,12,15,galicia,galicia,a coruna,2023,1,hotel 4 estrellas,95.59
ES,12,15,galicia,galicia,a coruna,2023,1,hotel 5 estrellas,74.74
ES,12,15,galicia,galicia,a coruna,2023,1,total,84.7
ES,12,27,galicia,galicia,lugo,2023,1,hotel 3 estrellas,82.96
ES,12,27,galicia,galicia,lugo,2023,1,hotel 4 estrellas,62.67
ES,12,27,galicia,galicia,lugo,2023,1,hotel 5 estrellas,79.48
ES,12,27,galicia,galicia,lugo,2023,1,total,74.39
ES,12,32,galicia,galicia,ourense,2023,1,hotel 3 estrellas,78.06
ES,12,32,galicia,galicia,ourense,2023,1,hotel 4 estrellas,80.85
ES,12,32,galicia,galicia,ourense,2023,1,hotel 5 estrellas,79.48
ES,12,32,galicia,galicia,ourense,2023,1,total,79.91
ES,12,36,galicia,galicia,pontevedra,2023,1,hotel 3 estrellas,71.5
ES,12,36,galicia,galicia,pontevedra,2023,1,hotel 4 estrellas,84.28
ES,12,36,galicia,galicia,pontevedra,2023,1,hotel 5 estrellas,84.23
ES,12,36,galicia,galicia,pontevedra,2023,1,total,80.63
ES,13,28,"madrid, comunidad de",madrid,madrid,2023,1,hotel 3 estrellas,71.36
ES,13,28,"madrid, comunidad de",madrid,madrid,2023,1,hotel 4 estrellas,78.76
ES,13,28,"madrid, comunidad de",madrid,madrid,2023,1,hotel 5 estrellas,80.92
ES,13,28,"madrid, comunidad de",madrid,madrid,2023,1,total,77.27
ES,14,30,"murcia, region de",murcia,murcia,2023,1,hotel 3 estrellas,71.95
ES,14,30,"murcia, region de",murcia,murcia,2023,1,hotel 4 estrellas,75.29
ES,14,30,"murcia, region de",murcia,murcia,2023,1,hotel 5 estrellas,83.51
ES,14,30,"murcia, region de",murcia,murcia,2023,1,total,76.58
ES,15,31,"navarra, comunidad foral de",navarra,navarra,2023,1,hotel 3 estrellas,88.9
ES,15,31,"navarra, comunidad foral de",navarra,navarra,2023,1,hotel 4 estrellas,77.37
ES,15,31,"navarra, comunidad foral de",navarra,navarra,2023,1,hotel 5 estrellas,98.05
ES,15,31,"navarra, comunidad foral de",navarra,navarra,2023,1,total,82.87
ES,16,01,pais vasco,pais vasco,araba/alava,2023,1,hotel 3 estrellas,91.28
ES,16,01,pais vasco,pais vasco,araba/alava,2023,1,hotel 4 estrellas,71.51
ES,16,01,pais vasco,pais vasco,araba/alava,2023,1,hotel 5 estrellas,60.78
ES,16,01,pais vasco,pais vasco,araba/alava,2023,1,total,78.06
ES,16,48,pais vasco,pais vasco,bizkaia,2023,1,hotel 3 estrellas,71.21
ES,16,48,pais vasco,pais vasco,bizkaia,2023,1,hotel 4 estrellas,91.11
ES,16,48,pais vasco,pais vasco,bizkaia,2023,1,hotel 5 estrellas,80.92
ES,16,48,pais vasco,pais vasco,bizkaia,2023,1,total,85.8
ES,16,20,pais vasco,pais vasco,gipuzkoa,2023,1,hotel 3 estrellas,71.67
ES,16,20,pais vasco,pais vasco,gipuzkoa,2023,1,hotel 4 estrellas,79.44
ES,16,20,pais vasco,pais vasco,gipuzkoa,2023,1,hotel 5 estrellas,95.65
ES,16,20,pais vasco,pais vasco,gipuzkoa,2023,1,total,78.18
ES,17,26,"rioja, la",rioja,la rioja,2023,1,hotel 3 estrellas,82.01
ES,17,26,"rioja, la",rioja,la rioja,2023,1,hotel 4 estrellas,84.74
ES,17,26,"rioja, la",rioja,la rioja,2023,1,hotel 5 estrellas,83.9
ES,17,26,"rioja, la",rioja,la rioja,2023,1,total,87.35
ES,01,04,andalucia,andalucia,almeria,2023,2,hotel 3 estrellas,66.5
ES,01,04,andalucia,andalucia,almeria,2023,2,hotel 4 estrellas,73.83
ES,01,04,andalucia,andalucia,almeria,2023,2,hotel 5 estrellas,85.31
ES,01,04,andalucia,andalucia,almeria,2023,2,total,69.79
ES,01,11,andalucia,andalucia,cadiz,2023,2,hotel 3 estrellas,70.12
ES,01,11,andalucia,andalucia,cadiz,2023,2,hotel 4 estrellas,73.94
ES,01,11,andalucia,andalucia,cadiz,2023,2,hotel 5 estrellas,95.29
ES,01,11,andalucia,andalucia,cadiz,2023,2,total,71.51
ES,01,14,andalucia,andalucia,cordoba,2023,2,hotel 3 estrellas,78.78
ES,01,14,andalucia,andalucia,cordoba,2023,2,hotel 4 estrellas,83.07
ES,01,14,andalucia,andalucia,cordoba,2023,2,hotel 5 estrellas,90.17
ES,01,14,andalucia,andalucia,cordoba,2023,2,total,81.27
ES,01,18,andalucia,andalucia,granada,2023,2,hotel 3 estrellas,72.13
ES,01,18,andalucia,andalucia,granada,2023,2,hotel 4 estrellas,71.8
ES,01,18,andalucia,andalucia,granada,2023,2,hotel 5 estrellas,80.21
ES,01,18,andalucia,andalucia,granada,2023,2,total,73.59
ES,01,21,andalucia,andalucia,huelva,2023,2,hotel 3 estrellas,81.91
ES,01,21,andalucia,andalucia,huelva,2023,2,hotel 4 estrellas,59.57
ES,01,21,andalucia,andalucia,huelva,2023,2,hotel 5 estrellas,85.31
ES,01,21,andalucia,andalucia,huelva,2023,2,total,74.53
ES,01,23,andalucia,andalucia,jaen,2023,2,hotel 3 estrellas,84.96
ES,01,23,andalucia,andalucia,jaen,2023,2,hotel 4 estrellas,76.68
ES,01,23,andalucia,andalucia,jaen,2023,2,hotel 5 estrellas,78.05
ES,01,23,andalucia,andalucia,jaen,2023,2,total,74.71
ES,01,29,andalucia,andalucia,malaga,2023,2,hotel 3 estrellas,72.44
ES,01,29,andalucia,andalucia,malaga,2023,2,hotel 4 estrellas,79.23
ES,01,29,andalucia,andalucia,malaga,2023,2,hotel 5 estrellas,86.9
ES,01,29,andalucia,andalucia,malaga,2023,2,total,77.17
ES,01,41,andalucia,andalucia,sevilla,2023,2,hotel 3 estrellas,68.46
ES,01,41,andalucia,andalucia,sevilla,2023,2,hotel 4 estrellas,79.18
ES,01,41,andalucia,andalucia,sevilla,2023,2,hotel 5 estrellas,81.22
ES,01,41,andalucia,andalucia,sevilla,2023,2,total,76.69
ES,02,22,aragon,aragon,huesca,2023,2,hotel 3 estrellas,71.16
ES,02,22,aragon,aragon,huesca,2023,2,hotel 4 estrellas,83.33
ES,02,22,aragon,aragon,huesca,2023,2,hotel 5 estrellas,84.76
ES,02,22,aragon,aragon,huesca,2023,2,total,72.41
ES,02,44,aragon,aragon,teruel,2023,2,hotel 3 estrellas,86.08
ES,02,44,aragon,aragon,teruel,2023,2,hotel 4 estrellas,71.58
ES,02,44,aragon,aragon,teruel,2023,2,hotel 5 estrellas,84.76
ES,02,44,aragon,aragon,teruel,2023,2,total,81.33
ES,02,50,aragon,aragon,zaragoza,2023,2,hotel 3 estrellas,71.57
ES,02,50,aragon,aragon,zaragoza,2023,2,hotel 4 estrellas,69.92
ES,02,50,aragon,aragon,zaragoza,2023,2,hotel 5 estrellas,84.76
ES,02,50,aragon,aragon,zaragoza,2023,2,total,71.6
ES,03,33,"asturias, principado de",asturias,asturias,2023,2,hotel 3 estrellas,86.14
ES,03,33,"asturias, principado de",asturias,asturias,2023,2,hotel 4 estrellas,82.18
ES,03,33,"asturias, principado de",asturias,asturias,2023,2,hotel 5 estrellas,77.56
ES,03,33,"asturias, principado de",asturias,asturias,2023,2,total,86.93
ES,04,07,"balears, illes",balears,illes balears,2023,2,hotel 3 estrellas,75.15
ES,04,07,"balears, illes",balears,illes balears,2023,2,hotel 4 estrellas,79.24
ES,04,07,"balears, illes",balears,illes balears,2023,2,hotel 5 estrellas,86.8
ES,04,07,"balears, illes",balears,illes balears,2023,2,total,79.18
ES,05,35,canarias,canarias,las palmas,2023,2,hotel 3 estrellas,63.03
ES,05,35,canarias,canarias,las palmas,2023,2,hotel 4 estrellas,65.09
ES,05,35,canarias,canarias,las palmas,2023,2,hotel 5 estrellas,74.23
ES,05,35,canarias,canarias,las palmas,2023,2,total,65.53
ES,05,38,canarias,canarias,santa cruz de tenerife,2023,2,hotel 3 estrellas,57.15
ES,05,38,canarias,canarias,santa cruz de tenerife,2023,2,hotel 4 estrellas,65.38
ES,05,38,canarias,canarias,santa cruz de tenerife,2023,2,hotel 5 estrellas,69.14
ES,05,38,canarias,canarias,santa cruz de tenerife,2023,2,total,62.99
ES,06,39,cantabria,cantabria,cantabria,2023,2,hotel 3 estrellas,88.94
ES,06,39,cantabria,cantabria,cantabria,2023,2,hotel 4 estrellas,86.48
ES,06,39,cantabria,cantabria,cantabria,2023,2,hotel 5 estrellas,98.44
ES,06,39,cantabria,cantabria,cantabria,2023,2,total,88.45
ES,07,05,castilla y leon,castilla y leon,avila,2023,2,hotel 3 estrellas,93.12
ES,07,05,castilla y leon,castilla y leon,avila,2023,2,hotel 4 estrellas,69.84
ES,07,05,castilla y leon,castilla y leon,avila,2023,2,hotel 5 estrellas,74.48
ES,07,05,castilla y leon,castilla y leon,avila,2023,2,total,75.37
ES,07,09,castilla y leon,castilla y leon,burgos,2023,2,hotel 3 estrellas,76.68
ES,07,09,castilla y leon,castilla y leon,burgos,2023,2,hotel 4 estrellas,88.18
ES,07,09,castilla y leon,castilla y leon,burgos,2023,2,hotel 5 estrellas,79.85
ES,07,09,castilla y leon,castilla y leon,burgos,2023,2,total,78.52
ES,07,24,castilla y leon,castilla y leon,leon,2023,2,hotel 3 estrellas,85.0
ES,07,24,castilla y leon,castilla y leon,leon,2023,2,hotel 4 estrellas,86.85
ES,07,24,castilla y leon,castilla y leon,leon,2023,2,hotel 5 estrellas,68.51
ES,07,24,castilla y leon,castilla y leon,leon,2023,2,total,86.18
ES,07,34,castilla y leon,castilla y leon,palencia,2023,2,hotel 3 estrellas,78.24
ES,07,34,castilla y leon,castilla y leon,palencia,2023,2,hotel 4 estrellas,77.77
ES,07,34,castilla y leon,castilla y leon,palencia,2023,2,hotel 5 estrellas,83.86
ES,07,34,castilla y leon,castilla y leon,palencia,2023,2,total,70.2
ES,07,37,castilla y leon,castilla y leon,salamanca,2023,2,hotel 3 estrellas,75.38
ES,07,37,castilla y leon,castilla y leon,salamanca,2023,2,hotel 4 estrellas,64.94
ES,07,37,castilla y leon,castilla y leon,salamanca,2023,2,hotel 5 estrellas,90.48
ES,07,37,castilla y leon,castilla y leon,salamanca,2023,2,total,79.19
ES,07,40,castilla y leon,castilla y leon,segovia,2023,2,hotel 3 estrellas,84.53
ES,07,40,castilla y leon,castilla y leon,segovia,2023,2,hotel 4 estrellas,74.47
ES,07,40,castilla y leon,castilla y leon,segovia,2023,2,hotel 5 estrellas,93.4
ES,07,40,castilla y leon,castilla y leon,segovia,2023,2,total,85.48
ES,07,42,castilla y leon,castilla y leon,soria,2023,2,hotel 3 estrellas,85.28
ES,07,42,castilla y leon,castilla y leon,soria,2023,2,hotel 4 estrellas,86.02
ES,07,42,castilla y leon,castilla y leon,soria,2023,2,hotel 5 estrellas,83.86
ES,07,42,castilla y leon,castilla y leon,soria,2023,2,total,85.72
ES,07,47,castilla y leon,castilla y leon,valladolid,2023,2,hotel 3 estrellas,78.59
ES,07,47,castilla y leon,castilla y leon,valladolid,2023,2,hotel 4 estrellas,82.74
ES,07,47,castilla y leon,castilla y leon,valladolid,2023,2,hotel 5 estrellas,80.28
ES,07,47,castilla y leon,castilla y leon,valladolid,2023,2,total,80.61
ES,07,49,castilla y leon,castilla y leon,zamora,2023,2,hotel 3 estrellas,72.72
ES,07,49,castilla y leon,castilla y leon,zamora,2023,2,hotel 4 estrellas,84.62
ES,07,49,castilla y leon,castilla y leon,zamora,2023,2,hotel 5 estrellas,100.0
ES,07,49,castilla y leon,castilla y leon,zamora,2023,2,total,81.5
ES,08,02,castilla-la mancha,castilla-la mancha,albacete,2023,2,hotel 3 estrellas,66.57
ES,08,02,castilla-la mancha,castilla-la mancha,albacete,2023,2,hotel 4 estrellas,69.04
ES,08,02,castilla-la mancha,castilla-la mancha,albacete,2023,2,hotel 5 estrellas,95.7
ES,08,02,castilla-la mancha,castilla-la mancha,albacete,2023,2,total,77.42
ES,08,13,castilla-la mancha,castilla-la mancha,ciudad real,2023,2,hotel 3 estrellas,92.17
ES,08,13,castilla-la mancha,castilla-la mancha,ciudad real,2023,2,hotel 4 estrellas,68.37
ES,08,13,castilla-la mancha,castilla-la mancha,ciudad real,2023,2,hotel 5 estrellas,100.0
ES,08,13,castilla-la mancha,castilla-la mancha,ciudad real,2023,2,total,84.92
ES,08,16,castilla-la mancha,castilla-la mancha,cuenca,2023,2,hotel 3 estrellas,46.6
ES,08,16,castilla-la mancha,castilla-la mancha,cuenca,2023,2,hotel 4 estrellas,76.0
ES,08,16,castilla-la mancha,castilla-la mancha,cuenca,2023,2,hotel 5 estrellas,95.7
ES,08,16,castilla-la mancha,castilla-la mancha,cuenca,2023,2,total,69.68
ES,08,19,castilla-la mancha,castilla-la mancha,guadalajara,2023,2,hotel 3 estrellas,84.63
ES,08,19,castilla-la mancha,castilla-la mancha,guadalajara,2023,2,hotel 4 estrellas,90.37
ES,08,19,castilla-la mancha,castilla-la mancha,guadalajara,2023,2,hotel 5 estrellas,95.7
ES,08,19,castilla-la mancha,castilla-la mancha,guadalajara,2023,2,total,90.07
ES,08,45,castilla-la mancha,castilla-la mancha,toledo,2023,2,hotel 3 estrellas,73.74
ES,08,45,castilla-la mancha,castilla-la mancha,toledo,2023,2,hotel 4 estrellas,76.26
ES,08,45,castilla-la mancha,castilla-la mancha,toledo,2023,2,hotel 5 estrellas,91.39
ES,08,45,castilla-la mancha,castilla-la mancha,toledo,2023,2,total,78.29
ES,09,08,cataluna,cataluna,barcelona,2023,2,hotel 3 estrellas,75.45
ES,09,08,cataluna,cataluna,barcelona,2023,2,hotel 4 estrellas,75.58
ES,09,08,cataluna,cataluna,barcelona,2023,2,hotel 5 estrellas,79.83
ES,09,08,cataluna,cataluna,barcelona,2023,2,total,75.91
ES,09,17,cataluna,cataluna,girona,2023,2,hotel 3 estrellas,72.21
ES,09,17,cataluna,cataluna,girona,2023,2,hotel 4 estrellas,74.67
ES,09,17,cataluna,cataluna,girona,2023,2,hotel 5 estrellas,77.09
ES,09,17,cataluna,cataluna,girona,2023,2,total,73.61
ES,09,25,cataluna,cataluna,lleida,2023,2,hotel 3 estrellas,78.59
ES,09,25,cataluna,cataluna,lleida,2023,2,hotel 4 estrellas,66.28
ES,09,25,cataluna,cataluna,lleida,2023,2,hotel 5 estrellas,73.05
ES,09,25,cataluna,cataluna,lleida,2023,2,total,67.87
ES,09,43,cataluna,cataluna,tarragona,2023,2,hotel 3 estrellas,60.21
ES,09,43,cataluna,cataluna,tarragona,2023,2,hotel 4 estrellas,53.05
ES,09,43,cataluna,cataluna,tarragona,2023,2,hotel 5 estrellas,76.65
ES,09,43,cataluna,cataluna,tarragona,2023,2,total,63.39
ES,10,03,comunitat valenciana,comunitat valenciana,alicante/alacant,2023,2,hotel 3 estrellas,63.68
ES,10,03,comunitat valenciana,comunitat valenciana,alicante/alacant,2023,2,hotel 4 estrellas,66.39
ES,10,03,comunitat valenciana,comunitat valenciana,alicante/alacant,2023,2,hotel 5 estrellas,76.79
ES,10,03,comunitat valenciana,comunitat valenciana,alicante/alacant,2023,2,total,67.66
ES,10,12,comunitat valenciana,comunitat valenciana,castellon/castello,2023,2,hotel 3 estrellas,75.97
ES,10,12,comunitat valenciana,comunitat valenciana,castellon/castello,2023,2,hotel 4 estrellas,73.99
ES,10,12,comunitat valenciana,comunitat valenciana,castellon/castello,2023,2,hotel 5 estrellas,72.32
ES,10,12,comunitat valenciana,comunitat valenciana,castellon/castello,2023,2,total,75.19
ES,10,46,comunitat valenciana,comunitat valenciana,valencia/valencia,2023,2,hotel 3 estrellas,73.21
ES,10,46,comunitat valenciana,comunitat valenciana,valencia/valencia,2023,2,hotel 4 estrellas,71.73
ES,10,46,comunitat valenciana,comunitat valenciana,valencia/valencia,2023,2,hotel 5 estrellas,67.86
ES,10,46,comunitat valenciana,comunitat valenciana,valencia/valencia,2023,2,total,73.28
ES,11,06,extremadura,extremadura,badajoz,2023,2,hotel 3 estrellas,52.28
ES,11,06,extremadura,extremadura,badajoz,2023,2,hotel 4 estrellas,62.05
ES,11,06,extremadura,extremadura,badajoz,2023,2,hotel 5 estrellas,77.43
ES,11,06,extremadura,extremadura,badajoz,2023,2,total,62.7
ES,11,10,extremadura,extremadura,caceres,2023,2,hotel 3 estrellas,67.71
ES,11,10,extremadura,extremadura,caceres,2023,2,hotel 4 estrellas,88.21
ES,11,10,extremadura,extremadura,caceres,2023,2,hotel 5 estrellas,88.74
ES,11,10,extremadura,extremadura,caceres,2023,2,total,84.94
ES,12,15,galicia,galicia,a coruna,2023,2,hotel 3 estrellas,83.08
ES,12,15,galicia,galicia,a coruna,2023,2,hotel 4 estrellas,69.87
ES,12,15,galicia,galicia,a coruna,2023,2,hotel 5 estrellas,90.82
ES,12,15,galicia,galicia,a coruna,2023,2,total,84.01
ES,12,27,galicia,galicia,lugo,2023,2,hotel 3 estrellas,80.68
ES,12,27,galicia,galicia,lugo,2023,2,hotel 4 estrellas,90.8
ES,12,27,galicia,galicia,lugo,2023,2,hotel 5 estrellas,88.98
ES,12,27,galicia,galicia,lugo,2023,2,total,89.67
ES,12,32,galicia,galicia,ourense,2023,2,hotel 3 estrellas,76.72
ES,12,32,galicia,galicia,ourense,2023,2,hotel 4 estrellas,83.43
ES,12,32,galicia,galicia,ourense,2023,2,hotel 5 estrellas,88.98
ES,12,32,galicia,galicia,ourense,2023,2,total,83.14
ES,12,36,galicia,galicia,pontevedra,2023,2,hotel 3 estrellas,66.39
ES,12,36,galicia,galicia,pontevedra,2023,2,hotel 4 estrellas,89.61
ES,12,36,galicia,galicia,pontevedra,2023,2,hotel 5 estrellas,87.15
ES,12,36,galicia,galicia,pontevedra,2023,2,total,75.75
ES,13,28,"madrid, comunidad de",madrid,madrid,2023,2,hotel 3 estrellas,69.24
ES,13,28,"madrid, comunidad de",madrid,madrid,2023,2,hotel 4 estrellas,71.4
ES,13,28,"madrid, comunidad de",madrid,madrid,2023,2,hotel 5 estrellas,72.27
ES,13,28,"madrid, comunidad de",madrid,madrid,2023,2,total,71.36
ES,14,30,"murcia, region de",murcia,murcia,2023,2,hotel 3 estrellas,69.97
ES,14,30,"murcia, region de",murcia,murcia,2023,2,hotel 4 estrellas,73.26
ES,14,30,"murcia, region de",murcia,murcia,2023,2,hotel 5 estrellas,79.75
ES,14,30,"murcia, region de",murcia,murcia,2023,2,total,72.09
ES,15,31,"navarra, comunidad foral de",navarra,navarra,2023,2,hotel 3 estrellas,76.87
ES,15,31,"navarra, comunidad foral de",navarra,navarra,2023,2,hotel 4 estrellas,91.59
ES,15,31,"navarra, comunidad foral de",navarra,navarra,2023,2,hotel 5 estrellas,94.16
ES,15,31,"navarra, comunidad foral de",navarra,navarra,2023,2,total,83.73
ES,16,01,pais vasco,pais vasco,araba/alava,2023,2,hotel 3 estrellas,86.56
ES,16,01,pais vasco,pais vasco,araba/alava,2023,2,hotel 4 estrellas,70.89
ES,16,01,pais vasco,pais vasco,araba/alava,2023,2,hotel 5 estrellas,90.87
ES,16,01,pais vasco,pais vasco,araba/alava,2023,2,total,63.94
ES,16,48,pais vasco,pais vasco,bizkaia,2023,2,hotel 3 estrellas,77.82
ES,16,48,pais vasco,pais vasco,bizkaia,2023,2,hotel 4 estrellas,82.54
ES,16,48,pais vasco,pais vasco,bizkaia,2023,2,hotel 5 estrellas,85.11
ES,16,48,pais vasco,pais vasco,bizkaia,2023,2,total,82.58
ES,16,20,pais vasco,pais vasco,gipuzkoa,2023,2,hotel 3 estrellas,85.78
ES,16,20,pais vasco,pais vasco,gipuzkoa,2023,2,hotel 4 estrellas,89.36
ES,16,20,pais vasco,pais vasco,gipuzkoa,2023,2,hotel 5 estrellas,96.63
ES,16,20,pais vasco,pais vasco,gipuzkoa,2023,2,total,89.33
ES,17,26,"rioja, la",rioja,la rioja,2023,2,hotel 3 estrellas,86.26
ES,17,26,"rioja, la",rioja,la rioja,2023,2,hotel 4 estrellas,79.72
ES,17,26,"rioja, la",rioja,la rioja,2023,2,hotel 5 estrellas,97.61
ES,17,26,"rioja, la",rioja,la rioja,2023,2,total,91.18
ES,01,04,andalucia,andalucia,almeria,2023,3,hotel 3 estrellas,78.36
ES,01,04,andalucia,andalucia,almeria,2023,3,hotel 4 estrellas,56.5
ES,01,04,andalucia,andalucia,almeria,2023,3,hotel 5 estrellas,83.87
ES,01,04,andalucia,andalucia,almeria,2023,3,total,57.28
ES,01,11,andalucia,andalucia,cadiz,2023,3,hotel 3 estrellas,81.96
ES,01,11,andalucia,andalucia,cadiz,2023,3,hotel 4 estrellas,77.53
ES,01,11,andalucia,andalucia,cadiz,2023,3,hotel 5 estrellas,83.52
ES,01,11,andalucia,andalucia,cadiz,2023,3,total,79.57
ES,01,14,andalucia,andalucia,cordoba,2023,3,hotel 3 estrellas,80.43
ES,01,14,andalucia,andalucia,cordoba,2023,3,hotel 4 estrellas,75.55
ES,01,14,andalucia,andalucia,cordoba,2023,3,hotel 5 estrellas,68.59
ES,01,14,andalucia,andalucia,cordoba,2023,3,total,75.62
ES,01,18,andalucia,andalucia,granada,2023,3,hotel 3 estrellas,69.8
ES,01,18,andalucia,andalucia,granada,2023,3,hotel 4 estrellas,76.6
ES,01,18,andalucia,andalucia,granada,2023,3,hotel 5 estrellas,85.94
ES,01,18,andalucia,andalucia,granada,2023,3,total,74.3
ES,01,21,andalucia,andalucia,huelva,2023,3,hotel 3 estrellas,54.33
ES,01,21,andalucia,andalucia,huelva,2023,3,hotel 4 estrellas,83.4
ES,01,21,andalucia,andalucia,huelva,2023,3,hotel 5 estrellas,83.87
ES,01,21,andalucia,andalucia,huelva,2023,3,total,66.05
ES,01,23,andalucia,andalucia,jaen,2023,3,hotel 3 estrellas,73.54
ES,01,23,andalucia,andalucia,jaen,2023,3,hotel 4 estrellas,78.49
ES,01,23,andalucia,andalucia,jaen,2023,3,hotel 5 estrellas,97.62
ES,01,23,andalucia,andalucia,jaen,2023,3,total,81.44
ES,01,29,andalucia,andalucia,malaga,2023,3,hotel 3 estrellas,72.69
ES,01,29,andalucia,andalucia,malaga,2023,3,hotel 4 estrellas,76.28
ES,01,29,andalucia,andalucia,malaga,2023,3,hotel 5 estrellas,84.29
ES,01,29,andalucia,andalucia,malaga,2023,3,total,75.15
ES,01,41,andalucia,andalucia,sevilla,2023,3,hotel 3 estrellas,75.45
ES,01,41,andalucia,andalucia,sevilla,2023,3,hotel 4 estrellas,76.63
ES,01,41,andalucia,andalucia,sevilla,2023,3,hotel 5 estrellas,83.27
ES,01,41,andalucia,andalucia,sevilla,2023,3,total,76.46
ES,02,22,aragon,aragon,huesca,2023,3,hotel 3 estrellas,78.57
ES,02,22,aragon,aragon,huesca,2023,3,hotel 4 estrellas,77.25
ES,02,22,aragon,aragon,huesca,2023,3,hotel 5 estrellas,89.11
ES,02,22,aragon,aragon,huesca,2023,3,total,80.1
ES,02,44,aragon,aragon,teruel,2023,3,hotel 3 estrellas,78.27
ES,02,44,aragon,aragon,teruel,2023,3,hotel 4 estrellas,71.01
ES,02,44,aragon,aragon,teruel,2023,3,hotel 5 estrellas,89.11
ES,02,44,aragon,aragon,teruel,2023,3,total,82.6
ES,02,50,aragon,aragon,zaragoza,2023,3,hotel 3 estrellas,71.42
ES,02,50,aragon,aragon,zaragoza,2023,3,hotel 4 estrellas,72.93
ES,02,50,aragon,aragon,zaragoza,2023,3,hotel 5 estrellas,89.11
ES,02,50,aragon,aragon,zaragoza,2023,3,total,71.52
ES,03,33,"asturias, principado de",asturias,asturias,2023,3,hotel 3 estrellas,84.1
ES,03,33,"asturias, principado de",asturias,asturias,2023,3,hotel 4 estrellas,89.71
ES,03,33,"asturias, principado de",asturias,asturias,2023,3,hotel 5 estrellas,91.68
ES,03,33,"asturias, principado de",asturias,asturias,2023,3,total,87.12
ES,04,07,"balears, illes",balears,illes balears,2023,3,hotel 3 estrellas,78.18
ES,04,07,"balears, illes",balears,illes balears,2023,3,hotel 4 estrellas,76.57
ES,04,07,"balears, illes",balears,illes balears,2023,3,hotel 5 estrellas,80.06
ES,04,07,"balears, illes",balears,illes balears,2023,3,total,77.04
ES,05,35,canarias,canarias,las palmas,2023,3,hotel 3 estrellas,67.25
ES,05,35,canarias,canarias,las palmas,2023,3,hotel 4 estrellas,70.63
ES,05,35,canarias,canarias,las palmas,2023,3,hotel 5 estrellas,82.06
ES,05,35,canarias,canarias,las palmas,2023,3,total,70.04
ES,05,38,canarias,canarias,santa cruz de tenerife,2023,3,hotel 3 estrellas,59.64
ES,05,38,canarias,canarias,santa cruz de tenerife,2023,3,hotel 4 estrellas,54.69
ES,05,38,canarias,canarias,santa cruz de tenerife,2023,3,hotel 5 estrellas,80.15
ES,05,38,canarias,canarias,santa cruz de tenerife,2023,3,total,61.15
ES,06,39,cantabria,cantabria,cantabria,2023,3,hotel 3 estrellas,86.57
ES,06,39,cantabria,cantabria,cantabria,2023,3,hotel 4 estrellas,86.19
ES,06,39,cantabria,cantabria,cantabria,2023,3,hotel 5 estrellas,76.9
ES,06,39,cantabria,cantabria,cantabria,2023,3,total,87.7
ES,07,05,castilla y leon,castilla y leon,avila,2023,3,hotel 3 estrellas,82.53
ES,07,05,castilla y leon,castilla y leon,avila,2023,3,hotel 4 estrellas,72.03
ES,07,05,castilla y leon,castilla y leon,avila,2023,3,hotel 5 estrellas,100.0
ES,07,05,castilla y leon,castilla y leon,avila,2023,3,total,81.78
ES,07,09,castilla y leon,castilla y leon,burgos,2023,3,hotel 3 estrellas,73.18
ES,07,09,castilla y leon,castilla y leon,burgos,2023,3,hotel 4 estrellas,86.98
ES,07,09,castilla y leon,castilla y leon,burgos,2023,3,hotel 5 estrellas,90.26
ES,07,09,castilla y leon,castilla y leon,burgos,2023,3,total,76.92
ES,07,24,castilla y leon,castilla y leon,leon,2023,3,hotel 3 estrellas,90.34
ES,07,24,castilla y leon,castilla y leon,leon,2023,3,hotel 4 estrellas,61.25
ES,07,24,castilla y leon,castilla y leon,leon,2023,3,hotel 5 estrellas,29.47
ES,07,24,castilla y leon,castilla y leon,leon,2023,3,total,79.99
ES,07,34,castilla y leon,castilla y leon,palencia,2023,3,hotel 3 estrellas,73.8
ES,07,34,castilla y leon,castilla y leon,palencia,2023,3,hotel 4 estrellas,86.0
ES,07,34,castilla y leon,castilla y leon,palencia,2023,3,hotel 5 estrellas,79.47
ES,07,34,castilla y leon,castilla y leon,palencia,2023,3,total,67.49
ES,07,37,castilla y leon,castilla y leon,salamanca,2023,3,hotel 3 estrellas,66.54
ES,07,37,castilla y leon,castilla y leon,salamanca,2023,3,hotel 4 estrellas,77.98
ES,07,37,castilla y leon,castilla y leon,salamanca,2023,3,hotel 5 estrellas,83.81
ES,07,37,castilla y leon,castilla y leon,salamanca,2023,3,total,76.19
ES,07,40,castilla y leon,castilla y leon,segovia,2023,3,hotel 3 estrellas,86.24
ES,07,40,castilla y leon,castilla y leon,segovia,2023,3,hotel 4 estrellas,89.5
ES,07,40,castilla y leon,castilla y leon,segovia,2023,3,hotel 5 estrellas,84.1
ES,07,40,castilla y leon,castilla y leon,segovia,2023,3,total,87.93
ES,07,42,castilla y leon,castilla y leon,soria,2023,3,hotel 3 estrellas,73.49
ES,07,42,castilla y leon,castilla y leon,soria,2023,3,hotel 4 estrellas,91.08
ES,07,42,castilla y leon,castilla y leon,soria,2023,3,hotel 5 estrellas,79.47
ES,07,42,castilla y leon,castilla y leon,soria,2023,3,total,81.39
ES,07,47,castilla y leon,castilla y leon,valladolid,2023,3,hotel 3 estrellas,77.04
ES,07,47,castilla y leon,castilla y leon,valladolid,2023,3,hotel 4 estrellas,72.51
ES,07,47,castilla y leon,castilla y leon,valladolid,2023,3,hotel 5 estrellas,81.88
ES,07,47,castilla y leon,castilla y leon,valladolid,2023,3,total,76.66
ES,07,49,castilla y leon,castilla y leon,zamora,2023,3,hotel 3 estrellas,82.78
ES,07,49,castilla y leon,castilla y leon,zamora,2023,3,hotel 4 estrellas,78.07
ES,07,49,castilla y leon,castilla y leon,zamora,2023,3,hotel 5 estrellas,86.74
ES,07,49,castilla y leon,castilla y leon,zamora,2023,3,total,81.7
ES,08,02,castilla-la mancha,castilla-la mancha,albacete,2023,3,hotel 3 estrellas,69.02
ES,08,02,castilla-la mancha,castilla-la mancha,albacete,2023,3,hotel 4 estrellas,70.63
ES,08,02,castilla-la mancha,castilla-la mancha,albacete,2023,3,hotel 5 estrellas,94.02
ES,08,02,castilla-la mancha,castilla-la mancha,albacete,2023,3,total,56.7
ES,08,13,castilla-la mancha,castilla-la mancha,ciudad real,2023,3,hotel 3 estrellas,88.19
ES,08,13,castilla-la mancha,castilla-la mancha,ciudad real,2023,3,hotel 4 estrellas,78.91
ES,08,13,castilla-la mancha,castilla-la mancha,ciudad real,2023,3,hotel 5 estrellas,97.76
ES,08,13,castilla-la mancha,castilla-la mancha,ciudad real,2023,3,total,79.86
ES,08,16,castilla-la mancha,castilla-la mancha,cuenca,2023,3,hotel 3 estrellas,70.68
ES,08,16,castilla-la mancha,castilla-la mancha,cuenca,2023,3,hotel 4 estrellas,81.68
ES,08,16,castilla-la mancha,castilla-la mancha,cuenca,2023,3,hotel 5 estrellas,94.02
ES,08,16,castilla-la mancha,castilla-la mancha,cuenca,2023,3,total,66.81
ES,08,19,castilla-la mancha,castilla-la mancha,guadalajara,2023,3,hotel 3 estrellas,64.28
ES,08,19,castilla-la mancha,castilla-la mancha,guadalajara,2023,3,hotel 4 estrellas,68.67
ES,08,19,castilla-la mancha,castilla-la mancha,guadalajara,2023,3,hotel 5 estrellas,94.02
ES,08,19,castilla-la mancha,castilla-la mancha,guadalajara,2023,3,total,55.83
ES,08,45,castilla-la mancha,castilla-la mancha,toledo,2023,3,hotel 3 estrellas,67.3
ES,08,45,castilla-la mancha,castilla-la mancha,toledo,2023,3,hotel 4 estrellas,74.56
ES,08,45,castilla-la mancha,castilla-la mancha,toledo,2023,3,hotel 5 estrellas,90.28
ES,08,45,castilla-la mancha,castilla-la mancha,toledo,2023,3,total,74.93
ES,09,08,cataluna,cataluna,barcelona,2023,3,hotel 3 estrellas,70.81
ES,09,08,cataluna,cataluna,barcelona,2023,3,hotel 4 estrellas,71.78
ES,09,08,cataluna,cataluna,barcelona,2023,3,hotel 5 estrellas,72.27
ES,09,08,cataluna,cataluna,barcelona,2023,3,total,71.39
ES,09,17,cataluna,cataluna,girona,2023,3,hotel 3 estrellas,82.78
ES,09,17,cataluna,cataluna,girona,2023,3,hotel 4 estrellas,74.96
ES,09,17,cataluna,cataluna,girona,2023,3,hotel 5 estrellas,85.05
ES,09,17,cataluna,cataluna,girona,2023,3,total,81.06
ES,09,25,cataluna,cataluna,lleida,2023,3,hotel 3 estrellas,90.44
ES,09,25,cataluna,cataluna,lleida,2023,3,hotel 4 estrellas,82.14
ES,09,25,cataluna,cataluna,lleida,2023,3,hotel 5 estrellas,90.54
ES,09,25,cataluna,cataluna,lleida,2023,3,total,81.96
ES,09,43,cataluna,cataluna,tarragona,2023,3,hotel 3 estrellas,72.04
ES,09,43,cataluna,cataluna,tarragona,2023,3,hotel 4 estrellas,75.54
ES,09,43,cataluna,cataluna,tarragona,2023,3,hotel 5 estrellas,15.12
ES,09,43,cataluna,cataluna,tarragona,2023,3,total,81.22
ES,10,03,comunitat valenciana,comunitat valenciana,alicante/alacant,2023,3,hotel 3 estrellas,67.68
ES,10,03,comunitat valenciana,comunitat valenciana,alicante/alacant,2023,3,hotel 4 estrellas,70.96
ES,10,03,comunitat valenciana,comunitat valenciana,alicante/alacant,2023,3,hotel 5 estrellas,82.38
ES,10,03,comunitat valenciana,comunitat valenciana,alicante/alacant,2023,3,total,70.59
ES,10,12,comunitat valenciana,comunitat valenciana,castellon/castello,2023,3,hotel 3 estrellas,67.01
ES,10,12,comunitat valenciana,comunitat valenciana,castellon/castello,2023,3,hotel 4 estrellas,74.63
ES,10,12,comunitat valenciana,comunitat valenciana,castellon/castello,2023,3,hotel 5 estrellas,80.09
ES,10,12,comunitat valenciana,comunitat valenciana,castellon/castello,2023,3,total,70.8
ES,10,46,comunitat valenciana,comunitat valenciana,valencia/valencia,2023,3,hotel 3 estrellas,72.9
ES,10,46,comunitat valenciana,comunitat valenciana,valencia/valencia,2023,3,hotel 4 estrellas,72.05
ES,10,46,comunitat valenciana,comunitat valenciana,valencia/valencia,2023,3,hotel 5 estrellas,77.79
ES,10,46,comunitat valenciana,comunitat valenciana,valencia/valencia,2023,3,total,74.46
ES,11,06,extremadura,extremadura,badajoz,2023,3,hotel 3 estrellas,47.25
ES,11,06,extremadura,extremadura,badajoz,2023,3,hotel 4 estrellas,79.31
ES,11,06,extremadura,extremadura,badajoz,2023,3,hotel 5 estrellas,87.91
ES,11,06,extremadura,extremadura,badajoz,2023,3,total,68.68
ES,11,10,extremadura,extremadura,caceres,2023,3,hotel 3 estrellas,66.98
ES,11,10,extremadura,extremadura,caceres,2023,3,hotel 4 estrellas,79.36
ES,11,10,extremadura,extremadura,caceres,2023,3,hotel 5 estrellas,96.86
ES,11,10,extremadura,extremadura,caceres,2023,3,total,81.96
ES,12,15,galicia,galicia,a coruna,2023,3,hotel 3 estrellas,87.7
ES,12,15,galicia,galicia,a coruna,2023,3,hotel 4 estrellas,87.74
ES,12,15,galicia,galicia,a coruna,2023,3,hotel 5 estrellas,83.66
ES,12,15,galicia,galicia,a coruna,2023,3,total,88.05
ES,12,27,galicia,galicia,lugo,2023,3,hotel 3 estrellas,81.4
ES,12,27,galicia,galicia,lugo,2023,3,hotel 4 estrellas,93.95
ES,12,27,galicia,galicia,lugo,2023,3,hotel 5 estrellas,89.42
ES,12,27,galicia,galicia,lugo,2023,3,total,93.56
ES,12,32,galicia,galicia,ourense,2023,3,hotel 3 estrellas,81.71
ES,12,32,galicia,galicia,ourense,2023,3,hotel 4 estrellas,87.96
ES,12,32,galicia,galicia,ourense,2023,3,hotel 5 estrellas,89.42
ES,12,32,galicia,galicia,ourense,2023,3,total,88.43
ES,12,36,galicia,galicia,pontevedra,2023,3,hotel 3 estrellas,76.05
ES,12,36,galicia,galicia,pontevedra,2023,3,hotel 4 estrellas,82.19
ES,12,36,galicia,galicia,pontevedra,2023,3,hotel 5 estrellas,95.18
ES,12,36,galicia,galicia,pontevedra,2023,3,total,83.67
ES,13,28,"madrid, comunidad de",madrid,madrid,2023,3,hotel 3 estrellas,69.61
ES,13,28,"madrid, comunidad de",madrid,madrid,2023,3,hotel 4 estrellas,74.25
ES,13,28,"madrid, comunidad de",madrid,madrid,2023,3,hotel 5 estrellas,77.22
ES,13,28,"madrid, comunidad de",madrid,madrid,2023,3,total,72.86
ES,14,30,"murcia, region de",murcia,murcia,2023,3,hotel 3 estrellas,75.41
ES,14,30,"murcia, region de",murcia,murcia,2023,3,hotel 4 estrellas,75.7
ES,14,30,"murcia, region de",murcia,murcia,2023,3,hotel 5 estrellas,83.09
ES,14,30,"murcia, region de",murcia,murcia,2023,3,total,76.87
ES,15,31,"navarra, comunidad foral de",navarra,navarra,2023,3,hotel 3 estrellas,66.86
ES,15,31,"navarra, comunidad foral de",navarra,navarra,2023,3,hotel 4 estrellas,84.94
ES,15,31,"navarra, comunidad foral de",navarra,navarra,2023,3,hotel 5 estrellas,92.2
ES,15,31,"navarra, comunidad foral de",navarra,navarra,2023,3,total,77.2
ES,16,01,pais vasco,pais vasco,araba/alava,2023,3,hotel 3 estrellas,78.07
ES,16,01,pais vasco,pais vasco,araba/alava,2023,3,hotel 4 estrellas,87.53
ES,16,01,pais vasco,pais vasco,araba/alava,2023,3,hotel 5 estrellas,37.66
ES,16,01,pais vasco,pais vasco,araba/alava,2023,3,total,86.11
ES,16,48,pais vasco,pais vasco,bizkaia,2023,3,hotel 3 estrellas,77.63
ES,16,48,pais vasco,pais vasco,bizkaia,2023,3,hotel 4 estrellas,88.65
ES,16,48,pais vasco,pais vasco,bizkaia,2023,3,hotel 5 estrellas,84.93
ES,16,48,pais vasco,pais vasco,bizkaia,2023,3,total,86.29
ES,16,20,pais vasco,pais vasco,gipuzkoa,2023,3,hotel 3 estrellas,82.4
ES,16,20,pais vasco,pais vasco,gipuzkoa,2023,3,hotel 4 estrellas,83.66
ES,16,20,pais vasco,pais vasco,gipuzkoa,2023,3,hotel 5 estrellas,86.54
ES,16,20,pais vasco,pais vasco,gipuzkoa,2023,3,total,83.74
ES,17,26,"rioja, la",rioja,la rioja,2023,3,hotel 3 estrellas,79.06
ES,17,26,"rioja, la",rioja,la rioja,2023,3,hotel 4 estrellas,61.35
ES,17,26,"rioja, la",rioja,la rioja,2023,3,hotel 5 estrellas,100.0
ES,17,26,"rioja, la",rioja,la rioja,2023,3,total,80.21
ES,01,04,andalucia,andalucia,almeria,2023,4,hotel 3 estrellas,73.24
ES,01,04,andalucia,andalucia,almeria,2023,4,hotel 4 estrellas,65.47
ES,01,04,andalucia,andalucia,almeria,2023,4,hotel 5 estrellas,77.05
ES,01,04,andalucia,andalucia,almeria,2023,4,total,72.13
ES,01,11,andalucia,andalucia,cadiz,2023,4,hotel 3 estrellas,76.31
ES,01,11,andalucia,andalucia,cadiz,2023,4,hotel 4 estrellas,78.88
ES,01,11,andalucia,andalucia,cadiz,2023,4,hotel 5 estrellas,82.82
ES,01,11,andalucia,andalucia,cadiz,2023,4,total,77.48
ES,01,14,andalucia,andalucia,cordoba,2023,4,hotel 3 estrellas,80.22
ES,01,14,andalucia,andalucia,cordoba,2023,4,hotel 4 estrellas,72.28
ES,01,14,andalucia,andalucia,cordoba,2023,4,hotel 5 estrellas,82.1
ES,01,14,andalucia,andalucia,cordoba,2023,4,total,78.43
ES,01,18,andalucia,andalucia,granada,2023,4,hotel 3 estrellas,74.56
ES,01,18,andalucia,andalucia,granada,2023,4,hotel 4 estrellas,75.74
ES,01,18,andalucia,andalucia,granada,2023,4,hotel 5 estrellas,74.38
ES,01,18,andalucia,andalucia,granada,2023,4,total,75.49
ES,01,21,andalucia,andalucia,huelva,2023,4,hotel 3 estrellas,74.28
ES,01,21,andalucia,andalucia,huelva,2023,4,hotel 4 estrellas,85.88
ES,01,21,andalucia,andalucia,huelva,2023,4,hotel 5 estrellas,77.05
ES,01,21,andalucia,andalucia,huelva,2023,4,total,76.01
ES,01,23,andalucia,andalucia,jaen,2023,4,hotel 3 estrellas,81.91
ES,01,23,andalucia,andalucia,jaen,2023,4,hotel 4 estrellas,81.49
ES,01,23,andalucia,andalucia,jaen,2023,4,hotel 5 estrellas,68.37
ES,01,23,andalucia,andalucia,jaen,2023,4,total,77.78
ES,01,29,andalucia,andalucia,malaga,2023,4,hotel 3 estrellas,67.56
ES,01,29,andalucia,andalucia,malaga,2023,4,hotel 4 estrellas,76.02
ES,01,29,andalucia,andalucia,malaga,2023,4,hotel 5 estrellas,75.72
ES,01,29,andalucia,andalucia,malaga,2023,4,total,72.42
ES,01,41,andalucia,andalucia,sevilla,2023,4,hotel 3 estrellas,74.91
ES,01,41,andalucia,andalucia,sevilla,2023,4,hotel 4 estrellas,77.88
ES,01,41,andalucia,andalucia,sevilla,2023,4,hotel 5 estrellas,78.94
ES,01,41,andalucia,andalucia,sevilla,2023,4,total,77.12
ES,02,22,aragon,aragon,huesca,2023,4,hotel 3 estrellas,80.17
ES,02,22,aragon,aragon,huesca,2023,4,hotel 4 estrellas,76.05
ES,02,22,aragon,aragon,huesca,2023,4,hotel 5 estrellas,86.35
ES,02,22,aragon,aragon,huesca,2023,4,total,79.31
ES,02,44,aragon,aragon,teruel,2023,4,hotel 3 estrellas,61.86
ES,02,44,aragon,aragon,teruel,2023,4,hotel 4 estrellas,88.21
ES,02,44,aragon,aragon,teruel,2023,4,hotel 5 estrellas,86.35
ES,02,44,aragon,aragon,teruel,2023,4,total,74.83
ES,02,50,aragon,aragon,zaragoza,2023,4,hotel 3 estrellas,73.21
ES,02,50,aragon,aragon,zaragoza,2023,4,hotel 4 estrellas,75.72
ES,02,50,aragon,aragon,zaragoza,2023,4,hotel 5 estrellas,86.35
ES,02,50,aragon,aragon,zaragoza,2023,4,total,76.65
ES,03,33,"asturias, principado de",asturias,asturias,2023,4,hotel 3 estrellas,81.51
ES,03,33,"asturias, principado de",asturias,asturias,2023,4,hotel 4 estrellas,71.06
ES,03,33,"asturias, principado de",asturias,asturias,2023,4,hotel 5 estrellas,90.01
ES,03,33,"asturias, principado de",asturias,asturias,2023,4,total,77.96
ES,04,07,"balears, illes",balears,illes balears,2023,4,hotel 3 estrellas,69.54
ES,04,07,"balears, illes",balears,illes balears,2023,4,hotel 4 estrellas,76.11
ES,04,07,"balears, illes",balears,illes balears,2023,4,hotel 5 estrellas,80.41
ES,04,07,"balears, illes",balears,illes balears,2023,4,total,73.94
ES,05,35,canarias,canarias,las palmas,2023,4,hotel 3 estrellas,65.49
ES,05,35,canarias,canarias,las palmas,2023,4,hotel 4 estrellas,69.97
ES,05,35,canarias,canarias,las palmas,2023,4,hotel 5 estrellas,72.63
ES,05,35,canarias,canarias,las palmas,2023,4,total,67.62
ES,05,38,canarias,canarias,santa cruz de tenerife,2023,4,hotel 3 estrellas,72.18
ES,05,38,canarias,canarias,santa cruz de tenerife,2023,4,hotel 4 estrellas,60.81
ES,05,38,canarias,canarias,santa cruz de tenerife,2023,4,hotel 5 estrellas,74.16
ES,05,38,canarias,canarias,santa cruz de tenerife,2023,4,total,67.39
ES,06,39,cantabria,cantabria,cantabria,2023,4,hotel 3 estrellas,86.62
ES,06,39,cantabria,cantabria,cantabria,2023,4,hotel 4 estrellas,84.35
ES,06,39,cantabria,cantabria,cantabria,2023,4,hotel 5 estrellas,98.53
ES,06,39,cantabria,cantabria,cantabria,2023,4,total,86.2
ES,07,05,castilla y leon,castilla y leon,avila,2023,4,hotel 3 estrellas,71.0
ES,07,05,castilla y leon,castilla y leon,avila,2023,4,hotel 4 estrellas,87.16
ES,07,05,castilla y leon,castilla y leon,avila,2023,4,hotel 5 estrellas,98.78
ES,07,05,castilla y leon,castilla y leon,avila,2023,4,total,85.5
ES,07,09,castilla y leon,castilla y leon,burgos,2023,4,hotel 3 estrellas,73.47
ES,07,09,castilla y leon,castilla y leon,burgos,2023,4,hotel 4 estrellas,80.2
ES,07,09,castilla y leon,castilla y leon,burgos,2023,4,hotel 5 estrellas,81.72
ES,07,09,castilla y leon,castilla y leon,burgos,2023,4,total,75.85
ES,07,24,castilla y leon,castilla y leon,leon,2023,4,hotel 3 estrellas,82.07
ES,07,24,castilla y leon,castilla y leon,leon,2023,4,hotel 4 estrellas,88.6
ES,07,24,castilla y leon,castilla y leon,leon,2023,4,hotel 5 estrellas,80.29
ES,07,24,castilla y leon,castilla y leon,leon,2023,4,total,83.8
ES,07,34,castilla y leon,castilla y leon,palencia,2023,4,hotel 3 estrellas,60.5
ES,07,34,castilla y leon,castilla y leon,palencia,2023,4,hotel 4 estrellas,67.68
ES,07,34,castilla y leon,castilla y leon,palencia,2023,4,hotel 5 estrellas,80.29
ES,07,34,castilla y leon,castilla y leon,palencia,2023,4,total,67.09
ES,07,37,castilla y leon,castilla y leon,salamanca,2023,4,hotel 3 estrellas,72.66
ES,07,37,castilla y leon,castilla y leon,salamanca,2023,4,hotel 4 estrellas,59.26
ES,07,37,castilla y leon,castilla y leon,salamanca,2023,4,hotel 5 estrellas,79.92
ES,07,37,castilla y leon,castilla y leon,salamanca,2023,4,total,69.74
ES,07,40,castilla y leon,castilla y leon,segovia,2023,4,hotel 3 estrellas,81.96
ES,07,40,castilla y leon,castilla y leon,segovia,2023,4,hotel 4 estrellas,70.79
ES,07,40,castilla y leon,castilla y leon,segovia,2023,4,hotel 5 estrellas,69.77
ES,07,40,castilla y leon,castilla y leon,segovia,2023,4,total,82.06
ES,07,42,castilla y leon,castilla y leon,soria,2023,4,hotel 3 estrellas,89.15
ES,07,42,castilla y leon,castilla y leon,soria,2023,4,hotel 4 estrellas,78.22
ES,07,42,castilla y leon,castilla y leon,soria,2023,4,hotel 5 estrellas,80.29
ES,07,42,castilla y leon,castilla y leon,soria,2023,4,total,90.62
ES,07,47,castilla y leon,castilla y leon,valladolid,2023,4,hotel 3 estrellas,62.04
ES,07,47,castilla y leon,castilla y leon,valladolid,2023,4,hotel 4 estrellas,64.81
ES,07,47,castilla y leon,castilla y leon,valladolid,2023,4,hotel 5 estrellas,85.98
ES,07,47,castilla y leon,castilla y leon,valladolid,2023,4,total,66.27
ES,07,49,castilla y leon,castilla y leon,zamora,2023,4,hotel 3 estrellas,82.64
ES,07,49,castilla y leon,castilla y leon,zamora,2023,4,hotel 4 estrellas,78.91
ES,07,49,castilla y leon,castilla y leon,zamora,2023,4,hotel 5 estrellas,65.59
ES,07,49,castilla y leon,castilla y leon,zamora,2023,4,total,70.51
ES,08,02,castilla-la mancha,castilla-la mancha,albacete,2023,4,hotel 3 estrellas,68.49
ES,08,02,castilla-la mancha,castilla-la mancha,albacete,2023,4,hotel 4 estrellas,77.01
ES,08,02,castilla-la mancha,castilla-la mancha,albacete,2023,4,hotel 5 estrellas,88.33
ES,08,02,castilla-la mancha,castilla-la mancha,albacete,2023,4,total,64.71
ES,08,13,castilla-la mancha,castilla-la mancha,ciudad real,2023,4,hotel 3 estrellas,79.77
ES,08,13,castilla-la mancha,castilla-la mancha,ciudad real,2023,4,hotel 4 estrellas,56.0
ES,08,13,castilla-la mancha,castilla-la mancha,ciudad real,2023,4,hotel 5 estrellas,90.56
ES,08,13,castilla-la mancha,castilla-la mancha,ciudad real,2023,4,total,67.55
ES,08,16,castilla-la mancha,castilla-la mancha,cuenca,2023,4,hotel 3 estrellas,67.57
ES,08,16,castilla-la mancha,castilla-la mancha,cuenca,2023,4,hotel 4 estrellas,87.54
ES,08,16,castilla-la mancha,castilla-la mancha,cuenca,2023,4,hotel 5 estrellas,88.33
ES,08,16,castilla-la mancha,castilla-la mancha,cuenca,2023,4,total,86.66
ES,08,19,castilla-la mancha,castilla-la mancha,guadalajara,2023,4,hotel 3 estrellas,74.04
ES,08,19,castilla-la mancha,castilla-la mancha,guadalajara,2023,4,hotel 4 estrellas,60.44
ES,08,19,castilla-la mancha,castilla-la mancha,guadalajara,2023,4,hotel 5 estrellas,88.33
ES,08,19,castilla-la mancha,castilla-la mancha,guadalajara,2023,4,total,62.72
ES,08,45,castilla-la mancha,castilla-la mancha,toledo,2023,4,hotel 3 estrellas,69.78
ES,08,45,castilla-la mancha,castilla-la mancha,toledo,2023,4,hotel 4 estrellas,69.07
ES,08,45,castilla-la mancha,castilla-la mancha,toledo,2023,4,hotel 5 estrellas,86.1
ES,08,45,castilla-la mancha,castilla-la mancha,toledo,2023,4,total,68.24
ES,09,08,cataluna,cataluna,barcelona,2023,4,hotel 3 estrellas,66.77
ES,09,08,cataluna,cataluna,barcelona,2023,4,hotel 4 estrellas,71.95
ES,09,08,cataluna,cataluna,barcelona,2023,4,hotel 5 estrellas,80.43
ES,09,08,cataluna,cataluna,barcelona,2023,4,total,70.49
ES,09,17,cataluna,cataluna,girona,2023,4,hotel 3 estrellas,72.51
ES,09,17,cataluna,cataluna,girona,2023,4,hotel 4 estrellas,70.15
ES,09,17,cataluna,cataluna,girona,2023,4,hotel 5 estrellas,77.68
ES,09,17,cataluna,cataluna,girona,2023,4,total,72.32
ES,09,25,cataluna,cataluna,lleida,2023,4,hotel 3 estrellas,81.45
ES,09,25,cataluna,cataluna,lleida,2023,4,hotel 4 estrellas,68.58
ES,09,25,cataluna,cataluna,lleida,2023,4,hotel 5 estrellas,64.65
ES,09,25,cataluna,cataluna,lleida,2023,4,total,76.4
ES,09,43,cataluna,cataluna,tarragona,2023,4,hotel 3 estrellas,69.98
ES,09,43,cataluna,cataluna,tarragona,2023,4,hotel 4 estrellas,67.25
ES,09,43,cataluna,cataluna,tarragona,2023,4,hotel 5 estrellas,81.37
ES,09,43,cataluna,cataluna,tarragona,2023,4,total,61.74
ES,10,03,comunitat valenciana,comunitat valenciana,alicante/alacant,2023,4,hotel 3 estrellas,62.73
ES,10,03,comunitat valenciana,comunitat valenciana,alicante/alacant,2023,4,hotel 4 estrellas,70.94
ES,10,03,comunitat valenciana,comunitat valenciana,alicante/alacant,2023,4,hotel 5 estrellas,63.75
ES,10,03,comunitat valenciana,comunitat valenciana,alicante/alacant,2023,4,total,64.15
ES,10,12,comunitat valenciana,comunitat valenciana,castellon/castello,2023,4,hotel 3 estrellas,56.6
ES,10,12,comunitat valenciana,comunitat valenciana,castellon/castello,2023,4,hotel 4 estrellas,68.36
ES,10,12,comunitat valenciana,comunitat valenciana,castellon/castello,2023,4,hotel 5 estrellas,72.41
ES,10,12,comunitat valenciana,comunitat valenciana,castellon/castello,2023,4,total,61.4
ES,10,46,comunitat valenciana,comunitat valenciana,valencia/valencia,2023,4,hotel 3 estrellas,64.54
ES,10,46,comunitat valenciana,comunitat valenciana,valencia/valencia,2023,4,hotel 4 estrellas,73.52
ES,10,46,comunitat valenciana,comunitat valenciana,valencia/valencia,2023,4,hotel 5 estrellas,81.06
ES,10,46,comunitat valenciana,comunitat valenciana,valencia/valencia,2023,4,total,70.3
ES,11,06,extremadura,extremadura,badajoz,2023,4,hotel 3 estrellas,40.11
ES,11,06,extremadura,extremadura,badajoz,2023,4,hotel 4 estrellas,81.0
ES,11,06,extremadura,extremadura,badajoz,2023,4,hotel 5 estrellas,87.89
ES,11,06,extremadura,extremadura,badajoz,2023,4,total,73.33
ES,11,10,extremadura,extremadura,caceres,2023,4,hotel 3 estrellas,69.23
ES,11,10,extremadura,extremadura,caceres,2023,4,hotel 4 estrellas,79.65
ES,11,10,extremadura,extremadura,caceres,2023,4,hotel 5 estrellas,89.53
ES,11,10,extremadura,extremadura,caceres,2023,4,total,80.19
ES,12,15,galicia,galicia,a coruna,2023,4,hotel 3 estrellas,83.63
ES,12,15,galicia,galicia,a coruna,2023,4,hotel 4 estrellas,84.29
ES,12,15,galicia,galicia,a coruna,2023,4,hotel 5 estrellas,89.38
ES,12,15,galicia,galicia,a coruna,2023,4,total,80.02
ES,12,27,galicia,galicia,lugo,2023,4,hotel 3 estrellas,81.82
ES,12,27,galicia,galicia,lugo,2023,4,hotel 4 estrellas,88.82
ES,12,27,galicia,galicia,lugo,2023,4,hotel 5 estrellas,98.65
ES,12,27,galicia,galicia,lugo,2023,4,total,92.98
ES,12,32,galicia,galicia,ourense,2023,4,hotel 3 estrellas,81.27
ES,12,32,galicia,galicia,ourense,2023,4,hotel 4 estrellas,86.63
ES,12,32,galicia,galicia,ourense,2023,4,hotel 5 estrellas,88.68
ES,12,32,galicia,galicia,ourense,2023,4,total,85.46
ES,12,36,galicia,galicia,pontevedra,2023,4,hotel 3 estrellas,78.36
ES,12,36,galicia,galicia,pontevedra,2023,4,hotel 4 estrellas,86.77
ES,12,36,galicia,galicia,pontevedra,2023,4,hotel 5 estrellas,78.0
ES,12,36,galicia,galicia,pontevedra,2023,4,total,83.37
ES,13,28,"madrid, comunidad de",madrid,madrid,2023,4,hotel 3 estrellas,65.63
ES,13,28,"madrid, comunidad de",madrid,madrid,2023,4,hotel 4 estrellas,78.19
ES,13,28,"madrid, comunidad de",madrid,madrid,2023,4,hotel 5 estrellas,73.95
ES,13,28,"madrid, comunidad de",madrid,madrid,2023,4,total,73.64
ES,14,30,"murcia, region de",murcia,murcia,2023,4,hotel 3 estrellas,76.59
ES,14,30,"murcia, region de",murcia,murcia,2023,4,hotel 4 estrellas,71.13
ES,14,30,"murcia, region de",murcia,murcia,2023,4,hotel 5 estrellas,37.14
ES,14,30,"murcia, region de",murcia,murcia,2023,4,total,69.25
ES,15,31,"navarra, comunidad foral de",navarra,navarra,2023,4,hotel 3 estrellas,80.97
ES,15,31,"navarra, comunidad foral de",navarra,navarra,2023,4,hotel 4 estrellas,76.76
ES,15,31,"navarra, comunidad foral de",navarra,navarra,2023,4,hotel 5 estrellas,79.6
ES,15,31,"navarra, comunidad foral de",navarra,navarra,2023,4,total,81.2
ES,16,01,pais vasco,pais vasco,araba/alava,2023,4,hotel 3 estrellas,75.56
ES,16,01,pais vasco,pais vasco,araba/alava,2023,4,hotel 4 estrellas,78.54
ES,16,01,pais vasco,pais vasco,araba/alava,2023,4,hotel 5 estrellas,73.8
ES,16,01,pais vasco,pais vasco,araba/alava,2023,4,total,77.64
ES,16,48,pais vasco,pais vasco,bizkaia,2023,4,hotel 3 estrellas,73.84
ES,16,48,pais vasco,pais vasco,bizkaia,2023,4,hotel 4 estrellas,85.83
ES,16,48,pais vasco,pais vasco,bizkaia,2023,4,hotel 5 estrellas,76.03
ES,16,48,pais vasco,pais vasco,bizkaia,2023,4,total,81.0
ES,16,20,pais vasco,pais vasco,gipuzkoa,2023,4,hotel 3 estrellas,80.36
ES,16,20,pais vasco,pais vasco,gipuzkoa,2023,4,hotel 4 estrellas,84.87
ES,16,20,pais vasco,pais vasco,gipuzkoa,2023,4,hotel 5 estrellas,82.94
ES,16,20,pais vasco,pais vasco,gipuzkoa,2023,4,total,83.71
ES,17,26,"rioja, la",rioja,la rioja,2023,4,hotel 3 estrellas,76.83
ES,17,26,"rioja, la",rioja,la rioja,2023,4,hotel 4 estrellas,65.91
ES,17,26,"rioja, la",rioja,la rioja,2023,4,hotel 5 estrellas,96.94
ES,17,26,"rioja, la",rioja,la rioja,2023,4,total,80.22
ES,01,04,andalucia,andalucia,almeria,2023,5,hotel 3 estrellas,72.01
ES,01,04,andalucia,andalucia,almeria,2023,5,hotel 4 estrellas,74.07
ES,01,04,andalucia,andalucia,almeria,2023,5,hotel 5 estrellas,91.8
ES,01,04,andalucia,andalucia,almeria,2023,5,total,71.83
ES,01,11,andalucia,andalucia,cadiz,2023,5,hotel 3 estrellas,71.9
ES,01,11,andalucia,andalucia,cadiz,2023,5,hotel 4 estrellas,72.83
ES,01,11,andalucia,andalucia,cadiz,2023,5,hotel 5 estrellas,86.05
ES,01,11,andalucia,andalucia,cadiz,2023,5,total,72.97
ES,01,14,andalucia,andalucia,cordoba,2023,5,hotel 3 estrellas,68.21
ES,01,14,andalucia,andalucia,cordoba,2023,5,hotel 4 estrellas,68.16
ES,01,14,andalucia,andalucia,cordoba,2023,5,hotel 5 estrellas,75.54
ES,01,14,andalucia,andalucia,cordoba,2023,5,total,70.58
ES,01,18,andalucia,andalucia,granada,2023,5,hotel 3 estrellas,75.17
ES,01,18,andalucia,andalucia,granada,2023,5,hotel 4 estrellas,71.92
ES,01,18,andalucia,andalucia,granada,2023,5,hotel 5 estrellas,69.7
ES,01,18,andalucia,andalucia,granada,2023,5,total,73.17
ES,01,21,andalucia,andalucia,huelva,2023,5,hotel 3 estrellas,75.61
ES,01,21,andalucia,andalucia,huelva,2023,5,hotel 4 estrellas,67.0
ES,01,21,andalucia,andalucia,huelva,2023,5,hotel 5 estrellas,79.66
ES,01,21,andalucia,andalucia,huelva,2023,5,total,75.16
ES,01,23,andalucia,andalucia,jaen,2023,5,hotel 3 estrellas,76.64
ES,01,23,andalucia,andalucia,jaen,2023,5,hotel 4 estrellas,64.02
ES,01,23,andalucia,andalucia,jaen,2023,5,hotel 5 estrellas,72.47
ES,01,23,andalucia,andalucia,jaen,2023,5,total,70.16
ES,01,29,andalucia,andalucia,malaga,2023,5,hotel 3 estrellas,65.94
ES,01,29,andalucia,andalucia,malaga,2023,5,hotel 4 estrellas,72.74
ES,01,29,andalucia,andalucia,malaga,2023,5,hotel 5 estrellas,76.44
ES,01,29,andalucia,andalucia,malaga,2023,5,total,70.14
ES,01,41,andalucia,andalucia,sevilla,2023,5,hotel 3 estrellas,70.38
ES,01,41,andalucia,andalucia,sevilla,2023,5,hotel 4 estrellas,77.32
ES,01,41,andalucia,andalucia,sevilla,2023,5,hotel 5 estrellas,85.6
ES,01,41,andalucia,andalucia,sevilla,2023,5,total,75.23
ES,02,22,aragon,aragon,huesca,2023,5,hotel 3 estrellas,82.34
ES,02,22,aragon,aragon,huesca,2023,5,hotel 4 estrellas,84.53
ES,02,22,aragon,aragon,huesca,2023,5,hotel 5 estrellas,81.66
ES,02,22,aragon,aragon,huesca,2023,5,total,82.09
ES,02,44,aragon,aragon,teruel,2023,5,hotel 3 estrellas,74.24
ES,02,44,aragon,aragon,teruel,2023,5,hotel 4 estrellas,68.93
ES,02,44,aragon,aragon,teruel,2023,5,hotel 5 estrellas,81.66
ES,02,44,aragon,aragon,teruel,2023,5,total,72.35
ES,02,50,aragon,aragon,zaragoza,2023,5,hotel 3 estrellas,79.4
ES,02,50,aragon,aragon,zaragoza,2023,5,hotel 4 estrellas,73.79
ES,02,50,aragon,aragon,zaragoza,2023,5,hotel 5 estrellas,81.66
ES,02,50,aragon,aragon,zaragoza,2023,5,total,77.94
ES,03,33,"asturias, principado de",asturias,asturias,2023,5,hotel 3 estrellas,85.55
ES,03,33,"asturias, principado de",asturias,asturias,2023,5,hotel 4 estrellas,80.26
ES,03,33,"asturias, principado de",asturias,asturias,2023,5,hotel 5 estrellas,88.02
ES,03,33,"asturias, principado de",asturias,asturias,2023,5,total,84.13
ES,04,07,"balears, illes",balears,illes balears,2023,5,hotel 3 estrellas,66.15
ES,04,07,"balears, illes",balears,illes balears,2023,5,hotel 4 estrellas,76.14
ES,04,07,"balears, illes",balears,illes balears,2023,5,hotel 5 estrellas,82.34
ES,04,07,"balears, illes",balears,illes balears,2023,5,total,72.1
ES,05,35,canarias,canarias,las palmas,2023,5,hotel 3 estrellas,64.92
ES,05,35,canarias,canarias,las palmas,2023,5,hotel 4 estrellas,77.15
ES,05,35,canarias,canarias,las palmas,2023,5,hotel 5 estrellas,84.14
ES,05,35,canarias,canarias,las palmas,2023,5,total,72.63
ES,05,38,canarias,canarias,santa cruz de tenerife,2023,5,hotel 3 estrellas,66.11
ES,05,38,canarias,canarias,santa cruz de tenerife,2023,5,hotel 4 estrellas,69.16
ES,05,38,canarias,canarias,santa cruz de tenerife,2023,5,hotel 5 estrellas,85.39
ES,05,38,canarias,canarias,santa cruz de tenerife,2023,5,total,69.46
ES,06,39,cantabria,cantabria,cantabria,2023,5,hotel 3 estrellas,78.6
ES,06,39,cantabria,cantabria,cantabria,2023,5,hotel 4 estrellas,90.17
ES,06,39,cantabria,cantabria,cantabria,2023,5,hotel 5 estrellas,97.6
ES,06,39,cantabria,cantabria,cantabria,2023,5,total,83.54
ES,07,05,castilla y leon,castilla y leon,avila,2023,5,hotel 3 estrellas,82.92
ES,07,05,castilla y leon,castilla y leon,avila,2023,5,hotel 4 estrellas,74.93
ES,07,05,castilla y leon,castilla y leon,avila,2023,5,hotel 5 estrellas,98.3
ES,07,05,castilla y leon,castilla y leon,avila,2023,5,total,77.68
ES,07,09,castilla y leon,castilla y leon,burgos,2023,5,hotel 3 estrellas,74.49
ES,07,09,castilla y leon,castilla y leon,burgos,2023,5,hotel 4 estrellas,81.38
ES,07,09,castilla y leon,castilla y leon,burgos,2023,5,hotel 5 estrellas,77.65
ES,07,09,castilla y leon,castilla y leon,burgos,2023,5,total,72.88
ES,07,24,castilla y leon,castilla y leon,leon,2023,5,hotel 3 estrellas,79.92
ES,07,24,castilla y leon,castilla y leon,leon,2023,5,hotel 4 estrellas,77.64
ES,07,24,castilla y leon,castilla y leon,leon,2023,5,hotel 5 estrellas,73.1
ES,07,24,castilla y leon,castilla y leon,leon,2023,5,total,82.11
ES,07,34,castilla y leon,castilla y leon,palencia,2023,5,hotel 3 estrellas,79.15
ES,07,34,castilla y leon,castilla y leon,palencia,2023,5,hotel 4 estrellas,77.59
ES,07,34,castilla y leon,castilla y leon,palencia,2023,5,hotel 5 estrellas,73.1
ES,07,34,castilla y leon,castilla y leon,palencia,2023,5,total,82.22
ES,07,37,castilla y leon,castilla y leon,salamanca,2023,5,hotel 3 estrellas,82.08
ES,07,37,castilla y leon,castilla y leon,salamanca,2023,5,hotel 4 estrellas,74.22
ES,07,37,castilla y leon,castilla y leon,salamanca,2023,5,hotel 5 estrellas,88.23
ES,07,37,castilla y leon,castilla y leon,salamanca,2023,5,total,80.12
ES,07,40,castilla y leon,castilla y leon,segovia,2023,5,hotel 3 estrellas,86.34
ES,07,40,castilla y leon,castilla y leon,segovia,2023,5,hotel 4 estrellas,80.52
ES,07,40,castilla y leon,castilla y leon,segovia,2023,5,hotel 5 estrellas,65.26
ES,07,40,castilla y leon,castilla y leon,segovia,2023,5,total,85.13
ES,07,42,castilla y leon,castilla y leon,soria,2023,5,hotel 3 estrellas,72.75
ES,07,42,castilla y leon,castilla y leon,soria,2023,5,hotel 4 estrellas,91.18
ES,07,42,castilla y leon,castilla y leon,soria,2023,5,hotel 5 estrellas,73.1
ES,07,42,castilla y leon,castilla y leon,soria,2023,5,total,79.59
ES,07,47,castilla y leon,castilla y leon,valladolid,2023,5,hotel 3 estrellas,63.57
ES,07,47,castilla y leon,castilla y leon,valladolid,2023,5,hotel 4 estrellas,63.9
ES,07,47,castilla y leon,castilla y leon,valladolid,2023,5,hotel 5 estrellas,87.66
ES,07,47,castilla y leon,castilla y leon,valladolid,2023,5,total,67.01
ES,07,49,castilla y leon,castilla y leon,zamora,2023,5,hotel 3 estrellas,83.15
ES,07,49,castilla y leon,castilla y leon,zamora,2023,5,hotel 4 estrellas,62.8
ES,07,49,castilla y leon,castilla y leon,zamora,2023,5,hotel 5 estrellas,21.5
ES,07,49,castilla y leon,castilla y leon,zamora,2023,5,total,80.85
ES,08,02,castilla-la mancha,castilla-la mancha,albacete,2023,5,hotel 3 estrellas,70.71
ES,08,02,castilla-la mancha,castilla-la mancha,albacete,2023,5,hotel 4 estrellas,81.15
ES,08,02,castilla-la mancha,castilla-la mancha,albacete,2023,5,hotel 5 estrellas,87.12
ES,08,02,castilla-la mancha,castilla-la mancha,albacete,2023,5,total,79.97
ES,08,13,castilla-la mancha,castilla-la mancha,ciudad real,2023,5,hotel 3 estrellas,84.21
ES,08,13,castilla-la mancha,castilla-la mancha,ciudad real,2023,5,hotel 4 estrellas,64.93
ES,08,13,castilla-la mancha,castilla-la mancha,ciudad real,2023,5,hotel 5 estrellas,100.0
ES,08,13,castilla-la mancha,castilla-la mancha,ciudad real,2023,5,total,73.63
ES,08,16,castilla-la mancha,castilla-la mancha,cuenca,2023,5,hotel 3 estrellas,49.84
ES,08,16,castilla-la mancha,castilla-la mancha,cuenca,2023,5,hotel 4 estrellas,72.75
ES,08,16,castilla-la mancha,castilla-la mancha,cuenca,2023,5,hotel 5 estrellas,87.12
ES,08,16,castilla-la mancha,castilla-la mancha,cuenca,2023,5,total,72.53
ES,08,19,castilla-la mancha,castilla-la mancha,guadalajara,2023,5,hotel 3 estrellas,63.76
ES,08,19,castilla-la mancha,castilla-la mancha,guadalajara,2023,5,hotel 4 estrellas,68.75
ES,08,19,castilla-la mancha,castilla-la mancha,guadalajara,2023,5,hotel 5 estrellas,87.12
ES,08,19,castilla-la mancha,castilla-la mancha,guadalajara,2023,5,total,79.58
ES,08,45,castilla-la mancha,castilla-la mancha,toledo,2023,5,hotel 3 estrellas,63.83
ES,08,45,castilla-la mancha,castilla-la mancha,toledo,2023,5,hotel 4 estrellas,76.01
ES,08,45,castilla-la mancha,castilla-la mancha,toledo,2023,5,hotel 5 estrellas,74.24
ES,08,45,castilla-la mancha,castilla-la mancha,toledo,2023,5,total,71.34
ES,09,08,cataluna,cataluna,barcelona,2023,5,hotel 3 estrellas,67.53
ES,09,08,cataluna,cataluna,barcelona,2023,5,hotel 4 estrellas,69.03
ES,09,08,cataluna,cataluna,barcelona,2023,5,hotel 5 estrellas,76.28
ES,09,08,cataluna,cataluna,barcelona,2023,5,total,68.83
ES,09,17,cataluna,cataluna,girona,2023,5,hotel 3 estrellas,71.0
ES,09,17,cataluna,cataluna,girona,2023,5,hotel 4 estrellas,66.64
ES,09,17,cataluna,cataluna,girona,2023,5,hotel 5 estrellas,77.44
ES,09,17,cataluna,cataluna,girona,2023,5,total,70.75
ES,09,25,cataluna,cataluna,lleida,2023,5,hotel 3 estrellas,93.46
ES,09,25,cataluna,cataluna,lleida,2023,5,hotel 4 estrellas,61.62
ES,09,25,cataluna,cataluna,lleida,2023,5,hotel 5 estrellas,98.38
ES,09,25,cataluna,cataluna,lleida,2023,5,total,83.0
ES,09,43,cataluna,cataluna,tarragona,2023,5,hotel 3 estrellas,57.22
ES,09,43,cataluna,cataluna,tarragona,2023,5,hotel 4 estrellas,68.39
ES,09,43,cataluna,cataluna,tarragona,2023,5,hotel 5 estrellas,63.12
ES,09,43,cataluna,cataluna,tarragona,2023,5,total,68.27
ES,10,03,comunitat valenciana,comunitat valenciana,alicante/alacant,2023,5,hotel 3 estrellas,62.25
ES,10,03,comunitat valenciana,comunitat valenciana,alicante/alacant,2023,5,hotel 4 estrellas,68.32
ES,10,03,comunitat valenciana,comunitat valenciana,alicante/alacant,2023,5,hotel 5 estrellas,89.29
ES,10,03,comunitat valenciana,comunitat valenciana,alicante/alacant,2023,5,total,66.17
ES,10,12,comunitat valenciana,comunitat valenciana,castellon/castello,2023,5,hotel 3 estrellas,85.3
ES,10,12,comunitat valenciana,comunitat valenciana,castellon/castello,2023,5,hotel 4 estrellas,78.58
ES,10,12,comunitat valenciana,comunitat valenciana,castellon/castello,2023,5,hotel 5 estrellas,85.52
ES,10,12,comunitat valenciana,comunitat valenciana,castellon/castello,2023,5,total,82.53
ES,10,46,comunitat valenciana,comunitat valenciana,valencia/valencia,2023,5,hotel 3 estrellas,71.17
ES,10,46,comunitat valenciana,comunitat valenciana,valencia/valencia,2023,5,hotel 4 estrellas,70.24
ES,10,46,comunitat valenciana,comunitat valenciana,valencia/valencia,2023,5,hotel 5 estrellas,81.74
ES,10,46,comunitat valenciana,comunitat valenciana,valencia/valencia,2023,5,total,72.15
ES,11,06,extremadura,extremadura,badajoz,2023,5,hotel 3 estrellas,48.96
ES,11,06,extremadura,extremadura,badajoz,2023,5,hotel 4 estrellas,70.75
ES,11,06,extremadura,extremadura,badajoz,2023,5,hotel 5 estrellas,86.34
ES,11,06,extremadura,extremadura,badajoz,2023,5,total,70.75
ES,11,10,extremadura,extremadura,caceres,2023,5,hotel 3 estrellas,73.98
ES,11,10,extremadura,extremadura,caceres,2023,5,hotel 4 estrellas,80.32
ES,11,10,extremadura,extremadura,caceres,2023,5,hotel 5 estrellas,97.68
ES,11,10,extremadura,extremadura,caceres,2023,5,total,82.07
ES,12,15,galicia,galicia,a coruna,2023,5,hotel 3 estrellas,76.59
ES,12,15,galicia,galicia,a coruna,2023,5,hotel 4 estrellas,77.15
ES,12,15,galicia,galicia,a coruna,2023,5,hotel 5 estrellas,70.9
ES,12,15,galicia,galicia,a coruna,2023,5,total,77.86
ES,12,27,galicia,galicia,lugo,2023,5,hotel 3 estrellas,63.38
ES,12,27,galicia,galicia,lugo,2023,5,hotel 4 estrellas,74.31
ES,12,27,galicia,galicia,lugo,2023,5,hotel 5 estrellas,100.0
ES,12,27,galicia,galicia,lugo,2023,5,total,74.92
ES,12,32,galicia,galicia,ourense,2023,5,hotel 3 estrellas,70.24
ES,12,32,galicia,galicia,ourense,2023,5,hotel 4 estrellas,76.4
ES,12,32,galicia,galicia,ourense,2023,5,hotel 5 estrellas,81.53
ES,12,32,galicia,galicia,ourense,2023,5,total,76.25
ES,12,36,galicia,galicia,pontevedra,2023,5,hotel 3 estrellas,70.76
ES,12,36,galicia,galicia,pontevedra,2023,5,hotel 4 estrellas,77.74
ES,12,36,galicia,galicia,pontevedra,2023,5,hotel 5 estrellas,73.69
ES,12,36,galicia,galicia,pontevedra,2023,5,total,75.96
ES,13,28,"madrid, comunidad de",madrid,madrid,2023,5,hotel 3 estrellas,62.0
ES,13,28,"madrid, comunidad de",madrid,madrid,2023,5,hotel 4 estrellas,71.33
ES,13,28,"madrid, comunidad de",madrid,madrid,2023,5,hotel 5 estrellas,72.48
ES,13,28,"madrid, comunidad de",madrid,madrid,2023,5,total,67.95
ES,14,30,"murcia, region de",murcia,murcia,2023,5,hotel 3 estrellas,77.82
ES,14,30,"murcia, region de",murcia,murcia,2023,5,hotel 4 estrellas,70.58
ES,14,30,"murcia, region de",murcia,murcia,2023,5,hotel 5 estrellas,39.32
ES,14,30,"murcia, region de",murcia,murcia,2023,5,total,75.47
ES,15,31,"navarra, comunidad foral de",navarra,navarra,2023,5,hotel 3 estrellas,73.96
ES,15,31,"navarra, comunidad foral de",navarra,navarra,2023,5,hotel 4 estrellas,79.88
ES,15,31,"navarra, comunidad foral de",navarra,navarra,2023,5,hotel 5 estrellas,87.46
ES,15,31,"navarra, comunidad foral de",navarra,navarra,2023,5,total,76.71
ES,16,01,pais vasco,pais vasco,araba/alava,2023,5,hotel 3 estrellas,84.94
ES,16,01,pais vasco,pais vasco,araba/alava,2023,5,hotel 4 estrellas,87.09
ES,16,01,pais vasco,pais vasco,araba/alava,2023,5,hotel 5 estrellas,59.33
ES,16,01,pais vasco,pais vasco,araba/alava,2023,5,total,86.15
ES,16,48,pais vasco,pais vasco,bizkaia,2023,5,hotel 3 estrellas,65.45
ES,16,48,pais vasco,pais vasco,bizkaia,2023,5,hotel 4 estrellas,82.33
ES,16,48,pais vasco,pais vasco,bizkaia,2023,5,hotel 5 estrellas,63.77
ES,16,48,pais vasco,pais vasco,bizkaia,2023,5,total,77.85
ES,16,20,pais vasco,pais vasco,gipuzkoa,2023,5,hotel 3 estrellas,72.92
ES,16,20,pais vasco,pais vasco,gipuzkoa,2023,5,hotel 4 estrellas,75.66
ES,16,20,pais vasco,pais vasco,gipuzkoa,2023,5,hotel 5 estrellas,92.53
ES,16,20,pais vasco,pais vasco,gipuzkoa,2023,5,total,75.27
ES,17,26,"rioja, la",rioja,la rioja,2023,5,hotel 3 estrellas,75.43
ES,17,26,"rioja, la",rioja,la rioja,2023,5,hotel 4 estrellas,57.94
ES,17,26,"rioja, la",rioja,la rioja,2023,5,hotel 5 estrellas,98.86
ES,17,26,"rioja, la",rioja,la rioja,2023,5,total,66.61
ES,01,04,andalucia,andalucia,almeria,2023,6,hotel 3 estrellas,75.55
ES,01,04,andalucia,andalucia,almeria,2023,6,hotel 4 estrellas,62.5
ES,01,04,andalucia,andalucia,almeria,2023,6,hotel 5 estrellas,24.05
ES,01,04,andalucia,andalucia,almeria,2023,6,total,64.53
ES,01,11,andalucia,andalucia,cadiz,2023,6,hotel 3 estrellas,72.48
ES,01,11,andalucia,andalucia,cadiz,2023,6,hotel 4 estrellas,79.53
ES,01,11,andalucia,andalucia,cadiz,2023,6,hotel 5 estrellas,91.22
ES,01,11,andalucia,andalucia,cadiz,2023,6,total,78.53
ES,01,14,andalucia,andalucia,cordoba,2023,6,hotel 3 estrellas,83.79
ES,01,14,andalucia,andalucia,cordoba,2023,6,hotel 4 estrellas,80.36
ES,01,14,andalucia,andalucia,cordoba,2023,6,hotel 5 estrellas,76.19
ES,01,14,andalucia,andalucia,cordoba,2023,6,total,81.38
ES,01,18,andalucia,andalucia,granada,2023,6,hotel 3 estrellas,75.53
ES,01,18,andalucia,andalucia,granada,2023,6,hotel 4 estrellas,78.59
ES,01,18,andalucia,andalucia,granada,2023,6,hotel 5 estrellas,74.81
ES,01,18,andalucia,andalucia,granada,2023,6,total,77.06
ES,01,21,andalucia,andalucia,huelva,2023,6,hotel 3 estrellas,79.72
ES,01,21,andalucia,andalucia,huelva,2023,6,hotel 4 estrellas,70.21
ES,01,21,andalucia,andalucia,huelva,2023,6,hotel 5 estrellas,64.93
ES,01,21,andalucia,andalucia,huelva,2023,6,total,66.19
ES,01,23,andalucia,andalucia,jaen,2023,6,hotel 3 estrellas,57.33
ES,01,23,andalucia,andalucia,jaen,2023,6,hotel 4 estrellas,64.19
ES,01,23,andalucia,andalucia,jaen,2023,6,hotel 5 estrellas,32.06
ES,01,23,andalucia,andalucia,jaen,2023,6,total,66.7
ES,01,29,andalucia,andalucia,malaga,2023,6,hotel 3 estrellas,67.81
ES,01,29,andalucia,andalucia,malaga,2023,6,hotel 4 estrellas,70.55
ES,01,29,andalucia,andalucia,malaga,2023,6,hotel 5 estrellas,69.97
ES,01,29,andalucia,andalucia,malaga,2023,6,total,69.62
ES,01,41,andalucia,andalucia,sevilla,2023,6,hotel 3 estrellas,74.95
ES,01,41,andalucia,andalucia,sevilla,2023,6,hotel 4 estrellas,80.32
ES,01,41,andalucia,andalucia,sevilla,2023,6,hotel 5 estrellas,86.21
ES,01,41,andalucia,andalucia,sevilla,2023,6,total,78.47
ES,02,22,aragon,aragon,huesca,2023,6,hotel 3 estrellas,77.0
ES,02,22,aragon,aragon,huesca,2023,6,hotel 4 estrellas,75.23
ES,02,22,aragon,aragon,huesca,2023,6,hotel 5 estrellas,87.87
ES,02,22,aragon,aragon,huesca,2023,6,total,74.36
ES,02,44,aragon,aragon,teruel,2023,6,hotel 3 estrellas,76.82
ES,02,44,aragon,aragon,teruel,2023,6,hotel 4 estrellas,72.98
ES,02,44,aragon,aragon,teruel,2023,6,hotel 5 estrellas,87.87
ES,02,44,aragon,aragon,teruel,2023,6,total,66.24
ES,02,50,aragon,aragon,zaragoza,2023,6,hotel 3 estrellas,78.29
ES,02,50,aragon,aragon,zaragoza,2023,6,hotel 4 estrellas,74.54
ES,02,50,aragon,aragon,zaragoza,2023,6,hotel 5 estrellas,87.87
ES,02,50,aragon,aragon,zaragoza,2023,6,total,76.48
ES,03,33,"asturias, principado de",asturias,asturias,2023,6,hotel 3 estrellas,81.52
ES,03,33,"asturias, principado de",asturias,asturias,2023,6,hotel 4 estrellas,74.19
ES,03,33,"asturias, principado de",asturias,asturias,2023,6,hotel 5 estrellas,90.98
ES,03,33,"asturias, principado de",asturias,asturias,2023,6,total,80.04
ES,04,07,"balears, illes",balears,illes balears,2023,6,hotel 3 estrellas,63.7
ES,04,07,"balears, illes",balears,illes balears,2023,6,hotel 4 estrellas,70.65
ES,04,07,"balears, illes",balears,illes balears,2023,6,hotel 5 estrellas,81.96
ES,04,07,"balears, illes",balears,illes balears,2023,6,total,68.2
ES,05,35,canarias,canarias,las palmas,2023,6,hotel 3 estrellas,72.1
ES,05,35,canarias,canarias,las palmas,2023,6,hotel 4 estrellas,74.14
ES,05,35,canarias,canarias,las palmas,2023,6,hotel 5 estrellas,79.56
ES,05,35,canarias,canarias,las palmas,2023,6,total,74.44
ES,05,38,canarias,canarias,santa cruz de tenerife,2023,6,hotel 3 estrellas,56.58
ES,05,38,canarias,canarias,santa cruz de tenerife,2023,6,hotel 4 estrellas,65.52
ES,05,38,canarias,canarias,santa cruz de tenerife,2023,6,hotel 5 estrellas,85.14
ES,05,38,canarias,canarias,santa cruz de tenerife,2023,6,total,70.37
ES,06,39,cantabria,cantabria,cantabria,2023,6,hotel 3 estrellas,81.82
ES,06,39,cantabria,cantabria,cantabria,2023,6,hotel 4 estrellas,81.43
ES,06,39,cantabria,cantabria,cantabria,2023,6,hotel 5 estrellas,97.07
ES,06,39,cantabria,cantabria,cantabria,2023,6,total,81.74
ES,07,05,castilla y leon,castilla y leon,avila,2023,6,hotel 3 estrellas,83.07
ES,07,05,castilla y leon,castilla y leon,avila,2023,6,hotel 4 estrellas,74.97
ES,07,05,castilla y leon,castilla y leon,avila,2023,6,hotel 5 estrellas,98.7
ES,07,05,castilla y leon,castilla y leon,avila,2023,6,total,75.52
ES,07,09,castilla y leon,castilla y leon,burgos,2023,6,hotel 3 estrellas,73.12
ES,07,09,castilla y leon,castilla y leon,burgos,2023,6,hotel 4 estrellas,77.76
ES,07,09,castilla y leon,castilla y leon,burgos,2023,6,hotel 5 estrellas,86.9
ES,07,09,castilla y leon,castilla y leon,burgos,2023,6,total,75.84
ES,07,24,castilla y leon,castilla y leon,leon,2023,6,hotel 3 estrellas,82.82
ES,07,24,castilla y leon,castilla y leon,leon,2023,6,hotel 4 estrellas,72.65
ES,07,24,castilla y leon,castilla y leon,leon,2023,6,hotel 5 estrellas,73.8
ES,07,24,castilla y leon,castilla y leon,leon,2023,6,total,81.16
ES,07,34,castilla y leon,castilla y leon,palencia,2023,6,hotel 3 estrellas,59.2
ES,07,34,castilla y leon,castilla y leon,palencia,2023,6,hotel 4 estrellas,57.81
ES,07,34,castilla y leon,castilla y leon,palencia,2023,6,hotel 5 estrellas,83.22
ES,07,34,castilla y leon,castilla y leon,palencia,2023,6,total,68.58
ES,07,37,castilla y leon,castilla y leon,salamanca,2023,6,hotel 3 estrellas,85.58
ES,07,37,castilla y leon,castilla y leon,salamanca,2023,6,hotel 4 estrellas,67.3
ES,07,37,castilla y leon,castilla y leon,salamanca,2023,6,hotel 5 estrellas,91.68
ES,07,37,castilla y leon,castilla y leon,salamanca,2023,6,total,79.62
ES,07,40,castilla y leon,castilla y leon,segovia,2023,6,hotel 3 estrellas,81.53
ES,07,40,castilla y leon,castilla y leon,segovia,2023,6,hotel 4 estrellas,72.55
ES,07,40,castilla y leon,castilla y leon,segovia,2023,6,hotel 5 estrellas,96.68
ES,07,40,castilla y leon,castilla y leon,segovia,2023,6,total,81.24
ES,07,42,castilla y leon,castilla y leon,soria,2023,6,hotel 3 estrellas,84.15
ES,07,42,castilla y leon,castilla y leon,soria,2023,6,hotel 4 estrellas,76.2
ES,07,42,castilla y leon,castilla y leon,soria,2023,6,hotel 5 estrellas,83.22
ES,07,42,castilla y leon,castilla y leon,soria,2023,6,total,68.16
ES,07,47,castilla y leon,castilla y leon,valladolid,2023,6,hotel 3 estrellas,59.23
ES,07,47,castilla y leon,castilla y leon,valladolid,2023,6,hotel 4 estrellas,65.96
ES,07,47,castilla y leon,castilla y leon,valladolid,2023,6,hotel 5 estrellas,74.44
ES,07,47,castilla y leon,castilla y leon,valladolid,2023,6,total,65.83
ES,07,49,castilla y leon,castilla y leon,zamora,2023,6,hotel 3 estrellas,62.32
ES,07,49,castilla y leon,castilla y leon,zamora,2023,6,hotel 4 estrellas,69.24
ES,07,49,castilla y leon,castilla y leon,zamora,2023,6,hotel 5 estrellas,60.36
ES,07,49,castilla y leon,castilla y leon,zamora,2023,6,total,71.49
ES,08,02,castilla-la mancha,castilla-la mancha,albacete,2023,6,hotel 3 estrellas,63.4
ES,08,02,castilla-la mancha,castilla-la mancha,albacete,2023,6,hotel 4 estrellas,55.48
ES,08,02,castilla-la mancha,castilla-la mancha,albacete,2023,6,hotel 5 estrellas,91.99
ES,08,02,castilla-la mancha,castilla-la mancha,albacete,2023,6,total,63.56
ES,08,13,castilla-la mancha,castilla-la mancha,ciudad real,2023,6,hotel 3 estrellas,74.53
ES,08,13,castilla-la mancha,castilla-la mancha,ciudad real,2023,6,hotel 4 estrellas,85.1
ES,08,13,castilla-la mancha,castilla-la mancha,ciudad real,2023,6,hotel 5 estrellas,100.0
ES,08,13,castilla-la mancha,castilla-la mancha,ciudad real,2023,6,total,82.66
ES,08,16,castilla-la mancha,castilla-la mancha,cuenca,2023,6,hotel 3 estrellas,38.93
ES,08,16,castilla-la mancha,castilla-la mancha,cuenca,2023,6,hotel 4 estrellas,83.3
ES,08,16,castilla-la mancha,castilla-la mancha,cuenca,2023,6,hotel 5 estrellas,91.99
ES,08,16,castilla-la mancha,castilla-la mancha,cuenca,2023,6,total,71.96
ES,08,19,castilla-la mancha,castilla-la mancha,guadalajara,2023,6,hotel 3 estrellas,67.82
ES,08,19,castilla-la mancha,castilla-la mancha,guadalajara,2023,6,hotel 4 estrellas,76.01
ES,08,19,castilla-la mancha,castilla-la mancha,guadalajara,2023,6,hotel 5 estrellas,91.99
ES,08,19,castilla-la mancha,castilla-la mancha,guadalajara,2023,6,total,65.48
ES,08,45,castilla-la mancha,castilla-la mancha,toledo,2023,6,hotel 3 estrellas,61.49
ES,08,45,castilla-la mancha,castilla-la mancha,toledo,2023,6,hotel 4 estrellas,67.5
ES,08,45,castilla-la mancha,castilla-la mancha,toledo,2023,6,hotel 5 estrellas,83.97
ES,08,45,castilla-la mancha,castilla-la mancha,toledo,2023,6,total,65.02
ES,09,08,cataluna,cataluna,barcelona,2023,6,hotel 3 estrellas,64.38
ES,09,08,cataluna,cataluna,barcelona,2023,6,hotel 4 estrellas,68.27
ES,09,08,cataluna,cataluna,barcelona,2023,6,hotel 5 estrellas,66.4
ES,09,08,cataluna,cataluna,barcelona,2023,6,total,66.74
ES,09,17,cataluna,cataluna,girona,2023,6,hotel 3 estrellas,74.56
ES,09,17,cataluna,cataluna,girona,2023,6,hotel 4 estrellas,78.54
ES,09,17,cataluna,cataluna,girona,2023,6,hotel 5 estrellas,82.2
ES,09,17,cataluna,cataluna,girona,2023,6,total,76.2
ES,09,25,cataluna,cataluna,lleida,2023,6,hotel 3 estrellas,82.34
ES,09,25,cataluna,cataluna,lleida,2023,6,hotel 4 estrellas,50.6
ES,09,25,cataluna,cataluna,lleida,2023,6,hotel 5 estrellas,85.56
ES,09,25,cataluna,cataluna,lleida,2023,6,total,74.28
ES,09,43,cataluna,cataluna,tarragona,2023,6,hotel 3 estrellas,62.89
ES,09,43,cataluna,cataluna,tarragona,2023,6,hotel 4 estrellas,66.01
ES,09,43,cataluna,cataluna,tarragona,2023,6,hotel 5 estrellas,63.27
ES,09,43,cataluna,cataluna,tarragona,2023,6,total,65.98
ES,10,03,comunitat valenciana,comunitat valenciana,alicante/alacant,2023,6,hotel 3 estrellas,61.57
ES,10,03,comunitat valenciana,comunitat valenciana,alicante/alacant,2023,6,hotel 4 estrellas,65.14
ES,10,03,comunitat valenciana,comunitat valenciana,alicante/alacant,2023,6,hotel 5 estrellas,76.42
ES,10,03,comunitat valenciana,comunitat valenciana,alicante/alacant,2023,6,total,63.96
ES,10,12,comunitat valenciana,comunitat valenciana,castellon/castello,2023,6,hotel 3 estrellas,71.97
ES,10,12,comunitat valenciana,comunitat valenciana,castellon/castello,2023,6,hotel 4 estrellas,75.49
ES,10,12,comunitat valenciana,comunitat valenciana,castellon/castello,2023,6,hotel 5 estrellas,79.27
ES,10,12,comunitat valenciana,comunitat valenciana,castellon/castello,2023,6,total,75.1
ES,10,46,comunitat valenciana,comunitat valenciana,valencia/valencia,2023,6,hotel 3 estrellas,69.65
ES,10,46,comunitat valenciana,comunitat valenciana,valencia/valencia,2023,6,hotel 4 estrellas,72.03
ES,10,46,comunitat valenciana,comunitat valenciana,valencia/valencia,2023,6,hotel 5 estrellas,82.13
ES,10,46,comunitat valenciana,comunitat valenciana,valencia/valencia,2023,6,total,70.29
ES,11,06,extremadura,extremadura,badajoz,2023,6,hotel 3 estrellas,57.53
ES,11,06,extremadura,extremadura,badajoz,2023,6,hotel 4 estrellas,73.38
ES,11,06,extremadura,extremadura,badajoz,2023,6,hotel 5 estrellas,81.31
ES,11,06,extremadura,extremadura,badajoz,2023,6,total,75.15
ES,11,10,extremadura,extremadura,caceres,2023,6,hotel 3 estrellas,74.67
ES,11,10,extremadura,extremadura,caceres,2023,6,hotel 4 estrellas,87.11
ES,11,10,extremadura,extremadura,caceres,2023,6,hotel 5 estrellas,93.71
ES,11,10,extremadura,extremadura,caceres,2023,6,total,81.6
ES,12,15,galicia,galicia,a coruna,2023,6,hotel 3 estrellas,76.32
ES,12,15,galicia,galicia,a coruna,2023,6,hotel 4 estrellas,82.11
ES,12,15,galicia,galicia,a coruna,2023,6,hotel 5 estrellas,56.27
ES,12,15,galicia,galicia,a coruna,2023,6,total,73.82
ES,12,27,galicia,galicia,lugo,2023,6,hotel 3 estrellas,88.92
ES,12,27,galicia,galicia,lugo,2023,6,hotel 4 estrellas,78.89
ES,12,27,galicia,galicia,lugo,2023,6,hotel 5 estrellas,81.04
ES,12,27,galicia,galicia,lugo,2023,6,total,83.39
ES,12,32,galicia,galicia,ourense,2023,6,hotel 3 estrellas,73.89
ES,12,32,galicia,galicia,ourense,2023,6,hotel 4 estrellas,78.12
ES,12,32,galicia,galicia,ourense,2023,6,hotel 5 estrellas,66.59
ES,12,32,galicia,galicia,ourense,2023,6,total,74.38
ES,12,36,galicia,galicia,pontevedra,2023,6,hotel 3 estrellas,56.45
ES,12,36,galicia,galicia,pontevedra,2023,6,hotel 4 estrellas,73.36
ES,12,36,galicia,galicia,pontevedra,2023,6,hotel 5 estrellas,62.48
ES,12,36,galicia,galicia,pontevedra,2023,6,total,65.93
ES,13,28,"madrid, comunidad de",madrid,madrid,2023,6,hotel 3 estrellas,62.7
ES,13,28,"madrid, comunidad de",madrid,madrid,2023,6,hotel 4 estrellas,74.93
ES,13,28,"madrid, comunidad de",madrid,madrid,2023,6,hotel 5 estrellas,75.73
ES,13,28,"madrid, comunidad de",madrid,madrid,2023,6,total,69.73
ES,14,30,"murcia, region de",murcia,murcia,2023,6,hotel 3 estrellas,76.76
ES,14,30,"murcia, region de",murcia,murcia,2023,6,hotel 4 estrellas,60.76
ES,14,30,"murcia, region de",murcia,murcia,2023,6,hotel 5 estrellas,69.99
ES,14,30,"murcia, region de",murcia,murcia,2023,6,total,68.97
ES,15,31,"navarra, comunidad foral de",navarra,navarra,2023,6,hotel 3 estrellas,74.65
ES,15,31,"navarra, comunidad foral de",navarra,navarra,2023,6,hotel 4 estrellas,84.64
ES,15,31,"navarra, comunidad foral de",navarra,navarra,2023,6,hotel 5 estrellas,96.51
ES,15,31,"navarra, comunidad foral de",navarra,navarra,2023,6,total,78.84
ES,16,01,pais vasco,pais vasco,araba/alava,2023,6,hotel 3 estrellas,69.5
ES,16,01,pais vasco,pais vasco,araba/alava,2023,6,hotel 4 estrellas,85.59
ES,16,01,pais vasco,pais vasco,araba/alava,2023,6,hotel 5 estrellas,46.31
ES,16,01,pais vasco,pais vasco,araba/alava,2023,6,total,74.66
ES,16,48,pais vasco,pais vasco,bizkaia,2023,6,hotel 3 estrellas,73.16
ES,16,48,pais vasco,pais vasco,bizkaia,2023,6,hotel 4 estrellas,86.8
ES,16,48,pais vasco,pais vasco,bizkaia,2023,6,hotel 5 estrellas,66.12
ES,16,48,pais vasco,pais vasco,bizkaia,2023,6,total,80.85
ES,16,20,pais vasco,pais vasco,gipuzkoa,2023,6,hotel 3 estrellas,75.05
ES,16,20,pais vasco,pais vasco,gipuzkoa,2023,6,hotel 4 estrellas,80.03
ES,16,20,pais vasco,pais vasco,gipuzkoa,2023,6,hotel 5 estrellas,84.3
ES,16,20,pais vasco,pais vasco,gipuzkoa,2023,6,total,80.18
ES,17,26,"rioja, la",rioja,la rioja,2023,6,hotel 3 estrellas,76.28
ES,17,26,"rioja, la",rioja,la rioja,2023,6,hotel 4 estrellas,59.3
ES,17,26,"rioja, la",rioja,la rioja,2023,6,hotel 5 estrellas,96.94
ES,17,26,"rioja, la",rioja,la rioja,2023,6,total,71.63
ES,01,04,andalucia,andalucia,almeria,2023,7,hotel 3 estrellas,50.41
ES,01,04,andalucia,andalucia,almeria,2023,7,hotel 4 estrellas,64.29
ES,01,04,andalucia,andalucia,almeria,2023,7,hotel 5 estrellas,75.32
ES,01,04,andalucia,andalucia,almeria,2023,7,total,62.2
ES,01,11,andalucia,andalucia,cadiz,2023,7,hotel 3 estrellas,71.47
ES,01,11,andalucia,andalucia,cadiz,2023,7,hotel 4 estrellas,76.09
ES,01,11,andalucia,andalucia,cadiz,2023,7,hotel 5 estrellas,75.05
ES,01,11,andalucia,andalucia,cadiz,2023,7,total,75.86
ES,01,14,andalucia,andalucia,cordoba,2023,7,hotel 3 estrellas,88.57
ES,01,14,andalucia,andalucia,cordoba,2023,7,hotel 4 estrellas,86.79
ES,01,14,andalucia,andalucia,cordoba,2023,7,hotel 5 estrellas,87.17
ES,01,14,andalucia,andalucia,cordoba,2023,7,total,86.83
ES,01,18,andalucia,andalucia,granada,2023,7,hotel 3 estrellas,75.87
ES,01,18,andalucia,andalucia,granada,2023,7,hotel 4 estrellas,79.64
ES,01,18,andalucia,andalucia,granada,2023,7,hotel 5 estrellas,76.86
ES,01,18,andalucia,andalucia,granada,2023,7,total,78.34
ES,01,21,andalucia,andalucia,huelva,2023,7,hotel 3 estrellas,79.58
ES,01,21,andalucia,andalucia,huelva,2023,7,hotel 4 estrellas,61.05
ES,01,21,andalucia,andalucia,huelva,2023,7,hotel 5 estrellas,80.62
ES,01,21,andalucia,andalucia,huelva,2023,7,total,75.01
ES,01,23,andalucia,andalucia,jaen,2023,7,hotel 3 estrellas,74.04
ES,01,23,andalucia,andalucia,jaen,2023,7,hotel 4 estrellas,84.06
ES,01,23,andalucia,andalucia,jaen,2023,7,hotel 5 estrellas,96.96
ES,01,23,andalucia,andalucia,jaen,2023,7,total,80.08
ES,01,29,andalucia,andalucia,malaga,2023,7,hotel 3 estrellas,66.36
ES,01,29,andalucia,andalucia,malaga,2023,7,hotel 4 estrellas,65.23
ES,01,29,andalucia,andalucia,malaga,2023,7,hotel 5 estrellas,62.88
ES,01,29,andalucia,andalucia,malaga,2023,7,total,65.85
ES,01,41,andalucia,andalucia,sevilla,2023,7,hotel 3 estrellas,85.4
ES,01,41,andalucia,andalucia,sevilla,2023,7,hotel 4 estrellas,79.89
ES,01,41,andalucia,andalucia,sevilla,2023,7,hotel 5 estrellas,90.11
ES,01,41,andalucia,andalucia,sevilla,2023,7,total,82.99
ES,02,22,aragon,aragon,huesca,2023,7,hotel 3 estrellas,70.83
ES,02,22,aragon,aragon,huesca,2023,7,hotel 4 estrellas,81.38
ES,02,22,aragon,aragon,huesca,2023,7,hotel 5 estrellas,83.23
ES,02,22,aragon,aragon,huesca,2023,7,total,76.72
ES,02,44,aragon,aragon,teruel,2023,7,hotel 3 estrellas,79.72
ES,02,44,aragon,aragon,teruel,2023,7,hotel 4 estrellas,85.26
ES,02,44,aragon,aragon,teruel,2023,7,hotel 5 estrellas,83.23
ES,02,44,aragon,aragon,teruel,2023,7,total,80.89
ES,02,50,aragon,aragon,zaragoza,2023,7,hotel 3 estrellas,82.43
ES,02,50,aragon,aragon,zaragoza,2023,7,hotel 4 estrellas,87.89
ES,02,50,aragon,aragon,zaragoza,2023,7,hotel 5 estrellas,83.23
ES,02,50,aragon,aragon,zaragoza,2023,7,total,85.43
ES,03,33,"asturias, principado de",asturias,asturias,2023,7,hotel 3 estrellas,76.22
ES,03,33,"asturias, principado de",asturias,asturias,2023,7,hotel 4 estrellas,73.72
ES,03,33,"asturias, principado de",asturias,asturias,2023,7,hotel 5 estrellas,83.55
ES,03,33,"asturias, principado de",asturias,asturias,2023,7,total,74.13
ES,04,07,"balears, illes",balears,illes balears,2023,7,hotel 3 estrellas,60.55
ES,04,07,"balears, illes",balears,illes balears,2023,7,hotel 4 estrellas,67.49
ES,04,07,"balears, illes",balears,illes balears,2023,7,hotel 5 estrellas,79.48
ES,04,07,"balears, illes",balears,illes balears,2023,7,total,65.23
ES,05,35,canarias,canarias,las palmas,2023,7,hotel 3 estrellas,61.91
ES,05,35,canarias,canarias,las palmas,2023,7,hotel 4 estrellas,67.81
ES,05,35,canarias,canarias,las palmas,2023,7,hotel 5 estrellas,81.34
ES,05,35,canarias,canarias,las palmas,2023,7,total,67.79
ES,05,38,canarias,canarias,santa cruz de tenerife,2023,7,hotel 3 estrellas,49.76
ES,05,38,canarias,canarias,santa cruz de tenerife,2023,7,hotel 4 estrellas,57.77
ES,05,38,canarias,canarias,santa cruz de tenerife,2023,7,hotel 5 estrellas,78.61
ES,05,38,canarias,canarias,santa cruz de tenerife,2023,7,total,61.45
ES,06,39,cantabria,cantabria,cantabria,2023,7,hotel 3 estrellas,76.25
ES,06,39,cantabria,cantabria,cantabria,2023,7,hotel 4 estrellas,68.6
ES,06,39,cantabria,cantabria,cantabria,2023,7,hotel 5 estrellas,95.27
ES,06,39,cantabria,cantabria,cantabria,2023,7,total,77.87
ES,07,05,castilla y leon,castilla y leon,avila,2023,7,hotel 3 estrellas,81.42
ES,07,05,castilla y leon,castilla y leon,avila,2023,7,hotel 4 estrellas,74.48
ES,07,05,castilla y leon,castilla y leon,avila,2023,7,hotel 5 estrellas,52.15
ES,07,05,castilla y leon,castilla y leon,avila,2023,7,total,73.04
ES,07,09,castilla y leon,castilla y leon,burgos,2023,7,hotel 3 estrellas,78.9
ES,07,09,castilla y leon,castilla y leon,burgos,2023,7,hotel 4 estrellas,73.94
ES,07,09,castilla y leon,castilla y leon,burgos,2023,7,hotel 5 estrellas,88.1
ES,07,09,castilla y leon,castilla y leon,burgos,2023,7,total,78.73
ES,07,24,castilla y leon,castilla y leon,leon,2023,7,hotel 3 estrellas,87.41
ES,07,24,castilla y leon,castilla y leon,leon,2023,7,hotel 4 estrellas,87.31
ES,07,24,castilla y leon,castilla y leon,leon,2023,7,hotel 5 estrellas,82.59
ES,07,24,castilla y leon,castilla y leon,leon,2023,7,total,87.16
ES,07,34,castilla y leon,castilla y leon,palencia,2023,7,hotel 3 estrellas,88.08
ES,07,34,castilla y leon,castilla y leon,palencia,2023,7,hotel 4 estrellas,73.91
ES,07,34,castilla y leon,castilla y leon,palencia,2023,7,hotel 5 estrellas,82.59
ES,07,34,castilla y leon,castilla y leon,palencia,2023,7,total,77.72
ES,07,37,castilla y leon,castilla y leon,salamanca,2023,7,hotel 3 estrellas,82.79
ES,07,37,castilla y leon,castilla y leon,salamanca,2023,7,hotel 4 estrellas,81.59
ES,07,37,castilla y leon,castilla y leon,salamanca,2023,7,hotel 5 estrellas,80.96
ES,07,37,castilla y leon,castilla y leon,salamanca,2023,7,total,84.05
ES,07,40,castilla y leon,castilla y leon,segovia,2023,7,hotel 3 estrellas,71.42
ES,07,40,castilla y leon,castilla y leon,segovia,2023,7,hotel 4 estrellas,85.44
ES,07,40,castilla y leon,castilla y leon,segovia,2023,7,hotel 5 estrellas,80.72
ES,07,40,castilla y leon,castilla y leon,segovia,2023,7,total,78.3
ES,07,42,castilla y leon,castilla y leon,soria,2023,7,hotel 3 estrellas,79.43
ES,07,42,castilla y leon,castilla y leon,soria,2023,7,hotel 4 estrellas,88.58
ES,07,42,castilla y leon,castilla y leon,soria,2023,7,hotel 5 estrellas,100.0
ES,07,42,castilla y leon,castilla y leon,soria,2023,7,total,64.68
ES,07,47,castilla y leon,castilla y leon,valladolid,2023,7,hotel 3 estrellas,69.71
ES,07,47,castilla y leon,castilla y leon,valladolid,2023,7,hotel 4 estrellas,80.69
ES,07,47,castilla y leon,castilla y leon,valladolid,2023,7,hotel 5 estrellas,85.12
ES,07,47,castilla y leon,castilla y leon,valladolid,2023,7,total,78.2
ES,07,49,castilla y leon,castilla y leon,zamora,2023,7,hotel 3 estrellas,72.07
ES,07,49,castilla y leon,castilla y leon,zamora,2023,7,hotel 4 estrellas,90.44
ES,07,49,castilla y leon,castilla y leon,zamora,2023,7,hotel 5 estrellas,91.06
ES,07,49,castilla y leon,castilla y leon,zamora,2023,7,total,84.48
ES,08,02,castilla-la mancha,castilla-la mancha,albacete,2023,7,hotel 3 estrellas,71.49
ES,08,02,castilla-la mancha,castilla-la mancha,albacete,2023,7,hotel 4 estrellas,73.88
ES,08,02,castilla-la mancha,castilla-la mancha,albacete,2023,7,hotel 5 estrellas,84.9
ES,08,02,castilla-la mancha,castilla-la mancha,albacete,2023,7,total,76.89
ES,08,13,castilla-la mancha,castilla-la mancha,ciudad real,2023,7,hotel 3 estrellas,68.05
ES,08,13,castilla-la mancha,castilla-la mancha,ciudad real,2023,7,hotel 4 estrellas,78.43
ES,08,13,castilla-la mancha,castilla-la mancha,ciudad real,2023,7,hotel 5 estrellas,92.96
ES,08,13,castilla-la mancha,castilla-la mancha,ciudad real,2023,7,total,73.47
ES,08,16,castilla-la mancha,castilla-la mancha,cuenca,2023,7,hotel 3 estrellas,75.71
ES,08,16,castilla-la mancha,castilla-la mancha,cuenca,2023,7,hotel 4 estrellas,85.3
ES,08,16,castilla-la mancha,castilla-la mancha,cuenca,2023,7,hotel 5 estrellas,84.9
ES,08,16,castilla-la mancha,castilla-la mancha,cuenca,2023,7,total,82.34
ES,08,19,castilla-la mancha,castilla-la mancha,guadalajara,2023,7,hotel 3 estrellas,77.7
ES,08,19,castilla-la mancha,castilla-la mancha,guadalajara,2023,7,hotel 4 estrellas,77.91
ES,08,19,castilla-la mancha,castilla-la mancha,guadalajara,2023,7,hotel 5 estrellas,84.9
ES,08,19,castilla-la mancha,castilla-la mancha,guadalajara,2023,7,total,82.67
ES,08,45,castilla-la mancha,castilla-la mancha,toledo,2023,7,hotel 3 estrellas,72.35
ES,08,45,castilla-la mancha,castilla-la mancha,toledo,2023,7,hotel 4 estrellas,73.31
ES,08,45,castilla-la mancha,castilla-la mancha,toledo,2023,7,hotel 5 estrellas,76.84
ES,08,45,castilla-la mancha,castilla-la mancha,toledo,2023,7,total,72.82
ES,09,08,cataluna,cataluna,barcelona,2023,7,hotel 3 estrellas,64.93
ES,09,08,cataluna,cataluna,barcelona,2023,7,hotel 4 estrellas,69.72
ES,09,08,cataluna,cataluna,barcelona,2023,7,hotel 5 estrellas,73.68
ES,09,08,cataluna,cataluna,barcelona,2023,7,total,68.08
ES,09,17,cataluna,cataluna,girona,2023,7,hotel 3 estrellas,62.9
ES,09,17,cataluna,cataluna,girona,2023,7,hotel 4 estrellas,67.32
ES,09,17,cataluna,cataluna,girona,2023,7,hotel 5 estrellas,62.07
ES,09,17,cataluna,cataluna,girona,2023,7,total,65.17
ES,09,25,cataluna,cataluna,lleida,2023,7,hotel 3 estrellas,88.95
ES,09,25,cataluna,cataluna,lleida,2023,7,hotel 4 estrellas,66.1
ES,09,25,cataluna,cataluna,lleida,2023,7,hotel 5 estrellas,91.16
ES,09,25,cataluna,cataluna,lleida,2023,7,total,76.87
ES,09,43,cataluna,cataluna,tarragona,2023,7,hotel 3 estrellas,44.14
ES,09,43,cataluna,cataluna,tarragona,2023,7,hotel 4 estrellas,60.81
ES,09,43,cataluna,cataluna,tarragona,2023,7,hotel 5 estrellas,73.3
ES,09,43,cataluna,cataluna,tarragona,2023,7,total,54.21
ES,10,03,comunitat valenciana,comunitat valenciana,alicante/alacant,2023,7,hotel 3 estrellas,64.12
ES,10,03,comunitat valenciana,comunitat valenciana,alicante/alacant,2023,7,hotel 4 estrellas,67.28
ES,10,03,comunitat valenciana,comunitat valenciana,alicante/alacant,2023,7,hotel 5 estrellas,71.14
ES,10,03,comunitat valenciana,comunitat valenciana,alicante/alacant,2023,7,total,65.37
ES,10,12,comunitat valenciana,comunitat valenciana,castellon/castello,2023,7,hotel 3 estrellas,75.23
ES,10,12,comunitat valenciana,comunitat valenciana,castellon/castello,2023,7,hotel 4 estrellas,67.34
ES,10,12,comunitat valenciana,comunitat valenciana,castellon/castello,2023,7,hotel 5 estrellas,76.05
ES,10,12,comunitat valenciana,comunitat valenciana,castellon/castello,2023,7,total,69.96
ES,10,46,comunitat valenciana,comunitat valenciana,valencia/valencia,2023,7,hotel 3 estrellas,67.39
ES,10,46,comunitat valenciana,comunitat valenciana,valencia/valencia,2023,7,hotel 4 estrellas,73.45
ES,10,46,comunitat valenciana,comunitat valenciana,valencia/valencia,2023,7,hotel 5 estrellas,80.96
ES,10,46,comunitat valenciana,comunitat valenciana,valencia/valencia,2023,7,total,70.78
ES,11,06,extremadura,extremadura,badajoz,2023,7,hotel 3 estrellas,44.8
ES,11,06,extremadura,extremadura,badajoz,2023,7,hotel 4 estrellas,83.72
ES,11,06,extremadura,extremadura,badajoz,2023,7,hotel 5 estrellas,91.02
ES,11,06,extremadura,extremadura,badajoz,2023,7,total,79.43
ES,11,10,extremadura,extremadura,caceres,2023,7,hotel 3 estrellas,79.39
ES,11,10,extremadura,extremadura,caceres,2023,7,hotel 4 estrellas,87.12
ES,11,10,extremadura,extremadura,caceres,2023,7,hotel 5 estrellas,92.34
ES,11,10,extremadura,extremadura,caceres,2023,7,total,78.84
ES,12,15,galicia,galicia,a coruna,2023,7,hotel 3 estrellas,78.41
ES,12,15,galicia,galicia,a coruna,2023,7,hotel 4 estrellas,83.8
ES,12,15,galicia,galicia,a coruna,2023,7,hotel 5 estrellas,86.89
ES,12,15,galicia,galicia,a coruna,2023,7,total,80.07
ES,12,27,galicia,galicia,lugo,2023,7,hotel 3 estrellas,84.05
ES,12,27,galicia,galicia,lugo,2023,7,hotel 4 estrellas,79.0
ES,12,27,galicia,galicia,lugo,2023,7,hotel 5 estrellas,100.0
ES,12,27,galicia,galicia,lugo,2023,7,total,76.91
ES,12,32,galicia,galicia,ourense,2023,7,hotel 3 estrellas,72.36
ES,12,32,galicia,galicia,ourense,2023,7,hotel 4 estrellas,81.55
ES,12,32,galicia,galicia,ourense,2023,7,hotel 5 estrellas,93.97
ES,12,32,galicia,galicia,ourense,2023,7,total,76.52
ES,12,36,galicia,galicia,pontevedra,2023,7,hotel 3 estrellas,54.61
ES,12,36,galicia,galicia,pontevedra,2023,7,hotel 4 estrellas,81.87
ES,12,36,galicia,galicia,pontevedra,2023,7,hotel 5 estrellas,95.03
ES,12,36,galicia,galicia,pontevedra,2023,7,total,72.57
ES,13,28,"madrid, comunidad de",madrid,madrid,2023,7,hotel 3 estrellas,72.04
ES,13,28,"madrid, comunidad de",madrid,madrid,2023,7,hotel 4 estrellas,76.13
ES,13,28,"madrid, comunidad de",madrid,madrid,2023,7,hotel 5 estrellas,76.49
ES,13,28,"madrid, comunidad de",madrid,madrid,2023,7,total,74.85
ES,14,30,"murcia, region de",murcia,murcia,2023,7,hotel 3 estrellas,80.78
ES,14,30,"murcia, region de",murcia,murcia,2023,7,hotel 4 estrellas,67.47
ES,14,30,"murcia, region de",murcia,murcia,2023,7,hotel 5 estrellas,70.29
ES,14,30,"murcia, region de",murcia,murcia,2023,7,total,72.0
ES,15,31,"navarra, comunidad foral de",navarra,navarra,2023,7,hotel 3 estrellas,77.31
ES,15,31,"navarra, comunidad foral de",navarra,navarra,2023,7,hotel 4 estrellas,87.8
ES,15,31,"navarra, comunidad foral de",navarra,navarra,2023,7,hotel 5 estrellas,95.07
ES,15,31,"navarra, comunidad foral de",navarra,navarra,2023,7,total,82.21
ES,16,01,pais vasco,pais vasco,araba/alava,2023,7,hotel 3 estrellas,59.68
ES,16,01,pais vasco,pais vasco,araba/alava,2023,7,hotel 4 estrellas,77.27
ES,16,01,pais vasco,pais vasco,araba/alava,2023,7,hotel 5 estrellas,60.6
ES,16,01,pais vasco,pais vasco,araba/alava,2023,7,total,67.23
ES,16,48,pais vasco,pais vasco,bizkaia,2023,7,hotel 3 estrellas,69.57
ES,16,48,pais vasco,pais vasco,bizkaia,2023,7,hotel 4 estrellas,82.3
ES,16,48,pais vasco,pais vasco,bizkaia,2023,7,hotel 5 estrellas,73.82
ES,16,48,pais vasco,pais vasco,bizkaia,2023,7,total,78.09
ES,16,20,pais vasco,pais vasco,gipuzkoa,2023,7,hotel 3 estrellas,73.01
ES,16,20,pais vasco,pais vasco,gipuzkoa,2023,7,hotel 4 estrellas,78.2
ES,16,20,pais vasco,pais vasco,gipuzkoa,2023,7,hotel 5 estrellas,96.01
ES,16,20,pais vasco,pais vasco,gipuzkoa,2023,7,total,76.99
ES,17,26,"rioja, la",rioja,la rioja,2023,7,hotel 3 estrellas,85.68
ES,17,26,"rioja, la",rioja,la rioja,2023,7,hotel 4 estrellas,75.8
ES,17,26,"rioja, la",rioja,la rioja,2023,7,hotel 5 estrellas,79.12
ES,17,26,"rioja, la",rioja,la rioja,2023,7,total,74.49
ES,01,04,andalucia,andalucia,almeria,2023,8,hotel 3 estrellas,51.16
ES,01,04,andalucia,andalucia,almeria,2023,8,hotel 4 estrellas,54.4
ES,01,04,andalucia,andalucia,almeria,2023,8,hotel 5 estrellas,50.13
ES,01,04,andalucia,andalucia,almeria,2023,8,total,52.77
ES,01,11,andalucia,andalucia,cadiz,2023,8,hotel 3 estrellas,64.6
ES,01,11,andalucia,andalucia,cadiz,2023,8,hotel 4 estrellas,67.19
ES,01,11,andalucia,andalucia,cadiz,2023,8,hotel 5 estrellas,76.3
ES,01,11,andalucia,andalucia,cadiz,2023,8,total,65.8
ES,01,14,andalucia,andalucia,cordoba,2023,8,hotel 3 estrellas,78.52
ES,01,14,andalucia,andalucia,cordoba,2023,8,hotel 4 estrellas,82.83
ES,01,14,andalucia,andalucia,cordoba,2023,8,hotel 5 estrellas,87.34
ES,01,14,andalucia,andalucia,cordoba,2023,8,total,83.57
ES,01,18,andalucia,andalucia,granada,2023,8,hotel 3 estrellas,79.58
ES,01,18,andalucia,andalucia,granada,2023,8,hotel 4 estrellas,79.0
ES,01,18,andalucia,andalucia,granada,2023,8,hotel 5 estrellas,79.73
ES,01,18,andalucia,andalucia,granada,2023,8,total,78.66
ES,01,21,andalucia,andalucia,huelva,2023,8,hotel 3 estrellas,58.76
ES,01,21,andalucia,andalucia,huelva,2023,8,hotel 4 estrellas,73.2
ES,01,21,andalucia,andalucia,huelva,2023,8,hotel 5 estrellas,79.1
ES,01,21,andalucia,andalucia,huelva,2023,8,total,66.95
ES,01,23,andalucia,andalucia,jaen,2023,8,hotel 3 estrellas,84.21
ES,01,23,andalucia,andalucia,jaen,2023,8,hotel 4 estrellas,58.92
ES,01,23,andalucia,andalucia,jaen,2023,8,hotel 5 estrellas,92.71
ES,01,23,andalucia,andalucia,jaen,2023,8,total,69.14
ES,01,29,andalucia,andalucia,malaga,2023,8,hotel 3 estrellas,56.3
ES,01,29,andalucia,andalucia,malaga,2023,8,hotel 4 estrellas,64.86
ES,01,29,andalucia,andalucia,malaga,2023,8,hotel 5 estrellas,76.69
ES,01,29,andalucia,andalucia,malaga,2023,8,total,62.27
ES,01,41,andalucia,andalucia,sevilla,2023,8,hotel 3 estrellas,82.72
ES,01,41,andalucia,andalucia,sevilla,2023,8,hotel 4 estrellas,84.78
ES,01,41,andalucia,andalucia,sevilla,2023,8,hotel 5 estrellas,90.82
ES,01,41,andalucia,andalucia,sevilla,2023,8,total,84.41
ES,02,22,aragon,aragon,huesca,2023,8,hotel 3 estrellas,70.16
ES,02,22,aragon,aragon,huesca,2023,8,hotel 4 estrellas,65.36
ES,02,22,aragon,aragon,huesca,2023,8,hotel 5 estrellas,64.51
ES,02,22,aragon,aragon,huesca,2023,8,total,70.21
ES,02,44,aragon,aragon,teruel,2023,8,hotel 3 estrellas,71.31
ES,02,44,aragon,aragon,teruel,2023,8,hotel 4 estrellas,72.52
ES,02,44,aragon,aragon,teruel,2023,8,hotel 5 estrellas,64.51
ES,02,44,aragon,aragon,teruel,2023,8,total,78.83
ES,02,50,aragon,aragon,zaragoza,2023,8,hotel 3 estrellas,82.25
ES,02,50,aragon,aragon,zaragoza,2023,8,hotel 4 estrellas,78.6
ES,02,50,aragon,aragon,zaragoza,2023,8,hotel 5 estrellas,64.51
ES,02,50,aragon,aragon,zaragoza,2023,8,total,80.64
ES,03,33,"asturias, principado de",asturias,asturias,2023,8,hotel 3 estrellas,60.51
ES,03,33,"asturias, principado de",asturias,asturias,2023,8,hotel 4 estrellas,59.12
ES,03,33,"asturias, principado de",asturias,asturias,2023,8,hotel 5 estrellas,79.99
ES,03,33,"asturias, principado de",asturias,asturias,2023,8,total,62.07
ES,04,07,"balears, illes",balears,illes balears,2023,8,hotel 3 estrellas,52.61
ES,04,07,"balears, illes",balears,illes balears,2023,8,hotel 4 estrellas,66.35
ES,04,07,"balears, illes",balears,illes balears,2023,8,hotel 5 estrellas,68.27
ES,04,07,"balears, illes",balears,illes balears,2023,8,total,60.64
ES,05,35,canarias,canarias,las palmas,2023,8,hotel 3 estrellas,60.54
ES,05,35,canarias,canarias,las palmas,2023,8,hotel 4 estrellas,65.24
ES,05,35,canarias,canarias,las palmas,2023,8,hotel 5 estrellas,74.17
ES,05,35,canarias,canarias,las palmas,2023,8,total,64.77
ES,05,38,canarias,canarias,santa cruz de tenerife,2023,8,hotel 3 estrellas,41.49
ES,05,38,canarias,canarias,santa cruz de tenerife,2023,8,hotel 4 estrellas,48.39
ES,05,38,canarias,canarias,santa cruz de tenerife,2023,8,hotel 5 estrellas,77.59
ES,05,38,canarias,canarias,santa cruz de tenerife,2023,8,total,56.9
ES,06,39,cantabria,cantabria,cantabria,2023,8,hotel 3 estrellas,61.13
ES,06,39,cantabria,cantabria,cantabria,2023,8,hotel 4 estrellas,63.51
ES,06,39,cantabria,cantabria,cantabria,2023,8,hotel 5 estrellas,57.38
ES,06,39,cantabria,cantabria,cantabria,2023,8,total,61.98
ES,07,05,castilla y leon,castilla y leon,avila,2023,8,hotel 3 estrellas,71.67
ES,07,05,castilla y leon,castilla y leon,avila,2023,8,hotel 4 estrellas,79.95
ES,07,05,castilla y leon,castilla y leon,avila,2023,8,hotel 5 estrellas,100.0
ES,07,05,castilla y leon,castilla y leon,avila,2023,8,total,79.97
ES,07,09,castilla y leon,castilla y leon,burgos,2023,8,hotel 3 estrellas,65.46
ES,07,09,castilla y leon,castilla y leon,burgos,2023,8,hotel 4 estrellas,57.72
ES,07,09,castilla y leon,castilla y leon,burgos,2023,8,hotel 5 estrellas,73.07
ES,07,09,castilla y leon,castilla y leon,burgos,2023,8,total,65.54
ES,07,24,castilla y leon,castilla y leon,leon,2023,8,hotel 3 estrellas,83.95
ES,07,24,castilla y leon,castilla y leon,leon,2023,8,hotel 4 estrellas,78.46
ES,07,24,castilla y leon,castilla y leon,leon,2023,8,hotel 5 estrellas,43.76
ES,07,24,castilla y leon,castilla y leon,leon,2023,8,total,81.85
ES,07,34,castilla y leon,castilla y leon,palencia,2023,8,hotel 3 estrellas,73.19
ES,07,34,castilla y leon,castilla y leon,palencia,2023,8,hotel 4 estrellas,66.2
ES,07,34,castilla y leon,castilla y leon,palencia,2023,8,hotel 5 estrellas,75.74
ES,07,34,castilla y leon,castilla y leon,palencia,2023,8,total,66.41
ES,07,37,castilla y leon,castilla y leon,salamanca,2023,8,hotel 3 estrellas,77.1
ES,07,37,castilla y leon,castilla y leon,salamanca,2023,8,hotel 4 estrellas,78.47
ES,07,37,castilla y leon,castilla y leon,salamanca,2023,8,hotel 5 estrellas,86.58
ES,07,37,castilla y leon,castilla y leon,salamanca,2023,8,total,79.28
ES,07,40,castilla y leon,castilla y leon,segovia,2023,8,hotel 3 estrellas,70.81
ES,07,40,castilla y leon,castilla y leon,segovia,2023,8,hotel 4 estrellas,77.82
ES,07,40,castilla y leon,castilla y leon,segovia,2023,8,hotel 5 estrellas,64.85
ES,07,40,castilla y leon,castilla y leon,segovia,2023,8,total,69.03
ES,07,42,castilla y leon,castilla y leon,soria,2023,8,hotel 3 estrellas,80.03
ES,07,42,castilla y leon,castilla y leon,soria,2023,8,hotel 4 estrellas,84.16
ES,07,42,castilla y leon,castilla y leon,soria,2023,8,hotel 5 estrellas,75.74
ES,07,42,castilla y leon,castilla y leon,soria,2023,8,total,79.92
ES,07,47,castilla y leon,castilla y leon,valladolid,2023,8,hotel 3 estrellas,76.76
ES,07,47,castilla y leon,castilla y leon,valladolid,2023,8,hotel 4 estrellas,73.43
ES,07,47,castilla y leon,castilla y leon,valladolid,2023,8,hotel 5 estrellas,73.78
ES,07,47,castilla y leon,castilla y leon,valladolid,2023,8,total,75.38
ES,07,49,castilla y leon,castilla y leon,zamora,2023,8,hotel 3 estrellas,53.99
ES,07,49,castilla y leon,castilla y leon,zamora,2023,8,hotel 4 estrellas,77.2
ES,07,49,castilla y leon,castilla y leon,zamora,2023,8,hotel 5 estrellas,88.1
ES,07,49,castilla y leon,castilla y leon,zamora,2023,8,total,60.22
ES,08,02,castilla-la mancha,castilla-la mancha,albacete,2023,8,hotel 3 estrellas,78.4
ES,08,02,castilla-la mancha,castilla-la mancha,albacete,2023,8,hotel 4 estrellas,60.94
ES,08,02,castilla-la mancha,castilla-la mancha,albacete,2023,8,hotel 5 estrellas,79.38
ES,08,02,castilla-la mancha,castilla-la mancha,albacete,2023,8,total,64.95
ES,08,13,castilla-la mancha,castilla-la mancha,ciudad real,2023,8,hotel 3 estrellas,75.74
ES,08,13,castilla-la mancha,castilla-la mancha,ciudad real,2023,8,hotel 4 estrellas,76.43
ES,08,13,castilla-la mancha,castilla-la mancha,ciudad real,2023,8,hotel 5 estrellas,74.68
ES,08,13,castilla-la mancha,castilla-la mancha,ciudad real,2023,8,total,69.66
ES,08,16,castilla-la mancha,castilla-la mancha,cuenca,2023,8,hotel 3 estrellas,46.58
ES,08,16,castilla-la mancha,castilla-la mancha,cuenca,2023,8,hotel 4 estrellas,85.06
ES,08,16,castilla-la mancha,castilla-la mancha,cuenca,2023,8,hotel 5 estrellas,79.38
ES,08,16,castilla-la mancha,castilla-la mancha,cuenca,2023,8,total,71.76
ES,08,19,castilla-la mancha,castilla-la mancha,guadalajara,2023,8,hotel 3 estrellas,57.32
ES,08,19,castilla-la mancha,castilla-la mancha,guadalajara,2023,8,hotel 4 estrellas,80.04
ES,08,19,castilla-la mancha,castilla-la mancha,guadalajara,2023,8,hotel 5 estrellas,79.38
ES,08,19,castilla-la mancha,castilla-la mancha,guadalajara,2023,8,total,78.34
ES,08,45,castilla-la mancha,castilla-la mancha,toledo,2023,8,hotel 3 estrellas,70.61
ES,08,45,castilla-la mancha,castilla-la mancha,toledo,2023,8,hotel 4 estrellas,70.98
ES,08,45,castilla-la mancha,castilla-la mancha,toledo,2023,8,hotel 5 estrellas,84.08
ES,08,45,castilla-la mancha,castilla-la mancha,toledo,2023,8,total,70.81
ES,09,08,cataluna,cataluna,barcelona,2023,8,hotel 3 estrellas,64.29
ES,09,08,cataluna,cataluna,barcelona,2023,8,hotel 4 estrellas,67.84
ES,09,08,cataluna,cataluna,barcelona,2023,8,hotel 5 estrellas,67.54
ES,09,08,cataluna,cataluna,barcelona,2023,8,total,66.6
ES,09,17,cataluna,cataluna,girona,2023,8,hotel 3 estrellas,55.05
ES,09,17,cataluna,cataluna,girona,2023,8,hotel 4 estrellas,63.33
ES,09,17,cataluna,cataluna,girona,2023,8,hotel 5 estrellas,78.92
ES,09,17,cataluna,cataluna,girona,2023,8,total,56.1
ES,09,25,cataluna,cataluna,lleida,2023,8,hotel 3 estrellas,74.87
ES,09,25,cataluna,cataluna,lleida,2023,8,hotel 4 estrellas,71.76
ES,09,25,cataluna,cataluna,lleida,2023,8,hotel 5 estrellas,72.69
ES,09,25,cataluna,cataluna,lleida,2023,8,total,74.47
ES,09,43,cataluna,cataluna,tarragona,2023,8,hotel 3 estrellas,33.92
ES,09,43,cataluna,cataluna,tarragona,2023,8,hotel 4 estrellas,39.48
ES,09,43,cataluna,cataluna,tarragona,2023,8,hotel 5 estrellas,54.42
ES,09,43,cataluna,cataluna,tarragona,2023,8,total,40.38
ES,10,03,comunitat valenciana,comunitat valenciana,alicante/alacant,2023,8,hotel 3 estrellas,54.97
ES,10,03,comunitat valenciana,comunitat valenciana,alicante/alacant,2023,8,hotel 4 estrellas,64.73
ES,10,03,comunitat valenciana,comunitat valenciana,alicante/alacant,2023,8,hotel 5 estrellas,79.42
ES,10,03,comunitat valenciana,comunitat valenciana,alicante/alacant,2023,8,total,61.32
ES,10,12,comunitat valenciana,comunitat valenciana,castellon/castello,2023,8,hotel 3 estrellas,60.56
ES,10,12,comunitat valenciana,comunitat valenciana,castellon/castello,2023,8,hotel 4 estrellas,38.78
ES,10,12,comunitat valenciana,comunitat valenciana,castellon/castello,2023,8,hotel 5 estrellas,83.8
ES,10,12,comunitat valenciana,comunitat valenciana,castellon/castello,2023,8,total,51.64
ES,10,46,comunitat valenciana,comunitat valenciana,valencia/valencia,2023,8,hotel 3 estrellas,64.61
ES,10,46,comunitat valenciana,comunitat valenciana,valencia/valencia,2023,8,hotel 4 estrellas,60.55
ES,10,46,comunitat valenciana,comunitat valenciana,valencia/valencia,2023,8,hotel 5 estrellas,88.18
ES,10,46,comunitat valenciana,comunitat valenciana,valencia/valencia,2023,8,total,63.26
ES,11,06,extremadura,extremadura,badajoz,2023,8,hotel 3 estrellas,50.61
ES,11,06,extremadura,extremadura,badajoz,2023,8,hotel 4 estrellas,77.76
ES,11,06,extremadura,extremadura,badajoz,2023,8,hotel 5 estrellas,79.86
ES,11,06,extremadura,extremadura,badajoz,2023,8,total,75.78
ES,11,10,extremadura,extremadura,caceres,2023,8,hotel 3 estrellas,74.96
ES,11,10,extremadura,extremadura,caceres,2023,8,hotel 4 estrellas,89.77
ES,11,10,extremadura,extremadura,caceres,2023,8,hotel 5 estrellas,94.39
ES,11,10,extremadura,extremadura,caceres,2023,8,total,88.04
ES,12,15,galicia,galicia,a coruna,2023,8,hotel 3 estrellas,74.09
ES,12,15,galicia,galicia,a coruna,2023,8,hotel 4 estrellas,76.28
ES,12,15,galicia,galicia,a coruna,2023,8,hotel 5 estrellas,84.07
ES,12,15,galicia,galicia,a coruna,2023,8,total,78.02
ES,12,27,galicia,galicia,lugo,2023,8,hotel 3 estrellas,71.93
ES,12,27,galicia,galicia,lugo,2023,8,hotel 4 estrellas,75.0
ES,12,27,galicia,galicia,lugo,2023,8,hotel 5 estrellas,77.4
ES,12,27,galicia,galicia,lugo,2023,8,total,75.35
ES,12,32,galicia,galicia,ourense,2023,8,hotel 3 estrellas,60.52
ES,12,32,galicia,galicia,ourense,2023,8,hotel 4 estrellas,75.98
ES,12,32,galicia,galicia,ourense,2023,8,hotel 5 estrellas,85.11
ES,12,32,galicia,galicia,ourense,2023,8,total,70.95
ES,12,36,galicia,galicia,pontevedra,2023,8,hotel 3 estrellas,35.53
ES,12,36,galicia,galicia,pontevedra,2023,8,hotel 4 estrellas,76.65
ES,12,36,galicia,galicia,pontevedra,2023,8,hotel 5 estrellas,93.85
ES,12,36,galicia,galicia,pontevedra,2023,8,total,59.49
ES,13,28,"madrid, comunidad de",madrid,madrid,2023,8,hotel 3 estrellas,75.97
ES,13,28,"madrid, comunidad de",madrid,madrid,2023,8,hotel 4 estrellas,78.04
ES,13,28,"madrid, comunidad de",madrid,madrid,2023,8,hotel 5 estrellas,81.83
ES,13,28,"madrid, comunidad de",madrid,madrid,2023,8,total,77.67
ES,14,30,"murcia, region de",murcia,murcia,2023,8,hotel 3 estrellas,76.18
ES,14,30,"murcia, region de",murcia,murcia,2023,8,hotel 4 estrellas,67.37
ES,14,30,"murcia, region de",murcia,murcia,2023,8,hotel 5 estrellas,57.44
ES,14,30,"murcia, region de",murcia,murcia,2023,8,total,72.88
ES,15,31,"navarra, comunidad foral de",navarra,navarra,2023,8,hotel 3 estrellas,74.71
ES,15,31,"navarra, comunidad foral de",navarra,navarra,2023,8,hotel 4 estrellas,83.37
ES,15,31,"navarra, comunidad foral de",navarra,navarra,2023,8,hotel 5 estrellas,73.15
ES,15,31,"navarra, comunidad foral de",navarra,navarra,2023,8,total,80.56
ES,16,01,pais vasco,pais vasco,araba/alava,2023,8,hotel 3 estrellas,69.82
ES,16,01,pais vasco,pais vasco,araba/alava,2023,8,hotel 4 estrellas,74.88
ES,16,01,pais vasco,pais vasco,araba/alava,2023,8,hotel 5 estrellas,48.04
ES,16,01,pais vasco,pais vasco,araba/alava,2023,8,total,72.59
ES,16,48,pais vasco,pais vasco,bizkaia,2023,8,hotel 3 estrellas,74.32
ES,16,48,pais vasco,pais vasco,bizkaia,2023,8,hotel 4 estrellas,78.06
ES,16,48,pais vasco,pais vasco,bizkaia,2023,8,hotel 5 estrellas,69.73
ES,16,48,pais vasco,pais vasco,bizkaia,2023,8,total,77.08
ES,16,20,pais vasco,pais vasco,gipuzkoa,2023,8,hotel 3 estrellas,57.68
ES,16,20,pais vasco,pais vasco,gipuzkoa,2023,8,hotel 4 estrellas,73.33
ES,16,20,pais vasco,pais vasco,gipuzkoa,2023,8,hotel 5 estrellas,80.65
ES,16,20,pais vasco,pais vasco,gipuzkoa,2023,8,total,68.55
ES,17,26,"rioja, la",rioja,la rioja,2023,8,hotel 3 estrellas,83.02
ES,17,26,"rioja, la",rioja,la rioja,2023,8,hotel 4 estrellas,75.22
ES,17,26,"rioja, la",rioja,la rioja,2023,8,hotel 5 estrellas,87.34
ES,17,26,"rioja, la",rioja,la rioja,2023,8,total,82.72
ES,01,04,andalucia,andalucia,almeria,2023,9,hotel 3 estrellas,68.13
ES,01,04,andalucia,andalucia,almeria,2023,9,hotel 4 estrellas,56.84
ES,01,04,andalucia,andalucia,almeria,2023,9,hotel 5 estrellas,85.92
ES,01,04,andalucia,andalucia,almeria,2023,9,total,63.53
ES,01,11,andalucia,andalucia,cadiz,2023,9,hotel 3 estrellas,70.82
ES,01,11,andalucia,andalucia,cadiz,2023,9,hotel 4 estrellas,76.5
ES,01,11,andalucia,andalucia,cadiz,2023,9,hotel 5 estrellas,76.78
ES,01,11,andalucia,andalucia,cadiz,2023,9,total,75.52
ES,01,14,andalucia,andalucia,cordoba,2023,9,hotel 3 estrellas,86.13
ES,01,14,andalucia,andalucia,cordoba,2023,9,hotel 4 estrellas,87.12
ES,01,14,andalucia,andalucia,cordoba,2023,9,hotel 5 estrellas,79.25
ES,01,14,andalucia,andalucia,cordoba,2023,9,total,86.15
ES,01,18,andalucia,andalucia,granada,2023,9,hotel 3 estrellas,75.1
ES,01,18,andalucia,andalucia,granada,2023,9,hotel 4 estrellas,77.72
ES,01,18,andalucia,andalucia,granada,2023,9,hotel 5 estrellas,74.02
ES,01,18,andalucia,andalucia,granada,2023,9,total,76.69
ES,01,21,andalucia,andalucia,huelva,2023,9,hotel 3 estrellas,63.99
ES,01,21,andalucia,andalucia,huelva,2023,9,hotel 4 estrellas,81.36
ES,01,21,andalucia,andalucia,huelva,2023,9,hotel 5 estrellas,80.09
ES,01,21,andalucia,andalucia,huelva,2023,9,total,73.42
ES,01,23,andalucia,andalucia,jaen,2023,9,hotel 3 estrellas,79.28
ES,01,23,andalucia,andalucia,jaen,2023,9,hotel 4 estrellas,77.38
ES,01,23,andalucia,andalucia,jaen,2023,9,hotel 5 estrellas,87.65
ES,01,23,andalucia,andalucia,jaen,2023,9,total,71.05
ES,01,29,andalucia,andalucia,malaga,2023,9,hotel 3 estrellas,61.36
ES,01,29,andalucia,andalucia,malaga,2023,9,hotel 4 estrellas,67.11
ES,01,29,andalucia,andalucia,malaga,2023,9,hotel 5 estrellas,75.49
ES,01,29,andalucia,andalucia,malaga,2023,9,total,64.95
ES,01,41,andalucia,andalucia,sevilla,2023,9,hotel 3 estrellas,75.17
ES,01,41,andalucia,andalucia,sevilla,2023,9,hotel 4 estrellas,79.4
ES,01,41,andalucia,andalucia,sevilla,2023,9,hotel 5 estrellas,81.55
ES,01,41,andalucia,andalucia,sevilla,2023,9,total,79.03
ES,02,22,aragon,aragon,huesca,2023,9,hotel 3 estrellas,76.51
ES,02,22,aragon,aragon,huesca,2023,9,hotel 4 estrellas,77.95
ES,02,22,aragon,aragon,huesca,2023,9,hotel 5 estrellas,79.67
ES,02,22,aragon,aragon,huesca,2023,9,total,75.31
ES,02,44,aragon,aragon,teruel,2023,9,hotel 3 estrellas,67.61
ES,02,44,aragon,aragon,teruel,2023,9,hotel 4 estrellas,86.61
ES,02,44,aragon,aragon,teruel,2023,9,hotel 5 estrellas,79.67
ES,02,44,aragon,aragon,teruel,2023,9,total,81.18
ES,02,50,aragon,aragon,zaragoza,2023,9,hotel 3 estrellas,81.37
ES,02,50,aragon,aragon,zaragoza,2023,9,hotel 4 estrellas,76.07
ES,02,50,aragon,aragon,zaragoza,2023,9,hotel 5 estrellas,79.67
ES,02,50,aragon,aragon,zaragoza,2023,9,total,78.06
ES,03,33,"asturias, principado de",asturias,asturias,2023,9,hotel 3 estrellas,79.42
ES,03,33,"asturias, principado de",asturias,asturias,2023,9,hotel 4 estrellas,71.93
ES,03,33,"asturias, principado de",asturias,asturias,2023,9,hotel 5 estrellas,87.6
ES,03,33,"asturias, principado de",asturias,asturias,2023,9,total,79.09
ES,04,07,"balears, illes",balears,illes balears,2023,9,hotel 3 estrellas,57.28
ES,04,07,"balears, illes",balears,illes balears,2023,9,hotel 4 estrellas,65.74
ES,04,07,"balears, illes",balears,illes balears,2023,9,hotel 5 estrellas,78.07
ES,04,07,"balears, illes",balears,illes balears,2023,9,total,62.29
ES,05,35,canarias,canarias,las palmas,2023,9,hotel 3 estrellas,62.94
ES,05,35,canarias,canarias,las palmas,2023,9,hotel 4 estrellas,63.9
ES,05,35,canarias,canarias,las palmas,2023,9,hotel 5 estrellas,80.7
ES,05,35,canarias,canarias,las palmas,2023,9,total,66.73
ES,05,38,canarias,canarias,santa cruz de tenerife,2023,9,hotel 3 estrellas,42.49
ES,05,38,canarias,canarias,santa cruz de tenerife,2023,9,hotel 4 estrellas,60.76
ES,05,38,canarias,canarias,santa cruz de tenerife,2023,9,hotel 5 estrellas,79.79
ES,05,38,canarias,canarias,santa cruz de tenerife,2023,9,total,53.34
ES,06,39,cantabria,cantabria,cantabria,2023,9,hotel 3 estrellas,76.29
ES,06,39,cantabria,cantabria,cantabria,2023,9,hotel 4 estrellas,78.43
ES,06,39,cantabria,cantabria,cantabria,2023,9,hotel 5 estrellas,57.34
ES,06,39,cantabria,cantabria,cantabria,2023,9,total,79.83
ES,07,05,castilla y leon,castilla y leon,avila,2023,9,hotel 3 estrellas,90.26
ES,07,05,castilla y leon,castilla y leon,avila,2023,9,hotel 4 estrellas,76.52
ES,07,05,castilla y leon,castilla y leon,avila,2023,9,hotel 5 estrellas,100.0
ES,07,05,castilla y leon,castilla y leon,avila,2023,9,total,80.76
ES,07,09,castilla y leon,castilla y leon,burgos,2023,9,hotel 3 estrellas,73.34
ES,07,09,castilla y leon,castilla y leon,burgos,2023,9,hotel 4 estrellas,76.58
ES,07,09,castilla y leon,castilla y leon,burgos,2023,9,hotel 5 estrellas,90.59
ES,07,09,castilla y leon,castilla y leon,burgos,2023,9,total,76.43
ES,07,24,castilla y leon,castilla y leon,leon,2023,9,hotel 3 estrellas,85.2
ES,07,24,castilla y leon,castilla y leon,leon,2023,9,hotel 4 estrellas,82.29
ES,07,24,castilla y leon,castilla y leon,leon,2023,9,hotel 5 estrellas,100.0
ES,07,24,castilla y leon,castilla y leon,leon,2023,9,total,83.76
ES,07,34,castilla y leon,castilla y leon,palencia,2023,9,hotel 3 estrellas,51.11
ES,07,34,castilla y leon,castilla y leon,palencia,2023,9,hotel 4 estrellas,80.27
ES,07,34,castilla y leon,castilla y leon,palencia,2023,9,hotel 5 estrellas,89.57
ES,07,34,castilla y leon,castilla y leon,palencia,2023,9,total,68.59
ES,07,37,castilla y leon,castilla y leon,salamanca,2023,9,hotel 3 estrellas,79.29
ES,07,37,castilla y leon,castilla y leon,salamanca,2023,9,hotel 4 estrellas,76.97
ES,07,37,castilla y leon,castilla y leon,salamanca,2023,9,hotel 5 estrellas,81.91
ES,07,37,castilla y leon,castilla y leon,salamanca,2023,9,total,79.23
ES,07,40,castilla y leon,castilla y leon,segovia,2023,9,hotel 3 estrellas,82.09
ES,07,40,castilla y leon,castilla y leon,segovia,2023,9,hotel 4 estrellas,63.04
ES,07,40,castilla y leon,castilla y leon,segovia,2023,9,hotel 5 estrellas,77.72
ES,07,40,castilla y leon,castilla y leon,segovia,2023,9,total,75.52
ES,07,42,castilla y leon,castilla y leon,soria,2023,9,hotel 3 estrellas,81.78
ES,07,42,castilla y leon,castilla y leon,soria,2023,9,hotel 4 estrellas,78.66
ES,07,42,castilla y leon,castilla y leon,soria,2023,9,hotel 5 estrellas,89.57
ES,07,42,castilla y leon,castilla y leon,soria,2023,9,total,73.2
ES,07,47,castilla y leon,castilla y leon,valladolid,2023,9,hotel 3 estrellas,77.0
ES,07,47,castilla y leon,castilla y leon,valladolid,2023,9,hotel 4 estrellas,79.71
ES,07,47,castilla y leon,castilla y leon,valladolid,2023,9,hotel 5 estrellas,81.26
ES,07,47,castilla y leon,castilla y leon,valladolid,2023,9,total,80.22
ES,07,49,castilla y leon,castilla y leon,zamora,2023,9,hotel 3 estrellas,69.32
ES,07,49,castilla y leon,castilla y leon,zamora,2023,9,hotel 4 estrellas,66.89
ES,07,49,castilla y leon,castilla y leon,zamora,2023,9,hotel 5 estrellas,95.52
ES,07,49,castilla y leon,castilla y leon,zamora,2023,9,total,71.87
ES,08,02,castilla-la mancha,castilla-la mancha,albacete,2023,9,hotel 3 estrellas,69.11
ES,08,02,castilla-la mancha,castilla-la mancha,albacete,2023,9,hotel 4 estrellas,70.52
ES,08,02,castilla-la mancha,castilla-la mancha,albacete,2023,9,hotel 5 estrellas,83.72
ES,08,02,castilla-la mancha,castilla-la mancha,albacete,2023,9,total,60.67
ES,08,13,castilla-la mancha,castilla-la mancha,ciudad real,2023,9,hotel 3 estrellas,86.35
ES,08,13,castilla-la mancha,castilla-la mancha,ciudad real,2023,9,hotel 4 estrellas,72.29
ES,08,13,castilla-la mancha,castilla-la mancha,ciudad real,2023,9,hotel 5 estrellas,98.26
ES,08,13,castilla-la mancha,castilla-la mancha,ciudad real,2023,9,total,80.29
ES,08,16,castilla-la mancha,castilla-la mancha,cuenca,2023,9,hotel 3 estrellas,63.48
ES,08,16,castilla-la mancha,castilla-la mancha,cuenca,2023,9,hotel 4 estrellas,81.83
ES,08,16,castilla-la mancha,castilla-la mancha,cuenca,2023,9,hotel 5 estrellas,83.72
ES,08,16,castilla-la mancha,castilla-la mancha,cuenca,2023,9,total,76.79
ES,08,19,castilla-la mancha,castilla-la mancha,guadalajara,2023,9,hotel 3 estrellas,76.68
ES,08,19,castilla-la mancha,castilla-la mancha,guadalajara,2023,9,hotel 4 estrellas,84.25
ES,08,19,castilla-la mancha,castilla-la mancha,guadalajara,2023,9,hotel 5 estrellas,83.72
ES,08,19,castilla-la mancha,castilla-la mancha,guadalajara,2023,9,total,79.29
ES,08,45,castilla-la mancha,castilla-la mancha,toledo,2023,9,hotel 3 estrellas,77.61
ES,08,45,castilla-la mancha,castilla-la mancha,toledo,2023,9,hotel 4 estrellas,71.79
ES,08,45,castilla-la mancha,castilla-la mancha,toledo,2023,9,hotel 5 estrellas,69.18
ES,08,45,castilla-la mancha,castilla-la mancha,toledo,2023,9,total,74.3
ES,09,08,cataluna,cataluna,barcelona,2023,9,hotel 3 estrellas,64.76
ES,09,08,cataluna,cataluna,barcelona,2023,9,hotel 4 estrellas,68.06
ES,09,08,cataluna,cataluna,barcelona,2023,9,hotel 5 estrellas,69.89
ES,09,08,cataluna,cataluna,barcelona,2023,9,total,66.86
ES,09,17,cataluna,cataluna,girona,2023,9,hotel 3 estrellas,59.82
ES,09,17,cataluna,cataluna,girona,2023,9,hotel 4 estrellas,71.1
ES,09,17,cataluna,cataluna,girona,2023,9,hotel 5 estrellas,79.46
ES,09,17,cataluna,cataluna,girona,2023,9,total,66.73
ES,09,25,cataluna,cataluna,lleida,2023,9,hotel 3 estrellas,87.44
ES,09,25,cataluna,cataluna,lleida,2023,9,hotel 4 estrellas,62.6
ES,09,25,cataluna,cataluna,lleida,2023,9,hotel 5 estrellas,97.45
ES,09,25,cataluna,cataluna,lleida,2023,9,total,75.38
ES,09,43,cataluna,cataluna,tarragona,2023,9,hotel 3 estrellas,54.26
ES,09,43,cataluna,cataluna,tarragona,2023,9,hotel 4 estrellas,57.83
ES,09,43,cataluna,cataluna,tarragona,2023,9,hotel 5 estrellas,38.39
ES,09,43,cataluna,cataluna,tarragona,2023,9,total,60.59
ES,10,03,comunitat valenciana,comunitat valenciana,alicante/alacant,2023,9,hotel 3 estrellas,56.51
ES,10,03,comunitat valenciana,comunitat valenciana,alicante/alacant,2023,9,hotel 4 estrellas,70.76
ES,10,03,comunitat valenciana,comunitat valenciana,alicante/alacant,2023,9,hotel 5 estrellas,90.59
ES,10,03,comunitat valenciana,comunitat valenciana,alicante/alacant,2023,9,total,65.15
ES,10,12,comunitat valenciana,comunitat valenciana,castellon/castello,2023,9,hotel 3 estrellas,67.26
ES,10,12,comunitat valenciana,comunitat valenciana,castellon/castello,2023,9,hotel 4 estrellas,71.26
ES,10,12,comunitat valenciana,comunitat valenciana,castellon/castello,2023,9,hotel 5 estrellas,82.09
ES,10,12,comunitat valenciana,comunitat valenciana,castellon/castello,2023,9,total,68.36
ES,10,46,comunitat valenciana,comunitat valenciana,valencia/valencia,2023,9,hotel 3 estrellas,67.81
ES,10,46,comunitat valenciana,comunitat valenciana,valencia/valencia,2023,9,hotel 4 estrellas,73.48
ES,10,46,comunitat valenciana,comunitat valenciana,valencia/valencia,2023,9,hotel 5 estrellas,73.6
ES,10,46,comunitat valenciana,comunitat valenciana,valencia/valencia,2023,9,total,71.12
ES,11,06,extremadura,extremadura,badajoz,2023,9,hotel 3 estrellas,67.33
ES,11,06,extremadura,extremadura,badajoz,2023,9,hotel 4 estrellas,66.54
ES,11,06,extremadura,extremadura,badajoz,2023,9,hotel 5 estrellas,90.44
ES,11,06,extremadura,extremadura,badajoz,2023,9,total,67.86
ES,11,10,extremadura,extremadura,caceres,2023,9,hotel 3 estrellas,69.76
ES,11,10,extremadura,extremadura,caceres,2023,9,hotel 4 estrellas,84.54
ES,11,10,extremadura,extremadura,caceres,2023,9,hotel 5 estrellas,96.03
ES,11,10,extremadura,extremadura,caceres,2023,9,total,84.78
ES,12,15,galicia,galicia,a coruna,2023,9,hotel 3 estrellas,71.83
ES,12,15,galicia,galicia,a coruna,2023,9,hotel 4 estrellas,73.29
ES,12,15,galicia,galicia,a coruna,2023,9,hotel 5 estrellas,72.54
ES,12,15,galicia,galicia,a coruna,2023,9,total,73.61
ES,12,27,galicia,galicia,lugo,2023,9,hotel 3 estrellas,71.69
ES,12,27,galicia,galicia,lugo,2023,9,hotel 4 estrellas,90.4
ES,12,27,galicia,galicia,lugo,2023,9,hotel 5 estrellas,95.0
ES,12,27,galicia,galicia,lugo,2023,9,total,79.85
ES,12,32,galicia,galicia,ourense,2023,9,hotel 3 estrellas,68.57
ES,12,32,galicia,galicia,ourense,2023,9,hotel 4 estrellas,80.54
ES,12,32,galicia,galicia,ourense,2023,9,hotel 5 estrellas,80.81
ES,12,32,galicia,galicia,ourense,2023,9,total,74.4
ES,12,36,galicia,galicia,pontevedra,2023,9,hotel 3 estrellas,62.18
ES,12,36,galicia,galicia,pontevedra,2023,9,hotel 4 estrellas,77.93
ES,12,36,galicia,galicia,pontevedra,2023,9,hotel 5 estrellas,74.88
ES,12,36,galicia,galicia,pontevedra,2023,9,total,69.75
ES,13,28,"madrid, comunidad de",madrid,madrid,2023,9,hotel 3 estrellas,68.1
ES,13,28,"madrid, comunidad de",madrid,madrid,2023,9,hotel 4 estrellas,75.52
ES,13,28,"madrid, comunidad de",madrid,madrid,2023,9,hotel 5 estrellas,76.2
ES,13,28,"madrid, comunidad de",madrid,madrid,2023,9,total,72.55
ES,14,30,"murcia, region de",murcia,murcia,2023,9,hotel 3 estrellas,77.34
ES,14,30,"murcia, region de",murcia,murcia,2023,9,hotel 4 estrellas,61.27
ES,14,30,"murcia, region de",murcia,murcia,2023,9,hotel 5 estrellas,57.04
ES,14,30,"murcia, region de",murcia,murcia,2023,9,total,70.14
ES,15,31,"navarra, comunidad foral de",navarra,navarra,2023,9,hotel 3 estrellas,79.9
ES,15,31,"navarra, comunidad foral de",navarra,navarra,2023,9,hotel 4 estrellas,79.94
ES,15,31,"navarra, comunidad foral de",navarra,navarra,2023,9,hotel 5 estrellas,96.95
ES,15,31,"navarra, comunidad foral de",navarra,navarra,2023,9,total,78.44
ES,16,01,pais vasco,pais vasco,araba/alava,2023,9,hotel 3 estrellas,59.25
ES,16,01,pais vasco,pais vasco,araba/alava,2023,9,hotel 4 estrellas,69.47
ES,16,01,pais vasco,pais vasco,araba/alava,2023,9,hotel 5 estrellas,54.91
ES,16,01,pais vasco,pais vasco,araba/alava,2023,9,total,63.53
ES,16,48,pais vasco,pais vasco,bizkaia,2023,9,hotel 3 estrellas,66.44
ES,16,48,pais vasco,pais vasco,bizkaia,2023,9,hotel 4 estrellas,78.29
ES,16,48,pais vasco,pais vasco,bizkaia,2023,9,hotel 5 estrellas,72.59
ES,16,48,pais vasco,pais vasco,bizkaia,2023,9,total,76.02
ES,16,20,pais vasco,pais vasco,gipuzkoa,2023,9,hotel 3 estrellas,73.0
ES,16,20,pais vasco,pais vasco,gipuzkoa,2023,9,hotel 4 estrellas,74.83
ES,16,20,pais vasco,pais vasco,gipuzkoa,2023,9,hotel 5 estrellas,76.85
ES,16,20,pais vasco,pais vasco,gipuzkoa,2023,9,total,76.24
ES,17,26,"rioja, la",rioja,la rioja,2023,9,hotel 3 estrellas,80.33
ES,17,26,"rioja, la",rioja,la rioja,2023,9,hotel 4 estrellas,75.44
ES,17,26,"rioja, la",rioja,la rioja,2023,9,hotel 5 estrellas,99.0
ES,17,26,"rioja, la",rioja,la rioja,2023,9,total,78.23
ES,01,04,andalucia,andalucia,almeria,2023,10,hotel 3 estrellas,79.78
ES,01,04,andalucia,andalucia,almeria,2023,10,hotel 4 estrellas,76.12
ES,01,04,andalucia,andalucia,almeria,2023,10,hotel 5 estrellas,15.61
ES,01,04,andalucia,andalucia,almeria,2023,10,total,76.65
ES,01,11,andalucia,andalucia,cadiz,2023,10,hotel 3 estrellas,74.7
ES,01,11,andalucia,andalucia,cadiz,2023,10,hotel 4 estrellas,74.69
ES,01,11,andalucia,andalucia,cadiz,2023,10,hotel 5 estrellas,88.66
ES,01,11,andalucia,andalucia,cadiz,2023,10,total,76.3
ES,01,14,andalucia,andalucia,cordoba,2023,10,hotel 3 estrellas,79.22
ES,01,14,andalucia,andalucia,cordoba,2023,10,hotel 4 estrellas,81.89
ES,01,14,andalucia,andalucia,cordoba,2023,10,hotel 5 estrellas,80.7
ES,01,14,andalucia,andalucia,cordoba,2023,10,total,81.69
ES,01,18,andalucia,andalucia,granada,2023,10,hotel 3 estrellas,70.79
ES,01,18,andalucia,andalucia,granada,2023,10,hotel 4 estrellas,79.04
ES,01,18,andalucia,andalucia,granada,2023,10,hotel 5 estrellas,69.17
ES,01,18,andalucia,andalucia,granada,2023,10,total,74.63
ES,01,21,andalucia,andalucia,huelva,2023,10,hotel 3 estrellas,56.17
ES,01,21,andalucia,andalucia,huelva,2023,10,hotel 4 estrellas,73.44
ES,01,21,andalucia,andalucia,huelva,2023,10,hotel 5 estrellas,68.58
ES,01,21,andalucia,andalucia,huelva,2023,10,total,67.05
ES,01,23,andalucia,andalucia,jaen,2023,10,hotel 3 estrellas,78.98
ES,01,23,andalucia,andalucia,jaen,2023,10,hotel 4 estrellas,73.42
ES,01,23,andalucia,andalucia,jaen,2023,10,hotel 5 estrellas,69.56
ES,01,23,andalucia,andalucia,jaen,2023,10,total,76.64
ES,01,29,andalucia,andalucia,malaga,2023,10,hotel 3 estrellas,66.8
ES,01,29,andalucia,andalucia,malaga,2023,10,hotel 4 estrellas,69.35
ES,01,29,andalucia,andalucia,malaga,2023,10,hotel 5 estrellas,76.11
ES,01,29,andalucia,andalucia,malaga,2023,10,total,68.62
ES,01,41,andalucia,andalucia,sevilla,2023,10,hotel 3 estrellas,70.9
ES,01,41,andalucia,andalucia,sevilla,2023,10,hotel 4 estrellas,77.71
ES,01,41,andalucia,andalucia,sevilla,2023,10,hotel 5 estrellas,80.27
ES,01,41,andalucia,andalucia,sevilla,2023,10,total,74.33
ES,02,22,aragon,aragon,huesca,2023,10,hotel 3 estrellas,79.77
ES,02,22,aragon,aragon,huesca,2023,10,hotel 4 estrellas,77.7
ES,02,22,aragon,aragon,huesca,2023,10,hotel 5 estrellas,94.5
ES,02,22,aragon,aragon,huesca,2023,10,total,78.41
ES,02,44,aragon,aragon,teruel,2023,10,hotel 3 estrellas,65.46
ES,02,44,aragon,aragon,teruel,2023,10,hotel 4 estrellas,87.78
ES,02,44,aragon,aragon,teruel,2023,10,hotel 5 estrellas,94.5
ES,02,44,aragon,aragon,teruel,2023,10,total,67.53
ES,02,50,aragon,aragon,zaragoza,2023,10,hotel 3 estrellas,75.1
ES,02,50,aragon,aragon,zaragoza,2023,10,hotel 4 estrellas,68.64
ES,02,50,aragon,aragon,zaragoza,2023,10,hotel 5 estrellas,94.5
ES,02,50,aragon,aragon,zaragoza,2023,10,total,71.91
ES,03,33,"asturias, principado de",asturias,asturias,2023,10,hotel 3 estrellas,82.7
ES,03,33,"asturias, principado de",asturias,asturias,2023,10,hotel 4 estrellas,82.53
ES,03,33,"asturias, principado de",asturias,asturias,2023,10,hotel 5 estrellas,88.12
ES,03,33,"asturias, principado de",asturias,asturias,2023,10,total,83.34
ES,04,07,"balears, illes",balears,illes balears,2023,10,hotel 3 estrellas,67.94
ES,04,07,"balears, illes",balears,illes balears,2023,10,hotel 4 estrellas,73.25
ES,04,07,"balears, illes",balears,illes balears,2023,10,hotel 5 estrellas,76.05
ES,04,07,"balears, illes",balears,illes balears,2023,10,total,71.17
ES,05,35,canarias,canarias,las palmas,2023,10,hotel 3 estrellas,61.99
ES,05,35,canarias,canarias,las palmas,2023,10,hotel 4 estrellas,61.31
ES,05,35,canarias,canarias,las palmas,2023,10,hotel 5 estrellas,83.5
ES,05,35,canarias,canarias,las palmas,2023,10,total,64.03
ES,05,38,canarias,canarias,santa cruz de tenerife,2023,10,hotel 3 estrellas,46.52
ES,05,38,canarias,canarias,santa cruz de tenerife,2023,10,hotel 4 estrellas,52.5
ES,05,38,canarias,canarias,santa cruz de tenerife,2023,10,hotel 5 estrellas,59.64
ES,05,38,canarias,canarias,santa cruz de tenerife,2023,10,total,55.63
ES,06,39,cantabria,cantabria,cantabria,2023,10,hotel 3 estrellas,80.99
ES,06,39,cantabria,cantabria,cantabria,2023,10,hotel 4 estrellas,83.12
ES,06,39,cantabria,cantabria,cantabria,2023,10,hotel 5 estrellas,55.71
ES,06,39,cantabria,cantabria,cantabria,2023,10,total,81.67
ES,07,05,castilla y leon,castilla y leon,avila,2023,10,hotel 3 estrellas,89.71
ES,07,05,castilla y leon,castilla y leon,avila,2023,10,hotel 4 estrellas,83.27
ES,07,05,castilla y leon,castilla y leon,avila,2023,10,hotel 5 estrellas,97.38
ES,07,05,castilla y leon,castilla y leon,avila,2023,10,total,84.99
ES,07,09,castilla y leon,castilla y leon,burgos,2023,10,hotel 3 estrellas,70.6
ES,07,09,castilla y leon,castilla y leon,burgos,2023,10,hotel 4 estrellas,69.89
ES,07,09,castilla y leon,castilla y leon,burgos,2023,10,hotel 5 estrellas,84.63
ES,07,09,castilla y leon,castilla y leon,burgos,2023,10,total,73.4
ES,07,24,castilla y leon,castilla y leon,leon,2023,10,hotel 3 estrellas,79.45
ES,07,24,castilla y leon,castilla y leon,leon,2023,10,hotel 4 estrellas,76.57
ES,07,24,castilla y leon,castilla y leon,leon,2023,10,hotel 5 estrellas,80.59
ES,07,24,castilla y leon,castilla y leon,leon,2023,10,total,79.13
ES,07,34,castilla y leon,castilla y leon,palencia,2023,10,hotel 3 estrellas,53.91
ES,07,34,castilla y leon,castilla y leon,palencia,2023,10,hotel 4 estrellas,66.09
ES,07,34,castilla y leon,castilla y leon,palencia,2023,10,hotel 5 estrellas,80.59
ES,07,34,castilla y leon,castilla y leon,palencia,2023,10,total,73.65
ES,07,37,castilla y leon,castilla y leon,salamanca,2023,10,hotel 3 estrellas,76.36
ES,07,37,castilla y leon,castilla y leon,salamanca,2023,10,hotel 4 estrellas,64.3
ES,07,37,castilla y leon,castilla y leon,salamanca,2023,10,hotel 5 estrellas,91.77
ES,07,37,castilla y leon,castilla y leon,salamanca,2023,10,total,73.94
ES,07,40,castilla y leon,castilla y leon,segovia,2023,10,hotel 3 estrellas,61.89
ES,07,40,castilla y leon,castilla y leon,segovia,2023,10,hotel 4 estrellas,61.5
ES,07,40,castilla y leon,castilla y leon,segovia,2023,10,hotel 5 estrellas,72.91
ES,07,40,castilla y leon,castilla y leon,segovia,2023,10,total,61.41
ES,07,42,castilla y leon,castilla y leon,soria,2023,10,hotel 3 estrellas,79.95
ES,07,42,castilla y leon,castilla y leon,soria,2023,10,hotel 4 estrellas,90.7
ES,07,42,castilla y leon,castilla y leon,soria,2023,10,hotel 5 estrellas,80.59
ES,07,42,castilla y leon,castilla y leon,soria,2023,10,total,85.54
ES,07,47,castilla y leon,castilla y leon,valladolid,2023,10,hotel 3 estrellas,57.24
ES,07,47,castilla y leon,castilla y leon,valladolid,2023,10,hotel 4 estrellas,68.74
ES,07,47,castilla y leon,castilla y leon,valladolid,2023,10,hotel 5 estrellas,41.87
ES,07,47,castilla y leon,castilla y leon,valladolid,2023,10,total,66.13
ES,07,49,castilla y leon,castilla y leon,zamora,2023,10,hotel 3 estrellas,75.35
ES,07,49,castilla y leon,castilla y leon,zamora,2023,10,hotel 4 estrellas,77.15
ES,07,49,castilla y leon,castilla y leon,zamora,2023,10,hotel 5 estrellas,95.0
ES,07,49,castilla y leon,castilla y leon,zamora,2023,10,total,75.46
ES,08,02,castilla-la mancha,castilla-la mancha,albacete,2023,10,hotel 3 estrellas,67.38
ES,08,02,castilla-la mancha,castilla-la mancha,albacete,2023,10,hotel 4 estrellas,54.14
ES,08,02,castilla-la mancha,castilla-la mancha,albacete,2023,10,hotel 5 estrellas,74.96
ES,08,02,castilla-la mancha,castilla-la mancha,albacete,2023,10,total,67.45
ES,08,13,castilla-la mancha,castilla-la mancha,ciudad real,2023,10,hotel 3 estrellas,78.8
ES,08,13,castilla-la mancha,castilla-la mancha,ciudad real,2023,10,hotel 4 estrellas,77.06
ES,08,13,castilla-la mancha,castilla-la mancha,ciudad real,2023,10,hotel 5 estrellas,73.82
ES,08,13,castilla-la mancha,castilla-la mancha,ciudad real,2023,10,total,76.48
ES,08,16,castilla-la mancha,castilla-la mancha,cuenca,2023,10,hotel 3 estrellas,60.6
ES,08,16,castilla-la mancha,castilla-la mancha,cuenca,2023,10,hotel 4 estrellas,75.71
ES,08,16,castilla-la mancha,castilla-la mancha,cuenca,2023,10,hotel 5 estrellas,74.96
ES,08,16,castilla-la mancha,castilla-la mancha,cuenca,2023,10,total,76.74
ES,08,19,castilla-la mancha,castilla-la mancha,guadalajara,2023,10,hotel 3 estrellas,62.85
ES,08,19,castilla-la mancha,castilla-la mancha,guadalajara,2023,10,hotel 4 estrellas,56.3
ES,08,19,castilla-la mancha,castilla-la mancha,guadalajara,2023,10,hotel 5 estrellas,74.96
ES,08,19,castilla-la mancha,castilla-la mancha,guadalajara,2023,10,total,65.26
ES,08,45,castilla-la mancha,castilla-la mancha,toledo,2023,10,hotel 3 estrellas,50.4
ES,08,45,castilla-la mancha,castilla-la mancha,toledo,2023,10,hotel 4 estrellas,59.84
ES,08,45,castilla-la mancha,castilla-la mancha,toledo,2023,10,hotel 5 estrellas,76.12
ES,08,45,castilla-la mancha,castilla-la mancha,toledo,2023,10,total,60.09
ES,09,08,cataluna,cataluna,barcelona,2023,10,hotel 3 estrellas,65.45
ES,09,08,cataluna,cataluna,barcelona,2023,10,hotel 4 estrellas,68.06
ES,09,08,cataluna,cataluna,barcelona,2023,10,hotel 5 estrellas,59.59
ES,09,08,cataluna,cataluna,barcelona,2023,10,total,66.95
ES,09,17,cataluna,cataluna,girona,2023,10,hotel 3 estrellas,69.07
ES,09,17,cataluna,cataluna,girona,2023,10,hotel 4 estrellas,77.17
ES,09,17,cataluna,cataluna,girona,2023,10,hotel 5 estrellas,85.53
ES,09,17,cataluna,cataluna,girona,2023,10,total,73.45
ES,09,25,cataluna,cataluna,lleida,2023,10,hotel 3 estrellas,81.5
ES,09,25,cataluna,cataluna,lleida,2023,10,hotel 4 estrellas,54.66
ES,09,25,cataluna,cataluna,lleida,2023,10,hotel 5 estrellas,100.0
ES,09,25,cataluna,cataluna,lleida,2023,10,total,57.3
ES,09,43,cataluna,cataluna,tarragona,2023,10,hotel 3 estrellas,64.56
ES,09,43,cataluna,cataluna,tarragona,2023,10,hotel 4 estrellas,69.49
ES,09,43,cataluna,cataluna,tarragona,2023,10,hotel 5 estrellas,47.02
ES,09,43,cataluna,cataluna,tarragona,2023,10,total,68.14
ES,10,03,comunitat valenciana,comunitat valenciana,alicante/alacant,2023,10,hotel 3 estrellas,64.98
ES,10,03,comunitat valenciana,comunitat valenciana,alicante/alacant,2023,10,hotel 4 estrellas,69.79
ES,10,03,comunitat valenciana,comunitat valenciana,alicante/alacant,2023,10,hotel 5 estrellas,89.5
ES,10,03,comunitat valenciana,comunitat valenciana,alicante/alacant,2023,10,total,69.11
ES,10,12,comunitat valenciana,comunitat valenciana,castellon/castello,2023,10,hotel 3 estrellas,84.31
ES,10,12,comunitat valenciana,comunitat valenciana,castellon/castello,2023,10,hotel 4 estrellas,78.96
ES,10,12,comunitat valenciana,comunitat valenciana,castellon/castello,2023,10,hotel 5 estrellas,84.37
ES,10,12,comunitat valenciana,comunitat valenciana,castellon/castello,2023,10,total,81.36
ES,10,46,comunitat valenciana,comunitat valenciana,valencia/valencia,2023,10,hotel 3 estrellas,65.83
ES,10,46,comunitat valenciana,comunitat valenciana,valencia/valencia,2023,10,hotel 4 estrellas,73.62
ES,10,46,comunitat valenciana,comunitat valenciana,valencia/valencia,2023,10,hotel 5 estrellas,79.24
ES,10,46,comunitat valenciana,comunitat valenciana,valencia/valencia,2023,10,total,71.35
ES,11,06,extremadura,extremadura,badajoz,2023,10,hotel 3 estrellas,62.54
ES,11,06,extremadura,extremadura,badajoz,2023,10,hotel 4 estrellas,71.39
ES,11,06,extremadura,extremadura,badajoz,2023,10,hotel 5 estrellas,77.69
ES,11,06,extremadura,extremadura,badajoz,2023,10,total,71.09
ES,11,10,extremadura,extremadura,caceres,2023,10,hotel 3 estrellas,72.27
ES,11,10,extremadura,extremadura,caceres,2023,10,hotel 4 estrellas,75.69
ES,11,10,extremadura,extremadura,caceres,2023,10,hotel 5 estrellas,98.27
ES,11,10,extremadura,extremadura,caceres,2023,10,total,77.54
ES,12,15,galicia,galicia,a coruna,2023,10,hotel 3 estrellas,77.73
ES,12,15,galicia,galicia,a coruna,2023,10,hotel 4 estrellas,79.98
ES,12,15,galicia,galicia,a coruna,2023,10,hotel 5 estrellas,73.55
ES,12,15,galicia,galicia,a coruna,2023,10,total,77.5
ES,12,27,galicia,galicia,lugo,2023,10,hotel 3 estrellas,72.4
ES,12,27,galicia,galicia,lugo,2023,10,hotel 4 estrellas,86.86
ES,12,27,galicia,galicia,lugo,2023,10,hotel 5 estrellas,92.16
ES,12,27,galicia,galicia,lugo,2023,10,total,82.75
ES,12,32,galicia,galicia,ourense,2023,10,hotel 3 estrellas,68.95
ES,12,32,galicia,galicia,ourense,2023,10,hotel 4 estrellas,80.71
ES,12,32,galicia,galicia,ourense,2023,10,hotel 5 estrellas,79.47
ES,12,32,galicia,galicia,ourense,2023,10,total,74.51
ES,12,36,galicia,galicia,pontevedra,2023,10,hotel 3 estrellas,56.7
ES,12,36,galicia,galicia,pontevedra,2023,10,hotel 4 estrellas,75.28
ES,12,36,galicia,galicia,pontevedra,2023,10,hotel 5 estrellas,72.69
ES,12,36,galicia,galicia,pontevedra,2023,10,total,63.28
ES,13,28,"madrid, comunidad de",madrid,madrid,2023,10,hotel 3 estrellas,58.84
ES,13,28,"madrid, comunidad de",madrid,madrid,2023,10,hotel 4 estrellas,71.75
ES,13,28,"madrid, comunidad de",madrid,madrid,2023,10,hotel 5 estrellas,69.67
ES,13,28,"madrid, comunidad de",madrid,madrid,2023,10,total,66.5
ES,14,30,"murcia, region de",murcia,murcia,2023,10,hotel 3 estrellas,78.68
ES,14,30,"murcia, region de",murcia,murcia,2023,10,hotel 4 estrellas,72.09
ES,14,30,"murcia, region de",murcia,murcia,2023,10,hotel 5 estrellas,55.94
ES,14,30,"murcia, region de",murcia,murcia,2023,10,total,76.69
ES,15,31,"navarra, comunidad foral de",navarra,navarra,2023,10,hotel 3 estrellas,73.0
ES,15,31,"navarra, comunidad foral de",navarra,navarra,2023,10,hotel 4 estrellas,83.85
ES,15,31,"navarra, comunidad foral de",navarra,navarra,2023,10,hotel 5 estrellas,98.96
ES,15,31,"navarra, comunidad foral de",navarra,navarra,2023,10,total,75.85
ES,16,01,pais vasco,pais vasco,araba/alava,2023,10,hotel 3 estrellas,56.48
ES,16,01,pais vasco,pais vasco,araba/alava,2023,10,hotel 4 estrellas,79.26
ES,16,01,pais vasco,pais vasco,araba/alava,2023,10,hotel 5 estrellas,42.43
ES,16,01,pais vasco,pais vasco,araba/alava,2023,10,total,72.55
ES,16,48,pais vasco,pais vasco,bizkaia,2023,10,hotel 3 estrellas,63.61
ES,16,48,pais vasco,pais vasco,bizkaia,2023,10,hotel 4 estrellas,79.91
ES,16,48,pais vasco,pais vasco,bizkaia,2023,10,hotel 5 estrellas,78.75
ES,16,48,pais vasco,pais vasco,bizkaia,2023,10,total,77.09
ES,16,20,pais vasco,pais vasco,gipuzkoa,2023,10,hotel 3 estrellas,82.54
ES,16,20,pais vasco,pais vasco,gipuzkoa,2023,10,hotel 4 estrellas,80.49
ES,16,20,pais vasco,pais vasco,gipuzkoa,2023,10,hotel 5 estrellas,73.27
ES,16,20,pais vasco,pais vasco,gipuzkoa,2023,10,total,74.35
ES,17,26,"rioja, la",rioja,la rioja,2023,10,hotel 3 estrellas,83.04
ES,17,26,"rioja, la",rioja,la rioja,2023,10,hotel 4 estrellas,65.8
ES,17,26,"rioja, la",rioja,la rioja,2023,10,hotel 5 estrellas,64.4
ES,17,26,"rioja, la",rioja,la rioja,2023,10,total,77.92
ES,01,04,andalucia,andalucia,almeria,2023,11,hotel 3 estrellas,58.91
ES,01,04,andalucia,andalucia,almeria,2023,11,hotel 4 estrellas,69.83
ES,01,04,andalucia,andalucia,almeria,2023,11,hotel 5 estrellas,78.51
ES,01,04,andalucia,andalucia,almeria,2023,11,total,65.85
ES,01,11,andalucia,andalucia,cadiz,2023,11,hotel 3 estrellas,75.11
ES,01,11,andalucia,andalucia,cadiz,2023,11,hotel 4 estrellas,73.7
ES,01,11,andalucia,andalucia,cadiz,2023,11,hotel 5 estrellas,92.99
ES,01,11,andalucia,andalucia,cadiz,2023,11,total,75.51
ES,01,14,andalucia,andalucia,cordoba,2023,11,hotel 3 estrellas,76.39
ES,01,14,andalucia,andalucia,cordoba,2023,11,hotel 4 estrellas,77.18
ES,01,14,andalucia,andalucia,cordoba,2023,11,hotel 5 estrellas,73.85
ES,01,14,andalucia,andalucia,cordoba,2023,11,total,75.11
ES,01,18,andalucia,andalucia,granada,2023,11,hotel 3 estrellas,77.43
ES,01,18,andalucia,andalucia,granada,2023,11,hotel 4 estrellas,77.84
ES,01,18,andalucia,andalucia,granada,2023,11,hotel 5 estrellas,71.26
ES,01,18,andalucia,andalucia,granada,2023,11,total,78.06
ES,01,21,andalucia,andalucia,huelva,2023,11,hotel 3 estrellas,70.11
ES,01,21,andalucia,andalucia,huelva,2023,11,hotel 4 estrellas,68.29
ES,01,21,andalucia,andalucia,huelva,2023,11,hotel 5 estrellas,78.51
ES,01,21,andalucia,andalucia,huelva,2023,11,total,69.01
ES,01,23,andalucia,andalucia,jaen,2023,11,hotel 3 estrellas,80.3
ES,01,23,andalucia,andalucia,jaen,2023,11,hotel 4 estrellas,81.51
ES,01,23,andalucia,andalucia,jaen,2023,11,hotel 5 estrellas,81.78
ES,01,23,andalucia,andalucia,jaen,2023,11,total,83.27
ES,01,29,andalucia,andalucia,malaga,2023,11,hotel 3 estrellas,67.76
ES,01,29,andalucia,andalucia,malaga,2023,11,hotel 4 estrellas,72.25
ES,01,29,andalucia,andalucia,malaga,2023,11,hotel 5 estrellas,76.01
ES,01,29,andalucia,andalucia,malaga,2023,11,total,70.97
ES,01,41,andalucia,andalucia,sevilla,2023,11,hotel 3 estrellas,72.37
ES,01,41,andalucia,andalucia,sevilla,2023,11,hotel 4 estrellas,75.81
ES,01,41,andalucia,andalucia,sevilla,2023,11,hotel 5 estrellas,75.18
ES,01,41,andalucia,andalucia,sevilla,2023,11,total,74.85
ES,02,22,aragon,aragon,huesca,2023,11,hotel 3 estrellas,79.92
ES,02,22,aragon,aragon,huesca,2023,11,hotel 4 estrellas,93.96
ES,02,22,aragon,aragon,huesca,2023,11,hotel 5 estrellas,75.41
ES,02,22,aragon,aragon,huesca,2023,11,total,86.06
ES,02,44,aragon,aragon,teruel,2023,11,hotel 3 estrellas,71.98
ES,02,44,aragon,aragon,teruel,2023,11,hotel 4 estrellas,91.11
ES,02,44,aragon,aragon,teruel,2023,11,hotel 5 estrellas,75.41
ES,02,44,aragon,aragon,teruel,2023,11,total,79.86
ES,02,50,aragon,aragon,zaragoza,2023,11,hotel 3 estrellas,78.62
ES,02,50,aragon,aragon,zaragoza,2023,11,hotel 4 estrellas,66.65
ES,02,50,aragon,aragon,zaragoza,2023,11,hotel 5 estrellas,75.41
ES,02,50,aragon,aragon,zaragoza,2023,11,total,71.38
ES,03,33,"asturias, principado de",asturias,asturias,2023,11,hotel 3 estrellas,87.08
ES,03,33,"asturias, principado de",asturias,asturias,2023,11,hotel 4 estrellas,77.67
ES,03,33,"asturias, principado de",asturias,asturias,2023,11,hotel 5 estrellas,88.94
ES,03,33,"asturias, principado de",asturias,asturias,2023,11,total,82.73
ES,04,07,"balears, illes",balears,illes balears,2023,11,hotel 3 estrellas,69.05
ES,04,07,"balears, illes",balears,illes balears,2023,11,hotel 4 estrellas,75.9
ES,04,07,"balears, illes",balears,illes balears,2023,11,hotel 5 estrellas,80.5
ES,04,07,"balears, illes",balears,illes balears,2023,11,total,73.88
ES,05,35,canarias,canarias,las palmas,2023,11,hotel 3 estrellas,63.11
ES,05,35,canarias,canarias,las palmas,2023,11,hotel 4 estrellas,71.39
ES,05,35,canarias,canarias,las palmas,2023,11,hotel 5 estrellas,63.05
ES,05,35,canarias,canarias,las palmas,2023,11,total,66.9
ES,05,38,canarias,canarias,santa cruz de tenerife,2023,11,hotel 3 estrellas,55.57
ES,05,38,canarias,canarias,santa cruz de tenerife,2023,11,hotel 4 estrellas,60.84
ES,05,38,canarias,canarias,santa cruz de tenerife,2023,11,hotel 5 estrellas,70.74
ES,05,38,canarias,canarias,santa cruz de tenerife,2023,11,total,55.97
ES,06,39,cantabria,cantabria,cantabria,2023,11,hotel 3 estrellas,85.32
ES,06,39,cantabria,cantabria,cantabria,2023,11,hotel 4 estrellas,94.88
ES,06,39,cantabria,cantabria,cantabria,2023,11,hotel 5 estrellas,77.13
ES,06,39,cantabria,cantabria,cantabria,2023,11,total,89.95
ES,07,05,castilla y leon,castilla y leon,avila,2023,11,hotel 3 estrellas,81.18
ES,07,05,castilla y leon,castilla y leon,avila,2023,11,hotel 4 estrellas,84.45
ES,07,05,castilla y leon,castilla y leon,avila,2023,11,hotel 5 estrellas,96.46
ES,07,05,castilla y leon,castilla y leon,avila,2023,11,total,82.04
ES,07,09,castilla y leon,castilla y leon,burgos,2023,11,hotel 3 estrellas,78.46
ES,07,09,castilla y leon,castilla y leon,burgos,2023,11,hotel 4 estrellas,87.19
ES,07,09,castilla y leon,castilla y leon,burgos,2023,11,hotel 5 estrellas,91.4
ES,07,09,castilla y leon,castilla y leon,burgos,2023,11,total,81.37
ES,07,24,castilla y leon,castilla y leon,leon,2023,11,hotel 3 estrellas,85.66
ES,07,24,castilla y leon,castilla y leon,leon,2023,11,hotel 4 estrellas,84.75
ES,07,24,castilla y leon,castilla y leon,leon,2023,11,hotel 5 estrellas,94.88
ES,07,24,castilla y leon,castilla y leon,leon,2023,11,total,88.14
ES,07,34,castilla y leon,castilla y leon,palencia,2023,11,hotel 3 estrellas,52.45
ES,07,34,castilla y leon,castilla y leon,palencia,2023,11,hotel 4 estrellas,80.81
ES,07,34,castilla y leon,castilla y leon,palencia,2023,11,hotel 5 estrellas,88.94
ES,07,34,castilla y leon,castilla y leon,palencia,2023,11,total,69.56
ES,07,37,castilla y leon,castilla y leon,salamanca,2023,11,hotel 3 estrellas,75.73
ES,07,37,castilla y leon,castilla y leon,salamanca,2023,11,hotel 4 estrellas,70.33
ES,07,37,castilla y leon,castilla y leon,salamanca,2023,11,hotel 5 estrellas,81.12
ES,07,37,castilla y leon,castilla y leon,salamanca,2023,11,total,78.54
ES,07,40,castilla y leon,castilla y leon,segovia,2023,11,hotel 3 estrellas,71.17
ES,07,40,castilla y leon,castilla y leon,segovia,2023,11,hotel 4 estrellas,89.96
ES,07,40,castilla y leon,castilla y leon,segovia,2023,11,hotel 5 estrellas,85.96
ES,07,40,castilla y leon,castilla y leon,segovia,2023,11,total,82.68
ES,07,42,castilla y leon,castilla y leon,soria,2023,11,hotel 3 estrellas,75.44
ES,07,42,castilla y leon,castilla y leon,soria,2023,11,hotel 4 estrellas,82.1
ES,07,42,castilla y leon,castilla y leon,soria,2023,11,hotel 5 estrellas,88.94
ES,07,42,castilla y leon,castilla y leon,soria,2023,11,total,78.94
ES,07,47,castilla y leon,castilla y leon,valladolid,2023,11,hotel 3 estrellas,68.87
ES,07,47,castilla y leon,castilla y leon,valladolid,2023,11,hotel 4 estrellas,65.87
ES,07,47,castilla y leon,castilla y leon,valladolid,2023,11,hotel 5 estrellas,95.99
ES,07,47,castilla y leon,castilla y leon,valladolid,2023,11,total,69.44
ES,07,49,castilla y leon,castilla y leon,zamora,2023,11,hotel 3 estrellas,76.44
ES,07,49,castilla y leon,castilla y leon,zamora,2023,11,hotel 4 estrellas,73.12
ES,07,49,castilla y leon,castilla y leon,zamora,2023,11,hotel 5 estrellas,76.74
ES,07,49,castilla y leon,castilla y leon,zamora,2023,11,total,62.79
ES,08,02,castilla-la mancha,castilla-la mancha,albacete,2023,11,hotel 3 estrellas,78.96
ES,08,02,castilla-la mancha,castilla-la mancha,albacete,2023,11,hotel 4 estrellas,74.6
ES,08,02,castilla-la mancha,castilla-la mancha,albacete,2023,11,hotel 5 estrellas,95.58
ES,08,02,castilla-la mancha,castilla-la mancha,albacete,2023,11,total,77.22
ES,08,13,castilla-la mancha,castilla-la mancha,ciudad real,2023,11,hotel 3 estrellas,74.9
ES,08,13,castilla-la mancha,castilla-la mancha,ciudad real,2023,11,hotel 4 estrellas,87.24
ES,08,13,castilla-la mancha,castilla-la mancha,ciudad real,2023,11,hotel 5 estrellas,100.0
ES,08,13,castilla-la mancha,castilla-la mancha,ciudad real,2023,11,total,85.97
ES,08,16,castilla-la mancha,castilla-la mancha,cuenca,2023,11,hotel 3 estrellas,70.14
ES,08,16,castilla-la mancha,castilla-la mancha,cuenca,2023,11,hotel 4 estrellas,75.14
ES,08,16,castilla-la mancha,castilla-la mancha,cuenca,2023,11,hotel 5 estrellas,95.58
ES,08,16,castilla-la mancha,castilla-la mancha,cuenca,2023,11,total,72.38
ES,08,19,castilla-la mancha,castilla-la mancha,guadalajara,2023,11,hotel 3 estrellas,68.66
ES,08,19,castilla-la mancha,castilla-la mancha,guadalajara,2023,11,hotel 4 estrellas,80.92
ES,08,19,castilla-la mancha,castilla-la mancha,guadalajara,2023,11,hotel 5 estrellas,95.58
ES,08,19,castilla-la mancha,castilla-la mancha,guadalajara,2023,11,total,77.24
ES,08,45,castilla-la mancha,castilla-la mancha,toledo,2023,11,hotel 3 estrellas,71.82
ES,08,45,castilla-la mancha,castilla-la mancha,toledo,2023,11,hotel 4 estrellas,81.86
ES,08,45,castilla-la mancha,castilla-la mancha,toledo,2023,11,hotel 5 estrellas,91.16
ES,08,45,castilla-la mancha,castilla-la mancha,toledo,2023,11,total,77.93
ES,09,08,cataluna,cataluna,barcelona,2023,11,hotel 3 estrellas,68.6
ES,09,08,cataluna,cataluna,barcelona,2023,11,hotel 4 estrellas,72.44
ES,09,08,cataluna,cataluna,barcelona,2023,11,hotel 5 estrellas,68.11
ES,09,08,cataluna,cataluna,barcelona,2023,11,total,70.94
ES,09,17,cataluna,cataluna,girona,2023,11,hotel 3 estrellas,75.49
ES,09,17,cataluna,cataluna,girona,2023,11,hotel 4 estrellas,68.71
ES,09,17,cataluna,cataluna,girona,2023,11,hotel 5 estrellas,92.98
ES,09,17,cataluna,cataluna,girona,2023,11,total,74.68
ES,09,25,cataluna,cataluna,lleida,2023,11,hotel 3 estrellas,88.86
ES,09,25,cataluna,cataluna,lleida,2023,11,hotel 4 estrellas,85.27
ES,09,25,cataluna,cataluna,lleida,2023,11,hotel 5 estrellas,90.56
ES,09,25,cataluna,cataluna,lleida,2023,11,total,86.17
ES,09,43,cataluna,cataluna,tarragona,2023,11,hotel 3 estrellas,61.82
ES,09,43,cataluna,cataluna,tarragona,2023,11,hotel 4 estrellas,62.32
ES,09,43,cataluna,cataluna,tarragona,2023,11,hotel 5 estrellas,50.9
ES,09,43,cataluna,cataluna,tarragona,2023,11,total,65.3
ES,10,03,comunitat valenciana,comunitat valenciana,alicante/alacant,2023,11,hotel 3 estrellas,65.29
ES,10,03,comunitat valenciana,comunitat valenciana,alicante/alacant,2023,11,hotel 4 estrellas,72.63
ES,10,03,comunitat valenciana,comunitat valenciana,alicante/alacant,2023,11,hotel 5 estrellas,83.87
ES,10,03,comunitat valenciana,comunitat valenciana,alicante/alacant,2023,11,total,69.52
ES,10,12,comunitat valenciana,comunitat valenciana,castellon/castello,2023,11,hotel 3 estrellas,76.26
ES,10,12,comunitat valenciana,comunitat valenciana,castellon/castello,2023,11,hotel 4 estrellas,80.74
ES,10,12,comunitat valenciana,comunitat valenciana,castellon/castello,2023,11,hotel 5 estrellas,81.54
ES,10,12,comunitat valenciana,comunitat valenciana,castellon/castello,2023,11,total,74.37
ES,10,46,comunitat valenciana,comunitat valenciana,valencia/valencia,2023,11,hotel 3 estrellas,61.67
ES,10,46,comunitat valenciana,comunitat valenciana,valencia/valencia,2023,11,hotel 4 estrellas,78.37
ES,10,46,comunitat valenciana,comunitat valenciana,valencia/valencia,2023,11,hotel 5 estrellas,79.21
ES,10,46,comunitat valenciana,comunitat valenciana,valencia/valencia,2023,11,total,72.71
ES,11,06,extremadura,extremadura,badajoz,2023,11,hotel 3 estrellas,79.37
ES,11,06,extremadura,extremadura,badajoz,2023,11,hotel 4 estrellas,81.28
ES,11,06,extremadura,extremadura,badajoz,2023,11,hotel 5 estrellas,87.36
ES,11,06,extremadura,extremadura,badajoz,2023,11,total,79.99
ES,11,10,extremadura,extremadura,caceres,2023,11,hotel 3 estrellas,79.26
ES,11,10,extremadura,extremadura,caceres,2023,11,hotel 4 estrellas,86.58
ES,11,10,extremadura,extremadura,caceres,2023,11,hotel 5 estrellas,81.96
ES,11,10,extremadura,extremadura,caceres,2023,11,total,83.76
ES,12,15,galicia,galicia,a coruna,2023,11,hotel 3 estrellas,84.3
ES,12,15,galicia,galicia,a coruna,2023,11,hotel 4 estrellas,84.85
ES,12,15,galicia,galicia,a coruna,2023,11,hotel 5 estrellas,82.6
ES,12,15,galicia,galicia,a coruna,2023,11,total,81.15
ES,12,27,galicia,galicia,lugo,2023,11,hotel 3 estrellas,78.16
ES,12,27,galicia,galicia,lugo,2023,11,hotel 4 estrellas,86.75
ES,12,27,galicia,galicia,lugo,2023,11,hotel 5 estrellas,83.38
ES,12,27,galicia,galicia,lugo,2023,11,total,84.13
ES,12,32,galicia,galicia,ourense,2023,11,hotel 3 estrellas,79.62
ES,12,32,galicia,galicia,ourense,2023,11,hotel 4 estrellas,84.54
ES,12,32,galicia,galicia,ourense,2023,11,hotel 5 estrellas,83.38
ES,12,32,galicia,galicia,ourense,2023,11,total,81.89
ES,12,36,galicia,galicia,pontevedra,2023,11,hotel 3 estrellas,76.39
ES,12,36,galicia,galicia,pontevedra,2023,11,hotel 4 estrellas,82.03
ES,12,36,galicia,galicia,pontevedra,2023,11,hotel 5 estrellas,84.16
ES,12,36,galicia,galicia,pontevedra,2023,11,total,80.38
ES,13,28,"madrid, comunidad de",madrid,madrid,2023,11,hotel 3 estrellas,67.1
ES,13,28,"madrid, comunidad de",madrid,madrid,2023,11,hotel 4 estrellas,73.66
ES,13,28,"madrid, comunidad de",madrid,madrid,2023,11,hotel 5 estrellas,75.06
ES,13,28,"madrid, comunidad de",madrid,madrid,2023,11,total,71.38
ES,14,30,"murcia, region de",murcia,murcia,2023,11,hotel 3 estrellas,80.61
ES,14,30,"murcia, region de",murcia,murcia,2023,11,hotel 4 estrellas,65.96
ES,14,30,"murcia, region de",murcia,murcia,2023,11,hotel 5 estrellas,41.69
ES,14,30,"murcia, region de",murcia,murcia,2023,11,total,72.01
ES,15,31,"navarra, comunidad foral de",navarra,navarra,2023,11,hotel 3 estrellas,80.49
ES,15,31,"navarra, comunidad foral de",navarra,navarra,2023,11,hotel 4 estrellas,87.92
ES,15,31,"navarra, comunidad foral de",navarra,navarra,2023,11,hotel 5 estrellas,98.24
ES,15,31,"navarra, comunidad foral de",navarra,navarra,2023,11,total,87.09
ES,16,01,pais vasco,pais vasco,araba/alava,2023,11,hotel 3 estrellas,68.51
ES,16,01,pais vasco,pais vasco,araba/alava,2023,11,hotel 4 estrellas,81.05
ES,16,01,pais vasco,pais vasco,araba/alava,2023,11,hotel 5 estrellas,84.45
ES,16,01,pais vasco,pais vasco,araba/alava,2023,11,total,79.42
ES,16,48,pais vasco,pais vasco,bizkaia,2023,11,hotel 3 estrellas,70.5
ES,16,48,pais vasco,pais vasco,bizkaia,2023,11,hotel 4 estrellas,87.39
ES,16,48,pais vasco,pais vasco,bizkaia,2023,11,hotel 5 estrellas,72.51
ES,16,48,pais vasco,pais vasco,bizkaia,2023,11,total,83.19
ES,16,20,pais vasco,pais vasco,gipuzkoa,2023,11,hotel 3 estrellas,84.63
ES,16,20,pais vasco,pais vasco,gipuzkoa,2023,11,hotel 4 estrellas,83.82
ES,16,20,pais vasco,pais vasco,gipuzkoa,2023,11,hotel 5 estrellas,76.27
ES,16,20,pais vasco,pais vasco,gipuzkoa,2023,11,total,84.4
ES,17,26,"rioja, la",rioja,la rioja,2023,11,hotel 3 estrellas,85.06
ES,17,26,"rioja, la",rioja,la rioja,2023,11,hotel 4 estrellas,66.0
ES,17,26,"rioja, la",rioja,la rioja,2023,11,hotel 5 estrellas,75.84
ES,17,26,"rioja, la",rioja,la rioja,2023,11,total,81.57
ES,01,04,andalucia,andalucia,almeria,2023,12,hotel 3 estrellas,74.65
ES,01,04,andalucia,andalucia,almeria,2023,12,hotel 4 estrellas,65.01
ES,01,04,andalucia,andalucia,almeria,2023,12,hotel 5 estrellas,82.86
ES,01,04,andalucia,andalucia,almeria,2023,12,total,70.85
ES,01,11,andalucia,andalucia,cadiz,2023,12,hotel 3 estrellas,73.95
ES,01,11,andalucia,andalucia,cadiz,2023,12,hotel 4 estrellas,73.02
ES,01,11,andalucia,andalucia,cadiz,2023,12,hotel 5 estrellas,89.96
ES,01,11,andalucia,andalucia,cadiz,2023,12,total,74.85
ES,01,14,andalucia,andalucia,cordoba,2023,12,hotel 3 estrellas,71.29
ES,01,14,andalucia,andalucia,cordoba,2023,12,hotel 4 estrellas,82.91
ES,01,14,andalucia,andalucia,cordoba,2023,12,hotel 5 estrellas,84.72
ES,01,14,andalucia,andalucia,cordoba,2023,12,total,80.53
ES,01,18,andalucia,andalucia,granada,2023,12,hotel 3 estrellas,74.44
ES,01,18,andalucia,andalucia,granada,2023,12,hotel 4 estrellas,71.93
ES,01,18,andalucia,andalucia,granada,2023,12,hotel 5 estrellas,82.44
ES,01,18,andalucia,andalucia,granada,2023,12,total,75.86
ES,01,21,andalucia,andalucia,huelva,2023,12,hotel 3 estrellas,76.67
ES,01,21,andalucia,andalucia,huelva,2023,12,hotel 4 estrellas,77.07
ES,01,21,andalucia,andalucia,huelva,2023,12,hotel 5 estrellas,82.86
ES,01,21,andalucia,andalucia,huelva,2023,12,total,66.06
ES,01,23,andalucia,andalucia,jaen,2023,12,hotel 3 estrellas,71.4
ES,01,23,andalucia,andalucia,jaen,2023,12,hotel 4 estrellas,79.07
ES,01,23,andalucia,andalucia,jaen,2023,12,hotel 5 estrellas,73.19
ES,01,23,andalucia,andalucia,jaen,2023,12,total,75.72
ES,01,29,andalucia,andalucia,malaga,2023,12,hotel 3 estrellas,68.47
ES,01,29,andalucia,andalucia,malaga,2023,12,hotel 4 estrellas,77.48
ES,01,29,andalucia,andalucia,malaga,2023,12,hotel 5 estrellas,82.54
ES,01,29,andalucia,andalucia,malaga,2023,12,total,73.9
ES,01,41,andalucia,andalucia,sevilla,2023,12,hotel 3 estrellas,74.42
ES,01,41,andalucia,andalucia,sevilla,2023,12,hotel 4 estrellas,79.9
ES,01,41,andalucia,andalucia,sevilla,2023,12,hotel 5 estrellas,84.31
ES,01,41,andalucia,andalucia,sevilla,2023,12,total,79.46
ES,02,22,aragon,aragon,huesca,2023,12,hotel 3 estrellas,75.24
ES,02,22,aragon,aragon,huesca,2023,12,hotel 4 estrellas,84.29
ES,02,22,aragon,aragon,huesca,2023,12,hotel 5 estrellas,72.82
ES,02,22,aragon,aragon,huesca,2023,12,total,78.87
ES,02,44,aragon,aragon,teruel,2023,12,hotel 3 estrellas,64.63
ES,02,44,aragon,aragon,teruel,2023,12,hotel 4 estrellas,89.2
ES,02,44,aragon,aragon,teruel,2023,12,hotel 5 estrellas,72.82
ES,02,44,aragon,aragon,teruel,2023,12,total,72.83
ES,02,50,aragon,aragon,zaragoza,2023,12,hotel 3 estrellas,74.65
ES,02,50,aragon,aragon,zaragoza,2023,12,hotel 4 estrellas,65.46
ES,02,50,aragon,aragon,zaragoza,2023,12,hotel 5 estrellas,72.82
ES,02,50,aragon,aragon,zaragoza,2023,12,total,63.8
ES,03,33,"asturias, principado de",asturias,asturias,2023,12,hotel 3 estrellas,83.12
ES,03,33,"asturias, principado de",asturias,asturias,2023,12,hotel 4 estrellas,78.08
ES,03,33,"asturias, principado de",asturias,asturias,2023,12,hotel 5 estrellas,92.42
ES,03,33,"asturias, principado de",asturias,asturias,2023,12,total,83.96
ES,04,07,"balears, illes",balears,illes balears,2023,12,hotel 3 estrellas,66.36
ES,04,07,"balears, illes",balears,illes balears,2023,12,hotel 4 estrellas,83.34
ES,04,07,"balears, illes",balears,illes balears,2023,12,hotel 5 estrellas,93.38
ES,04,07,"balears, illes",balears,illes balears,2023,12,total,80.88
ES,05,35,canarias,canarias,las palmas,2023,12,hotel 3 estrellas,65.85
ES,05,35,canarias,canarias,las palmas,2023,12,hotel 4 estrellas,59.64
ES,05,35,canarias,canarias,las palmas,2023,12,hotel 5 estrellas,77.07
ES,05,35,canarias,canarias,las palmas,2023,12,total,64.43
ES,05,38,canarias,canarias,santa cruz de tenerife,2023,12,hotel 3 estrellas,54.47
ES,05,38,canarias,canarias,santa cruz de tenerife,2023,12,hotel 4 estrellas,54.27
ES,05,38,canarias,canarias,santa cruz de tenerife,2023,12,hotel 5 estrellas,72.29
ES,05,38,canarias,canarias,santa cruz de tenerife,2023,12,total,51.58
ES,06,39,cantabria,cantabria,cantabria,2023,12,hotel 3 estrellas,90.57
ES,06,39,cantabria,cantabria,cantabria,2023,12,hotel 4 estrellas,88.12
ES,06,39,cantabria,cantabria,cantabria,2023,12,hotel 5 estrellas,83.54
ES,06,39,cantabria,cantabria,cantabria,2023,12,total,90.46
ES,07,05,castilla y leon,castilla y leon,avila,2023,12,hotel 3 estrellas,84.32
ES,07,05,castilla y leon,castilla y leon,avila,2023,12,hotel 4 estrellas,66.64
ES,07,05,castilla y leon,castilla y leon,avila,2023,12,hotel 5 estrellas,76.8
ES,07,05,castilla y leon,castilla y leon,avila,2023,12,total,66.64
ES,07,09,castilla y leon,castilla y leon,burgos,2023,12,hotel 3 estrellas,74.12
ES,07,09,castilla y leon,castilla y leon,burgos,2023,12,hotel 4 estrellas,63.28
ES,07,09,castilla y leon,castilla y leon,burgos,2023,12,hotel 5 estrellas,72.08
ES,07,09,castilla y leon,castilla y leon,burgos,2023,12,total,74.54
ES,07,24,castilla y leon,castilla y leon,leon,2023,12,hotel 3 estrellas,78.63
ES,07,24,castilla y leon,castilla y leon,leon,2023,12,hotel 4 estrellas,81.75
ES,07,24,castilla y leon,castilla y leon,leon,2023,12,hotel 5 estrellas,68.51
ES,07,24,castilla y leon,castilla y leon,leon,2023,12,total,76.14
ES,07,34,castilla y leon,castilla y leon,palencia,2023,12,hotel 3 estrellas,50.34
ES,07,34,castilla y leon,castilla y leon,palencia,2023,12,hotel 4 estrellas,78.83
ES,07,34,castilla y leon,castilla y leon,palencia,2023,12,hotel 5 estrellas,75.75
ES,07,34,castilla y leon,castilla y leon,palencia,2023,12,total,56.16
ES,07,37,castilla y leon,castilla y leon,salamanca,2023,12,hotel 3 estrellas,59.63
ES,07,37,castilla y leon,castilla y leon,salamanca,2023,12,hotel 4 estrellas,65.99
ES,07,37,castilla y leon,castilla y leon,salamanca,2023,12,hotel 5 estrellas,84.77
ES,07,37,castilla y leon,castilla y leon,salamanca,2023,12,total,63.02
ES,07,40,castilla y leon,castilla y leon,segovia,2023,12,hotel 3 estrellas,74.08
ES,07,40,castilla y leon,castilla y leon,segovia,2023,12,hotel 4 estrellas,86.48
ES,07,40,castilla y leon,castilla y leon,segovia,2023,12,hotel 5 estrellas,69.1
ES,07,40,castilla y leon,castilla y leon,segovia,2023,12,total,89.11
ES,07,42,castilla y leon,castilla y leon,soria,2023,12,hotel 3 estrellas,84.24
ES,07,42,castilla y leon,castilla y leon,soria,2023,12,hotel 4 estrellas,81.86
ES,07,42,castilla y leon,castilla y leon,soria,2023,12,hotel 5 estrellas,75.75
ES,07,42,castilla y leon,castilla y leon,soria,2023,12,total,83.46
ES,07,47,castilla y leon,castilla y leon,valladolid,2023,12,hotel 3 estrellas,90.08
ES,07,47,castilla y leon,castilla y leon,valladolid,2023,12,hotel 4 estrellas,72.33
ES,07,47,castilla y leon,castilla y leon,valladolid,2023,12,hotel 5 estrellas,59.0
ES,07,47,castilla y leon,castilla y leon,valladolid,2023,12,total,80.24
ES,07,49,castilla y leon,castilla y leon,zamora,2023,12,hotel 3 estrellas,66.22
ES,07,49,castilla y leon,castilla y leon,zamora,2023,12,hotel 4 estrellas,89.59
ES,07,49,castilla y leon,castilla y leon,zamora,2023,12,hotel 5 estrellas,100.0
ES,07,49,castilla y leon,castilla y leon,zamora,2023,12,total,79.2
ES,08,02,castilla-la mancha,castilla-la mancha,albacete,2023,12,hotel 3 estrellas,55.4
ES,08,02,castilla-la mancha,castilla-la mancha,albacete,2023,12,hotel 4 estrellas,77.68
ES,08,02,castilla-la mancha,castilla-la mancha,albacete,2023,12,hotel 5 estrellas,61.47
ES,08,02,castilla-la mancha,castilla-la mancha,albacete,2023,12,total,67.8
ES,08,13,castilla-la mancha,castilla-la mancha,ciudad real,2023,12,hotel 3 estrellas,79.97
ES,08,13,castilla-la mancha,castilla-la mancha,ciudad real,2023,12,hotel 4 estrellas,74.08
ES,08,13,castilla-la mancha,castilla-la mancha,ciudad real,2023,12,hotel 5 estrellas,33.77
ES,08,13,castilla-la mancha,castilla-la mancha,ciudad real,2023,12,total,71.09
ES,08,16,castilla-la mancha,castilla-la mancha,cuenca,2023,12,hotel 3 estrellas,45.16
ES,08,16,castilla-la mancha,castilla-la mancha,cuenca,2023,12,hotel 4 estrellas,79.91
ES,08,16,castilla-la mancha,castilla-la mancha,cuenca,2023,12,hotel 5 estrellas,61.47
ES,08,16,castilla-la mancha,castilla-la mancha,cuenca,2023,12,total,71.1
ES,08,19,castilla-la mancha,castilla-la mancha,guadalajara,2023,12,hotel 3 estrellas,84.28
ES,08,19,castilla-la mancha,castilla-la mancha,guadalajara,2023,12,hotel 4 estrellas,79.98
ES,08,19,castilla-la mancha,castilla-la mancha,guadalajara,2023,12,hotel 5 estrellas,61.47
ES,08,19,castilla-la mancha,castilla-la mancha,guadalajara,2023,12,total,81.32
ES,08,45,castilla-la mancha,castilla-la mancha,toledo,2023,12,hotel 3 estrellas,56.52
ES,08,45,castilla-la mancha,castilla-la mancha,toledo,2023,12,hotel 4 estrellas,79.37
ES,08,45,castilla-la mancha,castilla-la mancha,toledo,2023,12,hotel 5 estrellas,89.18
ES,08,45,castilla-la mancha,castilla-la mancha,toledo,2023,12,total,69.05
ES,09,08,cataluna,cataluna,barcelona,2023,12,hotel 3 estrellas,74.13
ES,09,08,cataluna,cataluna,barcelona,2023,12,hotel 4 estrellas,75.26
ES,09,08,cataluna,cataluna,barcelona,2023,12,hotel 5 estrellas,77.51
ES,09,08,cataluna,cataluna,barcelona,2023,12,total,75.19
ES,09,17,cataluna,cataluna,girona,2023,12,hotel 3 estrellas,77.84
ES,09,17,cataluna,cataluna,girona,2023,12,hotel 4 estrellas,75.9
ES,09,17,cataluna,cataluna,girona,2023,12,hotel 5 estrellas,74.96
ES,09,17,cataluna,cataluna,girona,2023,12,total,73.03
ES,09,25,cataluna,cataluna,lleida,2023,12,hotel 3 estrellas,85.6
ES,09,25,cataluna,cataluna,lleida,2023,12,hotel 4 estrellas,66.33
ES,09,25,cataluna,cataluna,lleida,2023,12,hotel 5 estrellas,97.68
ES,09,25,cataluna,cataluna,lleida,2023,12,total,73.55
ES,09,43,cataluna,cataluna,tarragona,2023,12,hotel 3 estrellas,63.91
ES,09,43,cataluna,cataluna,tarragona,2023,12,hotel 4 estrellas,65.88
ES,09,43,cataluna,cataluna,tarragona,2023,12,hotel 5 estrellas,75.4
ES,09,43,cataluna,cataluna,tarragona,2023,12,total,68.15
ES,10,03,comunitat valenciana,comunitat valenciana,alicante/alacant,2023,12,hotel 3 estrellas,66.86
ES,10,03,comunitat valenciana,comunitat valenciana,alicante/alacant,2023,12,hotel 4 estrellas,64.0
ES,10,03,comunitat valenciana,comunitat valenciana,alicante/alacant,2023,12,hotel 5 estrellas,86.65
ES,10,03,comunitat valenciana,comunitat valenciana,alicante/alacant,2023,12,total,65.67
ES,10,12,comunitat valenciana,comunitat valenciana,castellon/castello,2023,12,hotel 3 estrellas,67.4
ES,10,12,comunitat valenciana,comunitat valenciana,castellon/castello,2023,12,hotel 4 estrellas,80.62
ES,10,12,comunitat valenciana,comunitat valenciana,castellon/castello,2023,12,hotel 5 estrellas,87.13
ES,10,12,comunitat valenciana,comunitat valenciana,castellon/castello,2023,12,total,63.06
ES,10,46,comunitat valenciana,comunitat valenciana,valencia/valencia,2023,12,hotel 3 estrellas,73.27
ES,10,46,comunitat valenciana,comunitat valenciana,valencia/valencia,2023,12,hotel 4 estrellas,71.25
ES,10,46,comunitat valenciana,comunitat valenciana,valencia/valencia,2023,12,hotel 5 estrellas,87.6
ES,10,46,comunitat valenciana,comunitat valenciana,valencia/valencia,2023,12,total,74.24
ES,11,06,extremadura,extremadura,badajoz,2023,12,hotel 3 estrellas,54.54
ES,11,06,extremadura,extremadura,badajoz,2023,12,hotel 4 estrellas,78.0
ES,11,06,extremadura,extremadura,badajoz,2023,12,hotel 5 estrellas,78.31
ES,11,06,extremadura,extremadura,badajoz,2023,12,total,75.3
ES,11,10,extremadura,extremadura,caceres,2023,12,hotel 3 estrellas,78.0
ES,11,10,extremadura,extremadura,caceres,2023,12,hotel 4 estrellas,83.93
ES,11,10,extremadura,extremadura,caceres,2023,12,hotel 5 estrellas,77.37
ES,11,10,extremadura,extremadura,caceres,2023,12,total,83.48
ES,12,15,galicia,galicia,a coruna,2023,12,hotel 3 estrellas,83.66
ES,12,15,galicia,galicia,a coruna,2023,12,hotel 4 estrellas,88.21
ES,12,15,galicia,galicia,a coruna,2023,12,hotel 5 estrellas,72.92
ES,12,15,galicia,galicia,a coruna,2023,12,total,77.46
ES,12,27,galicia,galicia,lugo,2023,12,hotel 3 estrellas,71.61
ES,12,27,galicia,galicia,lugo,2023,12,hotel 4 estrellas,84.89
ES,12,27,galicia,galicia,lugo,2023,12,hotel 5 estrellas,81.97
ES,12,27,galicia,galicia,lugo,2023,12,total,81.04
ES,12,32,galicia,galicia,ourense,2023,12,hotel 3 estrellas,68.68
ES,12,32,galicia,galicia,ourense,2023,12,hotel 4 estrellas,79.33
ES,12,32,galicia,galicia,ourense,2023,12,hotel 5 estrellas,81.97
ES,12,32,galicia,galicia,ourense,2023,12,total,76.36
ES,12,36,galicia,galicia,pontevedra,2023,12,hotel 3 estrellas,50.77
ES,12,36,galicia,galicia,pontevedra,2023,12,hotel 4 estrellas,64.89
ES,12,36,galicia,galicia,pontevedra,2023,12,hotel 5 estrellas,91.01
ES,12,36,galicia,galicia,pontevedra,2023,12,total,70.58
ES,13,28,"madrid, comunidad de",madrid,madrid,2023,12,hotel 3 estrellas,71.59
ES,13,28,"madrid, comunidad de",madrid,madrid,2023,12,hotel 4 estrellas,77.31
ES,13,28,"madrid, comunidad de",madrid,madrid,2023,12,hotel 5 estrellas,78.3
ES,13,28,"madrid, comunidad de",madrid,madrid,2023,12,total,75.49
ES,14,30,"murcia, region de",murcia,murcia,2023,12,hotel 3 estrellas,72.46
ES,14,30,"murcia, region de",murcia,murcia,2023,12,hotel 4 estrellas,66.63
ES,14,30,"murcia, region de",murcia,murcia,2023,12,hotel 5 estrellas,76.26
ES,14,30,"murcia, region de",murcia,murcia,2023,12,total,70.31
ES,15,31,"navarra, comunidad foral de",navarra,navarra,2023,12,hotel 3 estrellas,74.5
ES,15,31,"navarra, comunidad foral de",navarra,navarra,2023,12,hotel 4 estrellas,83.49
ES,15,31,"navarra, comunidad foral de",navarra,navarra,2023,12,hotel 5 estrellas,99.02
ES,15,31,"navarra, comunidad foral de",navarra,navarra,2023,12,total,78.43
ES,16,01,pais vasco,pais vasco,araba/alava,2023,12,hotel 3 estrellas,79.23
ES,16,01,pais vasco,pais vasco,araba/alava,2023,12,hotel 4 estrellas,73.82
ES,16,01,pais vasco,pais vasco,araba/alava,2023,12,hotel 5 estrellas,50.43
ES,16,01,pais vasco,pais vasco,araba/alava,2023,12,total,70.61
ES,16,48,pais vasco,pais vasco,bizkaia,2023,12,hotel 3 estrellas,83.47
ES,16,48,pais vasco,pais vasco,bizkaia,2023,12,hotel 4 estrellas,83.58
ES,16,48,pais vasco,pais vasco,bizkaia,2023,12,hotel 5 estrellas,83.06
ES,16,48,pais vasco,pais vasco,bizkaia,2023,12,total,82.93
ES,16,20,pais vasco,pais vasco,gipuzkoa,2023,12,hotel 3 estrellas,75.51
ES,16,20,pais vasco,pais vasco,gipuzkoa,2023,12,hotel 4 estrellas,93.57
ES,16,20,pais vasco,pais vasco,gipuzkoa,2023,12,hotel 5 estrellas,97.82
ES,16,20,pais vasco,pais vasco,gipuzkoa,2023,12,total,89.86
ES,17,26,"rioja, la",rioja,la rioja,2023,12,hotel 3 estrellas,88.04
ES,17,26,"rioja, la",rioja,la rioja,2023,12,hotel 4 estrellas,74.09
ES,17,26,"rioja, la",rioja,la rioja,2023,12,hotel 5 estrellas,67.34
ES,17,26,"rioja, la",rioja,la rioja,2023,12,total,79.18
ES,01,04,andalucia,andalucia,almeria,2024,1,hotel 3 estrellas,62.7
ES,01,04,andalucia,andalucia,almeria,2024,1,hotel 4 estrellas,59.84
ES,01,04,andalucia,andalucia,almeria,2024,1,hotel 5 estrellas,77.87
ES,01,04,andalucia,andalucia,almeria,2024,1,total,62.33
ES,01,11,andalucia,andalucia,cadiz,2024,1,hotel 3 estrellas,70.87
ES,01,11,andalucia,andalucia,cadiz,2024,1,hotel 4 estrellas,71.73
ES,01,11,andalucia,andalucia,cadiz,2024,1,hotel 5 estrellas,98.33
ES,01,11,andalucia,andalucia,cadiz,2024,1,total,69.6
ES,01,14,andalucia,andalucia,cordoba,2024,1,hotel 3 estrellas,75.06
ES,01,14,andalucia,andalucia,cordoba,2024,1,hotel 4 estrellas,83.55
ES,01,14,andalucia,andalucia,cordoba,2024,1,hotel 5 estrellas,65.02
ES,01,14,andalucia,andalucia,cordoba,2024,1,total,79.54
ES,01,18,andalucia,andalucia,granada,2024,1,hotel 3 estrellas,75.25
ES,01,18,andalucia,andalucia,granada,2024,1,hotel 4 estrellas,73.38
ES,01,18,andalucia,andalucia,granada,2024,1,hotel 5 estrellas,77.66
ES,01,18,andalucia,andalucia,granada,2024,1,total,76.21
ES,01,21,andalucia,andalucia,huelva,2024,1,hotel 3 estrellas,72.94
ES,01,21,andalucia,andalucia,huelva,2024,1,hotel 4 estrellas,83.8
ES,01,21,andalucia,andalucia,huelva,2024,1,hotel 5 estrellas,77.87
ES,01,21,andalucia,andalucia,huelva,2024,1,total,71.91
ES,01,23,andalucia,andalucia,jaen,2024,1,hotel 3 estrellas,74.17
ES,01,23,andalucia,andalucia,jaen,2024,1,hotel 4 estrellas,70.36
ES,01,23,andalucia,andalucia,jaen,2024,1,hotel 5 estrellas,76.07
ES,01,23,andalucia,andalucia,jaen,2024,1,total,69.74
ES,01,29,andalucia,andalucia,malaga,2024,1,hotel 3 estrellas,67.53
ES,01,29,andalucia,andalucia,malaga,2024,1,hotel 4 estrellas,70.88
ES,01,29,andalucia,andalucia,malaga,2024,1,hotel 5 estrellas,71.81
ES,01,29,andalucia,andalucia,malaga,2024,1,total,69.8
ES,01,41,andalucia,andalucia,sevilla,2024,1,hotel 3 estrellas,72.82
ES,01,41,andalucia,andalucia,sevilla,2024,1,hotel 4 estrellas,78.0
ES,01,41,andalucia,andalucia,sevilla,2024,1,hotel 5 estrellas,78.3
ES,01,41,andalucia,andalucia,sevilla,2024,1,total,76.05
ES,02,22,aragon,aragon,huesca,2024,1,hotel 3 estrellas,70.36
ES,02,22,aragon,aragon,huesca,2024,1,hotel 4 estrellas,78.28
ES,02,22,aragon,aragon,huesca,2024,1,hotel 5 estrellas,76.43
ES,02,22,aragon,aragon,huesca,2024,1,total,73.68
ES,02,44,aragon,aragon,teruel,2024,1,hotel 3 estrellas,81.1
ES,02,44,aragon,aragon,teruel,2024,1,hotel 4 estrellas,88.35
ES,02,44,aragon,aragon,teruel,2024,1,hotel 5 estrellas,76.43
ES,02,44,aragon,aragon,teruel,2024,1,total,84.54
ES,02,50,aragon,aragon,zaragoza,2024,1,hotel 3 estrellas,79.55
ES,02,50,aragon,aragon,zaragoza,2024,1,hotel 4 estrellas,76.45
ES,02,50,aragon,aragon,zaragoza,2024,1,hotel 5 estrellas,76.43
ES,02,50,aragon,aragon,zaragoza,2024,1,total,74.7
ES,03,33,"asturias, principado de",asturias,asturias,2024,1,hotel 3 estrellas,66.68
ES,03,33,"asturias, principado de",asturias,asturias,2024,1,hotel 4 estrellas,83.95
ES,03,33,"asturias, principado de",asturias,asturias,2024,1,hotel 5 estrellas,79.98
ES,03,33,"asturias, principado de",asturias,asturias,2024,1,total,81.89
ES,04,07,"balears, illes",balears,illes balears,2024,1,hotel 3 estrellas,72.6
ES,04,07,"balears, illes",balears,illes balears,2024,1,hotel 4 estrellas,79.32
ES,04,07,"balears, illes",balears,illes balears,2024,1,hotel 5 estrellas,77.65
ES,04,07,"balears, illes",balears,illes balears,2024,1,total,79.17
ES,05,35,canarias,canarias,las palmas,2024,1,hotel 3 estrellas,55.6
ES,05,35,canarias,canarias,las palmas,2024,1,hotel 4 estrellas,62.48
ES,05,35,canarias,canarias,las palmas,2024,1,hotel 5 estrellas,73.63
ES,05,35,canarias,canarias,las palmas,2024,1,total,60.08
ES,05,38,canarias,canarias,santa cruz de tenerife,2024,1,hotel 3 estrellas,55.82
ES,05,38,canarias,canarias,santa cruz de tenerife,2024,1,hotel 4 estrellas,43.54
ES,05,38,canarias,canarias,santa cruz de tenerife,2024,1,hotel 5 estrellas,74.53
ES,05,38,canarias,canarias,santa cruz de tenerife,2024,1,total,53.16
ES,06,39,cantabria,cantabria,cantabria,2024,1,hotel 3 estrellas,84.5
ES,06,39,cantabria,cantabria,cantabria,2024,1,hotel 4 estrellas,91.2
ES,06,39,cantabria,cantabria,cantabria,2024,1,hotel 5 estrellas,79.91
ES,06,39,cantabria,cantabria,cantabria,2024,1,total,86.26
ES,07,05,castilla y leon,castilla y leon,avila,2024,1,hotel 3 estrellas,82.28
ES,07,05,castilla y leon,castilla y leon,avila,2024,1,hotel 4 estrellas,73.91
ES,07,05,castilla y leon,castilla y leon,avila,2024,1,hotel 5 estrellas,100.0
ES,07,05,castilla y leon,castilla y leon,avila,2024,1,total,74.96
ES,07,09,castilla y leon,castilla y leon,burgos,2024,1,hotel 3 estrellas,70.74
ES,07,09,castilla y leon,castilla y leon,burgos,2024,1,hotel 4 estrellas,70.83
ES,07,09,castilla y leon,castilla y leon,burgos,2024,1,hotel 5 estrellas,90.39
ES,07,09,castilla y leon,castilla y leon,burgos,2024,1,total,75.56
ES,07,24,castilla y leon,castilla y leon,leon,2024,1,hotel 3 estrellas,91.6
ES,07,24,castilla y leon,castilla y leon,leon,2024,1,hotel 4 estrellas,90.67
ES,07,24,castilla y leon,castilla y leon,leon,2024,1,hotel 5 estrellas,89.95
ES,07,24,castilla y leon,castilla y leon,leon,2024,1,total,84.72
ES,07,34,castilla y leon,castilla y leon,palencia,2024,1,hotel 3 estrellas,84.33
ES,07,34,castilla y leon,castilla y leon,palencia,2024,1,hotel 4 estrellas,74.49
ES,07,34,castilla y leon,castilla y leon,palencia,2024,1,hotel 5 estrellas,89.95
ES,07,34,castilla y leon,castilla y leon,palencia,2024,1,total,65.26
ES,07,37,castilla y leon,castilla y leon,salamanca,2024,1,hotel 3 estrellas,80.13
ES,07,37,castilla y leon,castilla y leon,salamanca,2024,1,hotel 4 estrellas,63.91
ES,07,37,castilla y leon,castilla y leon,salamanca,2024,1,hotel 5 estrellas,87.54
ES,07,37,castilla y leon,castilla y leon,salamanca,2024,1,total,77.13
ES,07,40,castilla y leon,castilla y leon,segovia,2024,1,hotel 3 estrellas,79.6
ES,07,40,castilla y leon,castilla y leon,segovia,2024,1,hotel 4 estrellas,90.98
ES,07,40,castilla y leon,castilla y leon,segovia,2024,1,hotel 5 estrellas,72.16
ES,07,40,castilla y leon,castilla y leon,segovia,2024,1,total,75.86
ES,07,42,castilla y leon,castilla y leon,soria,2024,1,hotel 3 estrellas,86.41
ES,07,42,castilla y leon,castilla y leon,soria,2024,1,hotel 4 estrellas,83.52
ES,07,42,castilla y leon,castilla y leon,soria,2024,1,hotel 5 estrellas,89.95
ES,07,42,castilla y leon,castilla y leon,soria,2024,1,total,84.93
ES,07,47,castilla y leon,castilla y leon,valladolid,2024,1,hotel 3 estrellas,84.09
ES,07,47,castilla y leon,castilla y leon,valladolid,2024,1,hotel 4 estrellas,57.88
ES,07,47,castilla y leon,castilla y leon,valladolid,2024,1,hotel 5 estrellas,89.64
ES,07,47,castilla y leon,castilla y leon,valladolid,2024,1,total,65.84
ES,07,49,castilla y leon,castilla y leon,zamora,2024,1,hotel 3 estrellas,82.68
ES,07,49,castilla y leon,castilla y leon,zamora,2024,1,hotel 4 estrellas,67.6
ES,07,49,castilla y leon,castilla y leon,zamora,2024,1,hotel 5 estrellas,100.0
ES,07,49,castilla y leon,castilla y leon,zamora,2024,1,total,74.13
ES,08,02,castilla-la mancha,castilla-la mancha,albacete,2024,1,hotel 3 estrellas,61.17
ES,08,02,castilla-la mancha,castilla-la mancha,albacete,2024,1,hotel 4 estrellas,76.1
ES,08,02,castilla-la mancha,castilla-la mancha,albacete,2024,1,hotel 5 estrellas,85.3
ES,08,02,castilla-la mancha,castilla-la mancha,albacete,2024,1,total,67.41
ES,08,13,castilla-la mancha,castilla-la mancha,ciudad real,2024,1,hotel 3 estrellas,95.52
ES,08,13,castilla-la mancha,castilla-la mancha,ciudad real,2024,1,hotel 4 estrellas,66.49
ES,08,13,castilla-la mancha,castilla-la mancha,ciudad real,2024,1,hotel 5 estrellas,85.3
ES,08,13,castilla-la mancha,castilla-la mancha,ciudad real,2024,1,total,83.82
ES,08,16,castilla-la mancha,castilla-la mancha,cuenca,2024,1,hotel 3 estrellas,75.02
ES,08,16,castilla-la mancha,castilla-la mancha,cuenca,2024,1,hotel 4 estrellas,85.13
ES,08,16,castilla-la mancha,castilla-la mancha,cuenca,2024,1,hotel 5 estrellas,85.3
ES,08,16,castilla-la mancha,castilla-la mancha,cuenca,2024,1,total,63.75
ES,08,19,castilla-la mancha,castilla-la mancha,guadalajara,2024,1,hotel 3 estrellas,89.86
ES,08,19,castilla-la mancha,castilla-la mancha,guadalajara,2024,1,hotel 4 estrellas,78.85
ES,08,19,castilla-la mancha,castilla-la mancha,guadalajara,2024,1,hotel 5 estrellas,85.3
ES,08,19,castilla-la mancha,castilla-la mancha,guadalajara,2024,1,total,61.14
ES,08,45,castilla-la mancha,castilla-la mancha,toledo,2024,1,hotel 3 estrellas,77.67
ES,08,45,castilla-la mancha,castilla-la mancha,toledo,2024,1,hotel 4 estrellas,76.34
ES,08,45,castilla-la mancha,castilla-la mancha,toledo,2024,1,hotel 5 estrellas,85.3
ES,08,45,castilla-la mancha,castilla-la mancha,toledo,2024,1,total,75.74
ES,09,08,cataluna,cataluna,barcelona,2024,1,hotel 3 estrellas,73.78
ES,09,08,cataluna,cataluna,barcelona,2024,1,hotel 4 estrellas,70.52
ES,09,08,cataluna,cataluna,barcelona,2024,1,hotel 5 estrellas,72.58
ES,09,08,cataluna,cataluna,barcelona,2024,1,total,72.09
ES,09,17,cataluna,cataluna,girona,2024,1,hotel 3 estrellas,73.3
ES,09,17,cataluna,cataluna,girona,2024,1,hotel 4 estrellas,64.0
ES,09,17,cataluna,cataluna,girona,2024,1,hotel 5 estrellas,81.92
ES,09,17,cataluna,cataluna,girona,2024,1,total,72.64
ES,09,25,cataluna,cataluna,lleida,2024,1,hotel 3 estrellas,79.61
ES,09,25,cataluna,cataluna,lleida,2024,1,hotel 4 estrellas,65.17
ES,09,25,cataluna,cataluna,lleida,2024,1,hotel 5 estrellas,80.46
ES,09,25,cataluna,cataluna,lleida,2024,1,total,76.52
ES,09,43,cataluna,cataluna,tarragona,2024,1,hotel 3 estrellas,73.41
ES,09,43,cataluna,cataluna,tarragona,2024,1,hotel 4 estrellas,60.53
ES,09,43,cataluna,cataluna,tarragona,2024,1,hotel 5 estrellas,100.0
ES,09,43,cataluna,cataluna,tarragona,2024,1,total,66.2
ES,10,03,comunitat valenciana,comunitat valenciana,alicante/alacant,2024,1,hotel 3 estrellas,63.91
ES,10,03,comunitat valenciana,comunitat valenciana,alicante/alacant,2024,1,hotel 4 estrellas,71.65
ES,10,03,comunitat valenciana,comunitat valenciana,alicante/alacant,2024,1,hotel 5 estrellas,78.98
ES,10,03,comunitat valenciana,comunitat valenciana,alicante/alacant,2024,1,total,66.35
ES,10,12,comunitat valenciana,comunitat valenciana,castellon/castello,2024,1,hotel 3 estrellas,64.38
ES,10,12,comunitat valenciana,comunitat valenciana,castellon/castello,2024,1,hotel 4 estrellas,81.13
ES,10,12,comunitat valenciana,comunitat valenciana,castellon/castello,2024,1,hotel 5 estrellas,76.96
ES,10,12,comunitat valenciana,comunitat valenciana,castellon/castello,2024,1,total,72.9
ES,10,46,comunitat valenciana,comunitat valenciana,valencia/valencia,2024,1,hotel 3 estrellas,68.84
ES,10,46,comunitat valenciana,comunitat valenciana,valencia/valencia,2024,1,hotel 4 estrellas,73.97
ES,10,46,comunitat valenciana,comunitat valenciana,valencia/valencia,2024,1,hotel 5 estrellas,74.94
ES,10,46,comunitat valenciana,comunitat valenciana,valencia/valencia,2024,1,total,75.1
ES,11,06,extremadura,extremadura,badajoz,2024,1,hotel 3 estrellas,72.84
ES,11,06,extremadura,extremadura,badajoz,2024,1,hotel 4 estrellas,81.37
ES,11,06,extremadura,extremadura,badajoz,2024,1,hotel 5 estrellas,90.07
ES,11,06,extremadura,extremadura,badajoz,2024,1,total,74.95
ES,11,10,extremadura,extremadura,caceres,2024,1,hotel 3 estrellas,67.69
ES,11,10,extremadura,extremadura,caceres,2024,1,hotel 4 estrellas,84.88
ES,11,10,extremadura,extremadura,caceres,2024,1,hotel 5 estrellas,82.46
ES,11,10,extremadura,extremadura,caceres,2024,1,total,85.29
ES,12,15,galicia,galicia,a coruna,2024,1,hotel 3 estrellas,89.96
ES,12,15,galicia,galicia,a coruna,2024,1,hotel 4 estrellas,85.18
ES,12,15,galicia,galicia,a coruna,2024,1,hotel 5 estrellas,73.8
ES,12,15,galicia,galicia,a coruna,2024,1,total,87.38
ES,12,27,galicia,galicia,lugo,2024,1,hotel 3 estrellas,72.96
ES,12,27,galicia,galicia,lugo,2024,1,hotel 4 estrellas,87.52
ES,12,27,galicia,galicia,lugo,2024,1,hotel 5 estrellas,83.0
ES,12,27,galicia,galicia,lugo,2024,1,total,85.77
ES,12,32,galicia,galicia,ourense,2024,1,hotel 3 estrellas,75.92
ES,12,32,galicia,galicia,ourense,2024,1,hotel 4 estrellas,85.81
ES,12,32,galicia,galicia,ourense,2024,1,hotel 5 estrellas,83.0
ES,12,32,galicia,galicia,ourense,2024,1,total,81.32
ES,12,36,galicia,galicia,pontevedra,2024,1,hotel 3 estrellas,64.83
ES,12,36,galicia,galicia,pontevedra,2024,1,hotel 4 estrellas,84.72
ES,12,36,galicia,galicia,pontevedra,2024,1,hotel 5 estrellas,92.2
ES,12,36,galicia,galicia,pontevedra,2024,1,total,70.81
ES,13,28,"madrid, comunidad de",madrid,madrid,2024,1,hotel 3 estrellas,63.97
ES,13,28,"madrid, comunidad de",madrid,madrid,2024,1,hotel 4 estrellas,75.54
ES,13,28,"madrid, comunidad de",madrid,madrid,2024,1,hotel 5 estrellas,73.48
ES,13,28,"madrid, comunidad de",madrid,madrid,2024,1,total,70.41
ES,14,30,"murcia, region de",murcia,murcia,2024,1,hotel 3 estrellas,72.36
ES,14,30,"murcia, region de",murcia,murcia,2024,1,hotel 4 estrellas,76.77
ES,14,30,"murcia, region de",murcia,murcia,2024,1,hotel 5 estrellas,75.84
ES,14,30,"murcia, region de",murcia,murcia,2024,1,total,78.19
ES,15,31,"navarra, comunidad foral de",navarra,navarra,2024,1,hotel 3 estrellas,68.12
ES,15,31,"navarra, comunidad foral de",navarra,navarra,2024,1,hotel 4 estrellas,80.56
ES,15,31,"navarra, comunidad foral de",navarra,navarra,2024,1,hotel 5 estrellas,96.93
ES,15,31,"navarra, comunidad foral de",navarra,navarra,2024,1,total,77.01
ES,16,01,pais vasco,pais vasco,araba/alava,2024,1,hotel 3 estrellas,78.0
ES,16,01,pais vasco,pais vasco,araba/alava,2024,1,hotel 4 estrellas,70.11
ES,16,01,pais vasco,pais vasco,araba/alava,2024,1,hotel 5 estrellas,95.66
ES,16,01,pais vasco,pais vasco,araba/alava,2024,1,total,78.21
ES,16,48,pais vasco,pais vasco,bizkaia,2024,1,hotel 3 estrellas,71.78
ES,16,48,pais vasco,pais vasco,bizkaia,2024,1,hotel 4 estrellas,88.49
ES,16,48,pais vasco,pais vasco,bizkaia,2024,1,hotel 5 estrellas,70.25
ES,16,48,pais vasco,pais vasco,bizkaia,2024,1,total,82.61
ES,16,20,pais vasco,pais vasco,gipuzkoa,2024,1,hotel 3 estrellas,76.36
ES,16,20,pais vasco,pais vasco,gipuzkoa,2024,1,hotel 4 estrellas,84.8
ES,16,20,pais vasco,pais vasco,gipuzkoa,2024,1,hotel 5 estrellas,71.63
ES,16,20,pais vasco,pais vasco,gipuzkoa,2024,1,total,83.35
ES,17,26,"rioja, la",rioja,la rioja,2024,1,hotel 3 estrellas,62.49
ES,17,26,"rioja, la",rioja,la rioja,2024,1,hotel 4 estrellas,66.79
ES,17,26,"rioja, la",rioja,la rioja,2024,1,hotel 5 estrellas,98.12
ES,17,26,"rioja, la",rioja,la rioja,2024,1,total,64.15
ES,01,04,andalucia,andalucia,almeria,2024,2,hotel 3 estrellas,71.57
ES,01,04,andalucia,andalucia,almeria,2024,2,hotel 4 estrellas,65.4
ES,01,04,andalucia,andalucia,almeria,2024,2,hotel 5 estrellas,72.03
ES,01,04,andalucia,andalucia,almeria,2024,2,total,69.47
ES,01,11,andalucia,andalucia,cadiz,2024,2,hotel 3 estrellas,61.02
ES,01,11,andalucia,andalucia,cadiz,2024,2,hotel 4 estrellas,66.65
ES,01,11,andalucia,andalucia,cadiz,2024,2,hotel 5 estrellas,86.1
ES,01,11,andalucia,andalucia,cadiz,2024,2,total,65.02
ES,01,14,andalucia,andalucia,cordoba,2024,2,hotel 3 estrellas,80.04
ES,01,14,andalucia,andalucia,cordoba,2024,2,hotel 4 estrellas,78.84
ES,01,14,andalucia,andalucia,cordoba,2024,2,hotel 5 estrellas,92.09
ES,01,14,andalucia,andalucia,cordoba,2024,2,total,82.32
ES,01,18,andalucia,andalucia,granada,2024,2,hotel 3 estrellas,70.89
ES,01,18,andalucia,andalucia,granada,2024,2,hotel 4 estrellas,74.16
ES,01,18,andalucia,andalucia,granada,2024,2,hotel 5 estrellas,78.98
ES,01,18,andalucia,andalucia,granada,2024,2,total,74.11
ES,01,21,andalucia,andalucia,huelva,2024,2,hotel 3 estrellas,71.09
ES,01,21,andalucia,andalucia,huelva,2024,2,hotel 4 estrellas,61.67
ES,01,21,andalucia,andalucia,huelva,2024,2,hotel 5 estrellas,72.03
ES,01,21,andalucia,andalucia,huelva,2024,2,total,65.95
ES,01,23,andalucia,andalucia,jaen,2024,2,hotel 3 estrellas,79.1
ES,01,23,andalucia,andalucia,jaen,2024,2,hotel 4 estrellas,85.35
ES,01,23,andalucia,andalucia,jaen,2024,2,hotel 5 estrellas,22.42
ES,01,23,andalucia,andalucia,jaen,2024,2,total,87.76
ES,01,29,andalucia,andalucia,malaga,2024,2,hotel 3 estrellas,70.8
ES,01,29,andalucia,andalucia,malaga,2024,2,hotel 4 estrellas,77.76
ES,01,29,andalucia,andalucia,malaga,2024,2,hotel 5 estrellas,81.37
ES,01,29,andalucia,andalucia,malaga,2024,2,total,75.21
ES,01,41,andalucia,andalucia,sevilla,2024,2,hotel 3 estrellas,67.06
ES,01,41,andalucia,andalucia,sevilla,2024,2,hotel 4 estrellas,80.96
ES,01,41,andalucia,andalucia,sevilla,2024,2,hotel 5 estrellas,71.19
ES,01,41,andalucia,andalucia,sevilla,2024,2,total,76.85
ES,02,22,aragon,aragon,huesca,2024,2,hotel 3 estrellas,81.89
ES,02,22,aragon,aragon,huesca,2024,2,hotel 4 estrellas,92.47
ES,02,22,aragon,aragon,huesca,2024,2,hotel 5 estrellas,90.88
ES,02,22,aragon,aragon,huesca,2024,2,total,63.73
ES,02,44,aragon,aragon,teruel,2024,2,hotel 3 estrellas,73.07
ES,02,44,aragon,aragon,teruel,2024,2,hotel 4 estrellas,71.96
ES,02,44,aragon,aragon,teruel,2024,2,hotel 5 estrellas,90.88
ES,02,44,aragon,aragon,teruel,2024,2,total,74.56
ES,02,50,aragon,aragon,zaragoza,2024,2,hotel 3 estrellas,82.6
ES,02,50,aragon,aragon,zaragoza,2024,2,hotel 4 estrellas,76.75
ES,02,50,aragon,aragon,zaragoza,2024,2,hotel 5 estrellas,90.88
ES,02,50,aragon,aragon,zaragoza,2024,2,total,77.88
ES,03,33,"asturias, principado de",asturias,asturias,2024,2,hotel 3 estrellas,82.91
ES,03,33,"asturias, principado de",asturias,asturias,2024,2,hotel 4 estrellas,85.17
ES,03,33,"asturias, principado de",asturias,asturias,2024,2,hotel 5 estrellas,91.07
ES,03,33,"asturias, principado de",asturias,asturias,2024,2,total,81.56
ES,04,07,"balears, illes",balears,illes balears,2024,2,hotel 3 estrellas,74.04
ES,04,07,"balears, illes",balears,illes balears,2024,2,hotel 4 estrellas,76.36
ES,04,07,"balears, illes",balears,illes balears,2024,2,hotel 5 estrellas,86.59
ES,04,07,"balears, illes",balears,illes balears,2024,2,total,77.47
ES,05,35,canarias,canarias,las palmas,2024,2,hotel 3 estrellas,62.99
ES,05,35,canarias,canarias,las palmas,2024,2,hotel 4 estrellas,65.37
ES,05,35,canarias,canarias,las palmas,2024,2,hotel 5 estrellas,72.55
ES,05,35,canarias,canarias,las palmas,2024,2,total,64.67
ES,05,38,canarias,canarias,santa cruz de tenerife,2024,2,hotel 3 estrellas,53.67
ES,05,38,canarias,canarias,santa cruz de tenerife,2024,2,hotel 4 estrellas,53.15
ES,05,38,canarias,canarias,santa cruz de tenerife,2024,2,hotel 5 estrellas,75.84
ES,05,38,canarias,canarias,santa cruz de tenerife,2024,2,total,57.87
ES,06,39,cantabria,cantabria,cantabria,2024,2,hotel 3 estrellas,78.26
ES,06,39,cantabria,cantabria,cantabria,2024,2,hotel 4 estrellas,90.06
ES,06,39,cantabria,cantabria,cantabria,2024,2,hotel 5 estrellas,100.0
ES,06,39,cantabria,cantabria,cantabria,2024,2,total,86.65
ES,07,05,castilla y leon,castilla y leon,avila,2024,2,hotel 3 estrellas,72.87
ES,07,05,castilla y leon,castilla y leon,avila,2024,2,hotel 4 estrellas,69.99
ES,07,05,castilla y leon,castilla y leon,avila,2024,2,hotel 5 estrellas,98.82
ES,07,05,castilla y leon,castilla y leon,avila,2024,2,total,71.55
ES,07,09,castilla y leon,castilla y leon,burgos,2024,2,hotel 3 estrellas,75.19
ES,07,09,castilla y leon,castilla y leon,burgos,2024,2,hotel 4 estrellas,80.15
ES,07,09,castilla y leon,castilla y leon,burgos,2024,2,hotel 5 estrellas,97.03
ES,07,09,castilla y leon,castilla y leon,burgos,2024,2,total,78.47
ES,07,24,castilla y leon,castilla y leon,leon,2024,2,hotel 3 estrellas,67.39
ES,07,24,castilla y leon,castilla y leon,leon,2024,2,hotel 4 estrellas,81.42
ES,07,24,castilla y leon,castilla y leon,leon,2024,2,hotel 5 estrellas,92.86
ES,07,24,castilla y leon,castilla y leon,leon,2024,2,total,77.66
ES,07,34,castilla y leon,castilla y leon,palencia,2024,2,hotel 3 estrellas,93.69
ES,07,34,castilla y leon,castilla y leon,palencia,2024,2,hotel 4 estrellas,85.76
ES,07,34,castilla y leon,castilla y leon,palencia,2024,2,hotel 5 estrellas,92.86
ES,07,34,castilla y leon,castilla y leon,palencia,2024,2,total,92.27
ES,07,37,castilla y leon,castilla y leon,salamanca,2024,2,hotel 3 estrellas,77.83
ES,07,37,castilla y leon,castilla y leon,salamanca,2024,2,hotel 4 estrellas,68.84
ES,07,37,castilla y leon,castilla y leon,salamanca,2024,2,hotel 5 estrellas,90.79
ES,07,37,castilla y leon,castilla y leon,salamanca,2024,2,total,79.9
ES,07,40,castilla y leon,castilla y leon,segovia,2024,2,hotel 3 estrellas,91.57
ES,07,40,castilla y leon,castilla y leon,segovia,2024,2,hotel 4 estrellas,80.64
ES,07,40,castilla y leon,castilla y leon,segovia,2024,2,hotel 5 estrellas,83.32
ES,07,40,castilla y leon,castilla y leon,segovia,2024,2,total,92.18
ES,07,42,castilla y leon,castilla y leon,soria,2024,2,hotel 3 estrellas,74.18
ES,07,42,castilla y leon,castilla y leon,soria,2024,2,hotel 4 estrellas,84.86
ES,07,42,castilla y leon,castilla y leon,soria,2024,2,hotel 5 estrellas,92.86
ES,07,42,castilla y leon,castilla y leon,soria,2024,2,total,79.74
ES,07,47,castilla y leon,castilla y leon,valladolid,2024,2,hotel 3 estrellas,87.33
ES,07,47,castilla y leon,castilla y leon,valladolid,2024,2,hotel 4 estrellas,76.94
ES,07,47,castilla y leon,castilla y leon,valladolid,2024,2,hotel 5 estrellas,87.18
ES,07,47,castilla y leon,castilla y leon,valladolid,2024,2,total,77.7
ES,07,49,castilla y leon,castilla y leon,zamora,2024,2,hotel 3 estrellas,88.16
ES,07,49,castilla y leon,castilla y leon,zamora,2024,2,hotel 4 estrellas,70.1
ES,07,49,castilla y leon,castilla y leon,zamora,2024,2,hotel 5 estrellas,100.0
ES,07,49,castilla y leon,castilla y leon,zamora,2024,2,total,79.05
ES,08,02,castilla-la mancha,castilla-la mancha,albacete,2024,2,hotel 3 estrellas,61.15
ES,08,02,castilla-la mancha,castilla-la mancha,albacete,2024,2,hotel 4 estrellas,68.49
ES,08,02,castilla-la mancha,castilla-la mancha,albacete,2024,2,hotel 5 estrellas,80.88
ES,08,02,castilla-la mancha,castilla-la mancha,albacete,2024,2,total,73.62
ES,08,13,castilla-la mancha,castilla-la mancha,ciudad real,2024,2,hotel 3 estrellas,71.89
ES,08,13,castilla-la mancha,castilla-la mancha,ciudad real,2024,2,hotel 4 estrellas,82.08
ES,08,13,castilla-la mancha,castilla-la mancha,ciudad real,2024,2,hotel 5 estrellas,80.88
ES,08,13,castilla-la mancha,castilla-la mancha,ciudad real,2024,2,total,78.98
ES,08,16,castilla-la mancha,castilla-la mancha,cuenca,2024,2,hotel 3 estrellas,78.03
ES,08,16,castilla-la mancha,castilla-la mancha,cuenca,2024,2,hotel 4 estrellas,80.02
ES,08,16,castilla-la mancha,castilla-la mancha,cuenca,2024,2,hotel 5 estrellas,80.88
ES,08,16,castilla-la mancha,castilla-la mancha,cuenca,2024,2,total,79.58
ES,08,19,castilla-la mancha,castilla-la mancha,guadalajara,2024,2,hotel 3 estrellas,83.8
ES,08,19,castilla-la mancha,castilla-la mancha,guadalajara,2024,2,hotel 4 estrellas,70.07
ES,08,19,castilla-la mancha,castilla-la mancha,guadalajara,2024,2,hotel 5 estrellas,80.88
ES,08,19,castilla-la mancha,castilla-la mancha,guadalajara,2024,2,total,74.29
ES,08,45,castilla-la mancha,castilla-la mancha,toledo,2024,2,hotel 3 estrellas,70.73
ES,08,45,castilla-la mancha,castilla-la mancha,toledo,2024,2,hotel 4 estrellas,82.68
ES,08,45,castilla-la mancha,castilla-la mancha,toledo,2024,2,hotel 5 estrellas,80.88
ES,08,45,castilla-la mancha,castilla-la mancha,toledo,2024,2,total,77.66
ES,09,08,cataluna,cataluna,barcelona,2024,2,hotel 3 estrellas,73.43
ES,09,08,cataluna,cataluna,barcelona,2024,2,hotel 4 estrellas,73.77
ES,09,08,cataluna,cataluna,barcelona,2024,2,hotel 5 estrellas,80.1
ES,09,08,cataluna,cataluna,barcelona,2024,2,total,74.12
ES,09,17,cataluna,cataluna,girona,2024,2,hotel 3 estrellas,68.47
ES,09,17,cataluna,cataluna,girona,2024,2,hotel 4 estrellas,67.3
ES,09,17,cataluna,cataluna,girona,2024,2,hotel 5 estrellas,82.61
ES,09,17,cataluna,cataluna,girona,2024,2,total,73.35
ES,09,25,cataluna,cataluna,lleida,2024,2,hotel 3 estrellas,85.59
ES,09,25,cataluna,cataluna,lleida,2024,2,hotel 4 estrellas,74.74
ES,09,25,cataluna,cataluna,lleida,2024,2,hotel 5 estrellas,87.74
ES,09,25,cataluna,cataluna,lleida,2024,2,total,79.68
ES,09,43,cataluna,cataluna,tarragona,2024,2,hotel 3 estrellas,72.77
ES,09,43,cataluna,cataluna,tarragona,2024,2,hotel 4 estrellas,56.5
ES,09,43,cataluna,cataluna,tarragona,2024,2,hotel 5 estrellas,83.48
ES,09,43,cataluna,cataluna,tarragona,2024,2,total,65.77
ES,10,03,comunitat valenciana,comunitat valenciana,alicante/alacant,2024,2,hotel 3 estrellas,67.02
ES,10,03,comunitat valenciana,comunitat valenciana,alicante/alacant,2024,2,hotel 4 estrellas,66.72
ES,10,03,comunitat valenciana,comunitat valenciana,alicante/alacant,2024,2,hotel 5 estrellas,87.8
ES,10,03,comunitat valenciana,comunitat valenciana,alicante/alacant,2024,2,total,66.88
ES,10,12,comunitat valenciana,comunitat valenciana,castellon/castello,2024,2,hotel 3 estrellas,64.7
ES,10,12,comunitat valenciana,comunitat valenciana,castellon/castello,2024,2,hotel 4 estrellas,85.53
ES,10,12,comunitat valenciana,comunitat valenciana,castellon/castello,2024,2,hotel 5 estrellas,80.22
ES,10,12,comunitat valenciana,comunitat valenciana,castellon/castello,2024,2,total,73.26
ES,10,46,comunitat valenciana,comunitat valenciana,valencia/valencia,2024,2,hotel 3 estrellas,75.63
ES,10,46,comunitat valenciana,comunitat valenciana,valencia/valencia,2024,2,hotel 4 estrellas,79.01
ES,10,46,comunitat valenciana,comunitat valenciana,valencia/valencia,2024,2,hotel 5 estrellas,72.65
ES,10,46,comunitat valenciana,comunitat valenciana,valencia/valencia,2024,2,total,76.06
ES,11,06,extremadura,extremadura,badajoz,2024,2,hotel 3 estrellas,64.88
ES,11,06,extremadura,extremadura,badajoz,2024,2,hotel 4 estrellas,73.62
ES,11,06,extremadura,extremadura,badajoz,2024,2,hotel 5 estrellas,77.63
ES,11,06,extremadura,extremadura,badajoz,2024,2,total,68.81
ES,11,10,extremadura,extremadura,caceres,2024,2,hotel 3 estrellas,75.84
ES,11,10,extremadura,extremadura,caceres,2024,2,hotel 4 estrellas,77.31
ES,11,10,extremadura,extremadura,caceres,2024,2,hotel 5 estrellas,95.19
ES,11,10,extremadura,extremadura,caceres,2024,2,total,84.58
ES,12,15,galicia,galicia,a coruna,2024,2,hotel 3 estrellas,85.58
ES,12,15,galicia,galicia,a coruna,2024,2,hotel 4 estrellas,89.43
ES,12,15,galicia,galicia,a coruna,2024,2,hotel 5 estrellas,85.31
ES,12,15,galicia,galicia,a coruna,2024,2,total,89.58
ES,12,27,galicia,galicia,lugo,2024,2,hotel 3 estrellas,78.72
ES,12,27,galicia,galicia,lugo,2024,2,hotel 4 estrellas,80.56
ES,12,27,galicia,galicia,lugo,2024,2,hotel 5 estrellas,92.22
ES,12,27,galicia,galicia,lugo,2024,2,total,69.84
ES,12,32,galicia,galicia,ourense,2024,2,hotel 3 estrellas,75.86
ES,12,32,galicia,galicia,ourense,2024,2,hotel 4 estrellas,83.36
ES,12,32,galicia,galicia,ourense,2024,2,hotel 5 estrellas,92.22
ES,12,32,galicia,galicia,ourense,2024,2,total,81.22
ES,12,36,galicia,galicia,pontevedra,2024,2,hotel 3 estrellas,63.29
ES,12,36,galicia,galicia,pontevedra,2024,2,hotel 4 estrellas,80.09
ES,12,36,galicia,galicia,pontevedra,2024,2,hotel 5 estrellas,99.12
ES,12,36,galicia,galicia,pontevedra,2024,2,total,84.24
ES,13,28,"madrid, comunidad de",madrid,madrid,2024,2,hotel 3 estrellas,68.52
ES,13,28,"madrid, comunidad de",madrid,madrid,2024,2,hotel 4 estrellas,75.71
ES,13,28,"madrid, comunidad de",madrid,madrid,2024,2,hotel 5 estrellas,79.92
ES,13,28,"madrid, comunidad de",madrid,madrid,2024,2,total,73.73
ES,14,30,"murcia, region de",murcia,murcia,2024,2,hotel 3 estrellas,75.04
ES,14,30,"murcia, region de",murcia,murcia,2024,2,hotel 4 estrellas,76.3
ES,14,30,"murcia, region de",murcia,murcia,2024,2,hotel 5 estrellas,70.56
ES,14,30,"murcia, region de",murcia,murcia,2024,2,total,73.21
ES,15,31,"navarra, comunidad foral de",navarra,navarra,2024,2,hotel 3 estrellas,79.58
ES,15,31,"navarra, comunidad foral de",navarra,navarra,2024,2,hotel 4 estrellas,87.89
ES,15,31,"navarra, comunidad foral de",navarra,navarra,2024,2,hotel 5 estrellas,84.65
ES,15,31,"navarra, comunidad foral de",navarra,navarra,2024,2,total,86.77
ES,16,01,pais vasco,pais vasco,araba/alava,2024,2,hotel 3 estrellas,66.4
ES,16,01,pais vasco,pais vasco,araba/alava,2024,2,hotel 4 estrellas,87.14
ES,16,01,pais vasco,pais vasco,araba/alava,2024,2,hotel 5 estrellas,76.18
ES,16,01,pais vasco,pais vasco,araba/alava,2024,2,total,82.33
ES,16,48,pais vasco,pais vasco,bizkaia,2024,2,hotel 3 estrellas,73.79
ES,16,48,pais vasco,pais vasco,bizkaia,2024,2,hotel 4 estrellas,84.08
ES,16,48,pais vasco,pais vasco,bizkaia,2024,2,hotel 5 estrellas,85.55
ES,16,48,pais vasco,pais vasco,bizkaia,2024,2,total,82.4
ES,16,20,pais vasco,pais vasco,gipuzkoa,2024,2,hotel 3 estrellas,84.01
ES,16,20,pais vasco,pais vasco,gipuzkoa,2024,2,hotel 4 estrellas,87.08
ES,16,20,pais vasco,pais vasco,gipuzkoa,2024,2,hotel 5 estrellas,81.02
ES,16,20,pais vasco,pais vasco,gipuzkoa,2024,2,total,87.07
ES,17,26,"rioja, la",rioja,la rioja,2024,2,hotel 3 estrellas,50.72
ES,17,26,"rioja, la",rioja,la rioja,2024,2,hotel 4 estrellas,83.66
ES,17,26,"rioja, la",rioja,la rioja,2024,2,hotel 5 estrellas,100.0
ES,17,26,"rioja, la",rioja,la rioja,2024,2,total,57.94
ES,01,04,andalucia,andalucia,almeria,2024,3,hotel 3 estrellas,76.04
ES,01,04,andalucia,andalucia,almeria,2024,3,hotel 4 estrellas,66.9
ES,01,04,andalucia,andalucia,almeria,2024,3,hotel 5 estrellas,64.85
ES,01,04,andalucia,andalucia,almeria,2024,3,total,71.84
ES,01,11,andalucia,andalucia,cadiz,2024,3,hotel 3 estrellas,74.35
ES,01,11,andalucia,andalucia,cadiz,2024,3,hotel 4 estrellas,75.62
ES,01,11,andalucia,andalucia,cadiz,2024,3,hotel 5 estrellas,74.05
ES,01,11,andalucia,andalucia,cadiz,2024,3,total,77.86
ES,01,14,andalucia,andalucia,cordoba,2024,3,hotel 3 estrellas,80.04
ES,01,14,andalucia,andalucia,cordoba,2024,3,hotel 4 estrellas,83.6
ES,01,14,andalucia,andalucia,cordoba,2024,3,hotel 5 estrellas,63.21
ES,01,14,andalucia,andalucia,cordoba,2024,3,total,81.23
ES,01,18,andalucia,andalucia,granada,2024,3,hotel 3 estrellas,74.76
ES,01,18,andalucia,andalucia,granada,2024,3,hotel 4 estrellas,73.22
ES,01,18,andalucia,andalucia,granada,2024,3,hotel 5 estrellas,72.79
ES,01,18,andalucia,andalucia,granada,2024,3,total,74.57
ES,01,21,andalucia,andalucia,huelva,2024,3,hotel 3 estrellas,52.47
ES,01,21,andalucia,andalucia,huelva,2024,3,hotel 4 estrellas,49.4
ES,01,21,andalucia,andalucia,huelva,2024,3,hotel 5 estrellas,64.85
ES,01,21,andalucia,andalucia,huelva,2024,3,total,50.71
ES,01,23,andalucia,andalucia,jaen,2024,3,hotel 3 estrellas,78.22
ES,01,23,andalucia,andalucia,jaen,2024,3,hotel 4 estrellas,79.16
ES,01,23,andalucia,andalucia,jaen,2024,3,hotel 5 estrellas,13.37
ES,01,23,andalucia,andalucia,jaen,2024,3,total,75.92
ES,01,29,andalucia,andalucia,malaga,2024,3,hotel 3 estrellas,67.38
ES,01,29,andalucia,andalucia,malaga,2024,3,hotel 4 estrellas,71.45
ES,01,29,andalucia,andalucia,malaga,2024,3,hotel 5 estrellas,80.25
ES,01,29,andalucia,andalucia,malaga,2024,3,total,70.03
ES,01,41,andalucia,andalucia,sevilla,2024,3,hotel 3 estrellas,74.04
ES,01,41,andalucia,andalucia,sevilla,2024,3,hotel 4 estrellas,80.36
ES,01,41,andalucia,andalucia,sevilla,2024,3,hotel 5 estrellas,85.42
ES,01,41,andalucia,andalucia,sevilla,2024,3,total,78.28
ES,02,22,aragon,aragon,huesca,2024,3,hotel 3 estrellas,76.21
ES,02,22,aragon,aragon,huesca,2024,3,hotel 4 estrellas,78.89
ES,02,22,aragon,aragon,huesca,2024,3,hotel 5 estrellas,74.24
ES,02,22,aragon,aragon,huesca,2024,3,total,67.51
ES,02,44,aragon,aragon,teruel,2024,3,hotel 3 estrellas,79.37
ES,02,44,aragon,aragon,teruel,2024,3,hotel 4 estrellas,80.0
ES,02,44,aragon,aragon,teruel,2024,3,hotel 5 estrellas,74.24
ES,02,44,aragon,aragon,teruel,2024,3,total,82.49
ES,02,50,aragon,aragon,zaragoza,2024,3,hotel 3 estrellas,81.86
ES,02,50,aragon,aragon,zaragoza,2024,3,hotel 4 estrellas,63.93
ES,02,50,aragon,aragon,zaragoza,2024,3,hotel 5 estrellas,74.24
ES,02,50,aragon,aragon,zaragoza,2024,3,total,71.65
ES,03,33,"asturias, principado de",asturias,asturias,2024,3,hotel 3 estrellas,79.26
ES,03,33,"asturias, principado de",asturias,asturias,2024,3,hotel 4 estrellas,76.26
ES,03,33,"asturias, principado de",asturias,asturias,2024,3,hotel 5 estrellas,88.23
ES,03,33,"asturias, principado de",asturias,asturias,2024,3,total,80.32
ES,04,07,"balears, illes",balears,illes balears,2024,3,hotel 3 estrellas,76.98
ES,04,07,"balears, illes",balears,illes balears,2024,3,hotel 4 estrellas,75.96
ES,04,07,"balears, illes",balears,illes balears,2024,3,hotel 5 estrellas,88.78
ES,04,07,"balears, illes",balears,illes balears,2024,3,total,77.39
ES,05,35,canarias,canarias,las palmas,2024,3,hotel 3 estrellas,64.52
ES,05,35,canarias,canarias,las palmas,2024,3,hotel 4 estrellas,62.13
ES,05,35,canarias,canarias,las palmas,2024,3,hotel 5 estrellas,74.94
ES,05,35,canarias,canarias,las palmas,2024,3,total,64.83
ES,05,38,canarias,canarias,santa cruz de tenerife,2024,3,hotel 3 estrellas,59.2
ES,05,38,canarias,canarias,santa cruz de tenerife,2024,3,hotel 4 estrellas,50.43
ES,05,38,canarias,canarias,santa cruz de tenerife,2024,3,hotel 5 estrellas,73.63
ES,05,38,canarias,canarias,santa cruz de tenerife,2024,3,total,54.31
ES,06,39,cantabria,cantabria,cantabria,2024,3,hotel 3 estrellas,80.85
ES,06,39,cantabria,cantabria,cantabria,2024,3,hotel 4 estrellas,81.27
ES,06,39,cantabria,cantabria,cantabria,2024,3,hotel 5 estrellas,77.6
ES,06,39,cantabria,cantabria,cantabria,2024,3,total,83.65
ES,07,05,castilla y leon,castilla y leon,avila,2024,3,hotel 3 estrellas,85.36
ES,07,05,castilla y leon,castilla y leon,avila,2024,3,hotel 4 estrellas,82.83
ES,07,05,castilla y leon,castilla y leon,avila,2024,3,hotel 5 estrellas,98.35
ES,07,05,castilla y leon,castilla y leon,avila,2024,3,total,83.67
ES,07,09,castilla y leon,castilla y leon,burgos,2024,3,hotel 3 estrellas,78.6
ES,07,09,castilla y leon,castilla y leon,burgos,2024,3,hotel 4 estrellas,76.03
ES,07,09,castilla y leon,castilla y leon,burgos,2024,3,hotel 5 estrellas,83.25
ES,07,09,castilla y leon,castilla y leon,burgos,2024,3,total,79.04
ES,07,24,castilla y leon,castilla y leon,leon,2024,3,hotel 3 estrellas,83.54
ES,07,24,castilla y leon,castilla y leon,leon,2024,3,hotel 4 estrellas,78.12
ES,07,24,castilla y leon,castilla y leon,leon,2024,3,hotel 5 estrellas,92.62
ES,07,24,castilla y leon,castilla y leon,leon,2024,3,total,83.59
ES,07,34,castilla y leon,castilla y leon,palencia,2024,3,hotel 3 estrellas,72.52
ES,07,34,castilla y leon,castilla y leon,palencia,2024,3,hotel 4 estrellas,82.4
ES,07,34,castilla y leon,castilla y leon,palencia,2024,3,hotel 5 estrellas,92.62
ES,07,34,castilla y leon,castilla y leon,palencia,2024,3,total,79.59
ES,07,37,castilla y leon,castilla y leon,salamanca,2024,3,hotel 3 estrellas,77.37
ES,07,37,castilla y leon,castilla y leon,salamanca,2024,3,hotel 4 estrellas,69.68
ES,07,37,castilla y leon,castilla y leon,salamanca,2024,3,hotel 5 estrellas,89.02
ES,07,37,castilla y leon,castilla y leon,salamanca,2024,3,total,74.92
ES,07,40,castilla y leon,castilla y leon,segovia,2024,3,hotel 3 estrellas,84.69
ES,07,40,castilla y leon,castilla y leon,segovia,2024,3,hotel 4 estrellas,90.12
ES,07,40,castilla y leon,castilla y leon,segovia,2024,3,hotel 5 estrellas,92.41
ES,07,40,castilla y leon,castilla y leon,segovia,2024,3,total,72.46
ES,07,42,castilla y leon,castilla y leon,soria,2024,3,hotel 3 estrellas,82.52
ES,07,42,castilla y leon,castilla y leon,soria,2024,3,hotel 4 estrellas,69.1
ES,07,42,castilla y leon,castilla y leon,soria,2024,3,hotel 5 estrellas,92.62
ES,07,42,castilla y leon,castilla y leon,soria,2024,3,total,76.75
ES,07,47,castilla y leon,castilla y leon,valladolid,2024,3,hotel 3 estrellas,79.57
ES,07,47,castilla y leon,castilla y leon,valladolid,2024,3,hotel 4 estrellas,84.07
ES,07,47,castilla y leon,castilla y leon,valladolid,2024,3,hotel 5 estrellas,95.42
ES,07,47,castilla y leon,castilla y leon,valladolid,2024,3,total,77.31
ES,07,49,castilla y leon,castilla y leon,zamora,2024,3,hotel 3 estrellas,86.37
ES,07,49,castilla y leon,castilla y leon,zamora,2024,3,hotel 4 estrellas,64.76
ES,07,49,castilla y leon,castilla y leon,zamora,2024,3,hotel 5 estrellas,97.28
ES,07,49,castilla y leon,castilla y leon,zamora,2024,3,total,76.23
ES,08,02,castilla-la mancha,castilla-la mancha,albacete,2024,3,hotel 3 estrellas,72.56
ES,08,02,castilla-la mancha,castilla-la mancha,albacete,2024,3,hotel 4 estrellas,75.77
ES,08,02,castilla-la mancha,castilla-la mancha,albacete,2024,3,hotel 5 estrellas,94.21
ES,08,02,castilla-la mancha,castilla-la mancha,albacete,2024,3,total,74.19
ES,08,13,castilla-la mancha,castilla-la mancha,ciudad real,2024,3,hotel 3 estrellas,66.52
ES,08,13,castilla-la mancha,castilla-la mancha,ciudad real,2024,3,hotel 4 estrellas,60.64
ES,08,13,castilla-la mancha,castilla-la mancha,ciudad real,2024,3,hotel 5 estrellas,94.21
ES,08,13,castilla-la mancha,castilla-la mancha,ciudad real,2024,3,total,64.4
ES,08,16,castilla-la mancha,castilla-la mancha,cuenca,2024,3,hotel 3 estrellas,72.89
ES,08,16,castilla-la mancha,castilla-la mancha,cuenca,2024,3,hotel 4 estrellas,85.59
ES,08,16,castilla-la mancha,castilla-la mancha,cuenca,2024,3,hotel 5 estrellas,94.21
ES,08,16,castilla-la mancha,castilla-la mancha,cuenca,2024,3,total,87.05
ES,08,19,castilla-la mancha,castilla-la mancha,guadalajara,2024,3,hotel 3 estrellas,89.43
ES,08,19,castilla-la mancha,castilla-la mancha,guadalajara,2024,3,hotel 4 estrellas,80.6
ES,08,19,castilla-la mancha,castilla-la mancha,guadalajara,2024,3,hotel 5 estrellas,94.21
ES,08,19,castilla-la mancha,castilla-la mancha,guadalajara,2024,3,total,83.72
ES,08,45,castilla-la mancha,castilla-la mancha,toledo,2024,3,hotel 3 estrellas,74.46
ES,08,45,castilla-la mancha,castilla-la mancha,toledo,2024,3,hotel 4 estrellas,77.98
ES,08,45,castilla-la mancha,castilla-la mancha,toledo,2024,3,hotel 5 estrellas,94.21
ES,08,45,castilla-la mancha,castilla-la mancha,toledo,2024,3,total,76.09
ES,09,08,cataluna,cataluna,barcelona,2024,3,hotel 3 estrellas,72.52
ES,09,08,cataluna,cataluna,barcelona,2024,3,hotel 4 estrellas,71.92
ES,09,08,cataluna,cataluna,barcelona,2024,3,hotel 5 estrellas,80.05
ES,09,08,cataluna,cataluna,barcelona,2024,3,total,72.56
ES,09,17,cataluna,cataluna,girona,2024,3,hotel 3 estrellas,82.99
ES,09,17,cataluna,cataluna,girona,2024,3,hotel 4 estrellas,74.72
ES,09,17,cataluna,cataluna,girona,2024,3,hotel 5 estrellas,72.75
ES,09,17,cataluna,cataluna,girona,2024,3,total,78.39
ES,09,25,cataluna,cataluna,lleida,2024,3,hotel 3 estrellas,89.87
ES,09,25,cataluna,cataluna,lleida,2024,3,hotel 4 estrellas,77.21
ES,09,25,cataluna,cataluna,lleida,2024,3,hotel 5 estrellas,79.74
ES,09,25,cataluna,cataluna,lleida,2024,3,total,83.27
ES,09,43,cataluna,cataluna,tarragona,2024,3,hotel 3 estrellas,66.85
ES,09,43,cataluna,cataluna,tarragona,2024,3,hotel 4 estrellas,68.4
ES,09,43,cataluna,cataluna,tarragona,2024,3,hotel 5 estrellas,68.51
ES,09,43,cataluna,cataluna,tarragona,2024,3,total,64.17
ES,10,03,comunitat valenciana,comunitat valenciana,alicante/alacant,2024,3,hotel 3 estrellas,57.69
ES,10,03,comunitat valenciana,comunitat valenciana,alicante/alacant,2024,3,hotel 4 estrellas,73.07
ES,10,03,comunitat valenciana,comunitat valenciana,alicante/alacant,2024,3,hotel 5 estrellas,65.73
ES,10,03,comunitat valenciana,comunitat valenciana,alicante/alacant,2024,3,total,67.55
ES,10,12,comunitat valenciana,comunitat valenciana,castellon/castello,2024,3,hotel 3 estrellas,79.52
ES,10,12,comunitat valenciana,comunitat valenciana,castellon/castello,2024,3,hotel 4 estrellas,69.68
ES,10,12,comunitat valenciana,comunitat valenciana,castellon/castello,2024,3,hotel 5 estrellas,75.12
ES,10,12,comunitat valenciana,comunitat valenciana,castellon/castello,2024,3,total,77.11
ES,10,46,comunitat valenciana,comunitat valenciana,valencia/valencia,2024,3,hotel 3 estrellas,74.29
ES,10,46,comunitat valenciana,comunitat valenciana,valencia/valencia,2024,3,hotel 4 estrellas,63.09
ES,10,46,comunitat valenciana,comunitat valenciana,valencia/valencia,2024,3,hotel 5 estrellas,84.51
ES,10,46,comunitat valenciana,comunitat valenciana,valencia/valencia,2024,3,total,70.46
ES,11,06,extremadura,extremadura,badajoz,2024,3,hotel 3 estrellas,56.95
ES,11,06,extremadura,extremadura,badajoz,2024,3,hotel 4 estrellas,70.8
ES,11,06,extremadura,extremadura,badajoz,2024,3,hotel 5 estrellas,86.85
ES,11,06,extremadura,extremadura,badajoz,2024,3,total,74.21
ES,11,10,extremadura,extremadura,caceres,2024,3,hotel 3 estrellas,62.23
ES,11,10,extremadura,extremadura,caceres,2024,3,hotel 4 estrellas,77.99
ES,11,10,extremadura,extremadura,caceres,2024,3,hotel 5 estrellas,82.02
ES,11,10,extremadura,extremadura,caceres,2024,3,total,76.26
ES,12,15,galicia,galicia,a coruna,2024,3,hotel 3 estrellas,88.15
ES,12,15,galicia,galicia,a coruna,2024,3,hotel 4 estrellas,90.68
ES,12,15,galicia,galicia,a coruna,2024,3,hotel 5 estrellas,82.44
ES,12,15,galicia,galicia,a coruna,2024,3,total,87.75
ES,12,27,galicia,galicia,lugo,2024,3,hotel 3 estrellas,82.14
ES,12,27,galicia,galicia,lugo,2024,3,hotel 4 estrellas,88.12
ES,12,27,galicia,galicia,lugo,2024,3,hotel 5 estrellas,89.44
ES,12,27,galicia,galicia,lugo,2024,3,total,87.66
ES,12,32,galicia,galicia,ourense,2024,3,hotel 3 estrellas,80.94
ES,12,32,galicia,galicia,ourense,2024,3,hotel 4 estrellas,84.99
ES,12,32,galicia,galicia,ourense,2024,3,hotel 5 estrellas,89.44
ES,12,32,galicia,galicia,ourense,2024,3,total,83.81
ES,12,36,galicia,galicia,pontevedra,2024,3,hotel 3 estrellas,72.53
ES,12,36,galicia,galicia,pontevedra,2024,3,hotel 4 estrellas,76.18
ES,12,36,galicia,galicia,pontevedra,2024,3,hotel 5 estrellas,96.43
ES,12,36,galicia,galicia,pontevedra,2024,3,total,76.03
ES,13,28,"madrid, comunidad de",madrid,madrid,2024,3,hotel 3 estrellas,69.36
ES,13,28,"madrid, comunidad de",madrid,madrid,2024,3,hotel 4 estrellas,73.44
ES,13,28,"madrid, comunidad de",madrid,madrid,2024,3,hotel 5 estrellas,77.61
ES,13,28,"madrid, comunidad de",madrid,madrid,2024,3,total,71.9
ES,14,30,"murcia, region de",murcia,murcia,2024,3,hotel 3 estrellas,80.65
ES,14,30,"murcia, region de",murcia,murcia,2024,3,hotel 4 estrellas,64.33
ES,14,30,"murcia, region de",murcia,murcia,2024,3,hotel 5 estrellas,72.3
ES,14,30,"murcia, region de",murcia,murcia,2024,3,total,71.24
ES,15,31,"navarra, comunidad foral de",navarra,navarra,2024,3,hotel 3 estrellas,79.82
ES,15,31,"navarra, comunidad foral de",navarra,navarra,2024,3,hotel 4 estrellas,87.59
ES,15,31,"navarra, comunidad foral de",navarra,navarra,2024,3,hotel 5 estrellas,83.96
ES,15,31,"navarra, comunidad foral de",navarra,navarra,2024,3,total,84.02
ES,16,01,pais vasco,pais vasco,araba/alava,2024,3,hotel 3 estrellas,66.68
ES,16,01,pais vasco,pais vasco,araba/alava,2024,3,hotel 4 estrellas,81.77
ES,16,01,pais vasco,pais vasco,araba/alava,2024,3,hotel 5 estrellas,63.1
ES,16,01,pais vasco,pais vasco,araba/alava,2024,3,total,63.18
ES,16,48,pais vasco,pais vasco,bizkaia,2024,3,hotel 3 estrellas,73.86
ES,16,48,pais vasco,pais vasco,bizkaia,2024,3,hotel 4 estrellas,84.05
ES,16,48,pais vasco,pais vasco,bizkaia,2024,3,hotel 5 estrellas,82.52
ES,16,48,pais vasco,pais vasco,bizkaia,2024,3,total,76.37
ES,16,20,pais vasco,pais vasco,gipuzkoa,2024,3,hotel 3 estrellas,86.88
ES,16,20,pais vasco,pais vasco,gipuzkoa,2024,3,hotel 4 estrellas,90.08
ES,16,20,pais vasco,pais vasco,gipuzkoa,2024,3,hotel 5 estrellas,88.59
ES,16,20,pais vasco,pais vasco,gipuzkoa,2024,3,total,89.46
ES,17,26,"rioja, la",rioja,la rioja,2024,3,hotel 3 estrellas,80.34
ES,17,26,"rioja, la",rioja,la rioja,2024,3,hotel 4 estrellas,79.43
ES,17,26,"rioja, la",rioja,la rioja,2024,3,hotel 5 estrellas,98.1
ES,17,26,"rioja, la",rioja,la rioja,2024,3,total,82.65
ES,01,04,andalucia,andalucia,almeria,2024,4,hotel 3 estrellas,68.75
ES,01,04,andalucia,andalucia,almeria,2024,4,hotel 4 estrellas,69.36
ES,01,04,andalucia,andalucia,almeria,2024,4,hotel 5 estrellas,72.36
ES,01,04,andalucia,andalucia,almeria,2024,4,total,63.23
ES,01,11,andalucia,andalucia,cadiz,2024,4,hotel 3 estrellas,72.04
ES,01,11,andalucia,andalucia,cadiz,2024,4,hotel 4 estrellas,75.56
ES,01,11,andalucia,andalucia,cadiz,2024,4,hotel 5 estrellas,87.27
ES,01,11,andalucia,andalucia,cadiz,2024,4,total,74.13
ES,01,14,andalucia,andalucia,cordoba,2024,4,hotel 3 estrellas,68.58
ES,01,14,andalucia,andalucia,cordoba,2024,4,hotel 4 estrellas,68.72
ES,01,14,andalucia,andalucia,cordoba,2024,4,hotel 5 estrellas,92.77
ES,01,14,andalucia,andalucia,cordoba,2024,4,total,65.93
ES,01,18,andalucia,andalucia,granada,2024,4,hotel 3 estrellas,73.09
ES,01,18,andalucia,andalucia,granada,2024,4,hotel 4 estrellas,69.03
ES,01,18,andalucia,andalucia,granada,2024,4,hotel 5 estrellas,68.22
ES,01,18,andalucia,andalucia,granada,2024,4,total,70.69
ES,01,21,andalucia,andalucia,huelva,2024,4,hotel 3 estrellas,62.66
ES,01,21,andalucia,andalucia,huelva,2024,4,hotel 4 estrellas,71.79
ES,01,21,andalucia,andalucia,huelva,2024,4,hotel 5 estrellas,72.36
ES,01,21,andalucia,andalucia,huelva,2024,4,total,66.3
ES,01,23,andalucia,andalucia,jaen,2024,4,hotel 3 estrellas,86.39
ES,01,23,andalucia,andalucia,jaen,2024,4,hotel 4 estrellas,80.84
ES,01,23,andalucia,andalucia,jaen,2024,4,hotel 5 estrellas,36.66
ES,01,23,andalucia,andalucia,jaen,2024,4,total,81.53
ES,01,29,andalucia,andalucia,malaga,2024,4,hotel 3 estrellas,66.58
ES,01,29,andalucia,andalucia,malaga,2024,4,hotel 4 estrellas,73.67
ES,01,29,andalucia,andalucia,malaga,2024,4,hotel 5 estrellas,74.59
ES,01,29,andalucia,andalucia,malaga,2024,4,total,70.42
ES,01,41,andalucia,andalucia,sevilla,2024,4,hotel 3 estrellas,61.83
ES,01,41,andalucia,andalucia,sevilla,2024,4,hotel 4 estrellas,72.2
ES,01,41,andalucia,andalucia,sevilla,2024,4,hotel 5 estrellas,74.63
ES,01,41,andalucia,andalucia,sevilla,2024,4,total,68.73
ES,02,22,aragon,aragon,huesca,2024,4,hotel 3 estrellas,76.65
ES,02,22,aragon,aragon,huesca,2024,4,hotel 4 estrellas,77.01
ES,02,22,aragon,aragon,huesca,2024,4,hotel 5 estrellas,72.04
ES,02,22,aragon,aragon,huesca,2024,4,total,78.61
ES,02,44,aragon,aragon,teruel,2024,4,hotel 3 estrellas,72.98
ES,02,44,aragon,aragon,teruel,2024,4,hotel 4 estrellas,71.91
ES,02,44,aragon,aragon,teruel,2024,4,hotel 5 estrellas,72.04
ES,02,44,aragon,aragon,teruel,2024,4,total,70.64
ES,02,50,aragon,aragon,zaragoza,2024,4,hotel 3 estrellas,75.41
ES,02,50,aragon,aragon,zaragoza,2024,4,hotel 4 estrellas,72.61
ES,02,50,aragon,aragon,zaragoza,2024,4,hotel 5 estrellas,72.04
ES,02,50,aragon,aragon,zaragoza,2024,4,total,68.65
ES,03,33,"asturias, principado de",asturias,asturias,2024,4,hotel 3 estrellas,85.47
ES,03,33,"asturias, principado de",asturias,asturias,2024,4,hotel 4 estrellas,83.71
ES,03,33,"asturias, principado de",asturias,asturias,2024,4,hotel 5 estrellas,83.46
ES,03,33,"asturias, principado de",asturias,asturias,2024,4,total,85.0
ES,04,07,"balears, illes",balears,illes balears,2024,4,hotel 3 estrellas,72.55
ES,04,07,"balears, illes",balears,illes balears,2024,4,hotel 4 estrellas,79.95
ES,04,07,"balears, illes",balears,illes balears,2024,4,hotel 5 estrellas,81.76
ES,04,07,"balears, illes",balears,illes balears,2024,4,total,77.13
ES,05,35,canarias,canarias,las palmas,2024,4,hotel 3 estrellas,64.36
ES,05,35,canarias,canarias,las palmas,2024,4,hotel 4 estrellas,62.52
ES,05,35,canarias,canarias,las palmas,2024,4,hotel 5 estrellas,80.26
ES,05,35,canarias,canarias,las palmas,2024,4,total,65.6
ES,05,38,canarias,canarias,santa cruz de tenerife,2024,4,hotel 3 estrellas,65.64
ES,05,38,canarias,canarias,santa cruz de tenerife,2024,4,hotel 4 estrellas,59.93
ES,05,38,canarias,canarias,santa cruz de tenerife,2024,4,hotel 5 estrellas,78.09
ES,05,38,canarias,canarias,santa cruz de tenerife,2024,4,total,61.12
ES,06,39,cantabria,cantabria,cantabria,2024,4,hotel 3 estrellas,85.14
ES,06,39,cantabria,cantabria,cantabria,2024,4,hotel 4 estrellas,91.69
ES,06,39,cantabria,cantabria,cantabria,2024,4,hotel 5 estrellas,95.52
ES,06,39,cantabria,cantabria,cantabria,2024,4,total,88.42
ES,07,05,castilla y leon,castilla y leon,avila,2024,4,hotel 3 estrellas,91.58
ES,07,05,castilla y leon,castilla y leon,avila,2024,4,hotel 4 estrellas,76.41
ES,07,05,castilla y leon,castilla y leon,avila,2024,4,hotel 5 estrellas,100.0
ES,07,05,castilla y leon,castilla y leon,avila,2024,4,total,80.69
ES,07,09,castilla y leon,castilla y leon,burgos,2024,4,hotel 3 estrellas,78.6
ES,07,09,castilla y leon,castilla y leon,burgos,2024,4,hotel 4 estrellas,81.13
ES,07,09,castilla y leon,castilla y leon,burgos,2024,4,hotel 5 estrellas,88.98
ES,07,09,castilla y leon,castilla y leon,burgos,2024,4,total,78.67
ES,07,24,castilla y leon,castilla y leon,leon,2024,4,hotel 3 estrellas,81.19
ES,07,24,castilla y leon,castilla y leon,leon,2024,4,hotel 4 estrellas,83.05
ES,07,24,castilla y leon,castilla y leon,leon,2024,4,hotel 5 estrellas,90.63
ES,07,24,castilla y leon,castilla y leon,leon,2024,4,total,81.21
ES,07,34,castilla y leon,castilla y leon,palencia,2024,4,hotel 3 estrellas,75.57
ES,07,34,castilla y leon,castilla y leon,palencia,2024,4,hotel 4 estrellas,80.33
ES,07,34,castilla y leon,castilla y leon,palencia,2024,4,hotel 5 estrellas,90.63
ES,07,34,castilla y leon,castilla y leon,palencia,2024,4,total,71.66
ES,07,37,castilla y leon,castilla y leon,salamanca,2024,4,hotel 3 estrellas,76.74
ES,07,37,castilla y leon,castilla y leon,salamanca,2024,4,hotel 4 estrellas,74.65
ES,07,37,castilla y leon,castilla y leon,salamanca,2024,4,hotel 5 estrellas,79.86
ES,07,37,castilla y leon,castilla y leon,salamanca,2024,4,total,78.69
ES,07,40,castilla y leon,castilla y leon,segovia,2024,4,hotel 3 estrellas,82.91
ES,07,40,castilla y leon,castilla y leon,segovia,2024,4,hotel 4 estrellas,70.2
ES,07,40,castilla y leon,castilla y leon,segovia,2024,4,hotel 5 estrellas,93.62
ES,07,40,castilla y leon,castilla y leon,segovia,2024,4,total,77.96
ES,07,42,castilla y leon,castilla y leon,soria,2024,4,hotel 3 estrellas,70.96
ES,07,42,castilla y leon,castilla y leon,soria,2024,4,hotel 4 estrellas,73.94
ES,07,42,castilla y leon,castilla y leon,soria,2024,4,hotel 5 estrellas,90.63
ES,07,42,castilla y leon,castilla y leon,soria,2024,4,total,60.91
ES,07,47,castilla y leon,castilla y leon,valladolid,2024,4,hotel 3 estrellas,58.78
ES,07,47,castilla y leon,castilla y leon,valladolid,2024,4,hotel 4 estrellas,62.91
ES,07,47,castilla y leon,castilla y leon,valladolid,2024,4,hotel 5 estrellas,81.31
ES,07,47,castilla y leon,castilla y leon,valladolid,2024,4,total,69.81
ES,07,49,castilla y leon,castilla y leon,zamora,2024,4,hotel 3 estrellas,72.36
ES,07,49,castilla y leon,castilla y leon,zamora,2024,4,hotel 4 estrellas,75.35
ES,07,49,castilla y leon,castilla y leon,zamora,2024,4,hotel 5 estrellas,100.0
ES,07,49,castilla y leon,castilla y leon,zamora,2024,4,total,73.42
ES,08,02,castilla-la mancha,castilla-la mancha,albacete,2024,4,hotel 3 estrellas,66.94
ES,08,02,castilla-la mancha,castilla-la mancha,albacete,2024,4,hotel 4 estrellas,65.72
ES,08,02,castilla-la mancha,castilla-la mancha,albacete,2024,4,hotel 5 estrellas,79.46
ES,08,02,castilla-la mancha,castilla-la mancha,albacete,2024,4,total,57.03
ES,08,13,castilla-la mancha,castilla-la mancha,ciudad real,2024,4,hotel 3 estrellas,83.35
ES,08,13,castilla-la mancha,castilla-la mancha,ciudad real,2024,4,hotel 4 estrellas,66.52
ES,08,13,castilla-la mancha,castilla-la mancha,ciudad real,2024,4,hotel 5 estrellas,71.63
ES,08,13,castilla-la mancha,castilla-la mancha,ciudad real,2024,4,total,75.27
ES,08,16,castilla-la mancha,castilla-la mancha,cuenca,2024,4,hotel 3 estrellas,60.42
ES,08,16,castilla-la mancha,castilla-la mancha,cuenca,2024,4,hotel 4 estrellas,70.25
ES,08,16,castilla-la mancha,castilla-la mancha,cuenca,2024,4,hotel 5 estrellas,79.46
ES,08,16,castilla-la mancha,castilla-la mancha,cuenca,2024,4,total,61.88
ES,08,19,castilla-la mancha,castilla-la mancha,guadalajara,2024,4,hotel 3 estrellas,86.85
ES,08,19,castilla-la mancha,castilla-la mancha,guadalajara,2024,4,hotel 4 estrellas,66.85
ES,08,19,castilla-la mancha,castilla-la mancha,guadalajara,2024,4,hotel 5 estrellas,79.46
ES,08,19,castilla-la mancha,castilla-la mancha,guadalajara,2024,4,total,71.65
ES,08,45,castilla-la mancha,castilla-la mancha,toledo,2024,4,hotel 3 estrellas,64.61
ES,08,45,castilla-la mancha,castilla-la mancha,toledo,2024,4,hotel 4 estrellas,66.17
ES,08,45,castilla-la mancha,castilla-la mancha,toledo,2024,4,hotel 5 estrellas,87.3
ES,08,45,castilla-la mancha,castilla-la mancha,toledo,2024,4,total,61.55
ES,09,08,cataluna,cataluna,barcelona,2024,4,hotel 3 estrellas,67.86
ES,09,08,cataluna,cataluna,barcelona,2024,4,hotel 4 estrellas,67.39
ES,09,08,cataluna,cataluna,barcelona,2024,4,hotel 5 estrellas,75.88
ES,09,08,cataluna,cataluna,barcelona,2024,4,total,68.04
ES,09,17,cataluna,cataluna,girona,2024,4,hotel 3 estrellas,68.86
ES,09,17,cataluna,cataluna,girona,2024,4,hotel 4 estrellas,68.85
ES,09,17,cataluna,cataluna,girona,2024,4,hotel 5 estrellas,82.43
ES,09,17,cataluna,cataluna,girona,2024,4,total,70.28
ES,09,25,cataluna,cataluna,lleida,2024,4,hotel 3 estrellas,78.8
ES,09,25,cataluna,cataluna,lleida,2024,4,hotel 4 estrellas,62.24
ES,09,25,cataluna,cataluna,lleida,2024,4,hotel 5 estrellas,84.9
ES,09,25,cataluna,cataluna,lleida,2024,4,total,73.43
ES,09,43,cataluna,cataluna,tarragona,2024,4,hotel 3 estrellas,63.04
ES,09,43,cataluna,cataluna,tarragona,2024,4,hotel 4 estrellas,70.24
ES,09,43,cataluna,cataluna,tarragona,2024,4,hotel 5 estrellas,55.17
ES,09,43,cataluna,cataluna,tarragona,2024,4,total,66.02
ES,10,03,comunitat valenciana,comunitat valenciana,alicante/alacant,2024,4,hotel 3 estrellas,61.36
ES,10,03,comunitat valenciana,comunitat valenciana,alicante/alacant,2024,4,hotel 4 estrellas,74.42
ES,10,03,comunitat valenciana,comunitat valenciana,alicante/alacant,2024,4,hotel 5 estrellas,85.01
ES,10,03,comunitat valenciana,comunitat valenciana,alicante/alacant,2024,4,total,68.12
ES,10,12,comunitat valenciana,comunitat valenciana,castellon/castello,2024,4,hotel 3 estrellas,73.11
ES,10,12,comunitat valenciana,comunitat valenciana,castellon/castello,2024,4,hotel 4 estrellas,85.3
ES,10,12,comunitat valenciana,comunitat valenciana,castellon/castello,2024,4,hotel 5 estrellas,82.93
ES,10,12,comunitat valenciana,comunitat valenciana,castellon/castello,2024,4,total,79.09
ES,10,46,comunitat valenciana,comunitat valenciana,valencia/valencia,2024,4,hotel 3 estrellas,69.65
ES,10,46,comunitat valenciana,comunitat valenciana,valencia/valencia,2024,4,hotel 4 estrellas,71.61
ES,10,46,comunitat valenciana,comunitat valenciana,valencia/valencia,2024,4,hotel 5 estrellas,80.84
ES,10,46,comunitat valenciana,comunitat valenciana,valencia/valencia,2024,4,total,71.0
ES,11,06,extremadura,extremadura,badajoz,2024,4,hotel 3 estrellas,61.28
ES,11,06,extremadura,extremadura,badajoz,2024,4,hotel 4 estrellas,69.62
ES,11,06,extremadura,extremadura,badajoz,2024,4,hotel 5 estrellas,72.88
ES,11,06,extremadura,extremadura,badajoz,2024,4,total,64.02
ES,11,10,extremadura,extremadura,caceres,2024,4,hotel 3 estrellas,82.5
ES,11,10,extremadura,extremadura,caceres,2024,4,hotel 4 estrellas,63.88
ES,11,10,extremadura,extremadura,caceres,2024,4,hotel 5 estrellas,95.72
ES,11,10,extremadura,extremadura,caceres,2024,4,total,75.95
ES,12,15,galicia,galicia,a coruna,2024,4,hotel 3 estrellas,81.18
ES,12,15,galicia,galicia,a coruna,2024,4,hotel 4 estrellas,78.55
ES,12,15,galicia,galicia,a coruna,2024,4,hotel 5 estrellas,91.52
ES,12,15,galicia,galicia,a coruna,2024,4,total,84.17
ES,12,27,galicia,galicia,lugo,2024,4,hotel 3 estrellas,79.4
ES,12,27,galicia,galicia,lugo,2024,4,hotel 4 estrellas,83.6
ES,12,27,galicia,galicia,lugo,2024,4,hotel 5 estrellas,88.9
ES,12,27,galicia,galicia,lugo,2024,4,total,88.94
ES,12,32,galicia,galicia,ourense,2024,4,hotel 3 estrellas,74.85
ES,12,32,galicia,galicia,ourense,2024,4,hotel 4 estrellas,76.64
ES,12,32,galicia,galicia,ourense,2024,4,hotel 5 estrellas,88.9
ES,12,32,galicia,galicia,ourense,2024,4,total,80.48
ES,12,36,galicia,galicia,pontevedra,2024,4,hotel 3 estrellas,63.97
ES,12,36,galicia,galicia,pontevedra,2024,4,hotel 4 estrellas,67.76
ES,12,36,galicia,galicia,pontevedra,2024,4,hotel 5 estrellas,86.29
ES,12,36,galicia,galicia,pontevedra,2024,4,total,68.32
ES,13,28,"madrid, comunidad de",madrid,madrid,2024,4,hotel 3 estrellas,64.41
ES,13,28,"madrid, comunidad de",madrid,madrid,2024,4,hotel 4 estrellas,72.27
ES,13,28,"madrid, comunidad de",madrid,madrid,2024,4,hotel 5 estrellas,73.11
ES,13,28,"madrid, comunidad de",madrid,madrid,2024,4,total,69.36
ES,14,30,"murcia, region de",murcia,murcia,2024,4,hotel 3 estrellas,77.55
ES,14,30,"murcia, region de",murcia,murcia,2024,4,hotel 4 estrellas,63.91
ES,14,30,"murcia, region de",murcia,murcia,2024,4,hotel 5 estrellas,51.71
ES,14,30,"murcia, region de",murcia,murcia,2024,4,total,71.56
ES,15,31,"navarra, comunidad foral de",navarra,navarra,2024,4,hotel 3 estrellas,77.08
ES,15,31,"navarra, comunidad foral de",navarra,navarra,2024,4,hotel 4 estrellas,84.45
ES,15,31,"navarra, comunidad foral de",navarra,navarra,2024,4,hotel 5 estrellas,85.06
ES,15,31,"navarra, comunidad foral de",navarra,navarra,2024,4,total,81.13
ES,16,01,pais vasco,pais vasco,araba/alava,2024,4,hotel 3 estrellas,72.95
ES,16,01,pais vasco,pais vasco,araba/alava,2024,4,hotel 4 estrellas,84.98
ES,16,01,pais vasco,pais vasco,araba/alava,2024,4,hotel 5 estrellas,25.49
ES,16,01,pais vasco,pais vasco,araba/alava,2024,4,total,78.71
ES,16,48,pais vasco,pais vasco,bizkaia,2024,4,hotel 3 estrellas,73.47
ES,16,48,pais vasco,pais vasco,bizkaia,2024,4,hotel 4 estrellas,84.89
ES,16,48,pais vasco,pais vasco,bizkaia,2024,4,hotel 5 estrellas,66.54
ES,16,48,pais vasco,pais vasco,bizkaia,2024,4,total,78.84
ES,16,20,pais vasco,pais vasco,gipuzkoa,2024,4,hotel 3 estrellas,75.79
ES,16,20,pais vasco,pais vasco,gipuzkoa,2024,4,hotel 4 estrellas,86.07
ES,16,20,pais vasco,pais vasco,gipuzkoa,2024,4,hotel 5 estrellas,98.86
ES,16,20,pais vasco,pais vasco,gipuzkoa,2024,4,total,83.74
ES,17,26,"rioja, la",rioja,la rioja,2024,4,hotel 3 estrellas,83.88
ES,17,26,"rioja, la",rioja,la rioja,2024,4,hotel 4 estrellas,72.64
ES,17,26,"rioja, la",rioja,la rioja,2024,4,hotel 5 estrellas,98.56
ES,17,26,"rioja, la",rioja,la rioja,2024,4,total,82.66
ES,01,04,andalucia,andalucia,almeria,2024,5,hotel 3 estrellas,69.6
ES,01,04,andalucia,andalucia,almeria,2024,5,hotel 4 estrellas,74.85
ES,01,04,andalucia,andalucia,almeria,2024,5,hotel 5 estrellas,53.79
ES,01,04,andalucia,andalucia,almeria,2024,5,total,74.51
ES,01,11,andalucia,andalucia,cadiz,2024,5,hotel 3 estrellas,77.4
ES,01,11,andalucia,andalucia,cadiz,2024,5,hotel 4 estrellas,79.13
ES,01,11,andalucia,andalucia,cadiz,2024,5,hotel 5 estrellas,91.91
ES,01,11,andalucia,andalucia,cadiz,2024,5,total,77.47
ES,01,14,andalucia,andalucia,cordoba,2024,5,hotel 3 estrellas,71.72
ES,01,14,andalucia,andalucia,cordoba,2024,5,hotel 4 estrellas,71.41
ES,01,14,andalucia,andalucia,cordoba,2024,5,hotel 5 estrellas,81.1
ES,01,14,andalucia,andalucia,cordoba,2024,5,total,72.68
ES,01,18,andalucia,andalucia,granada,2024,5,hotel 3 estrellas,81.16
ES,01,18,andalucia,andalucia,granada,2024,5,hotel 4 estrellas,81.88
ES,01,18,andalucia,andalucia,granada,2024,5,hotel 5 estrellas,83.13
ES,01,18,andalucia,andalucia,granada,2024,5,total,81.54
ES,01,21,andalucia,andalucia,huelva,2024,5,hotel 3 estrellas,57.19
ES,01,21,andalucia,andalucia,huelva,2024,5,hotel 4 estrellas,78.38
ES,01,21,andalucia,andalucia,huelva,2024,5,hotel 5 estrellas,69.44
ES,01,21,andalucia,andalucia,huelva,2024,5,total,73.75
ES,01,23,andalucia,andalucia,jaen,2024,5,hotel 3 estrellas,70.3
ES,01,23,andalucia,andalucia,jaen,2024,5,hotel 4 estrellas,67.09
ES,01,23,andalucia,andalucia,jaen,2024,5,hotel 5 estrellas,22.2
ES,01,23,andalucia,andalucia,jaen,2024,5,total,67.03
ES,01,29,andalucia,andalucia,malaga,2024,5,hotel 3 estrellas,69.09
ES,01,29,andalucia,andalucia,malaga,2024,5,hotel 4 estrellas,66.75
ES,01,29,andalucia,andalucia,malaga,2024,5,hotel 5 estrellas,75.27
ES,01,29,andalucia,andalucia,malaga,2024,5,total,68.41
ES,01,41,andalucia,andalucia,sevilla,2024,5,hotel 3 estrellas,66.09
ES,01,41,andalucia,andalucia,sevilla,2024,5,hotel 4 estrellas,72.33
ES,01,41,andalucia,andalucia,sevilla,2024,5,hotel 5 estrellas,78.7
ES,01,41,andalucia,andalucia,sevilla,2024,5,total,73.09
ES,02,22,aragon,aragon,huesca,2024,5,hotel 3 estrellas,85.44
ES,02,22,aragon,aragon,huesca,2024,5,hotel 4 estrellas,74.41
ES,02,22,aragon,aragon,huesca,2024,5,hotel 5 estrellas,68.61
ES,02,22,aragon,aragon,huesca,2024,5,total,83.25
ES,02,44,aragon,aragon,teruel,2024,5,hotel 3 estrellas,90.62
ES,02,44,aragon,aragon,teruel,2024,5,hotel 4 estrellas,77.47
ES,02,44,aragon,aragon,teruel,2024,5,hotel 5 estrellas,68.61
ES,02,44,aragon,aragon,teruel,2024,5,total,84.69
ES,02,50,aragon,aragon,zaragoza,2024,5,hotel 3 estrellas,83.84
ES,02,50,aragon,aragon,zaragoza,2024,5,hotel 4 estrellas,68.25
ES,02,50,aragon,aragon,zaragoza,2024,5,hotel 5 estrellas,68.61
ES,02,50,aragon,aragon,zaragoza,2024,5,total,78.7
ES,03,33,"asturias, principado de",asturias,asturias,2024,5,hotel 3 estrellas,86.28
ES,03,33,"asturias, principado de",asturias,asturias,2024,5,hotel 4 estrellas,77.47
ES,03,33,"asturias, principado de",asturias,asturias,2024,5,hotel 5 estrellas,83.12
ES,03,33,"asturias, principado de",asturias,asturias,2024,5,total,81.95
ES,04,07,"balears, illes",balears,illes balears,2024,5,hotel 3 estrellas,69.08
ES,04,07,"balears, illes",balears,illes balears,2024,5,hotel 4 estrellas,74.73
ES,04,07,"balears, illes",balears,illes balears,2024,5,hotel 5 estrellas,75.97
ES,04,07,"balears, illes",balears,illes balears,2024,5,total,72.28
ES,05,35,canarias,canarias,las palmas,2024,5,hotel 3 estrellas,70.91
ES,05,35,canarias,canarias,las palmas,2024,5,hotel 4 estrellas,70.03
ES,05,35,canarias,canarias,las palmas,2024,5,hotel 5 estrellas,83.8
ES,05,35,canarias,canarias,las palmas,2024,5,total,72.29
ES,05,38,canarias,canarias,santa cruz de tenerife,2024,5,hotel 3 estrellas,62.47
ES,05,38,canarias,canarias,santa cruz de tenerife,2024,5,hotel 4 estrellas,63.82
ES,05,38,canarias,canarias,santa cruz de tenerife,2024,5,hotel 5 estrellas,78.59
ES,05,38,canarias,canarias,santa cruz de tenerife,2024,5,total,69.34
ES,06,39,cantabria,cantabria,cantabria,2024,5,hotel 3 estrellas,83.61
ES,06,39,cantabria,cantabria,cantabria,2024,5,hotel 4 estrellas,83.78
ES,06,39,cantabria,cantabria,cantabria,2024,5,hotel 5 estrellas,79.75
ES,06,39,cantabria,cantabria,cantabria,2024,5,total,84.58
ES,07,05,castilla y leon,castilla y leon,avila,2024,5,hotel 3 estrellas,81.28
ES,07,05,castilla y leon,castilla y leon,avila,2024,5,hotel 4 estrellas,78.37
ES,07,05,castilla y leon,castilla y leon,avila,2024,5,hotel 5 estrellas,100.0
ES,07,05,castilla y leon,castilla y leon,avila,2024,5,total,82.61
ES,07,09,castilla y leon,castilla y leon,burgos,2024,5,hotel 3 estrellas,74.56
ES,07,09,castilla y leon,castilla y leon,burgos,2024,5,hotel 4 estrellas,77.12
ES,07,09,castilla y leon,castilla y leon,burgos,2024,5,hotel 5 estrellas,85.12
ES,07,09,castilla y leon,castilla y leon,burgos,2024,5,total,75.24
ES,07,24,castilla y leon,castilla y leon,leon,2024,5,hotel 3 estrellas,78.54
ES,07,24,castilla y leon,castilla y leon,leon,2024,5,hotel 4 estrellas,80.36
ES,07,24,castilla y leon,castilla y leon,leon,2024,5,hotel 5 estrellas,88.47
ES,07,24,castilla y leon,castilla y leon,leon,2024,5,total,79.78
ES,07,34,castilla y leon,castilla y leon,palencia,2024,5,hotel 3 estrellas,82.46
ES,07,34,castilla y leon,castilla y leon,palencia,2024,5,hotel 4 estrellas,70.93
ES,07,34,castilla y leon,castilla y leon,palencia,2024,5,hotel 5 estrellas,88.47
ES,07,34,castilla y leon,castilla y leon,palencia,2024,5,total,77.31
ES,07,37,castilla y leon,castilla y leon,salamanca,2024,5,hotel 3 estrellas,73.57
ES,07,37,castilla y leon,castilla y leon,salamanca,2024,5,hotel 4 estrellas,68.81
ES,07,37,castilla y leon,castilla y leon,salamanca,2024,5,hotel 5 estrellas,85.13
ES,07,37,castilla y leon,castilla y leon,salamanca,2024,5,total,74.2
ES,07,40,castilla y leon,castilla y leon,segovia,2024,5,hotel 3 estrellas,80.26
ES,07,40,castilla y leon,castilla y leon,segovia,2024,5,hotel 4 estrellas,77.35
ES,07,40,castilla y leon,castilla y leon,segovia,2024,5,hotel 5 estrellas,95.4
ES,07,40,castilla y leon,castilla y leon,segovia,2024,5,total,76.56
ES,07,42,castilla y leon,castilla y leon,soria,2024,5,hotel 3 estrellas,87.05
ES,07,42,castilla y leon,castilla y leon,soria,2024,5,hotel 4 estrellas,84.41
ES,07,42,castilla y leon,castilla y leon,soria,2024,5,hotel 5 estrellas,88.47
ES,07,42,castilla y leon,castilla y leon,soria,2024,5,total,87.62
ES,07,47,castilla y leon,castilla y leon,valladolid,2024,5,hotel 3 estrellas,81.23
ES,07,47,castilla y leon,castilla y leon,valladolid,2024,5,hotel 4 estrellas,71.42
ES,07,47,castilla y leon,castilla y leon,valladolid,2024,5,hotel 5 estrellas,66.88
ES,07,47,castilla y leon,castilla y leon,valladolid,2024,5,total,72.74
ES,07,49,castilla y leon,castilla y leon,zamora,2024,5,hotel 3 estrellas,82.96
ES,07,49,castilla y leon,castilla y leon,zamora,2024,5,hotel 4 estrellas,81.38
ES,07,49,castilla y leon,castilla y leon,zamora,2024,5,hotel 5 estrellas,98.29
ES,07,49,castilla y leon,castilla y leon,zamora,2024,5,total,80.51
ES,08,02,castilla-la mancha,castilla-la mancha,albacete,2024,5,hotel 3 estrellas,74.75
ES,08,02,castilla-la mancha,castilla-la mancha,albacete,2024,5,hotel 4 estrellas,64.13
ES,08,02,castilla-la mancha,castilla-la mancha,albacete,2024,5,hotel 5 estrellas,87.76
ES,08,02,castilla-la mancha,castilla-la mancha,albacete,2024,5,total,67.73
ES,08,13,castilla-la mancha,castilla-la mancha,ciudad real,2024,5,hotel 3 estrellas,86.6
ES,08,13,castilla-la mancha,castilla-la mancha,ciudad real,2024,5,hotel 4 estrellas,71.37
ES,08,13,castilla-la mancha,castilla-la mancha,ciudad real,2024,5,hotel 5 estrellas,100.0
ES,08,13,castilla-la mancha,castilla-la mancha,ciudad real,2024,5,total,79.89
ES,08,16,castilla-la mancha,castilla-la mancha,cuenca,2024,5,hotel 3 estrellas,40.52
ES,08,16,castilla-la mancha,castilla-la mancha,cuenca,2024,5,hotel 4 estrellas,75.73
ES,08,16,castilla-la mancha,castilla-la mancha,cuenca,2024,5,hotel 5 estrellas,87.76
ES,08,16,castilla-la mancha,castilla-la mancha,cuenca,2024,5,total,71.75
ES,08,19,castilla-la mancha,castilla-la mancha,guadalajara,2024,5,hotel 3 estrellas,74.05
ES,08,19,castilla-la mancha,castilla-la mancha,guadalajara,2024,5,hotel 4 estrellas,60.75
ES,08,19,castilla-la mancha,castilla-la mancha,guadalajara,2024,5,hotel 5 estrellas,87.76
ES,08,19,castilla-la mancha,castilla-la mancha,guadalajara,2024,5,total,69.64
ES,08,45,castilla-la mancha,castilla-la mancha,toledo,2024,5,hotel 3 estrellas,58.32
ES,08,45,castilla-la mancha,castilla-la mancha,toledo,2024,5,hotel 4 estrellas,82.41
ES,08,45,castilla-la mancha,castilla-la mancha,toledo,2024,5,hotel 5 estrellas,75.52
ES,08,45,castilla-la mancha,castilla-la mancha,toledo,2024,5,total,69.27
ES,09,08,cataluna,cataluna,barcelona,2024,5,hotel 3 estrellas,66.06
ES,09,08,cataluna,cataluna,barcelona,2024,5,hotel 4 estrellas,66.99
ES,09,08,cataluna,cataluna,barcelona,2024,5,hotel 5 estrellas,65.1
ES,09,08,cataluna,cataluna,barcelona,2024,5,total,66.6
ES,09,17,cataluna,cataluna,girona,2024,5,hotel 3 estrellas,74.63
ES,09,17,cataluna,cataluna,girona,2024,5,hotel 4 estrellas,78.87
ES,09,17,cataluna,cataluna,girona,2024,5,hotel 5 estrellas,65.46
ES,09,17,cataluna,cataluna,girona,2024,5,total,77.31
ES,09,25,cataluna,cataluna,lleida,2024,5,hotel 3 estrellas,66.14
ES,09,25,cataluna,cataluna,lleida,2024,5,hotel 4 estrellas,72.02
ES,09,25,cataluna,cataluna,lleida,2024,5,hotel 5 estrellas,79.75
ES,09,25,cataluna,cataluna,lleida,2024,5,total,70.89
ES,09,43,cataluna,cataluna,tarragona,2024,5,hotel 3 estrellas,72.17
ES,09,43,cataluna,cataluna,tarragona,2024,5,hotel 4 estrellas,63.55
ES,09,43,cataluna,cataluna,tarragona,2024,5,hotel 5 estrellas,65.36
ES,09,43,cataluna,cataluna,tarragona,2024,5,total,72.06
ES,10,03,comunitat valenciana,comunitat valenciana,alicante/alacant,2024,5,hotel 3 estrellas,64.73
ES,10,03,comunitat valenciana,comunitat valenciana,alicante/alacant,2024,5,hotel 4 estrellas,69.16
ES,10,03,comunitat valenciana,comunitat valenciana,alicante/alacant,2024,5,hotel 5 estrellas,75.54
ES,10,03,comunitat valenciana,comunitat valenciana,alicante/alacant,2024,5,total,67.95
ES,10,12,comunitat valenciana,comunitat valenciana,castellon/castello,2024,5,hotel 3 estrellas,81.53
ES,10,12,comunitat valenciana,comunitat valenciana,castellon/castello,2024,5,hotel 4 estrellas,73.85
ES,10,12,comunitat valenciana,comunitat valenciana,castellon/castello,2024,5,hotel 5 estrellas,71.25
ES,10,12,comunitat valenciana,comunitat valenciana,castellon/castello,2024,5,total,76.98
ES,10,46,comunitat valenciana,comunitat valenciana,valencia/valencia,2024,5,hotel 3 estrellas,69.13
ES,10,46,comunitat valenciana,comunitat valenciana,valencia/valencia,2024,5,hotel 4 estrellas,73.92
ES,10,46,comunitat valenciana,comunitat valenciana,valencia/valencia,2024,5,hotel 5 estrellas,66.96
ES,10,46,comunitat valenciana,comunitat valenciana,valencia/valencia,2024,5,total,71.3
ES,11,06,extremadura,extremadura,badajoz,2024,5,hotel 3 estrellas,61.35
ES,11,06,extremadura,extremadura,badajoz,2024,5,hotel 4 estrellas,61.22
ES,11,06,extremadura,extremadura,badajoz,2024,5,hotel 5 estrellas,73.92
ES,11,06,extremadura,extremadura,badajoz,2024,5,total,62.28
ES,11,10,extremadura,extremadura,caceres,2024,5,hotel 3 estrellas,77.8
ES,11,10,extremadura,extremadura,caceres,2024,5,hotel 4 estrellas,83.32
ES,11,10,extremadura,extremadura,caceres,2024,5,hotel 5 estrellas,89.63
ES,11,10,extremadura,extremadura,caceres,2024,5,total,81.86
ES,12,15,galicia,galicia,a coruna,2024,5,hotel 3 estrellas,76.49
ES,12,15,galicia,galicia,a coruna,2024,5,hotel 4 estrellas,80.33
ES,12,15,galicia,galicia,a coruna,2024,5,hotel 5 estrellas,83.66
ES,12,15,galicia,galicia,a coruna,2024,5,total,76.52
ES,12,27,galicia,galicia,lugo,2024,5,hotel 3 estrellas,91.1
ES,12,27,galicia,galicia,lugo,2024,5,hotel 4 estrellas,69.2
ES,12,27,galicia,galicia,lugo,2024,5,hotel 5 estrellas,85.71
ES,12,27,galicia,galicia,lugo,2024,5,total,77.16
ES,12,32,galicia,galicia,ourense,2024,5,hotel 3 estrellas,78.94
ES,12,32,galicia,galicia,ourense,2024,5,hotel 4 estrellas,75.39
ES,12,32,galicia,galicia,ourense,2024,5,hotel 5 estrellas,85.71
ES,12,32,galicia,galicia,ourense,2024,5,total,75.25
ES,12,36,galicia,galicia,pontevedra,2024,5,hotel 3 estrellas,69.22
ES,12,36,galicia,galicia,pontevedra,2024,5,hotel 4 estrellas,76.63
ES,12,36,galicia,galicia,pontevedra,2024,5,hotel 5 estrellas,87.75
ES,12,36,galicia,galicia,pontevedra,2024,5,total,72.07
ES,13,28,"madrid, comunidad de",madrid,madrid,2024,5,hotel 3 estrellas,60.26
ES,13,28,"madrid, comunidad de",madrid,madrid,2024,5,hotel 4 estrellas,74.52
ES,13,28,"madrid, comunidad de",madrid,madrid,2024,5,hotel 5 estrellas,71.15
ES,13,28,"madrid, comunidad de",madrid,madrid,2024,5,total,68.61
ES,14,30,"murcia, region de",murcia,murcia,2024,5,hotel 3 estrellas,71.52
ES,14,30,"murcia, region de",murcia,murcia,2024,5,hotel 4 estrellas,69.96
ES,14,30,"murcia, region de",murcia,murcia,2024,5,hotel 5 estrellas,63.23
ES,14,30,"murcia, region de",murcia,murcia,2024,5,total,71.44
ES,15,31,"navarra, comunidad foral de",navarra,navarra,2024,5,hotel 3 estrellas,68.19
ES,15,31,"navarra, comunidad foral de",navarra,navarra,2024,5,hotel 4 estrellas,81.96
ES,15,31,"navarra, comunidad foral de",navarra,navarra,2024,5,hotel 5 estrellas,83.52
ES,15,31,"navarra, comunidad foral de",navarra,navarra,2024,5,total,77.87
ES,16,01,pais vasco,pais vasco,araba/alava,2024,5,hotel 3 estrellas,71.78
ES,16,01,pais vasco,pais vasco,araba/alava,2024,5,hotel 4 estrellas,80.28
ES,16,01,pais vasco,pais vasco,araba/alava,2024,5,hotel 5 estrellas,61.2
ES,16,01,pais vasco,pais vasco,araba/alava,2024,5,total,72.51
ES,16,48,pais vasco,pais vasco,bizkaia,2024,5,hotel 3 estrellas,65.01
ES,16,48,pais vasco,pais vasco,bizkaia,2024,5,hotel 4 estrellas,80.84
ES,16,48,pais vasco,pais vasco,bizkaia,2024,5,hotel 5 estrellas,81.19
ES,16,48,pais vasco,pais vasco,bizkaia,2024,5,total,76.64
ES,16,20,pais vasco,pais vasco,gipuzkoa,2024,5,hotel 3 estrellas,79.87
ES,16,20,pais vasco,pais vasco,gipuzkoa,2024,5,hotel 4 estrellas,77.52
ES,16,20,pais vasco,pais vasco,gipuzkoa,2024,5,hotel 5 estrellas,95.23
ES,16,20,pais vasco,pais vasco,gipuzkoa,2024,5,total,74.71
ES,17,26,"rioja, la",rioja,la rioja,2024,5,hotel 3 estrellas,81.58
ES,17,26,"rioja, la",rioja,la rioja,2024,5,hotel 4 estrellas,75.42
ES,17,26,"rioja, la",rioja,la rioja,2024,5,hotel 5 estrellas,75.57
ES,17,26,"rioja, la",rioja,la rioja,2024,5,total,81.64
ES,01,04,andalucia,andalucia,almeria,2024,6,hotel 3 estrellas,60.71
ES,01,04,andalucia,andalucia,almeria,2024,6,hotel 4 estrellas,60.48
ES,01,04,andalucia,andalucia,almeria,2024,6,hotel 5 estrellas,71.28
ES,01,04,andalucia,andalucia,almeria,2024,6,total,60.41
ES,01,11,andalucia,andalucia,cadiz,2024,6,hotel 3 estrellas,77.08
ES,01,11,andalucia,andalucia,cadiz,2024,6,hotel 4 estrellas,70.97
ES,01,11,andalucia,andalucia,cadiz,2024,6,hotel 5 estrellas,93.32
ES,01,11,andalucia,andalucia,cadiz,2024,6,total,72.34
ES,01,14,andalucia,andalucia,cordoba,2024,6,hotel 3 estrellas,86.75
ES,01,14,andalucia,andalucia,cordoba,2024,6,hotel 4 estrellas,85.88
ES,01,14,andalucia,andalucia,cordoba,2024,6,hotel 5 estrellas,86.33
ES,01,14,andalucia,andalucia,cordoba,2024,6,total,86.23
ES,01,18,andalucia,andalucia,granada,2024,6,hotel 3 estrellas,82.3
ES,01,18,andalucia,andalucia,granada,2024,6,hotel 4 estrellas,79.0
ES,01,18,andalucia,andalucia,granada,2024,6,hotel 5 estrellas,85.25
ES,01,18,andalucia,andalucia,granada,2024,6,total,81.55
ES,01,21,andalucia,andalucia,huelva,2024,6,hotel 3 estrellas,72.4
ES,01,21,andalucia,andalucia,huelva,2024,6,hotel 4 estrellas,68.01
ES,01,21,andalucia,andalucia,huelva,2024,6,hotel 5 estrellas,80.64
ES,01,21,andalucia,andalucia,huelva,2024,6,total,72.06
ES,01,23,andalucia,andalucia,jaen,2024,6,hotel 3 estrellas,84.41
ES,01,23,andalucia,andalucia,jaen,2024,6,hotel 4 estrellas,60.23
ES,01,23,andalucia,andalucia,jaen,2024,6,hotel 5 estrellas,71.69
ES,01,23,andalucia,andalucia,jaen,2024,6,total,67.58
ES,01,29,andalucia,andalucia,malaga,2024,6,hotel 3 estrellas,68.34
ES,01,29,andalucia,andalucia,malaga,2024,6,hotel 4 estrellas,67.72
ES,01,29,andalucia,andalucia,malaga,2024,6,hotel 5 estrellas,73.03
ES,01,29,andalucia,andalucia,malaga,2024,6,total,68.58
ES,01,41,andalucia,andalucia,sevilla,2024,6,hotel 3 estrellas,76.69
ES,01,41,andalucia,andalucia,sevilla,2024,6,hotel 4 estrellas,83.57
ES,01,41,andalucia,andalucia,sevilla,2024,6,hotel 5 estrellas,83.58
ES,01,41,andalucia,andalucia,sevilla,2024,6,total,81.82
ES,02,22,aragon,aragon,huesca,2024,6,hotel 3 estrellas,79.63
ES,02,22,aragon,aragon,huesca,2024,6,hotel 4 estrellas,88.42
ES,02,22,aragon,aragon,huesca,2024,6,hotel 5 estrellas,91.43
ES,02,22,aragon,aragon,huesca,2024,6,total,83.71
ES,02,44,aragon,aragon,teruel,2024,6,hotel 3 estrellas,82.89
ES,02,44,aragon,aragon,teruel,2024,6,hotel 4 estrellas,81.14
ES,02,44,aragon,aragon,teruel,2024,6,hotel 5 estrellas,91.43
ES,02,44,aragon,aragon,teruel,2024,6,total,77.74
ES,02,50,aragon,aragon,zaragoza,2024,6,hotel 3 estrellas,75.27
ES,02,50,aragon,aragon,zaragoza,2024,6,hotel 4 estrellas,78.4
ES,02,50,aragon,aragon,zaragoza,2024,6,hotel 5 estrellas,91.43
ES,02,50,aragon,aragon,zaragoza,2024,6,total,77.71
ES,03,33,"asturias, principado de",asturias,asturias,2024,6,hotel 3 estrellas,86.21
ES,03,33,"asturias, principado de",asturias,asturias,2024,6,hotel 4 estrellas,72.81
ES,03,33,"asturias, principado de",asturias,asturias,2024,6,hotel 5 estrellas,89.27
ES,03,33,"asturias, principado de",asturias,asturias,2024,6,total,80.91
ES,04,07,"balears, illes",balears,illes balears,2024,6,hotel 3 estrellas,68.05
ES,04,07,"balears, illes",balears,illes balears,2024,6,hotel 4 estrellas,72.45
ES,04,07,"balears, illes",balears,illes balears,2024,6,hotel 5 estrellas,74.26
ES,04,07,"balears, illes",balears,illes balears,2024,6,total,70.52
ES,05,35,canarias,canarias,las palmas,2024,6,hotel 3 estrellas,67.97
ES,05,35,canarias,canarias,las palmas,2024,6,hotel 4 estrellas,70.13
ES,05,35,canarias,canarias,las palmas,2024,6,hotel 5 estrellas,85.75
ES,05,35,canarias,canarias,las palmas,2024,6,total,64.97
ES,05,38,canarias,canarias,santa cruz de tenerife,2024,6,hotel 3 estrellas,60.66
ES,05,38,canarias,canarias,santa cruz de tenerife,2024,6,hotel 4 estrellas,59.21
ES,05,38,canarias,canarias,santa cruz de tenerife,2024,6,hotel 5 estrellas,87.96
ES,05,38,canarias,canarias,santa cruz de tenerife,2024,6,total,68.01
ES,06,39,cantabria,cantabria,cantabria,2024,6,hotel 3 estrellas,77.61
ES,06,39,cantabria,cantabria,cantabria,2024,6,hotel 4 estrellas,84.5
ES,06,39,cantabria,cantabria,cantabria,2024,6,hotel 5 estrellas,63.8
ES,06,39,cantabria,cantabria,cantabria,2024,6,total,81.53
ES,07,05,castilla y leon,castilla y leon,avila,2024,6,hotel 3 estrellas,88.01
ES,07,05,castilla y leon,castilla y leon,avila,2024,6,hotel 4 estrellas,70.51
ES,07,05,castilla y leon,castilla y leon,avila,2024,6,hotel 5 estrellas,57.6
ES,07,05,castilla y leon,castilla y leon,avila,2024,6,total,70.68
ES,07,09,castilla y leon,castilla y leon,burgos,2024,6,hotel 3 estrellas,69.66
ES,07,09,castilla y leon,castilla y leon,burgos,2024,6,hotel 4 estrellas,80.44
ES,07,09,castilla y leon,castilla y leon,burgos,2024,6,hotel 5 estrellas,95.36
ES,07,09,castilla y leon,castilla y leon,burgos,2024,6,total,73.11
ES,07,24,castilla y leon,castilla y leon,leon,2024,6,hotel 3 estrellas,74.83
ES,07,24,castilla y leon,castilla y leon,leon,2024,6,hotel 4 estrellas,75.15
ES,07,24,castilla y leon,castilla y leon,leon,2024,6,hotel 5 estrellas,56.65
ES,07,24,castilla y leon,castilla y leon,leon,2024,6,total,76.74
ES,07,34,castilla y leon,castilla y leon,palencia,2024,6,hotel 3 estrellas,83.17
ES,07,34,castilla y leon,castilla y leon,palencia,2024,6,hotel 4 estrellas,74.38
ES,07,34,castilla y leon,castilla y leon,palencia,2024,6,hotel 5 estrellas,78.28
ES,07,34,castilla y leon,castilla y leon,palencia,2024,6,total,67.61
ES,07,37,castilla y leon,castilla y leon,salamanca,2024,6,hotel 3 estrellas,81.03
ES,07,37,castilla y leon,castilla y leon,salamanca,2024,6,hotel 4 estrellas,74.27
ES,07,37,castilla y leon,castilla y leon,salamanca,2024,6,hotel 5 estrellas,89.6
ES,07,37,castilla y leon,castilla y leon,salamanca,2024,6,total,80.54
ES,07,40,castilla y leon,castilla y leon,segovia,2024,6,hotel 3 estrellas,81.41
ES,07,40,castilla y leon,castilla y leon,segovia,2024,6,hotel 4 estrellas,67.28
ES,07,40,castilla y leon,castilla y leon,segovia,2024,6,hotel 5 estrellas,86.4
ES,07,40,castilla y leon,castilla y leon,segovia,2024,6,total,73.6
ES,07,42,castilla y leon,castilla y leon,soria,2024,6,hotel 3 estrellas,75.64
ES,07,42,castilla y leon,castilla y leon,soria,2024,6,hotel 4 estrellas,84.83
ES,07,42,castilla y leon,castilla y leon,soria,2024,6,hotel 5 estrellas,100.0
ES,07,42,castilla y leon,castilla y leon,soria,2024,6,total,83.46
ES,07,47,castilla y leon,castilla y leon,valladolid,2024,6,hotel 3 estrellas,65.02
ES,07,47,castilla y leon,castilla y leon,valladolid,2024,6,hotel 4 estrellas,70.36
ES,07,47,castilla y leon,castilla y leon,valladolid,2024,6,hotel 5 estrellas,85.4
ES,07,47,castilla y leon,castilla y leon,valladolid,2024,6,total,71.31
ES,07,49,castilla y leon,castilla y leon,zamora,2024,6,hotel 3 estrellas,83.01
ES,07,49,castilla y leon,castilla y leon,zamora,2024,6,hotel 4 estrellas,88.06
ES,07,49,castilla y leon,castilla y leon,zamora,2024,6,hotel 5 estrellas,55.26
ES,07,49,castilla y leon,castilla y leon,zamora,2024,6,total,83.44
ES,08,02,castilla-la mancha,castilla-la mancha,albacete,2024,6,hotel 3 estrellas,70.49
ES,08,02,castilla-la mancha,castilla-la mancha,albacete,2024,6,hotel 4 estrellas,69.28
ES,08,02,castilla-la mancha,castilla-la mancha,albacete,2024,6,hotel 5 estrellas,86.55
ES,08,02,castilla-la mancha,castilla-la mancha,albacete,2024,6,total,53.72
ES,08,13,castilla-la mancha,castilla-la mancha,ciudad real,2024,6,hotel 3 estrellas,87.71
ES,08,13,castilla-la mancha,castilla-la mancha,ciudad real,2024,6,hotel 4 estrellas,82.77
ES,08,13,castilla-la mancha,castilla-la mancha,ciudad real,2024,6,hotel 5 estrellas,86.55
ES,08,13,castilla-la mancha,castilla-la mancha,ciudad real,2024,6,total,85.29
ES,08,16,castilla-la mancha,castilla-la mancha,cuenca,2024,6,hotel 3 estrellas,60.54
ES,08,16,castilla-la mancha,castilla-la mancha,cuenca,2024,6,hotel 4 estrellas,81.33
ES,08,16,castilla-la mancha,castilla-la mancha,cuenca,2024,6,hotel 5 estrellas,86.55
ES,08,16,castilla-la mancha,castilla-la mancha,cuenca,2024,6,total,81.79
ES,08,19,castilla-la mancha,castilla-la mancha,guadalajara,2024,6,hotel 3 estrellas,69.71
ES,08,19,castilla-la mancha,castilla-la mancha,guadalajara,2024,6,hotel 4 estrellas,77.73
ES,08,19,castilla-la mancha,castilla-la mancha,guadalajara,2024,6,hotel 5 estrellas,86.55
ES,08,19,castilla-la mancha,castilla-la mancha,guadalajara,2024,6,total,77.32
ES,08,45,castilla-la mancha,castilla-la mancha,toledo,2024,6,hotel 3 estrellas,73.05
ES,08,45,castilla-la mancha,castilla-la mancha,toledo,2024,6,hotel 4 estrellas,80.02
ES,08,45,castilla-la mancha,castilla-la mancha,toledo,2024,6,hotel 5 estrellas,86.55
ES,08,45,castilla-la mancha,castilla-la mancha,toledo,2024,6,total,76.74
ES,09,08,cataluna,cataluna,barcelona,2024,6,hotel 3 estrellas,64.11
ES,09,08,cataluna,cataluna,barcelona,2024,6,hotel 4 estrellas,70.32
ES,09,08,cataluna,cataluna,barcelona,2024,6,hotel 5 estrellas,64.52
ES,09,08,cataluna,cataluna,barcelona,2024,6,total,67.71
ES,09,17,cataluna,cataluna,girona,2024,6,hotel 3 estrellas,64.62
ES,09,17,cataluna,cataluna,girona,2024,6,hotel 4 estrellas,75.81
ES,09,17,cataluna,cataluna,girona,2024,6,hotel 5 estrellas,83.81
ES,09,17,cataluna,cataluna,girona,2024,6,total,70.88
ES,09,25,cataluna,cataluna,lleida,2024,6,hotel 3 estrellas,84.16
ES,09,25,cataluna,cataluna,lleida,2024,6,hotel 4 estrellas,73.61
ES,09,25,cataluna,cataluna,lleida,2024,6,hotel 5 estrellas,43.03
ES,09,25,cataluna,cataluna,lleida,2024,6,total,84.85
ES,09,43,cataluna,cataluna,tarragona,2024,6,hotel 3 estrellas,60.71
ES,09,43,cataluna,cataluna,tarragona,2024,6,hotel 4 estrellas,57.58
ES,09,43,cataluna,cataluna,tarragona,2024,6,hotel 5 estrellas,75.16
ES,09,43,cataluna,cataluna,tarragona,2024,6,total,62.24
ES,10,03,comunitat valenciana,comunitat valenciana,alicante/alacant,2024,6,hotel 3 estrellas,58.43
ES,10,03,comunitat valenciana,comunitat valenciana,alicante/alacant,2024,6,hotel 4 estrellas,71.6
ES,10,03,comunitat valenciana,comunitat valenciana,alicante/alacant,2024,6,hotel 5 estrellas,78.0
ES,10,03,comunitat valenciana,comunitat valenciana,alicante/alacant,2024,6,total,66.76
ES,10,12,comunitat valenciana,comunitat valenciana,castellon/castello,2024,6,hotel 3 estrellas,69.24
ES,10,12,comunitat valenciana,comunitat valenciana,castellon/castello,2024,6,hotel 4 estrellas,76.56
ES,10,12,comunitat valenciana,comunitat valenciana,castellon/castello,2024,6,hotel 5 estrellas,81.85
ES,10,12,comunitat valenciana,comunitat valenciana,castellon/castello,2024,6,total,69.19
ES,10,46,comunitat valenciana,comunitat valenciana,valencia/valencia,2024,6,hotel 3 estrellas,66.44
ES,10,46,comunitat valenciana,comunitat valenciana,valencia/valencia,2024,6,hotel 4 estrellas,74.89
ES,10,46,comunitat valenciana,comunitat valenciana,valencia/valencia,2024,6,hotel 5 estrellas,85.7
ES,10,46,comunitat valenciana,comunitat valenciana,valencia/valencia,2024,6,total,72.88
ES,11,06,extremadura,extremadura,badajoz,2024,6,hotel 3 estrellas,64.21
ES,11,06,extremadura,extremadura,badajoz,2024,6,hotel 4 estrellas,65.41
ES,11,06,extremadura,extremadura,badajoz,2024,6,hotel 5 estrellas,93.16
ES,11,06,extremadura,extremadura,badajoz,2024,6,total,61.01
ES,11,10,extremadura,extremadura,caceres,2024,6,hotel 3 estrellas,82.6
ES,11,10,extremadura,extremadura,caceres,2024,6,hotel 4 estrellas,86.35
ES,11,10,extremadura,extremadura,caceres,2024,6,hotel 5 estrellas,94.57
ES,11,10,extremadura,extremadura,caceres,2024,6,total,86.78
ES,12,15,galicia,galicia,a coruna,2024,6,hotel 3 estrellas,76.78
ES,12,15,galicia,galicia,a coruna,2024,6,hotel 4 estrellas,77.67
ES,12,15,galicia,galicia,a coruna,2024,6,hotel 5 estrellas,79.01
ES,12,15,galicia,galicia,a coruna,2024,6,total,79.6
ES,12,27,galicia,galicia,lugo,2024,6,hotel 3 estrellas,82.54
ES,12,27,galicia,galicia,lugo,2024,6,hotel 4 estrellas,84.8
ES,12,27,galicia,galicia,lugo,2024,6,hotel 5 estrellas,64.33
ES,12,27,galicia,galicia,lugo,2024,6,total,85.82
ES,12,32,galicia,galicia,ourense,2024,6,hotel 3 estrellas,75.57
ES,12,32,galicia,galicia,ourense,2024,6,hotel 4 estrellas,81.75
ES,12,32,galicia,galicia,ourense,2024,6,hotel 5 estrellas,71.01
ES,12,32,galicia,galicia,ourense,2024,6,total,80.46
ES,12,36,galicia,galicia,pontevedra,2024,6,hotel 3 estrellas,67.39
ES,12,36,galicia,galicia,pontevedra,2024,6,hotel 4 estrellas,82.79
ES,12,36,galicia,galicia,pontevedra,2024,6,hotel 5 estrellas,69.69
ES,12,36,galicia,galicia,pontevedra,2024,6,total,75.95
ES,13,28,"madrid, comunidad de",madrid,madrid,2024,6,hotel 3 estrellas,59.04
ES,13,28,"madrid, comunidad de",madrid,madrid,2024,6,hotel 4 estrellas,73.55
ES,13,28,"madrid, comunidad de",madrid,madrid,2024,6,hotel 5 estrellas,73.11
ES,13,28,"madrid, comunidad de",madrid,madrid,2024,6,total,67.75
ES,14,30,"murcia, region de",murcia,murcia,2024,6,hotel 3 estrellas,77.85
ES,14,30,"murcia, region de",murcia,murcia,2024,6,hotel 4 estrellas,74.0
ES,14,30,"murcia, region de",murcia,murcia,2024,6,hotel 5 estrellas,79.13
ES,14,30,"murcia, region de",murcia,murcia,2024,6,total,74.63
ES,15,31,"navarra, comunidad foral de",navarra,navarra,2024,6,hotel 3 estrellas,71.62
ES,15,31,"navarra, comunidad foral de",navarra,navarra,2024,6,hotel 4 estrellas,88.97
ES,15,31,"navarra, comunidad foral de",navarra,navarra,2024,6,hotel 5 estrellas,91.48
ES,15,31,"navarra, comunidad foral de",navarra,navarra,2024,6,total,79.37
ES,16,01,pais vasco,pais vasco,araba/alava,2024,6,hotel 3 estrellas,56.33
ES,16,01,pais vasco,pais vasco,araba/alava,2024,6,hotel 4 estrellas,81.23
ES,16,01,pais vasco,pais vasco,araba/alava,2024,6,hotel 5 estrellas,86.98
ES,16,01,pais vasco,pais vasco,araba/alava,2024,6,total,75.35
ES,16,48,pais vasco,pais vasco,bizkaia,2024,6,hotel 3 estrellas,64.8
ES,16,48,pais vasco,pais vasco,bizkaia,2024,6,hotel 4 estrellas,83.53
ES,16,48,pais vasco,pais vasco,bizkaia,2024,6,hotel 5 estrellas,77.34
ES,16,48,pais vasco,pais vasco,bizkaia,2024,6,total,71.14
ES,16,20,pais vasco,pais vasco,gipuzkoa,2024,6,hotel 3 estrellas,77.78
ES,16,20,pais vasco,pais vasco,gipuzkoa,2024,6,hotel 4 estrellas,79.69
ES,16,20,pais vasco,pais vasco,gipuzkoa,2024,6,hotel 5 estrellas,77.33
ES,16,20,pais vasco,pais vasco,gipuzkoa,2024,6,total,80.22
ES,17,26,"rioja, la",rioja,la rioja,2024,6,hotel 3 estrellas,84.1
ES,17,26,"rioja, la",rioja,la rioja,2024,6,hotel 4 estrellas,83.47
ES,17,26,"rioja, la",rioja,la rioja,2024,6,hotel 5 estrellas,98.78
ES,17,26,"rioja, la",rioja,la rioja,2024,6,total,85.52
ES,01,04,andalucia,andalucia,almeria,2024,7,hotel 3 estrellas,68.14
ES,01,04,andalucia,andalucia,almeria,2024,7,hotel 4 estrellas,61.0
ES,01,04,andalucia,andalucia,almeria,2024,7,hotel 5 estrellas,46.39
ES,01,04,andalucia,andalucia,almeria,2024,7,total,57.65
ES,01,11,andalucia,andalucia,cadiz,2024,7,hotel 3 estrellas,76.05
ES,01,11,andalucia,andalucia,cadiz,2024,7,hotel 4 estrellas,66.46
ES,01,11,andalucia,andalucia,cadiz,2024,7,hotel 5 estrellas,84.94
ES,01,11,andalucia,andalucia,cadiz,2024,7,total,70.08
ES,01,14,andalucia,andalucia,cordoba,2024,7,hotel 3 estrellas,90.82
ES,01,14,andalucia,andalucia,cordoba,2024,7,hotel 4 estrellas,87.29
ES,01,14,andalucia,andalucia,cordoba,2024,7,hotel 5 estrellas,95.07
ES,01,14,andalucia,andalucia,cordoba,2024,7,total,88.06
ES,01,18,andalucia,andalucia,granada,2024,7,hotel 3 estrellas,78.92
ES,01,18,andalucia,andalucia,granada,2024,7,hotel 4 estrellas,79.69
ES,01,18,andalucia,andalucia,granada,2024,7,hotel 5 estrellas,95.25
ES,01,18,andalucia,andalucia,granada,2024,7,total,80.64
ES,01,21,andalucia,andalucia,huelva,2024,7,hotel 3 estrellas,74.06
ES,01,21,andalucia,andalucia,huelva,2024,7,hotel 4 estrellas,90.28
ES,01,21,andalucia,andalucia,huelva,2024,7,hotel 5 estrellas,82.37
ES,01,21,andalucia,andalucia,huelva,2024,7,total,84.86
ES,01,23,andalucia,andalucia,jaen,2024,7,hotel 3 estrellas,92.49
ES,01,23,andalucia,andalucia,jaen,2024,7,hotel 4 estrellas,77.68
ES,01,23,andalucia,andalucia,jaen,2024,7,hotel 5 estrellas,84.44
ES,01,23,andalucia,andalucia,jaen,2024,7,total,77.83
ES,01,29,andalucia,andalucia,malaga,2024,7,hotel 3 estrellas,66.88
ES,01,29,andalucia,andalucia,malaga,2024,7,hotel 4 estrellas,69.27
ES,01,29,andalucia,andalucia,malaga,2024,7,hotel 5 estrellas,81.07
ES,01,29,andalucia,andalucia,malaga,2024,7,total,68.81
ES,01,41,andalucia,andalucia,sevilla,2024,7,hotel 3 estrellas,82.11
ES,01,41,andalucia,andalucia,sevilla,2024,7,hotel 4 estrellas,85.73
ES,01,41,andalucia,andalucia,sevilla,2024,7,hotel 5 estrellas,89.43
ES,01,41,andalucia,andalucia,sevilla,2024,7,total,85.0
ES,02,22,aragon,aragon,huesca,2024,7,hotel 3 estrellas,79.75
ES,02,22,aragon,aragon,huesca,2024,7,hotel 4 estrellas,79.93
ES,02,22,aragon,aragon,huesca,2024,7,hotel 5 estrellas,76.83
ES,02,22,aragon,aragon,huesca,2024,7,total,80.11
ES,02,44,aragon,aragon,teruel,2024,7,hotel 3 estrellas,77.23
ES,02,44,aragon,aragon,teruel,2024,7,hotel 4 estrellas,68.86
ES,02,44,aragon,aragon,teruel,2024,7,hotel 5 estrellas,76.83
ES,02,44,aragon,aragon,teruel,2024,7,total,78.7
ES,02,50,aragon,aragon,zaragoza,2024,7,hotel 3 estrellas,79.27
ES,02,50,aragon,aragon,zaragoza,2024,7,hotel 4 estrellas,82.9
ES,02,50,aragon,aragon,zaragoza,2024,7,hotel 5 estrellas,76.83
ES,02,50,aragon,aragon,zaragoza,2024,7,total,81.98
ES,03,33,"asturias, principado de",asturias,asturias,2024,7,hotel 3 estrellas,81.84
ES,03,33,"asturias, principado de",asturias,asturias,2024,7,hotel 4 estrellas,74.48
ES,03,33,"asturias, principado de",asturias,asturias,2024,7,hotel 5 estrellas,89.21
ES,03,33,"asturias, principado de",asturias,asturias,2024,7,total,79.59
ES,04,07,"balears, illes",balears,illes balears,2024,7,hotel 3 estrellas,61.37
ES,04,07,"balears, illes",balears,illes balears,2024,7,hotel 4 estrellas,71.27
ES,04,07,"balears, illes",balears,illes balears,2024,7,hotel 5 estrellas,72.57
ES,04,07,"balears, illes",balears,illes balears,2024,7,total,66.86
ES,05,35,canarias,canarias,las palmas,2024,7,hotel 3 estrellas,62.19
ES,05,35,canarias,canarias,las palmas,2024,7,hotel 4 estrellas,72.55
ES,05,35,canarias,canarias,las palmas,2024,7,hotel 5 estrellas,86.01
ES,05,35,canarias,canarias,las palmas,2024,7,total,70.56
ES,05,38,canarias,canarias,santa cruz de tenerife,2024,7,hotel 3 estrellas,56.69
ES,05,38,canarias,canarias,santa cruz de tenerife,2024,7,hotel 4 estrellas,49.55
ES,05,38,canarias,canarias,santa cruz de tenerife,2024,7,hotel 5 estrellas,72.36
ES,05,38,canarias,canarias,santa cruz de tenerife,2024,7,total,57.06
ES,06,39,cantabria,cantabria,cantabria,2024,7,hotel 3 estrellas,70.03
ES,06,39,cantabria,cantabria,cantabria,2024,7,hotel 4 estrellas,83.52
ES,06,39,cantabria,cantabria,cantabria,2024,7,hotel 5 estrellas,79.3
ES,06,39,cantabria,cantabria,cantabria,2024,7,total,69.72
ES,07,05,castilla y leon,castilla y leon,avila,2024,7,hotel 3 estrellas,85.4
ES,07,05,castilla y leon,castilla y leon,avila,2024,7,hotel 4 estrellas,83.63
ES,07,05,castilla y leon,castilla y leon,avila,2024,7,hotel 5 estrellas,89.96
ES,07,05,castilla y leon,castilla y leon,avila,2024,7,total,84.75
ES,07,09,castilla y leon,castilla y leon,burgos,2024,7,hotel 3 estrellas,69.06
ES,07,09,castilla y leon,castilla y leon,burgos,2024,7,hotel 4 estrellas,73.59
ES,07,09,castilla y leon,castilla y leon,burgos,2024,7,hotel 5 estrellas,81.53
ES,07,09,castilla y leon,castilla y leon,burgos,2024,7,total,69.31
ES,07,24,castilla y leon,castilla y leon,leon,2024,7,hotel 3 estrellas,84.79
ES,07,24,castilla y leon,castilla y leon,leon,2024,7,hotel 4 estrellas,82.4
ES,07,24,castilla y leon,castilla y leon,leon,2024,7,hotel 5 estrellas,85.95
ES,07,24,castilla y leon,castilla y leon,leon,2024,7,total,84.51
ES,07,34,castilla y leon,castilla y leon,palencia,2024,7,hotel 3 estrellas,63.6
ES,07,34,castilla y leon,castilla y leon,palencia,2024,7,hotel 4 estrellas,64.8
ES,07,34,castilla y leon,castilla y leon,palencia,2024,7,hotel 5 estrellas,85.95
ES,07,34,castilla y leon,castilla y leon,palencia,2024,7,total,68.78
ES,07,37,castilla y leon,castilla y leon,salamanca,2024,7,hotel 3 estrellas,79.17
ES,07,37,castilla y leon,castilla y leon,salamanca,2024,7,hotel 4 estrellas,72.04
ES,07,37,castilla y leon,castilla y leon,salamanca,2024,7,hotel 5 estrellas,88.78
ES,07,37,castilla y leon,castilla y leon,salamanca,2024,7,total,77.4
ES,07,40,castilla y leon,castilla y leon,segovia,2024,7,hotel 3 estrellas,81.43
ES,07,40,castilla y leon,castilla y leon,segovia,2024,7,hotel 4 estrellas,76.42
ES,07,40,castilla y leon,castilla y leon,segovia,2024,7,hotel 5 estrellas,82.46
ES,07,40,castilla y leon,castilla y leon,segovia,2024,7,total,82.14
ES,07,42,castilla y leon,castilla y leon,soria,2024,7,hotel 3 estrellas,75.59
ES,07,42,castilla y leon,castilla y leon,soria,2024,7,hotel 4 estrellas,93.32
ES,07,42,castilla y leon,castilla y leon,soria,2024,7,hotel 5 estrellas,90.23
ES,07,42,castilla y leon,castilla y leon,soria,2024,7,total,79.65
ES,07,47,castilla y leon,castilla y leon,valladolid,2024,7,hotel 3 estrellas,75.72
ES,07,47,castilla y leon,castilla y leon,valladolid,2024,7,hotel 4 estrellas,74.46
ES,07,47,castilla y leon,castilla y leon,valladolid,2024,7,hotel 5 estrellas,69.84
ES,07,47,castilla y leon,castilla y leon,valladolid,2024,7,total,74.09
ES,07,49,castilla y leon,castilla y leon,zamora,2024,7,hotel 3 estrellas,68.78
ES,07,49,castilla y leon,castilla y leon,zamora,2024,7,hotel 4 estrellas,78.33
ES,07,49,castilla y leon,castilla y leon,zamora,2024,7,hotel 5 estrellas,98.84
ES,07,49,castilla y leon,castilla y leon,zamora,2024,7,total,73.14
ES,08,02,castilla-la mancha,castilla-la mancha,albacete,2024,7,hotel 3 estrellas,52.87
ES,08,02,castilla-la mancha,castilla-la mancha,albacete,2024,7,hotel 4 estrellas,72.88
ES,08,02,castilla-la mancha,castilla-la mancha,albacete,2024,7,hotel 5 estrellas,76.88
ES,08,02,castilla-la mancha,castilla-la mancha,albacete,2024,7,total,62.5
ES,08,13,castilla-la mancha,castilla-la mancha,ciudad real,2024,7,hotel 3 estrellas,83.79
ES,08,13,castilla-la mancha,castilla-la mancha,ciudad real,2024,7,hotel 4 estrellas,76.13
ES,08,13,castilla-la mancha,castilla-la mancha,ciudad real,2024,7,hotel 5 estrellas,72.18
ES,08,13,castilla-la mancha,castilla-la mancha,ciudad real,2024,7,total,78.88
ES,08,16,castilla-la mancha,castilla-la mancha,cuenca,2024,7,hotel 3 estrellas,70.66
ES,08,16,castilla-la mancha,castilla-la mancha,cuenca,2024,7,hotel 4 estrellas,76.76
ES,08,16,castilla-la mancha,castilla-la mancha,cuenca,2024,7,hotel 5 estrellas,76.88
ES,08,16,castilla-la mancha,castilla-la mancha,cuenca,2024,7,total,79.72
ES,08,19,castilla-la mancha,castilla-la mancha,guadalajara,2024,7,hotel 3 estrellas,76.18
ES,08,19,castilla-la mancha,castilla-la mancha,guadalajara,2024,7,hotel 4 estrellas,62.74
ES,08,19,castilla-la mancha,castilla-la mancha,guadalajara,2024,7,hotel 5 estrellas,76.88
ES,08,19,castilla-la mancha,castilla-la mancha,guadalajara,2024,7,total,82.51
ES,08,45,castilla-la mancha,castilla-la mancha,toledo,2024,7,hotel 3 estrellas,64.71
ES,08,45,castilla-la mancha,castilla-la mancha,toledo,2024,7,hotel 4 estrellas,79.96
ES,08,45,castilla-la mancha,castilla-la mancha,toledo,2024,7,hotel 5 estrellas,81.58
ES,08,45,castilla-la mancha,castilla-la mancha,toledo,2024,7,total,70.8
ES,09,08,cataluna,cataluna,barcelona,2024,7,hotel 3 estrellas,64.55
ES,09,08,cataluna,cataluna,barcelona,2024,7,hotel 4 estrellas,69.32
ES,09,08,cataluna,cataluna,barcelona,2024,7,hotel 5 estrellas,73.12
ES,09,08,cataluna,cataluna,barcelona,2024,7,total,67.61
ES,09,17,cataluna,cataluna,girona,2024,7,hotel 3 estrellas,66.95
ES,09,17,cataluna,cataluna,girona,2024,7,hotel 4 estrellas,73.95
ES,09,17,cataluna,cataluna,girona,2024,7,hotel 5 estrellas,88.7
ES,09,17,cataluna,cataluna,girona,2024,7,total,70.97
ES,09,25,cataluna,cataluna,lleida,2024,7,hotel 3 estrellas,83.81
ES,09,25,cataluna,cataluna,lleida,2024,7,hotel 4 estrellas,68.96
ES,09,25,cataluna,cataluna,lleida,2024,7,hotel 5 estrellas,66.38
ES,09,25,cataluna,cataluna,lleida,2024,7,total,77.51
ES,09,43,cataluna,cataluna,tarragona,2024,7,hotel 3 estrellas,44.59
ES,09,43,cataluna,cataluna,tarragona,2024,7,hotel 4 estrellas,56.58
ES,09,43,cataluna,cataluna,tarragona,2024,7,hotel 5 estrellas,55.02
ES,09,43,cataluna,cataluna,tarragona,2024,7,total,51.87
ES,10,03,comunitat valenciana,comunitat valenciana,alicante/alacant,2024,7,hotel 3 estrellas,58.13
ES,10,03,comunitat valenciana,comunitat valenciana,alicante/alacant,2024,7,hotel 4 estrellas,69.97
ES,10,03,comunitat valenciana,comunitat valenciana,alicante/alacant,2024,7,hotel 5 estrellas,82.73
ES,10,03,comunitat valenciana,comunitat valenciana,alicante/alacant,2024,7,total,64.27
ES,10,12,comunitat valenciana,comunitat valenciana,castellon/castello,2024,7,hotel 3 estrellas,73.9
ES,10,12,comunitat valenciana,comunitat valenciana,castellon/castello,2024,7,hotel 4 estrellas,76.82
ES,10,12,comunitat valenciana,comunitat valenciana,castellon/castello,2024,7,hotel 5 estrellas,63.15
ES,10,12,comunitat valenciana,comunitat valenciana,castellon/castello,2024,7,total,75.25
ES,10,46,comunitat valenciana,comunitat valenciana,valencia/valencia,2024,7,hotel 3 estrellas,70.31
ES,10,46,comunitat valenciana,comunitat valenciana,valencia/valencia,2024,7,hotel 4 estrellas,73.6
ES,10,46,comunitat valenciana,comunitat valenciana,valencia/valencia,2024,7,hotel 5 estrellas,85.22
ES,10,46,comunitat valenciana,comunitat valenciana,valencia/valencia,2024,7,total,73.07
ES,11,06,extremadura,extremadura,badajoz,2024,7,hotel 3 estrellas,35.32
ES,11,06,extremadura,extremadura,badajoz,2024,7,hotel 4 estrellas,73.44
ES,11,06,extremadura,extremadura,badajoz,2024,7,hotel 5 estrellas,91.44
ES,11,06,extremadura,extremadura,badajoz,2024,7,total,73.89
ES,11,10,extremadura,extremadura,caceres,2024,7,hotel 3 estrellas,80.44
ES,11,10,extremadura,extremadura,caceres,2024,7,hotel 4 estrellas,89.55
ES,11,10,extremadura,extremadura,caceres,2024,7,hotel 5 estrellas,98.69
ES,11,10,extremadura,extremadura,caceres,2024,7,total,89.52
ES,12,15,galicia,galicia,a coruna,2024,7,hotel 3 estrellas,76.06
ES,12,15,galicia,galicia,a coruna,2024,7,hotel 4 estrellas,71.03
ES,12,15,galicia,galicia,a coruna,2024,7,hotel 5 estrellas,87.02
ES,12,15,galicia,galicia,a coruna,2024,7,total,73.29
ES,12,27,galicia,galicia,lugo,2024,7,hotel 3 estrellas,75.29
ES,12,27,galicia,galicia,lugo,2024,7,hotel 4 estrellas,81.74
ES,12,27,galicia,galicia,lugo,2024,7,hotel 5 estrellas,86.31
ES,12,27,galicia,galicia,lugo,2024,7,total,80.26
ES,12,32,galicia,galicia,ourense,2024,7,hotel 3 estrellas,69.89
ES,12,32,galicia,galicia,ourense,2024,7,hotel 4 estrellas,79.5
ES,12,32,galicia,galicia,ourense,2024,7,hotel 5 estrellas,81.68
ES,12,32,galicia,galicia,ourense,2024,7,total,76.62
ES,12,36,galicia,galicia,pontevedra,2024,7,hotel 3 estrellas,58.31
ES,12,36,galicia,galicia,pontevedra,2024,7,hotel 4 estrellas,85.72
ES,12,36,galicia,galicia,pontevedra,2024,7,hotel 5 estrellas,71.7
ES,12,36,galicia,galicia,pontevedra,2024,7,total,76.31
ES,13,28,"madrid, comunidad de",madrid,madrid,2024,7,hotel 3 estrellas,65.31
ES,13,28,"madrid, comunidad de",madrid,madrid,2024,7,hotel 4 estrellas,75.81
ES,13,28,"madrid, comunidad de",madrid,madrid,2024,7,hotel 5 estrellas,73.78
ES,13,28,"madrid, comunidad de",madrid,madrid,2024,7,total,71.96
ES,14,30,"murcia, region de",murcia,murcia,2024,7,hotel 3 estrellas,70.97
ES,14,30,"murcia, region de",murcia,murcia,2024,7,hotel 4 estrellas,68.43
ES,14,30,"murcia, region de",murcia,murcia,2024,7,hotel 5 estrellas,77.99
ES,14,30,"murcia, region de",murcia,murcia,2024,7,total,70.6
ES,15,31,"navarra, comunidad foral de",navarra,navarra,2024,7,hotel 3 estrellas,76.21
ES,15,31,"navarra, comunidad foral de",navarra,navarra,2024,7,hotel 4 estrellas,84.99
ES,15,31,"navarra, comunidad foral de",navarra,navarra,2024,7,hotel 5 estrellas,95.54
ES,15,31,"navarra, comunidad foral de",navarra,navarra,2024,7,total,77.04
ES,16,01,pais vasco,pais vasco,araba/alava,2024,7,hotel 3 estrellas,71.53
ES,16,01,pais vasco,pais vasco,araba/alava,2024,7,hotel 4 estrellas,75.59
ES,16,01,pais vasco,pais vasco,araba/alava,2024,7,hotel 5 estrellas,75.54
ES,16,01,pais vasco,pais vasco,araba/alava,2024,7,total,74.73
ES,16,48,pais vasco,pais vasco,bizkaia,2024,7,hotel 3 estrellas,72.33
ES,16,48,pais vasco,pais vasco,bizkaia,2024,7,hotel 4 estrellas,82.38
ES,16,48,pais vasco,pais vasco,bizkaia,2024,7,hotel 5 estrellas,78.68
ES,16,48,pais vasco,pais vasco,bizkaia,2024,7,total,80.25
ES,16,20,pais vasco,pais vasco,gipuzkoa,2024,7,hotel 3 estrellas,70.6
ES,16,20,pais vasco,pais vasco,gipuzkoa,2024,7,hotel 4 estrellas,70.13
ES,16,20,pais vasco,pais vasco,gipuzkoa,2024,7,hotel 5 estrellas,82.69
ES,16,20,pais vasco,pais vasco,gipuzkoa,2024,7,total,71.51
ES,17,26,"rioja, la",rioja,la rioja,2024,7,hotel 3 estrellas,91.23
ES,17,26,"rioja, la",rioja,la rioja,2024,7,hotel 4 estrellas,74.01
ES,17,26,"rioja, la",rioja,la rioja,2024,7,hotel 5 estrellas,40.44
ES,17,26,"rioja, la",rioja,la rioja,2024,7,total,88.81
ES,01,04,andalucia,andalucia,almeria,2024,8,hotel 3 estrellas,56.43
ES,01,04,andalucia,andalucia,almeria,2024,8,hotel 4 estrellas,56.68
ES,01,04,andalucia,andalucia,almeria,2024,8,hotel 5 estrellas,84.26
ES,01,04,andalucia,andalucia,almeria,2024,8,total,53.11
ES,01,11,andalucia,andalucia,cadiz,2024,8,hotel 3 estrellas,64.03
ES,01,11,andalucia,andalucia,cadiz,2024,8,hotel 4 estrellas,55.59
ES,01,11,andalucia,andalucia,cadiz,2024,8,hotel 5 estrellas,80.83
ES,01,11,andalucia,andalucia,cadiz,2024,8,total,60.75
ES,01,14,andalucia,andalucia,cordoba,2024,8,hotel 3 estrellas,87.32
ES,01,14,andalucia,andalucia,cordoba,2024,8,hotel 4 estrellas,88.14
ES,01,14,andalucia,andalucia,cordoba,2024,8,hotel 5 estrellas,94.58
ES,01,14,andalucia,andalucia,cordoba,2024,8,total,88.52
ES,01,18,andalucia,andalucia,granada,2024,8,hotel 3 estrellas,79.41
ES,01,18,andalucia,andalucia,granada,2024,8,hotel 4 estrellas,80.37
ES,01,18,andalucia,andalucia,granada,2024,8,hotel 5 estrellas,92.41
ES,01,18,andalucia,andalucia,granada,2024,8,total,81.08
ES,01,21,andalucia,andalucia,huelva,2024,8,hotel 3 estrellas,63.11
ES,01,21,andalucia,andalucia,huelva,2024,8,hotel 4 estrellas,77.85
ES,01,21,andalucia,andalucia,huelva,2024,8,hotel 5 estrellas,83.19
ES,01,21,andalucia,andalucia,huelva,2024,8,total,71.78
ES,01,23,andalucia,andalucia,jaen,2024,8,hotel 3 estrellas,68.08
ES,01,23,andalucia,andalucia,jaen,2024,8,hotel 4 estrellas,81.43
ES,01,23,andalucia,andalucia,jaen,2024,8,hotel 5 estrellas,66.46
ES,01,23,andalucia,andalucia,jaen,2024,8,total,73.94
ES,01,29,andalucia,andalucia,malaga,2024,8,hotel 3 estrellas,61.52
ES,01,29,andalucia,andalucia,malaga,2024,8,hotel 4 estrellas,66.96
ES,01,29,andalucia,andalucia,malaga,2024,8,hotel 5 estrellas,70.56
ES,01,29,andalucia,andalucia,malaga,2024,8,total,64.56
ES,01,41,andalucia,andalucia,sevilla,2024,8,hotel 3 estrellas,79.75
ES,01,41,andalucia,andalucia,sevilla,2024,8,hotel 4 estrellas,81.73
ES,01,41,andalucia,andalucia,sevilla,2024,8,hotel 5 estrellas,93.25
ES,01,41,andalucia,andalucia,sevilla,2024,8,total,81.39
ES,02,22,aragon,aragon,huesca,2024,8,hotel 3 estrellas,70.98
ES,02,22,aragon,aragon,huesca,2024,8,hotel 4 estrellas,74.12
ES,02,22,aragon,aragon,huesca,2024,8,hotel 5 estrellas,70.94
ES,02,22,aragon,aragon,huesca,2024,8,total,70.59
ES,02,44,aragon,aragon,teruel,2024,8,hotel 3 estrellas,64.82
ES,02,44,aragon,aragon,teruel,2024,8,hotel 4 estrellas,78.41
ES,02,44,aragon,aragon,teruel,2024,8,hotel 5 estrellas,70.94
ES,02,44,aragon,aragon,teruel,2024,8,total,70.39
ES,02,50,aragon,aragon,zaragoza,2024,8,hotel 3 estrellas,82.34
ES,02,50,aragon,aragon,zaragoza,2024,8,hotel 4 estrellas,81.08
ES,02,50,aragon,aragon,zaragoza,2024,8,hotel 5 estrellas,70.94
ES,02,50,aragon,aragon,zaragoza,2024,8,total,74.69
ES,03,33,"asturias, principado de",asturias,asturias,2024,8,hotel 3 estrellas,65.55
ES,03,33,"asturias, principado de",asturias,asturias,2024,8,hotel 4 estrellas,60.11
ES,03,33,"asturias, principado de",asturias,asturias,2024,8,hotel 5 estrellas,92.75
ES,03,33,"asturias, principado de",asturias,asturias,2024,8,total,65.55
ES,04,07,"balears, illes",balears,illes balears,2024,8,hotel 3 estrellas,58.58
ES,04,07,"balears, illes",balears,illes balears,2024,8,hotel 4 estrellas,69.63
ES,04,07,"balears, illes",balears,illes balears,2024,8,hotel 5 estrellas,67.03
ES,04,07,"balears, illes",balears,illes balears,2024,8,total,64.76
ES,05,35,canarias,canarias,las palmas,2024,8,hotel 3 estrellas,57.64
ES,05,35,canarias,canarias,las palmas,2024,8,hotel 4 estrellas,59.56
ES,05,35,canarias,canarias,las palmas,2024,8,hotel 5 estrellas,79.14
ES,05,35,canarias,canarias,las palmas,2024,8,total,61.95
ES,05,38,canarias,canarias,santa cruz de tenerife,2024,8,hotel 3 estrellas,51.8
ES,05,38,canarias,canarias,santa cruz de tenerife,2024,8,hotel 4 estrellas,57.79
ES,05,38,canarias,canarias,santa cruz de tenerife,2024,8,hotel 5 estrellas,71.61
ES,05,38,canarias,canarias,santa cruz de tenerife,2024,8,total,60.7
ES,06,39,cantabria,cantabria,cantabria,2024,8,hotel 3 estrellas,55.26
ES,06,39,cantabria,cantabria,cantabria,2024,8,hotel 4 estrellas,72.59
ES,06,39,cantabria,cantabria,cantabria,2024,8,hotel 5 estrellas,58.24
ES,06,39,cantabria,cantabria,cantabria,2024,8,total,59.79
ES,07,05,castilla y leon,castilla y leon,avila,2024,8,hotel 3 estrellas,84.6
ES,07,05,castilla y leon,castilla y leon,avila,2024,8,hotel 4 estrellas,78.92
ES,07,05,castilla y leon,castilla y leon,avila,2024,8,hotel 5 estrellas,98.74
ES,07,05,castilla y leon,castilla y leon,avila,2024,8,total,70.99
ES,07,09,castilla y leon,castilla y leon,burgos,2024,8,hotel 3 estrellas,64.0
ES,07,09,castilla y leon,castilla y leon,burgos,2024,8,hotel 4 estrellas,67.22
ES,07,09,castilla y leon,castilla y leon,burgos,2024,8,hotel 5 estrellas,52.03
ES,07,09,castilla y leon,castilla y leon,burgos,2024,8,total,64.52
ES,07,24,castilla y leon,castilla y leon,leon,2024,8,hotel 3 estrellas,73.53
ES,07,24,castilla y leon,castilla y leon,leon,2024,8,hotel 4 estrellas,78.23
ES,07,24,castilla y leon,castilla y leon,leon,2024,8,hotel 5 estrellas,98.05
ES,07,24,castilla y leon,castilla y leon,leon,2024,8,total,76.38
ES,07,34,castilla y leon,castilla y leon,palencia,2024,8,hotel 3 estrellas,60.74
ES,07,34,castilla y leon,castilla y leon,palencia,2024,8,hotel 4 estrellas,67.37
ES,07,34,castilla y leon,castilla y leon,palencia,2024,8,hotel 5 estrellas,86.36
ES,07,34,castilla y leon,castilla y leon,palencia,2024,8,total,68.17
ES,07,37,castilla y leon,castilla y leon,salamanca,2024,8,hotel 3 estrellas,73.22
ES,07,37,castilla y leon,castilla y leon,salamanca,2024,8,hotel 4 estrellas,73.33
ES,07,37,castilla y leon,castilla y leon,salamanca,2024,8,hotel 5 estrellas,86.68
ES,07,37,castilla y leon,castilla y leon,salamanca,2024,8,total,75.79
ES,07,40,castilla y leon,castilla y leon,segovia,2024,8,hotel 3 estrellas,79.78
ES,07,40,castilla y leon,castilla y leon,segovia,2024,8,hotel 4 estrellas,90.09
ES,07,40,castilla y leon,castilla y leon,segovia,2024,8,hotel 5 estrellas,90.67
ES,07,40,castilla y leon,castilla y leon,segovia,2024,8,total,86.19
ES,07,42,castilla y leon,castilla y leon,soria,2024,8,hotel 3 estrellas,69.07
ES,07,42,castilla y leon,castilla y leon,soria,2024,8,hotel 4 estrellas,81.11
ES,07,42,castilla y leon,castilla y leon,soria,2024,8,hotel 5 estrellas,86.36
ES,07,42,castilla y leon,castilla y leon,soria,2024,8,total,74.85
ES,07,47,castilla y leon,castilla y leon,valladolid,2024,8,hotel 3 estrellas,69.55
ES,07,47,castilla y leon,castilla y leon,valladolid,2024,8,hotel 4 estrellas,80.45
ES,07,47,castilla y leon,castilla y leon,valladolid,2024,8,hotel 5 estrellas,84.83
ES,07,47,castilla y leon,castilla y leon,valladolid,2024,8,total,80.82
ES,07,49,castilla y leon,castilla y leon,zamora,2024,8,hotel 3 estrellas,53.33
ES,07,49,castilla y leon,castilla y leon,zamora,2024,8,hotel 4 estrellas,81.8
ES,07,49,castilla y leon,castilla y leon,zamora,2024,8,hotel 5 estrellas,93.49
ES,07,49,castilla y leon,castilla y leon,zamora,2024,8,total,75.04
ES,08,02,castilla-la mancha,castilla-la mancha,albacete,2024,8,hotel 3 estrellas,74.95
ES,08,02,castilla-la mancha,castilla-la mancha,albacete,2024,8,hotel 4 estrellas,72.99
ES,08,02,castilla-la mancha,castilla-la mancha,albacete,2024,8,hotel 5 estrellas,93.35
ES,08,02,castilla-la mancha,castilla-la mancha,albacete,2024,8,total,81.04
ES,08,13,castilla-la mancha,castilla-la mancha,ciudad real,2024,8,hotel 3 estrellas,66.8
ES,08,13,castilla-la mancha,castilla-la mancha,ciudad real,2024,8,hotel 4 estrellas,71.47
ES,08,13,castilla-la mancha,castilla-la mancha,ciudad real,2024,8,hotel 5 estrellas,98.6
ES,08,13,castilla-la mancha,castilla-la mancha,ciudad real,2024,8,total,74.47
ES,08,16,castilla-la mancha,castilla-la mancha,cuenca,2024,8,hotel 3 estrellas,68.66
ES,08,16,castilla-la mancha,castilla-la mancha,cuenca,2024,8,hotel 4 estrellas,82.1
ES,08,16,castilla-la mancha,castilla-la mancha,cuenca,2024,8,hotel 5 estrellas,93.35
ES,08,16,castilla-la mancha,castilla-la mancha,cuenca,2024,8,total,68.42
ES,08,19,castilla-la mancha,castilla-la mancha,guadalajara,2024,8,hotel 3 estrellas,76.68
ES,08,19,castilla-la mancha,castilla-la mancha,guadalajara,2024,8,hotel 4 estrellas,80.23
ES,08,19,castilla-la mancha,castilla-la mancha,guadalajara,2024,8,hotel 5 estrellas,93.35
ES,08,19,castilla-la mancha,castilla-la mancha,guadalajara,2024,8,total,78.54
ES,08,45,castilla-la mancha,castilla-la mancha,toledo,2024,8,hotel 3 estrellas,65.69
ES,08,45,castilla-la mancha,castilla-la mancha,toledo,2024,8,hotel 4 estrellas,79.66
ES,08,45,castilla-la mancha,castilla-la mancha,toledo,2024,8,hotel 5 estrellas,88.1
ES,08,45,castilla-la mancha,castilla-la mancha,toledo,2024,8,total,74.19
ES,09,08,cataluna,cataluna,barcelona,2024,8,hotel 3 estrellas,65.48
ES,09,08,cataluna,cataluna,barcelona,2024,8,hotel 4 estrellas,70.87
ES,09,08,cataluna,cataluna,barcelona,2024,8,hotel 5 estrellas,69.57
ES,09,08,cataluna,cataluna,barcelona,2024,8,total,68.78
ES,09,17,cataluna,cataluna,girona,2024,8,hotel 3 estrellas,49.67
ES,09,17,cataluna,cataluna,girona,2024,8,hotel 4 estrellas,54.06
ES,09,17,cataluna,cataluna,girona,2024,8,hotel 5 estrellas,81.64
ES,09,17,cataluna,cataluna,girona,2024,8,total,52.17
ES,09,25,cataluna,cataluna,lleida,2024,8,hotel 3 estrellas,85.61
ES,09,25,cataluna,cataluna,lleida,2024,8,hotel 4 estrellas,59.19
ES,09,25,cataluna,cataluna,lleida,2024,8,hotel 5 estrellas,39.3
ES,09,25,cataluna,cataluna,lleida,2024,8,total,73.92
ES,09,43,cataluna,cataluna,tarragona,2024,8,hotel 3 estrellas,51.62
ES,09,43,cataluna,cataluna,tarragona,2024,8,hotel 4 estrellas,42.85
ES,09,43,cataluna,cataluna,tarragona,2024,8,hotel 5 estrellas,49.14
ES,09,43,cataluna,cataluna,tarragona,2024,8,total,51.71
ES,10,03,comunitat valenciana,comunitat valenciana,alicante/alacant,2024,8,hotel 3 estrellas,53.7
ES,10,03,comunitat valenciana,comunitat valenciana,alicante/alacant,2024,8,hotel 4 estrellas,64.95
ES,10,03,comunitat valenciana,comunitat valenciana,alicante/alacant,2024,8,hotel 5 estrellas,75.67
ES,10,03,comunitat valenciana,comunitat valenciana,alicante/alacant,2024,8,total,60.09
ES,10,12,comunitat valenciana,comunitat valenciana,castellon/castello,2024,8,hotel 3 estrellas,69.0
ES,10,12,comunitat valenciana,comunitat valenciana,castellon/castello,2024,8,hotel 4 estrellas,65.43
ES,10,12,comunitat valenciana,comunitat valenciana,castellon/castello,2024,8,hotel 5 estrellas,76.87
ES,10,12,comunitat valenciana,comunitat valenciana,castellon/castello,2024,8,total,68.01
ES,10,46,comunitat valenciana,comunitat valenciana,valencia/valencia,2024,8,hotel 3 estrellas,68.84
ES,10,46,comunitat valenciana,comunitat valenciana,valencia/valencia,2024,8,hotel 4 estrellas,71.15
ES,10,46,comunitat valenciana,comunitat valenciana,valencia/valencia,2024,8,hotel 5 estrellas,78.06
ES,10,46,comunitat valenciana,comunitat valenciana,valencia/valencia,2024,8,total,70.73
ES,11,06,extremadura,extremadura,badajoz,2024,8,hotel 3 estrellas,60.63
ES,11,06,extremadura,extremadura,badajoz,2024,8,hotel 4 estrellas,69.47
ES,11,06,extremadura,extremadura,badajoz,2024,8,hotel 5 estrellas,93.78
ES,11,06,extremadura,extremadura,badajoz,2024,8,total,71.63
ES,11,10,extremadura,extremadura,caceres,2024,8,hotel 3 estrellas,78.44
ES,11,10,extremadura,extremadura,caceres,2024,8,hotel 4 estrellas,86.63
ES,11,10,extremadura,extremadura,caceres,2024,8,hotel 5 estrellas,97.24
ES,11,10,extremadura,extremadura,caceres,2024,8,total,85.41
ES,12,15,galicia,galicia,a coruna,2024,8,hotel 3 estrellas,68.63
ES,12,15,galicia,galicia,a coruna,2024,8,hotel 4 estrellas,76.72
ES,12,15,galicia,galicia,a coruna,2024,8,hotel 5 estrellas,74.65
ES,12,15,galicia,galicia,a coruna,2024,8,total,70.3
ES,12,27,galicia,galicia,lugo,2024,8,hotel 3 estrellas,51.39
ES,12,27,galicia,galicia,lugo,2024,8,hotel 4 estrellas,82.75
ES,12,27,galicia,galicia,lugo,2024,8,hotel 5 estrellas,91.1
ES,12,27,galicia,galicia,lugo,2024,8,total,77.62
ES,12,32,galicia,galicia,ourense,2024,8,hotel 3 estrellas,60.31
ES,12,32,galicia,galicia,ourense,2024,8,hotel 4 estrellas,75.0
ES,12,32,galicia,galicia,ourense,2024,8,hotel 5 estrellas,84.75
ES,12,32,galicia,galicia,ourense,2024,8,total,68.52
ES,12,36,galicia,galicia,pontevedra,2024,8,hotel 3 estrellas,60.93
ES,12,36,galicia,galicia,pontevedra,2024,8,hotel 4 estrellas,65.54
ES,12,36,galicia,galicia,pontevedra,2024,8,hotel 5 estrellas,88.49
ES,12,36,galicia,galicia,pontevedra,2024,8,total,57.64
ES,13,28,"madrid, comunidad de",madrid,madrid,2024,8,hotel 3 estrellas,78.85
ES,13,28,"madrid, comunidad de",madrid,madrid,2024,8,hotel 4 estrellas,78.29
ES,13,28,"madrid, comunidad de",madrid,madrid,2024,8,hotel 5 estrellas,81.3
ES,13,28,"madrid, comunidad de",madrid,madrid,2024,8,total,78.46
ES,14,30,"murcia, region de",murcia,murcia,2024,8,hotel 3 estrellas,67.87
ES,14,30,"murcia, region de",murcia,murcia,2024,8,hotel 4 estrellas,69.4
ES,14,30,"murcia, region de",murcia,murcia,2024,8,hotel 5 estrellas,57.85
ES,14,30,"murcia, region de",murcia,murcia,2024,8,total,70.14
ES,15,31,"navarra, comunidad foral de",navarra,navarra,2024,8,hotel 3 estrellas,78.15
ES,15,31,"navarra, comunidad foral de",navarra,navarra,2024,8,hotel 4 estrellas,79.27
ES,15,31,"navarra, comunidad foral de",navarra,navarra,2024,8,hotel 5 estrellas,88.15
ES,15,31,"navarra, comunidad foral de",navarra,navarra,2024,8,total,78.86
ES,16,01,pais vasco,pais vasco,araba/alava,2024,8,hotel 3 estrellas,54.83
ES,16,01,pais vasco,pais vasco,araba/alava,2024,8,hotel 4 estrellas,70.3
ES,16,01,pais vasco,pais vasco,araba/alava,2024,8,hotel 5 estrellas,61.46
ES,16,01,pais vasco,pais vasco,araba/alava,2024,8,total,64.17
ES,16,48,pais vasco,pais vasco,bizkaia,2024,8,hotel 3 estrellas,71.74
ES,16,48,pais vasco,pais vasco,bizkaia,2024,8,hotel 4 estrellas,81.62
ES,16,48,pais vasco,pais vasco,bizkaia,2024,8,hotel 5 estrellas,78.34
ES,16,48,pais vasco,pais vasco,bizkaia,2024,8,total,80.02
ES,16,20,pais vasco,pais vasco,gipuzkoa,2024,8,hotel 3 estrellas,67.79
ES,16,20,pais vasco,pais vasco,gipuzkoa,2024,8,hotel 4 estrellas,70.45
ES,16,20,pais vasco,pais vasco,gipuzkoa,2024,8,hotel 5 estrellas,93.03
ES,16,20,pais vasco,pais vasco,gipuzkoa,2024,8,total,67.35
ES,17,26,"rioja, la",rioja,la rioja,2024,8,hotel 3 estrellas,93.21
ES,17,26,"rioja, la",rioja,la rioja,2024,8,hotel 4 estrellas,81.16
ES,17,26,"rioja, la",rioja,la rioja,2024,8,hotel 5 estrellas,97.55
ES,17,26,"rioja, la",rioja,la rioja,2024,8,total,88.84
ES,01,04,andalucia,andalucia,almeria,2024,9,hotel 3 estrellas,66.8
ES,01,04,andalucia,andalucia,almeria,2024,9,hotel 4 estrellas,47.77
ES,01,04,andalucia,andalucia,almeria,2024,9,hotel 5 estrellas,40.22
ES,01,04,andalucia,andalucia,almeria,2024,9,total,59.0
ES,01,11,andalucia,andalucia,cadiz,2024,9,hotel 3 estrellas,73.21
ES,01,11,andalucia,andalucia,cadiz,2024,9,hotel 4 estrellas,68.68
ES,01,11,andalucia,andalucia,cadiz,2024,9,hotel 5 estrellas,89.33
ES,01,11,andalucia,andalucia,cadiz,2024,9,total,69.82
ES,01,14,andalucia,andalucia,cordoba,2024,9,hotel 3 estrellas,89.03
ES,01,14,andalucia,andalucia,cordoba,2024,9,hotel 4 estrellas,82.91
ES,01,14,andalucia,andalucia,cordoba,2024,9,hotel 5 estrellas,82.81
ES,01,14,andalucia,andalucia,cordoba,2024,9,total,84.39
ES,01,18,andalucia,andalucia,granada,2024,9,hotel 3 estrellas,80.15
ES,01,18,andalucia,andalucia,granada,2024,9,hotel 4 estrellas,73.28
ES,01,18,andalucia,andalucia,granada,2024,9,hotel 5 estrellas,85.36
ES,01,18,andalucia,andalucia,granada,2024,9,total,76.6
ES,01,21,andalucia,andalucia,huelva,2024,9,hotel 3 estrellas,67.05
ES,01,21,andalucia,andalucia,huelva,2024,9,hotel 4 estrellas,74.63
ES,01,21,andalucia,andalucia,huelva,2024,9,hotel 5 estrellas,73.48
ES,01,21,andalucia,andalucia,huelva,2024,9,total,75.14
ES,01,23,andalucia,andalucia,jaen,2024,9,hotel 3 estrellas,74.93
ES,01,23,andalucia,andalucia,jaen,2024,9,hotel 4 estrellas,79.31
ES,01,23,andalucia,andalucia,jaen,2024,9,hotel 5 estrellas,58.62
ES,01,23,andalucia,andalucia,jaen,2024,9,total,72.88
ES,01,29,andalucia,andalucia,malaga,2024,9,hotel 3 estrellas,62.49
ES,01,29,andalucia,andalucia,malaga,2024,9,hotel 4 estrellas,71.75
ES,01,29,andalucia,andalucia,malaga,2024,9,hotel 5 estrellas,76.62
ES,01,29,andalucia,andalucia,malaga,2024,9,total,67.51
ES,01,41,andalucia,andalucia,sevilla,2024,9,hotel 3 estrellas,67.86
ES,01,41,andalucia,andalucia,sevilla,2024,9,hotel 4 estrellas,80.36
ES,01,41,andalucia,andalucia,sevilla,2024,9,hotel 5 estrellas,81.41
ES,01,41,andalucia,andalucia,sevilla,2024,9,total,75.94
ES,02,22,aragon,aragon,huesca,2024,9,hotel 3 estrellas,77.42
ES,02,22,aragon,aragon,huesca,2024,9,hotel 4 estrellas,81.74
ES,02,22,aragon,aragon,huesca,2024,9,hotel 5 estrellas,75.34
ES,02,22,aragon,aragon,huesca,2024,9,total,80.45
ES,02,44,aragon,aragon,teruel,2024,9,hotel 3 estrellas,56.48
ES,02,44,aragon,aragon,teruel,2024,9,hotel 4 estrellas,74.36
ES,02,44,aragon,aragon,teruel,2024,9,hotel 5 estrellas,75.34
ES,02,44,aragon,aragon,teruel,2024,9,total,64.66
ES,02,50,aragon,aragon,zaragoza,2024,9,hotel 3 estrellas,82.41
ES,02,50,aragon,aragon,zaragoza,2024,9,hotel 4 estrellas,76.32
ES,02,50,aragon,aragon,zaragoza,2024,9,hotel 5 estrellas,75.34
ES,02,50,aragon,aragon,zaragoza,2024,9,total,79.72
ES,03,33,"asturias, principado de",asturias,asturias,2024,9,hotel 3 estrellas,79.04
ES,03,33,"asturias, principado de",asturias,asturias,2024,9,hotel 4 estrellas,67.35
ES,03,33,"asturias, principado de",asturias,asturias,2024,9,hotel 5 estrellas,89.16
ES,03,33,"asturias, principado de",asturias,asturias,2024,9,total,77.54
ES,04,07,"balears, illes",balears,illes balears,2024,9,hotel 3 estrellas,57.51
ES,04,07,"balears, illes",balears,illes balears,2024,9,hotel 4 estrellas,71.66
ES,04,07,"balears, illes",balears,illes balears,2024,9,hotel 5 estrellas,76.83
ES,04,07,"balears, illes",balears,illes balears,2024,9,total,65.67
ES,05,35,canarias,canarias,las palmas,2024,9,hotel 3 estrellas,64.79
ES,05,35,canarias,canarias,las palmas,2024,9,hotel 4 estrellas,68.67
ES,05,35,canarias,canarias,las palmas,2024,9,hotel 5 estrellas,80.17
ES,05,35,canarias,canarias,las palmas,2024,9,total,69.92
ES,05,38,canarias,canarias,santa cruz de tenerife,2024,9,hotel 3 estrellas,56.17
ES,05,38,canarias,canarias,santa cruz de tenerife,2024,9,hotel 4 estrellas,53.58
ES,05,38,canarias,canarias,santa cruz de tenerife,2024,9,hotel 5 estrellas,78.2
ES,05,38,canarias,canarias,santa cruz de tenerife,2024,9,total,61.09
ES,06,39,cantabria,cantabria,cantabria,2024,9,hotel 3 estrellas,75.75
ES,06,39,cantabria,cantabria,cantabria,2024,9,hotel 4 estrellas,73.89
ES,06,39,cantabria,cantabria,cantabria,2024,9,hotel 5 estrellas,70.47
ES,06,39,cantabria,cantabria,cantabria,2024,9,total,77.31
ES,07,05,castilla y leon,castilla y leon,avila,2024,9,hotel 3 estrellas,61.22
ES,07,05,castilla y leon,castilla y leon,avila,2024,9,hotel 4 estrellas,80.76
ES,07,05,castilla y leon,castilla y leon,avila,2024,9,hotel 5 estrellas,77.06
ES,07,05,castilla y leon,castilla y leon,avila,2024,9,total,76.96
ES,07,09,castilla y leon,castilla y leon,burgos,2024,9,hotel 3 estrellas,76.46
ES,07,09,castilla y leon,castilla y leon,burgos,2024,9,hotel 4 estrellas,73.33
ES,07,09,castilla y leon,castilla y leon,burgos,2024,9,hotel 5 estrellas,73.4
ES,07,09,castilla y leon,castilla y leon,burgos,2024,9,total,73.64
ES,07,24,castilla y leon,castilla y leon,leon,2024,9,hotel 3 estrellas,81.16
ES,07,24,castilla y leon,castilla y leon,leon,2024,9,hotel 4 estrellas,81.28
ES,07,24,castilla y leon,castilla y leon,leon,2024,9,hotel 5 estrellas,74.15
ES,07,24,castilla y leon,castilla y leon,leon,2024,9,total,82.14
ES,07,34,castilla y leon,castilla y leon,palencia,2024,9,hotel 3 estrellas,65.03
ES,07,34,castilla y leon,castilla y leon,palencia,2024,9,hotel 4 estrellas,62.28
ES,07,34,castilla y leon,castilla y leon,palencia,2024,9,hotel 5 estrellas,74.15
ES,07,34,castilla y leon,castilla y leon,palencia,2024,9,total,69.29
ES,07,37,castilla y leon,castilla y leon,salamanca,2024,9,hotel 3 estrellas,77.11
ES,07,37,castilla y leon,castilla y leon,salamanca,2024,9,hotel 4 estrellas,74.46
ES,07,37,castilla y leon,castilla y leon,salamanca,2024,9,hotel 5 estrellas,77.52
ES,07,37,castilla y leon,castilla y leon,salamanca,2024,9,total,77.06
ES,07,40,castilla y leon,castilla y leon,segovia,2024,9,hotel 3 estrellas,78.75
ES,07,40,castilla y leon,castilla y leon,segovia,2024,9,hotel 4 estrellas,68.74
ES,07,40,castilla y leon,castilla y leon,segovia,2024,9,hotel 5 estrellas,64.93
ES,07,40,castilla y leon,castilla y leon,segovia,2024,9,total,73.98
ES,07,42,castilla y leon,castilla y leon,soria,2024,9,hotel 3 estrellas,87.0
ES,07,42,castilla y leon,castilla y leon,soria,2024,9,hotel 4 estrellas,95.54
ES,07,42,castilla y leon,castilla y leon,soria,2024,9,hotel 5 estrellas,74.15
ES,07,42,castilla y leon,castilla y leon,soria,2024,9,total,90.93
ES,07,47,castilla y leon,castilla y leon,valladolid,2024,9,hotel 3 estrellas,72.96
ES,07,47,castilla y leon,castilla y leon,valladolid,2024,9,hotel 4 estrellas,75.37
ES,07,47,castilla y leon,castilla y leon,valladolid,2024,9,hotel 5 estrellas,84.56
ES,07,47,castilla y leon,castilla y leon,valladolid,2024,9,total,75.38
ES,07,49,castilla y leon,castilla y leon,zamora,2024,9,hotel 3 estrellas,71.32
ES,07,49,castilla y leon,castilla y leon,zamora,2024,9,hotel 4 estrellas,77.07
ES,07,49,castilla y leon,castilla y leon,zamora,2024,9,hotel 5 estrellas,67.42
ES,07,49,castilla y leon,castilla y leon,zamora,2024,9,total,74.27
ES,08,02,castilla-la mancha,castilla-la mancha,albacete,2024,9,hotel 3 estrellas,67.26
ES,08,02,castilla-la mancha,castilla-la mancha,albacete,2024,9,hotel 4 estrellas,66.53
ES,08,02,castilla-la mancha,castilla-la mancha,albacete,2024,9,hotel 5 estrellas,94.93
ES,08,02,castilla-la mancha,castilla-la mancha,albacete,2024,9,total,69.48
ES,08,13,castilla-la mancha,castilla-la mancha,ciudad real,2024,9,hotel 3 estrellas,73.94
ES,08,13,castilla-la mancha,castilla-la mancha,ciudad real,2024,9,hotel 4 estrellas,68.16
ES,08,13,castilla-la mancha,castilla-la mancha,ciudad real,2024,9,hotel 5 estrellas,98.05
ES,08,13,castilla-la mancha,castilla-la mancha,ciudad real,2024,9,total,76.59
ES,08,16,castilla-la mancha,castilla-la mancha,cuenca,2024,9,hotel 3 estrellas,77.48
ES,08,16,castilla-la mancha,castilla-la mancha,cuenca,2024,9,hotel 4 estrellas,65.37
ES,08,16,castilla-la mancha,castilla-la mancha,cuenca,2024,9,hotel 5 estrellas,94.93
ES,08,16,castilla-la mancha,castilla-la mancha,cuenca,2024,9,total,69.19
ES,08,19,castilla-la mancha,castilla-la mancha,guadalajara,2024,9,hotel 3 estrellas,68.82
ES,08,19,castilla-la mancha,castilla-la mancha,guadalajara,2024,9,hotel 4 estrellas,74.55
ES,08,19,castilla-la mancha,castilla-la mancha,guadalajara,2024,9,hotel 5 estrellas,94.93
ES,08,19,castilla-la mancha,castilla-la mancha,guadalajara,2024,9,total,73.73
ES,08,45,castilla-la mancha,castilla-la mancha,toledo,2024,9,hotel 3 estrellas,62.64
ES,08,45,castilla-la mancha,castilla-la mancha,toledo,2024,9,hotel 4 estrellas,73.74
ES,08,45,castilla-la mancha,castilla-la mancha,toledo,2024,9,hotel 5 estrellas,91.8
ES,08,45,castilla-la mancha,castilla-la mancha,toledo,2024,9,total,66.78
ES,09,08,cataluna,cataluna,barcelona,2024,9,hotel 3 estrellas,61.82
ES,09,08,cataluna,cataluna,barcelona,2024,9,hotel 4 estrellas,70.73
ES,09,08,cataluna,cataluna,barcelona,2024,9,hotel 5 estrellas,69.36
ES,09,08,cataluna,cataluna,barcelona,2024,9,total,66.96
ES,09,17,cataluna,cataluna,girona,2024,9,hotel 3 estrellas,63.41
ES,09,17,cataluna,cataluna,girona,2024,9,hotel 4 estrellas,68.95
ES,09,17,cataluna,cataluna,girona,2024,9,hotel 5 estrellas,52.95
ES,09,17,cataluna,cataluna,girona,2024,9,total,67.57
ES,09,25,cataluna,cataluna,lleida,2024,9,hotel 3 estrellas,86.63
ES,09,25,cataluna,cataluna,lleida,2024,9,hotel 4 estrellas,71.41
ES,09,25,cataluna,cataluna,lleida,2024,9,hotel 5 estrellas,95.81
ES,09,25,cataluna,cataluna,lleida,2024,9,total,74.36
ES,09,43,cataluna,cataluna,tarragona,2024,9,hotel 3 estrellas,53.17
ES,09,43,cataluna,cataluna,tarragona,2024,9,hotel 4 estrellas,58.06
ES,09,43,cataluna,cataluna,tarragona,2024,9,hotel 5 estrellas,63.64
ES,09,43,cataluna,cataluna,tarragona,2024,9,total,58.14
ES,10,03,comunitat valenciana,comunitat valenciana,alicante/alacant,2024,9,hotel 3 estrellas,57.95
ES,10,03,comunitat valenciana,comunitat valenciana,alicante/alacant,2024,9,hotel 4 estrellas,63.64
ES,10,03,comunitat valenciana,comunitat valenciana,alicante/alacant,2024,9,hotel 5 estrellas,75.49
ES,10,03,comunitat valenciana,comunitat valenciana,alicante/alacant,2024,9,total,61.65
ES,10,12,comunitat valenciana,comunitat valenciana,castellon/castello,2024,9,hotel 3 estrellas,77.49
ES,10,12,comunitat valenciana,comunitat valenciana,castellon/castello,2024,9,hotel 4 estrellas,74.39
ES,10,12,comunitat valenciana,comunitat valenciana,castellon/castello,2024,9,hotel 5 estrellas,79.23
ES,10,12,comunitat valenciana,comunitat valenciana,castellon/castello,2024,9,total,77.58
ES,10,46,comunitat valenciana,comunitat valenciana,valencia/valencia,2024,9,hotel 3 estrellas,72.81
ES,10,46,comunitat valenciana,comunitat valenciana,valencia/valencia,2024,9,hotel 4 estrellas,74.81
ES,10,46,comunitat valenciana,comunitat valenciana,valencia/valencia,2024,9,hotel 5 estrellas,82.98
ES,10,46,comunitat valenciana,comunitat valenciana,valencia/valencia,2024,9,total,74.09
ES,11,06,extremadura,extremadura,badajoz,2024,9,hotel 3 estrellas,38.24
ES,11,06,extremadura,extremadura,badajoz,2024,9,hotel 4 estrellas,71.79
ES,11,06,extremadura,extremadura,badajoz,2024,9,hotel 5 estrellas,78.85
ES,11,06,extremadura,extremadura,badajoz,2024,9,total,73.37
ES,11,10,extremadura,extremadura,caceres,2024,9,hotel 3 estrellas,62.0
ES,11,10,extremadura,extremadura,caceres,2024,9,hotel 4 estrellas,78.82
ES,11,10,extremadura,extremadura,caceres,2024,9,hotel 5 estrellas,82.22
ES,11,10,extremadura,extremadura,caceres,2024,9,total,71.28
ES,12,15,galicia,galicia,a coruna,2024,9,hotel 3 estrellas,73.05
ES,12,15,galicia,galicia,a coruna,2024,9,hotel 4 estrellas,79.75
ES,12,15,galicia,galicia,a coruna,2024,9,hotel 5 estrellas,69.03
ES,12,15,galicia,galicia,a coruna,2024,9,total,78.57
ES,12,27,galicia,galicia,lugo,2024,9,hotel 3 estrellas,62.39
ES,12,27,galicia,galicia,lugo,2024,9,hotel 4 estrellas,81.89
ES,12,27,galicia,galicia,lugo,2024,9,hotel 5 estrellas,67.5
ES,12,27,galicia,galicia,lugo,2024,9,total,76.64
ES,12,32,galicia,galicia,ourense,2024,9,hotel 3 estrellas,59.28
ES,12,32,galicia,galicia,ourense,2024,9,hotel 4 estrellas,80.58
ES,12,32,galicia,galicia,ourense,2024,9,hotel 5 estrellas,74.67
ES,12,32,galicia,galicia,ourense,2024,9,total,73.82
ES,12,36,galicia,galicia,pontevedra,2024,9,hotel 3 estrellas,42.39
ES,12,36,galicia,galicia,pontevedra,2024,9,hotel 4 estrellas,80.09
ES,12,36,galicia,galicia,pontevedra,2024,9,hotel 5 estrellas,87.48
ES,12,36,galicia,galicia,pontevedra,2024,9,total,66.24
ES,13,28,"madrid, comunidad de",madrid,madrid,2024,9,hotel 3 estrellas,64.58
ES,13,28,"madrid, comunidad de",madrid,madrid,2024,9,hotel 4 estrellas,73.27
ES,13,28,"madrid, comunidad de",madrid,madrid,2024,9,hotel 5 estrellas,77.82
ES,13,28,"madrid, comunidad de",madrid,madrid,2024,9,total,69.32
ES,14,30,"murcia, region de",murcia,murcia,2024,9,hotel 3 estrellas,67.89
ES,14,30,"murcia, region de",murcia,murcia,2024,9,hotel 4 estrellas,72.21
ES,14,30,"murcia, region de",murcia,murcia,2024,9,hotel 5 estrellas,71.32
ES,14,30,"murcia, region de",murcia,murcia,2024,9,total,68.9
ES,15,31,"navarra, comunidad foral de",navarra,navarra,2024,9,hotel 3 estrellas,80.42
ES,15,31,"navarra, comunidad foral de",navarra,navarra,2024,9,hotel 4 estrellas,82.66
ES,15,31,"navarra, comunidad foral de",navarra,navarra,2024,9,hotel 5 estrellas,95.57
ES,15,31,"navarra, comunidad foral de",navarra,navarra,2024,9,total,83.49
ES,16,01,pais vasco,pais vasco,araba/alava,2024,9,hotel 3 estrellas,80.18
ES,16,01,pais vasco,pais vasco,araba/alava,2024,9,hotel 4 estrellas,75.83
ES,16,01,pais vasco,pais vasco,araba/alava,2024,9,hotel 5 estrellas,14.24
ES,16,01,pais vasco,pais vasco,araba/alava,2024,9,total,77.59
ES,16,48,pais vasco,pais vasco,bizkaia,2024,9,hotel 3 estrellas,68.07
ES,16,48,pais vasco,pais vasco,bizkaia,2024,9,hotel 4 estrellas,86.85
ES,16,48,pais vasco,pais vasco,bizkaia,2024,9,hotel 5 estrellas,87.17
ES,16,48,pais vasco,pais vasco,bizkaia,2024,9,total,83.57
ES,16,20,pais vasco,pais vasco,gipuzkoa,2024,9,hotel 3 estrellas,75.27
ES,16,20,pais vasco,pais vasco,gipuzkoa,2024,9,hotel 4 estrellas,77.43
ES,16,20,pais vasco,pais vasco,gipuzkoa,2024,9,hotel 5 estrellas,85.92
ES,16,20,pais vasco,pais vasco,gipuzkoa,2024,9,total,74.36
ES,17,26,"rioja, la",rioja,la rioja,2024,9,hotel 3 estrellas,82.67
ES,17,26,"rioja, la",rioja,la rioja,2024,9,hotel 4 estrellas,64.02
ES,17,26,"rioja, la",rioja,la rioja,2024,9,hotel 5 estrellas,98.7
ES,17,26,"rioja, la",rioja,la rioja,2024,9,total,79.93
ES,01,04,andalucia,andalucia,almeria,2024,10,hotel 3 estrellas,67.16
ES,01,04,andalucia,andalucia,almeria,2024,10,hotel 4 estrellas,62.07
ES,01,04,andalucia,andalucia,almeria,2024,10,hotel 5 estrellas,55.89
ES,01,04,andalucia,andalucia,almeria,2024,10,total,63.59
ES,01,11,andalucia,andalucia,cadiz,2024,10,hotel 3 estrellas,72.07
ES,01,11,andalucia,andalucia,cadiz,2024,10,hotel 4 estrellas,76.22
ES,01,11,andalucia,andalucia,cadiz,2024,10,hotel 5 estrellas,83.03
ES,01,11,andalucia,andalucia,cadiz,2024,10,total,76.42
ES,01,14,andalucia,andalucia,cordoba,2024,10,hotel 3 estrellas,73.84
ES,01,14,andalucia,andalucia,cordoba,2024,10,hotel 4 estrellas,75.17
ES,01,14,andalucia,andalucia,cordoba,2024,10,hotel 5 estrellas,87.67
ES,01,14,andalucia,andalucia,cordoba,2024,10,total,77.46
ES,01,18,andalucia,andalucia,granada,2024,10,hotel 3 estrellas,74.51
ES,01,18,andalucia,andalucia,granada,2024,10,hotel 4 estrellas,73.85
ES,01,18,andalucia,andalucia,granada,2024,10,hotel 5 estrellas,82.91
ES,01,18,andalucia,andalucia,granada,2024,10,total,74.33
ES,01,21,andalucia,andalucia,huelva,2024,10,hotel 3 estrellas,80.79
ES,01,21,andalucia,andalucia,huelva,2024,10,hotel 4 estrellas,79.82
ES,01,21,andalucia,andalucia,huelva,2024,10,hotel 5 estrellas,76.14
ES,01,21,andalucia,andalucia,huelva,2024,10,total,75.66
ES,01,23,andalucia,andalucia,jaen,2024,10,hotel 3 estrellas,68.58
ES,01,23,andalucia,andalucia,jaen,2024,10,hotel 4 estrellas,69.61
ES,01,23,andalucia,andalucia,jaen,2024,10,hotel 5 estrellas,68.78
ES,01,23,andalucia,andalucia,jaen,2024,10,total,69.54
ES,01,29,andalucia,andalucia,malaga,2024,10,hotel 3 estrellas,68.35
ES,01,29,andalucia,andalucia,malaga,2024,10,hotel 4 estrellas,72.22
ES,01,29,andalucia,andalucia,malaga,2024,10,hotel 5 estrellas,78.53
ES,01,29,andalucia,andalucia,malaga,2024,10,total,70.82
ES,01,41,andalucia,andalucia,sevilla,2024,10,hotel 3 estrellas,70.3
ES,01,41,andalucia,andalucia,sevilla,2024,10,hotel 4 estrellas,78.4
ES,01,41,andalucia,andalucia,sevilla,2024,10,hotel 5 estrellas,76.19
ES,01,41,andalucia,andalucia,sevilla,2024,10,total,76.02
ES,02,22,aragon,aragon,huesca,2024,10,hotel 3 estrellas,79.37
ES,02,22,aragon,aragon,huesca,2024,10,hotel 4 estrellas,64.34
ES,02,22,aragon,aragon,huesca,2024,10,hotel 5 estrellas,84.1
ES,02,22,aragon,aragon,huesca,2024,10,total,67.82
ES,02,44,aragon,aragon,teruel,2024,10,hotel 3 estrellas,58.88
ES,02,44,aragon,aragon,teruel,2024,10,hotel 4 estrellas,52.97
ES,02,44,aragon,aragon,teruel,2024,10,hotel 5 estrellas,84.1
ES,02,44,aragon,aragon,teruel,2024,10,total,60.43
ES,02,50,aragon,aragon,zaragoza,2024,10,hotel 3 estrellas,64.92
ES,02,50,aragon,aragon,zaragoza,2024,10,hotel 4 estrellas,75.86
ES,02,50,aragon,aragon,zaragoza,2024,10,hotel 5 estrellas,84.1
ES,02,50,aragon,aragon,zaragoza,2024,10,total,71.52
ES,03,33,"asturias, principado de",asturias,asturias,2024,10,hotel 3 estrellas,79.17
ES,03,33,"asturias, principado de",asturias,asturias,2024,10,hotel 4 estrellas,80.64
ES,03,33,"asturias, principado de",asturias,asturias,2024,10,hotel 5 estrellas,88.1
ES,03,33,"asturias, principado de",asturias,asturias,2024,10,total,81.34
ES,04,07,"balears, illes",balears,illes balears,2024,10,hotel 3 estrellas,67.12
ES,04,07,"balears, illes",balears,illes balears,2024,10,hotel 4 estrellas,76.31
ES,04,07,"balears, illes",balears,illes balears,2024,10,hotel 5 estrellas,78.85
ES,04,07,"balears, illes",balears,illes balears,2024,10,total,72.45
ES,05,35,canarias,canarias,las palmas,2024,10,hotel 3 estrellas,60.03
ES,05,35,canarias,canarias,las palmas,2024,10,hotel 4 estrellas,65.87
ES,05,35,canarias,canarias,las palmas,2024,10,hotel 5 estrellas,72.34
ES,05,35,canarias,canarias,las palmas,2024,10,total,64.35
ES,05,38,canarias,canarias,santa cruz de tenerife,2024,10,hotel 3 estrellas,50.56
ES,05,38,canarias,canarias,santa cruz de tenerife,2024,10,hotel 4 estrellas,53.44
ES,05,38,canarias,canarias,santa cruz de tenerife,2024,10,hotel 5 estrellas,79.83
ES,05,38,canarias,canarias,santa cruz de tenerife,2024,10,total,61.11
ES,06,39,cantabria,cantabria,cantabria,2024,10,hotel 3 estrellas,78.47
ES,06,39,cantabria,cantabria,cantabria,2024,10,hotel 4 estrellas,80.53
ES,06,39,cantabria,cantabria,cantabria,2024,10,hotel 5 estrellas,79.73
ES,06,39,cantabria,cantabria,cantabria,2024,10,total,80.42
ES,07,05,castilla y leon,castilla y leon,avila,2024,10,hotel 3 estrellas,67.32
ES,07,05,castilla y leon,castilla y leon,avila,2024,10,hotel 4 estrellas,83.12
ES,07,05,castilla y leon,castilla y leon,avila,2024,10,hotel 5 estrellas,95.36
ES,07,05,castilla y leon,castilla y leon,avila,2024,10,total,80.4
ES,07,09,castilla y leon,castilla y leon,burgos,2024,10,hotel 3 estrellas,73.77
ES,07,09,castilla y leon,castilla y leon,burgos,2024,10,hotel 4 estrellas,67.28
ES,07,09,castilla y leon,castilla y leon,burgos,2024,10,hotel 5 estrellas,53.12
ES,07,09,castilla y leon,castilla y leon,burgos,2024,10,total,74.56
ES,07,24,castilla y leon,castilla y leon,leon,2024,10,hotel 3 estrellas,77.64
ES,07,24,castilla y leon,castilla y leon,leon,2024,10,hotel 4 estrellas,78.76
ES,07,24,castilla y leon,castilla y leon,leon,2024,10,hotel 5 estrellas,74.99
ES,07,24,castilla y leon,castilla y leon,leon,2024,10,total,78.44
ES,07,34,castilla y leon,castilla y leon,palencia,2024,10,hotel 3 estrellas,52.24
ES,07,34,castilla y leon,castilla y leon,palencia,2024,10,hotel 4 estrellas,50.86
ES,07,34,castilla y leon,castilla y leon,palencia,2024,10,hotel 5 estrellas,74.99
ES,07,34,castilla y leon,castilla y leon,palencia,2024,10,total,62.15
ES,07,37,castilla y leon,castilla y leon,salamanca,2024,10,hotel 3 estrellas,66.68
ES,07,37,castilla y leon,castilla y leon,salamanca,2024,10,hotel 4 estrellas,65.42
ES,07,37,castilla y leon,castilla y leon,salamanca,2024,10,hotel 5 estrellas,71.34
ES,07,37,castilla y leon,castilla y leon,salamanca,2024,10,total,71.46
ES,07,40,castilla y leon,castilla y leon,segovia,2024,10,hotel 3 estrellas,74.23
ES,07,40,castilla y leon,castilla y leon,segovia,2024,10,hotel 4 estrellas,81.33
ES,07,40,castilla y leon,castilla y leon,segovia,2024,10,hotel 5 estrellas,74.88
ES,07,40,castilla y leon,castilla y leon,segovia,2024,10,total,70.98
ES,07,42,castilla y leon,castilla y leon,soria,2024,10,hotel 3 estrellas,83.48
ES,07,42,castilla y leon,castilla y leon,soria,2024,10,hotel 4 estrellas,91.71
ES,07,42,castilla y leon,castilla y leon,soria,2024,10,hotel 5 estrellas,74.99
ES,07,42,castilla y leon,castilla y leon,soria,2024,10,total,83.48
ES,07,47,castilla y leon,castilla y leon,valladolid,2024,10,hotel 3 estrellas,70.61
ES,07,47,castilla y leon,castilla y leon,valladolid,2024,10,hotel 4 estrellas,68.56
ES,07,47,castilla y leon,castilla y leon,valladolid,2024,10,hotel 5 estrellas,57.32
ES,07,47,castilla y leon,castilla y leon,valladolid,2024,10,total,73.82
ES,07,49,castilla y leon,castilla y leon,zamora,2024,10,hotel 3 estrellas,78.85
ES,07,49,castilla y leon,castilla y leon,zamora,2024,10,hotel 4 estrellas,81.76
ES,07,49,castilla y leon,castilla y leon,zamora,2024,10,hotel 5 estrellas,97.92
ES,07,49,castilla y leon,castilla y leon,zamora,2024,10,total,83.95
ES,08,02,castilla-la mancha,castilla-la mancha,albacete,2024,10,hotel 3 estrellas,64.94
ES,08,02,castilla-la mancha,castilla-la mancha,albacete,2024,10,hotel 4 estrellas,56.2
ES,08,02,castilla-la mancha,castilla-la mancha,albacete,2024,10,hotel 5 estrellas,88.77
ES,08,02,castilla-la mancha,castilla-la mancha,albacete,2024,10,total,61.83
ES,08,13,castilla-la mancha,castilla-la mancha,ciudad real,2024,10,hotel 3 estrellas,85.1
ES,08,13,castilla-la mancha,castilla-la mancha,ciudad real,2024,10,hotel 4 estrellas,77.95
ES,08,13,castilla-la mancha,castilla-la mancha,ciudad real,2024,10,hotel 5 estrellas,100.0
ES,08,13,castilla-la mancha,castilla-la mancha,ciudad real,2024,10,total,77.46
ES,08,16,castilla-la mancha,castilla-la mancha,cuenca,2024,10,hotel 3 estrellas,57.72
ES,08,16,castilla-la mancha,castilla-la mancha,cuenca,2024,10,hotel 4 estrellas,63.35
ES,08,16,castilla-la mancha,castilla-la mancha,cuenca,2024,10,hotel 5 estrellas,88.77
ES,08,16,castilla-la mancha,castilla-la mancha,cuenca,2024,10,total,69.03
ES,08,19,castilla-la mancha,castilla-la mancha,guadalajara,2024,10,hotel 3 estrellas,50.95
ES,08,19,castilla-la mancha,castilla-la mancha,guadalajara,2024,10,hotel 4 estrellas,63.72
ES,08,19,castilla-la mancha,castilla-la mancha,guadalajara,2024,10,hotel 5 estrellas,88.77
ES,08,19,castilla-la mancha,castilla-la mancha,guadalajara,2024,10,total,54.31
ES,08,45,castilla-la mancha,castilla-la mancha,toledo,2024,10,hotel 3 estrellas,69.14
ES,08,45,castilla-la mancha,castilla-la mancha,toledo,2024,10,hotel 4 estrellas,71.02
ES,08,45,castilla-la mancha,castilla-la mancha,toledo,2024,10,hotel 5 estrellas,77.54
ES,08,45,castilla-la mancha,castilla-la mancha,toledo,2024,10,total,67.9
ES,09,08,cataluna,cataluna,barcelona,2024,10,hotel 3 estrellas,67.92
ES,09,08,cataluna,cataluna,barcelona,2024,10,hotel 4 estrellas,68.67
ES,09,08,cataluna,cataluna,barcelona,2024,10,hotel 5 estrellas,74.57
ES,09,08,cataluna,cataluna,barcelona,2024,10,total,68.79
ES,09,17,cataluna,cataluna,girona,2024,10,hotel 3 estrellas,72.25
ES,09,17,cataluna,cataluna,girona,2024,10,hotel 4 estrellas,78.46
ES,09,17,cataluna,cataluna,girona,2024,10,hotel 5 estrellas,70.87
ES,09,17,cataluna,cataluna,girona,2024,10,total,75.64
ES,09,25,cataluna,cataluna,lleida,2024,10,hotel 3 estrellas,88.54
ES,09,25,cataluna,cataluna,lleida,2024,10,hotel 4 estrellas,64.24
ES,09,25,cataluna,cataluna,lleida,2024,10,hotel 5 estrellas,95.23
ES,09,25,cataluna,cataluna,lleida,2024,10,total,78.04
ES,09,43,cataluna,cataluna,tarragona,2024,10,hotel 3 estrellas,60.69
ES,09,43,cataluna,cataluna,tarragona,2024,10,hotel 4 estrellas,64.88
ES,09,43,cataluna,cataluna,tarragona,2024,10,hotel 5 estrellas,85.9
ES,09,43,cataluna,cataluna,tarragona,2024,10,total,67.37
ES,10,03,comunitat valenciana,comunitat valenciana,alicante/alacant,2024,10,hotel 3 estrellas,63.38
ES,10,03,comunitat valenciana,comunitat valenciana,alicante/alacant,2024,10,hotel 4 estrellas,71.55
ES,10,03,comunitat valenciana,comunitat valenciana,alicante/alacant,2024,10,hotel 5 estrellas,71.82
ES,10,03,comunitat valenciana,comunitat valenciana,alicante/alacant,2024,10,total,67.72
ES,10,12,comunitat valenciana,comunitat valenciana,castellon/castello,2024,10,hotel 3 estrellas,79.38
ES,10,12,comunitat valenciana,comunitat valenciana,castellon/castello,2024,10,hotel 4 estrellas,73.58
ES,10,12,comunitat valenciana,comunitat valenciana,castellon/castello,2024,10,hotel 5 estrellas,74.93
ES,10,12,comunitat valenciana,comunitat valenciana,castellon/castello,2024,10,total,80.25
ES,10,46,comunitat valenciana,comunitat valenciana,valencia/valencia,2024,10,hotel 3 estrellas,64.43
ES,10,46,comunitat valenciana,comunitat valenciana,valencia/valencia,2024,10,hotel 4 estrellas,76.77
ES,10,46,comunitat valenciana,comunitat valenciana,valencia/valencia,2024,10,hotel 5 estrellas,78.03
ES,10,46,comunitat valenciana,comunitat valenciana,valencia/valencia,2024,10,total,71.47
ES,11,06,extremadura,extremadura,badajoz,2024,10,hotel 3 estrellas,80.89
ES,11,06,extremadura,extremadura,badajoz,2024,10,hotel 4 estrellas,66.1
ES,11,06,extremadura,extremadura,badajoz,2024,10,hotel 5 estrellas,75.47
ES,11,06,extremadura,extremadura,badajoz,2024,10,total,75.07
ES,11,10,extremadura,extremadura,caceres,2024,10,hotel 3 estrellas,80.39
ES,11,10,extremadura,extremadura,caceres,2024,10,hotel 4 estrellas,82.66
ES,11,10,extremadura,extremadura,caceres,2024,10,hotel 5 estrellas,87.82
ES,11,10,extremadura,extremadura,caceres,2024,10,total,83.56
ES,12,15,galicia,galicia,a coruna,2024,10,hotel 3 estrellas,72.43
ES,12,15,galicia,galicia,a coruna,2024,10,hotel 4 estrellas,77.53
ES,12,15,galicia,galicia,a coruna,2024,10,hotel 5 estrellas,70.57
ES,12,15,galicia,galicia,a coruna,2024,10,total,73.55
ES,12,27,galicia,galicia,lugo,2024,10,hotel 3 estrellas,82.82
ES,12,27,galicia,galicia,lugo,2024,10,hotel 4 estrellas,75.41
ES,12,27,galicia,galicia,lugo,2024,10,hotel 5 estrellas,97.61
ES,12,27,galicia,galicia,lugo,2024,10,total,76.0
ES,12,32,galicia,galicia,ourense,2024,10,hotel 3 estrellas,73.24
ES,12,32,galicia,galicia,ourense,2024,10,hotel 4 estrellas,75.98
ES,12,32,galicia,galicia,ourense,2024,10,hotel 5 estrellas,84.69
ES,12,32,galicia,galicia,ourense,2024,10,total,74.25
ES,12,36,galicia,galicia,pontevedra,2024,10,hotel 3 estrellas,64.46
ES,12,36,galicia,galicia,pontevedra,2024,10,hotel 4 estrellas,75.02
ES,12,36,galicia,galicia,pontevedra,2024,10,hotel 5 estrellas,85.89
ES,12,36,galicia,galicia,pontevedra,2024,10,total,73.2
ES,13,28,"madrid, comunidad de",madrid,madrid,2024,10,hotel 3 estrellas,56.28
ES,13,28,"madrid, comunidad de",madrid,madrid,2024,10,hotel 4 estrellas,70.05
ES,13,28,"madrid, comunidad de",madrid,madrid,2024,10,hotel 5 estrellas,70.2
ES,13,28,"madrid, comunidad de",madrid,madrid,2024,10,total,64.47
ES,14,30,"murcia, region de",murcia,murcia,2024,10,hotel 3 estrellas,73.66
ES,14,30,"murcia, region de",murcia,murcia,2024,10,hotel 4 estrellas,68.42
ES,14,30,"murcia, region de",murcia,murcia,2024,10,hotel 5 estrellas,68.66
ES,14,30,"murcia, region de",murcia,murcia,2024,10,total,70.72
ES,15,31,"navarra, comunidad foral de",navarra,navarra,2024,10,hotel 3 estrellas,73.69
ES,15,31,"navarra, comunidad foral de",navarra,navarra,2024,10,hotel 4 estrellas,88.19
ES,15,31,"navarra, comunidad foral de",navarra,navarra,2024,10,hotel 5 estrellas,96.67
ES,15,31,"navarra, comunidad foral de",navarra,navarra,2024,10,total,80.15
ES,16,01,pais vasco,pais vasco,araba/alava,2024,10,hotel 3 estrellas,81.87
ES,16,01,pais vasco,pais vasco,araba/alava,2024,10,hotel 4 estrellas,88.3
ES,16,01,pais vasco,pais vasco,araba/alava,2024,10,hotel 5 estrellas,72.46
ES,16,01,pais vasco,pais vasco,araba/alava,2024,10,total,85.04
ES,16,48,pais vasco,pais vasco,bizkaia,2024,10,hotel 3 estrellas,68.7
ES,16,48,pais vasco,pais vasco,bizkaia,2024,10,hotel 4 estrellas,81.9
ES,16,48,pais vasco,pais vasco,bizkaia,2024,10,hotel 5 estrellas,84.43
ES,16,48,pais vasco,pais vasco,bizkaia,2024,10,total,78.76
ES,16,20,pais vasco,pais vasco,gipuzkoa,2024,10,hotel 3 estrellas,76.85
ES,16,20,pais vasco,pais vasco,gipuzkoa,2024,10,hotel 4 estrellas,82.95
ES,16,20,pais vasco,pais vasco,gipuzkoa,2024,10,hotel 5 estrellas,97.54
ES,16,20,pais vasco,pais vasco,gipuzkoa,2024,10,total,79.7
ES,17,26,"rioja, la",rioja,la rioja,2024,10,hotel 3 estrellas,79.87
ES,17,26,"rioja, la",rioja,la rioja,2024,10,hotel 4 estrellas,72.45
ES,17,26,"rioja, la",rioja,la rioja,2024,10,hotel 5 estrellas,94.88
ES,17,26,"rioja, la",rioja,la rioja,2024,10,total,78.25
ES,01,04,andalucia,andalucia,almeria,2024,11,hotel 3 estrellas,63.96
ES,01,04,andalucia,andalucia,almeria,2024,11,hotel 4 estrellas,64.6
ES,01,04,andalucia,andalucia,almeria,2024,11,hotel 5 estrellas,81.19
ES,01,04,andalucia,andalucia,almeria,2024,11,total,65.95
ES,01,11,andalucia,andalucia,cadiz,2024,11,hotel 3 estrellas,74.66
ES,01,11,andalucia,andalucia,cadiz,2024,11,hotel 4 estrellas,74.89
ES,01,11,andalucia,andalucia,cadiz,2024,11,hotel 5 estrellas,85.03
ES,01,11,andalucia,andalucia,cadiz,2024,11,total,76.28
ES,01,14,andalucia,andalucia,cordoba,2024,11,hotel 3 estrellas,75.46
ES,01,14,andalucia,andalucia,cordoba,2024,11,hotel 4 estrellas,79.17
ES,01,14,andalucia,andalucia,cordoba,2024,11,hotel 5 estrellas,85.33
ES,01,14,andalucia,andalucia,cordoba,2024,11,total,81.21
ES,01,18,andalucia,andalucia,granada,2024,11,hotel 3 estrellas,77.7
ES,01,18,andalucia,andalucia,granada,2024,11,hotel 4 estrellas,71.83
ES,01,18,andalucia,andalucia,granada,2024,11,hotel 5 estrellas,91.45
ES,01,18,andalucia,andalucia,granada,2024,11,total,75.85
ES,01,21,andalucia,andalucia,huelva,2024,11,hotel 3 estrellas,70.06
ES,01,21,andalucia,andalucia,huelva,2024,11,hotel 4 estrellas,70.12
ES,01,21,andalucia,andalucia,huelva,2024,11,hotel 5 estrellas,81.19
ES,01,21,andalucia,andalucia,huelva,2024,11,total,74.38
ES,01,23,andalucia,andalucia,jaen,2024,11,hotel 3 estrellas,73.28
ES,01,23,andalucia,andalucia,jaen,2024,11,hotel 4 estrellas,78.17
ES,01,23,andalucia,andalucia,jaen,2024,11,hotel 5 estrellas,57.61
ES,01,23,andalucia,andalucia,jaen,2024,11,total,76.45
ES,01,29,andalucia,andalucia,malaga,2024,11,hotel 3 estrellas,72.21
ES,01,29,andalucia,andalucia,malaga,2024,11,hotel 4 estrellas,71.16
ES,01,29,andalucia,andalucia,malaga,2024,11,hotel 5 estrellas,86.4
ES,01,29,andalucia,andalucia,malaga,2024,11,total,71.55
ES,01,41,andalucia,andalucia,sevilla,2024,11,hotel 3 estrellas,66.1
ES,01,41,andalucia,andalucia,sevilla,2024,11,hotel 4 estrellas,80.81
ES,01,41,andalucia,andalucia,sevilla,2024,11,hotel 5 estrellas,81.29
ES,01,41,andalucia,andalucia,sevilla,2024,11,total,76.21
ES,02,22,aragon,aragon,huesca,2024,11,hotel 3 estrellas,77.58
ES,02,22,aragon,aragon,huesca,2024,11,hotel 4 estrellas,70.51
ES,02,22,aragon,aragon,huesca,2024,11,hotel 5 estrellas,96.48
ES,02,22,aragon,aragon,huesca,2024,11,total,75.27
ES,02,44,aragon,aragon,teruel,2024,11,hotel 3 estrellas,82.62
ES,02,44,aragon,aragon,teruel,2024,11,hotel 4 estrellas,67.09
ES,02,44,aragon,aragon,teruel,2024,11,hotel 5 estrellas,96.48
ES,02,44,aragon,aragon,teruel,2024,11,total,75.38
ES,02,50,aragon,aragon,zaragoza,2024,11,hotel 3 estrellas,77.47
ES,02,50,aragon,aragon,zaragoza,2024,11,hotel 4 estrellas,72.14
ES,02,50,aragon,aragon,zaragoza,2024,11,hotel 5 estrellas,96.48
ES,02,50,aragon,aragon,zaragoza,2024,11,total,74.1
ES,03,33,"asturias, principado de",asturias,asturias,2024,11,hotel 3 estrellas,82.97
ES,03,33,"asturias, principado de",asturias,asturias,2024,11,hotel 4 estrellas,62.23
ES,03,33,"asturias, principado de",asturias,asturias,2024,11,hotel 5 estrellas,91.06
ES,03,33,"asturias, principado de",asturias,asturias,2024,11,total,74.46
ES,04,07,"balears, illes",balears,illes balears,2024,11,hotel 3 estrellas,75.17
ES,04,07,"balears, illes",balears,illes balears,2024,11,hotel 4 estrellas,81.34
ES,04,07,"balears, illes",balears,illes balears,2024,11,hotel 5 estrellas,72.17
ES,04,07,"balears, illes",balears,illes balears,2024,11,total,79.37
ES,05,35,canarias,canarias,las palmas,2024,11,hotel 3 estrellas,68.76
ES,05,35,canarias,canarias,las palmas,2024,11,hotel 4 estrellas,68.47
ES,05,35,canarias,canarias,las palmas,2024,11,hotel 5 estrellas,79.98
ES,05,35,canarias,canarias,las palmas,2024,11,total,69.42
ES,05,38,canarias,canarias,santa cruz de tenerife,2024,11,hotel 3 estrellas,57.44
ES,05,38,canarias,canarias,santa cruz de tenerife,2024,11,hotel 4 estrellas,53.64
ES,05,38,canarias,canarias,santa cruz de tenerife,2024,11,hotel 5 estrellas,70.78
ES,05,38,canarias,canarias,santa cruz de tenerife,2024,11,total,60.69
ES,06,39,cantabria,cantabria,cantabria,2024,11,hotel 3 estrellas,78.44
ES,06,39,cantabria,cantabria,cantabria,2024,11,hotel 4 estrellas,82.33
ES,06,39,cantabria,cantabria,cantabria,2024,11,hotel 5 estrellas,93.89
ES,06,39,cantabria,cantabria,cantabria,2024,11,total,81.08
ES,07,05,castilla y leon,castilla y leon,avila,2024,11,hotel 3 estrellas,63.32
ES,07,05,castilla y leon,castilla y leon,avila,2024,11,hotel 4 estrellas,69.55
ES,07,05,castilla y leon,castilla y leon,avila,2024,11,hotel 5 estrellas,99.26
ES,07,05,castilla y leon,castilla y leon,avila,2024,11,total,68.58
ES,07,09,castilla y leon,castilla y leon,burgos,2024,11,hotel 3 estrellas,75.25
ES,07,09,castilla y leon,castilla y leon,burgos,2024,11,hotel 4 estrellas,81.64
ES,07,09,castilla y leon,castilla y leon,burgos,2024,11,hotel 5 estrellas,79.94
ES,07,09,castilla y leon,castilla y leon,burgos,2024,11,total,76.88
ES,07,24,castilla y leon,castilla y leon,leon,2024,11,hotel 3 estrellas,85.24
ES,07,24,castilla y leon,castilla y leon,leon,2024,11,hotel 4 estrellas,87.33
ES,07,24,castilla y leon,castilla y leon,leon,2024,11,hotel 5 estrellas,73.8
ES,07,24,castilla y leon,castilla y leon,leon,2024,11,total,82.94
ES,07,34,castilla y leon,castilla y leon,palencia,2024,11,hotel 3 estrellas,53.46
ES,07,34,castilla y leon,castilla y leon,palencia,2024,11,hotel 4 estrellas,78.34
ES,07,34,castilla y leon,castilla y leon,palencia,2024,11,hotel 5 estrellas,81.78
ES,07,34,castilla y leon,castilla y leon,palencia,2024,11,total,75.57
ES,07,37,castilla y leon,castilla y leon,salamanca,2024,11,hotel 3 estrellas,79.32
ES,07,37,castilla y leon,castilla y leon,salamanca,2024,11,hotel 4 estrellas,65.94
ES,07,37,castilla y leon,castilla y leon,salamanca,2024,11,hotel 5 estrellas,86.59
ES,07,37,castilla y leon,castilla y leon,salamanca,2024,11,total,76.41
ES,07,40,castilla y leon,castilla y leon,segovia,2024,11,hotel 3 estrellas,76.96
ES,07,40,castilla y leon,castilla y leon,segovia,2024,11,hotel 4 estrellas,73.44
ES,07,40,castilla y leon,castilla y leon,segovia,2024,11,hotel 5 estrellas,89.86
ES,07,40,castilla y leon,castilla y leon,segovia,2024,11,total,79.47
ES,07,42,castilla y leon,castilla y leon,soria,2024,11,hotel 3 estrellas,66.72
ES,07,42,castilla y leon,castilla y leon,soria,2024,11,hotel 4 estrellas,89.4
ES,07,42,castilla y leon,castilla y leon,soria,2024,11,hotel 5 estrellas,81.78
ES,07,42,castilla y leon,castilla y leon,soria,2024,11,total,88.09
ES,07,47,castilla y leon,castilla y leon,valladolid,2024,11,hotel 3 estrellas,71.56
ES,07,47,castilla y leon,castilla y leon,valladolid,2024,11,hotel 4 estrellas,78.12
ES,07,47,castilla y leon,castilla y leon,valladolid,2024,11,hotel 5 estrellas,67.21
ES,07,47,castilla y leon,castilla y leon,valladolid,2024,11,total,78.11
ES,07,49,castilla y leon,castilla y leon,zamora,2024,11,hotel 3 estrellas,74.92
ES,07,49,castilla y leon,castilla y leon,zamora,2024,11,hotel 4 estrellas,91.34
ES,07,49,castilla y leon,castilla y leon,zamora,2024,11,hotel 5 estrellas,75.79
ES,07,49,castilla y leon,castilla y leon,zamora,2024,11,total,77.73
ES,08,02,castilla-la mancha,castilla-la mancha,albacete,2024,11,hotel 3 estrellas,81.93
ES,08,02,castilla-la mancha,castilla-la mancha,albacete,2024,11,hotel 4 estrellas,62.94
ES,08,02,castilla-la mancha,castilla-la mancha,albacete,2024,11,hotel 5 estrellas,80.61
ES,08,02,castilla-la mancha,castilla-la mancha,albacete,2024,11,total,58.85
ES,08,13,castilla-la mancha,castilla-la mancha,ciudad real,2024,11,hotel 3 estrellas,63.65
ES,08,13,castilla-la mancha,castilla-la mancha,ciudad real,2024,11,hotel 4 estrellas,61.14
ES,08,13,castilla-la mancha,castilla-la mancha,ciudad real,2024,11,hotel 5 estrellas,74.19
ES,08,13,castilla-la mancha,castilla-la mancha,ciudad real,2024,11,total,54.35
ES,08,16,castilla-la mancha,castilla-la mancha,cuenca,2024,11,hotel 3 estrellas,31.39
ES,08,16,castilla-la mancha,castilla-la mancha,cuenca,2024,11,hotel 4 estrellas,63.68
ES,08,16,castilla-la mancha,castilla-la mancha,cuenca,2024,11,hotel 5 estrellas,80.61
ES,08,16,castilla-la mancha,castilla-la mancha,cuenca,2024,11,total,70.45
ES,08,19,castilla-la mancha,castilla-la mancha,guadalajara,2024,11,hotel 3 estrellas,83.66
ES,08,19,castilla-la mancha,castilla-la mancha,guadalajara,2024,11,hotel 4 estrellas,65.97
ES,08,19,castilla-la mancha,castilla-la mancha,guadalajara,2024,11,hotel 5 estrellas,80.61
ES,08,19,castilla-la mancha,castilla-la mancha,guadalajara,2024,11,total,79.23
ES,08,45,castilla-la mancha,castilla-la mancha,toledo,2024,11,hotel 3 estrellas,61.66
ES,08,45,castilla-la mancha,castilla-la mancha,toledo,2024,11,hotel 4 estrellas,68.46
ES,08,45,castilla-la mancha,castilla-la mancha,toledo,2024,11,hotel 5 estrellas,87.03
ES,08,45,castilla-la mancha,castilla-la mancha,toledo,2024,11,total,65.99
ES,09,08,cataluna,cataluna,barcelona,2024,11,hotel 3 estrellas,70.82
ES,09,08,cataluna,cataluna,barcelona,2024,11,hotel 4 estrellas,73.63
ES,09,08,cataluna,cataluna,barcelona,2024,11,hotel 5 estrellas,73.58
ES,09,08,cataluna,cataluna,barcelona,2024,11,total,72.66
ES,09,17,cataluna,cataluna,girona,2024,11,hotel 3 estrellas,75.86
ES,09,17,cataluna,cataluna,girona,2024,11,hotel 4 estrellas,75.83
ES,09,17,cataluna,cataluna,girona,2024,11,hotel 5 estrellas,87.15
ES,09,17,cataluna,cataluna,girona,2024,11,total,76.62
ES,09,25,cataluna,cataluna,lleida,2024,11,hotel 3 estrellas,88.1
ES,09,25,cataluna,cataluna,lleida,2024,11,hotel 4 estrellas,49.48
ES,09,25,cataluna,cataluna,lleida,2024,11,hotel 5 estrellas,99.35
ES,09,25,cataluna,cataluna,lleida,2024,11,total,67.66
ES,09,43,cataluna,cataluna,tarragona,2024,11,hotel 3 estrellas,54.69
ES,09,43,cataluna,cataluna,tarragona,2024,11,hotel 4 estrellas,70.27
ES,09,43,cataluna,cataluna,tarragona,2024,11,hotel 5 estrellas,76.26
ES,09,43,cataluna,cataluna,tarragona,2024,11,total,59.99
ES,10,03,comunitat valenciana,comunitat valenciana,alicante/alacant,2024,11,hotel 3 estrellas,61.57
ES,10,03,comunitat valenciana,comunitat valenciana,alicante/alacant,2024,11,hotel 4 estrellas,72.95
ES,10,03,comunitat valenciana,comunitat valenciana,alicante/alacant,2024,11,hotel 5 estrellas,81.46
ES,10,03,comunitat valenciana,comunitat valenciana,alicante/alacant,2024,11,total,68.1
ES,10,12,comunitat valenciana,comunitat valenciana,castellon/castello,2024,11,hotel 3 estrellas,75.2
ES,10,12,comunitat valenciana,comunitat valenciana,castellon/castello,2024,11,hotel 4 estrellas,76.54
ES,10,12,comunitat valenciana,comunitat valenciana,castellon/castello,2024,11,hotel 5 estrellas,86.36
ES,10,12,comunitat valenciana,comunitat valenciana,castellon/castello,2024,11,total,75.44
ES,10,46,comunitat valenciana,comunitat valenciana,valencia/valencia,2024,11,hotel 3 estrellas,80.2
ES,10,46,comunitat valenciana,comunitat valenciana,valencia/valencia,2024,11,hotel 4 estrellas,72.63
ES,10,46,comunitat valenciana,comunitat valenciana,valencia/valencia,2024,11,hotel 5 estrellas,91.26
ES,10,46,comunitat valenciana,comunitat valenciana,valencia/valencia,2024,11,total,76.61
ES,11,06,extremadura,extremadura,badajoz,2024,11,hotel 3 estrellas,42.96
ES,11,06,extremadura,extremadura,badajoz,2024,11,hotel 4 estrellas,75.58
ES,11,06,extremadura,extremadura,badajoz,2024,11,hotel 5 estrellas,86.77
ES,11,06,extremadura,extremadura,badajoz,2024,11,total,64.84
ES,11,10,extremadura,extremadura,caceres,2024,11,hotel 3 estrellas,75.28
ES,11,10,extremadura,extremadura,caceres,2024,11,hotel 4 estrellas,67.53
ES,11,10,extremadura,extremadura,caceres,2024,11,hotel 5 estrellas,96.16
ES,11,10,extremadura,extremadura,caceres,2024,11,total,73.24
ES,12,15,galicia,galicia,a coruna,2024,11,hotel 3 estrellas,81.35
ES,12,15,galicia,galicia,a coruna,2024,11,hotel 4 estrellas,86.74
ES,12,15,galicia,galicia,a coruna,2024,11,hotel 5 estrellas,76.64
ES,12,15,galicia,galicia,a coruna,2024,11,total,83.58
ES,12,27,galicia,galicia,lugo,2024,11,hotel 3 estrellas,84.52
ES,12,27,galicia,galicia,lugo,2024,11,hotel 4 estrellas,67.74
ES,12,27,galicia,galicia,lugo,2024,11,hotel 5 estrellas,78.1
ES,12,27,galicia,galicia,lugo,2024,11,total,78.89
ES,12,32,galicia,galicia,ourense,2024,11,hotel 3 estrellas,71.83
ES,12,32,galicia,galicia,ourense,2024,11,hotel 4 estrellas,78.49
ES,12,32,galicia,galicia,ourense,2024,11,hotel 5 estrellas,78.1
ES,12,32,galicia,galicia,ourense,2024,11,total,79.07
ES,12,36,galicia,galicia,pontevedra,2024,11,hotel 3 estrellas,49.64
ES,12,36,galicia,galicia,pontevedra,2024,11,hotel 4 estrellas,80.98
ES,12,36,galicia,galicia,pontevedra,2024,11,hotel 5 estrellas,79.56
ES,12,36,galicia,galicia,pontevedra,2024,11,total,74.75
ES,13,28,"madrid, comunidad de",madrid,madrid,2024,11,hotel 3 estrellas,62.54
ES,13,28,"madrid, comunidad de",madrid,madrid,2024,11,hotel 4 estrellas,70.77
ES,13,28,"madrid, comunidad de",madrid,madrid,2024,11,hotel 5 estrellas,74.9
ES,13,28,"madrid, comunidad de",madrid,madrid,2024,11,total,67.53
ES,14,30,"murcia, region de",murcia,murcia,2024,11,hotel 3 estrellas,69.12
ES,14,30,"murcia, region de",murcia,murcia,2024,11,hotel 4 estrellas,77.14
ES,14,30,"murcia, region de",murcia,murcia,2024,11,hotel 5 estrellas,46.28
ES,14,30,"murcia, region de",murcia,murcia,2024,11,total,74.05
ES,15,31,"navarra, comunidad foral de",navarra,navarra,2024,11,hotel 3 estrellas,63.17
ES,15,31,"navarra, comunidad foral de",navarra,navarra,2024,11,hotel 4 estrellas,93.8
ES,15,31,"navarra, comunidad foral de",navarra,navarra,2024,11,hotel 5 estrellas,87.04
ES,15,31,"navarra, comunidad foral de",navarra,navarra,2024,11,total,76.52
ES,16,01,pais vasco,pais vasco,araba/alava,2024,11,hotel 3 estrellas,88.58
ES,16,01,pais vasco,pais vasco,araba/alava,2024,11,hotel 4 estrellas,69.27
ES,16,01,pais vasco,pais vasco,araba/alava,2024,11,hotel 5 estrellas,77.6
ES,16,01,pais vasco,pais vasco,araba/alava,2024,11,total,76.71
ES,16,48,pais vasco,pais vasco,bizkaia,2024,11,hotel 3 estrellas,56.46
ES,16,48,pais vasco,pais vasco,bizkaia,2024,11,hotel 4 estrellas,88.67
ES,16,48,pais vasco,pais vasco,bizkaia,2024,11,hotel 5 estrellas,85.35
ES,16,48,pais vasco,pais vasco,bizkaia,2024,11,total,83.29
ES,16,20,pais vasco,pais vasco,gipuzkoa,2024,11,hotel 3 estrellas,79.54
ES,16,20,pais vasco,pais vasco,gipuzkoa,2024,11,hotel 4 estrellas,81.95
ES,16,20,pais vasco,pais vasco,gipuzkoa,2024,11,hotel 5 estrellas,86.37
ES,16,20,pais vasco,pais vasco,gipuzkoa,2024,11,total,82.45
ES,17,26,"rioja, la",rioja,la rioja,2024,11,hotel 3 estrellas,77.65
ES,17,26,"rioja, la",rioja,la rioja,2024,11,hotel 4 estrellas,65.56
ES,17,26,"rioja, la",rioja,la rioja,2024,11,hotel 5 estrellas,82.33
ES,17,26,"rioja, la",rioja,la rioja,2024,11,total,72.8
ES,01,04,andalucia,andalucia,almeria,2024,12,hotel 3 estrellas,84.42
ES,01,04,andalucia,andalucia,almeria,2024,12,hotel 4 estrellas,71.29
ES,01,04,andalucia,andalucia,almeria,2024,12,hotel 5 estrellas,65.9
ES,01,04,andalucia,andalucia,almeria,2024,12,total,59.48
ES,01,11,andalucia,andalucia,cadiz,2024,12,hotel 3 estrellas,54.22
ES,01,11,andalucia,andalucia,cadiz,2024,12,hotel 4 estrellas,72.38
ES,01,11,andalucia,andalucia,cadiz,2024,12,hotel 5 estrellas,81.84
ES,01,11,andalucia,andalucia,cadiz,2024,12,total,67.74
ES,01,14,andalucia,andalucia,cordoba,2024,12,hotel 3 estrellas,75.37
ES,01,14,andalucia,andalucia,cordoba,2024,12,hotel 4 estrellas,75.67
ES,01,14,andalucia,andalucia,cordoba,2024,12,hotel 5 estrellas,77.28
ES,01,14,andalucia,andalucia,cordoba,2024,12,total,75.58
ES,01,18,andalucia,andalucia,granada,2024,12,hotel 3 estrellas,71.34
ES,01,18,andalucia,andalucia,granada,2024,12,hotel 4 estrellas,72.92
ES,01,18,andalucia,andalucia,granada,2024,12,hotel 5 estrellas,66.58
ES,01,18,andalucia,andalucia,granada,2024,12,total,73.58
ES,01,21,andalucia,andalucia,huelva,2024,12,hotel 3 estrellas,78.83
ES,01,21,andalucia,andalucia,huelva,2024,12,hotel 4 estrellas,65.21
ES,01,21,andalucia,andalucia,huelva,2024,12,hotel 5 estrellas,65.9
ES,01,21,andalucia,andalucia,huelva,2024,12,total,73.49
ES,01,23,andalucia,andalucia,jaen,2024,12,hotel 3 estrellas,69.1
ES,01,23,andalucia,andalucia,jaen,2024,12,hotel 4 estrellas,83.27
ES,01,23,andalucia,andalucia,jaen,2024,12,hotel 5 estrellas,25.76
ES,01,23,andalucia,andalucia,jaen,2024,12,total,57.33
ES,01,29,andalucia,andalucia,malaga,2024,12,hotel 3 estrellas,67.72
ES,01,29,andalucia,andalucia,malaga,2024,12,hotel 4 estrellas,76.09
ES,01,29,andalucia,andalucia,malaga,2024,12,hotel 5 estrellas,69.0
ES,01,29,andalucia,andalucia,malaga,2024,12,total,73.16
ES,01,41,andalucia,andalucia,sevilla,2024,12,hotel 3 estrellas,76.86
ES,01,41,andalucia,andalucia,sevilla,2024,12,hotel 4 estrellas,83.7
ES,01,41,andalucia,andalucia,sevilla,2024,12,hotel 5 estrellas,74.97
ES,01,41,andalucia,andalucia,sevilla,2024,12,total,78.48
ES,02,22,aragon,aragon,huesca,2024,12,hotel 3 estrellas,76.2
ES,02,22,aragon,aragon,huesca,2024,12,hotel 4 estrellas,79.37
ES,02,22,aragon,aragon,huesca,2024,12,hotel 5 estrellas,68.13
ES,02,22,aragon,aragon,huesca,2024,12,total,82.68
ES,02,44,aragon,aragon,teruel,2024,12,hotel 3 estrellas,76.87
ES,02,44,aragon,aragon,teruel,2024,12,hotel 4 estrellas,78.9
ES,02,44,aragon,aragon,teruel,2024,12,hotel 5 estrellas,68.13
ES,02,44,aragon,aragon,teruel,2024,12,total,78.6
ES,02,50,aragon,aragon,zaragoza,2024,12,hotel 3 estrellas,66.47
ES,02,50,aragon,aragon,zaragoza,2024,12,hotel 4 estrellas,66.59
ES,02,50,aragon,aragon,zaragoza,2024,12,hotel 5 estrellas,68.13
ES,02,50,aragon,aragon,zaragoza,2024,12,total,68.71
ES,03,33,"asturias, principado de",asturias,asturias,2024,12,hotel 3 estrellas,89.06
ES,03,33,"asturias, principado de",asturias,asturias,2024,12,hotel 4 estrellas,75.08
ES,03,33,"asturias, principado de",asturias,asturias,2024,12,hotel 5 estrellas,79.22
ES,03,33,"asturias, principado de",asturias,asturias,2024,12,total,83.08
ES,04,07,"balears, illes",balears,illes balears,2024,12,hotel 3 estrellas,77.48
ES,04,07,"balears, illes",balears,illes balears,2024,12,hotel 4 estrellas,76.36
ES,04,07,"balears, illes",balears,illes balears,2024,12,hotel 5 estrellas,86.89
ES,04,07,"balears, illes",balears,illes balears,2024,12,total,79.24
ES,05,35,canarias,canarias,las palmas,2024,12,hotel 3 estrellas,63.5
ES,05,35,canarias,canarias,las palmas,2024,12,hotel 4 estrellas,66.47
ES,05,35,canarias,canarias,las palmas,2024,12,hotel 5 estrellas,65.98
ES,05,35,canarias,canarias,las palmas,2024,12,total,66.49
ES,05,38,canarias,canarias,santa cruz de tenerife,2024,12,hotel 3 estrellas,50.24
ES,05,38,canarias,canarias,santa cruz de tenerife,2024,12,hotel 4 estrellas,51.58
ES,05,38,canarias,canarias,santa cruz de tenerife,2024,12,hotel 5 estrellas,74.35
ES,05,38,canarias,canarias,santa cruz de tenerife,2024,12,total,52.15
ES,06,39,cantabria,cantabria,cantabria,2024,12,hotel 3 estrellas,69.78
ES,06,39,cantabria,cantabria,cantabria,2024,12,hotel 4 estrellas,93.35
ES,06,39,cantabria,cantabria,cantabria,2024,12,hotel 5 estrellas,33.77
ES,06,39,cantabria,cantabria,cantabria,2024,12,total,79.16
ES,07,05,castilla y leon,castilla y leon,avila,2024,12,hotel 3 estrellas,69.69
ES,07,05,castilla y leon,castilla y leon,avila,2024,12,hotel 4 estrellas,81.51
ES,07,05,castilla y leon,castilla y leon,avila,2024,12,hotel 5 estrellas,79.12
ES,07,05,castilla y leon,castilla y leon,avila,2024,12,total,81.06
ES,07,09,castilla y leon,castilla y leon,burgos,2024,12,hotel 3 estrellas,67.43
ES,07,09,castilla y leon,castilla y leon,burgos,2024,12,hotel 4 estrellas,68.73
ES,07,09,castilla y leon,castilla y leon,burgos,2024,12,hotel 5 estrellas,72.68
ES,07,09,castilla y leon,castilla y leon,burgos,2024,12,total,69.05
ES,07,24,castilla y leon,castilla y leon,leon,2024,12,hotel 3 estrellas,86.43
ES,07,24,castilla y leon,castilla y leon,leon,2024,12,hotel 4 estrellas,69.72
ES,07,24,castilla y leon,castilla y leon,leon,2024,12,hotel 5 estrellas,76.94
ES,07,24,castilla y leon,castilla y leon,leon,2024,12,total,66.97
ES,07,34,castilla y leon,castilla y leon,palencia,2024,12,hotel 3 estrellas,82.06
ES,07,34,castilla y leon,castilla y leon,palencia,2024,12,hotel 4 estrellas,62.82
ES,07,34,castilla y leon,castilla y leon,palencia,2024,12,hotel 5 estrellas,76.94
ES,07,34,castilla y leon,castilla y leon,palencia,2024,12,total,66.93
ES,07,37,castilla y leon,castilla y leon,salamanca,2024,12,hotel 3 estrellas,68.98
ES,07,37,castilla y leon,castilla y leon,salamanca,2024,12,hotel 4 estrellas,67.24
ES,07,37,castilla y leon,castilla y leon,salamanca,2024,12,hotel 5 estrellas,54.85
ES,07,37,castilla y leon,castilla y leon,salamanca,2024,12,total,73.82
ES,07,40,castilla y leon,castilla y leon,segovia,2024,12,hotel 3 estrellas,80.52
ES,07,40,castilla y leon,castilla y leon,segovia,2024,12,hotel 4 estrellas,87.79
ES,07,40,castilla y leon,castilla y leon,segovia,2024,12,hotel 5 estrellas,86.92
ES,07,40,castilla y leon,castilla y leon,segovia,2024,12,total,79.48
ES,07,42,castilla y leon,castilla y leon,soria,2024,12,hotel 3 estrellas,73.45
ES,07,42,castilla y leon,castilla y leon,soria,2024,12,hotel 4 estrellas,89.38
ES,07,42,castilla y leon,castilla y leon,soria,2024,12,hotel 5 estrellas,76.94
ES,07,42,castilla y leon,castilla y leon,soria,2024,12,total,81.0
ES,07,47,castilla y leon,castilla y leon,valladolid,2024,12,hotel 3 estrellas,69.51
ES,07,47,castilla y leon,castilla y leon,valladolid,2024,12,hotel 4 estrellas,84.17
ES,07,47,castilla y leon,castilla y leon,valladolid,2024,12,hotel 5 estrellas,77.12
ES,07,47,castilla y leon,castilla y leon,valladolid,2024,12,total,79.86
ES,07,49,castilla y leon,castilla y leon,zamora,2024,12,hotel 3 estrellas,80.08
ES,07,49,castilla y leon,castilla y leon,zamora,2024,12,hotel 4 estrellas,65.64
ES,07,49,castilla y leon,castilla y leon,zamora,2024,12,hotel 5 estrellas,90.93
ES,07,49,castilla y leon,castilla y leon,zamora,2024,12,total,55.84
ES,08,02,castilla-la mancha,castilla-la mancha,albacete,2024,12,hotel 3 estrellas,63.03
ES,08,02,castilla-la mancha,castilla-la mancha,albacete,2024,12,hotel 4 estrellas,69.49
ES,08,02,castilla-la mancha,castilla-la mancha,albacete,2024,12,hotel 5 estrellas,96.22
ES,08,02,castilla-la mancha,castilla-la mancha,albacete,2024,12,total,66.7
ES,08,13,castilla-la mancha,castilla-la mancha,ciudad real,2024,12,hotel 3 estrellas,89.5
ES,08,13,castilla-la mancha,castilla-la mancha,ciudad real,2024,12,hotel 4 estrellas,82.0
ES,08,13,castilla-la mancha,castilla-la mancha,ciudad real,2024,12,hotel 5 estrellas,100.0
ES,08,13,castilla-la mancha,castilla-la mancha,ciudad real,2024,12,total,69.85
ES,08,16,castilla-la mancha,castilla-la mancha,cuenca,2024,12,hotel 3 estrellas,75.49
ES,08,16,castilla-la mancha,castilla-la mancha,cuenca,2024,12,hotel 4 estrellas,73.72
ES,08,16,castilla-la mancha,castilla-la mancha,cuenca,2024,12,hotel 5 estrellas,96.22
ES,08,16,castilla-la mancha,castilla-la mancha,cuenca,2024,12,total,74.16
ES,08,19,castilla-la mancha,castilla-la mancha,guadalajara,2024,12,hotel 3 estrellas,58.46
ES,08,19,castilla-la mancha,castilla-la mancha,guadalajara,2024,12,hotel 4 estrellas,68.96
ES,08,19,castilla-la mancha,castilla-la mancha,guadalajara,2024,12,hotel 5 estrellas,96.22
ES,08,19,castilla-la mancha,castilla-la mancha,guadalajara,2024,12,total,64.93
ES,08,45,castilla-la mancha,castilla-la mancha,toledo,2024,12,hotel 3 estrellas,75.45
ES,08,45,castilla-la mancha,castilla-la mancha,toledo,2024,12,hotel 4 estrellas,75.24
ES,08,45,castilla-la mancha,castilla-la mancha,toledo,2024,12,hotel 5 estrellas,92.44
ES,08,45,castilla-la mancha,castilla-la mancha,toledo,2024,12,total,76.05
ES,09,08,cataluna,cataluna,barcelona,2024,12,hotel 3 estrellas,73.09
ES,09,08,cataluna,cataluna,barcelona,2024,12,hotel 4 estrellas,75.01
ES,09,08,cataluna,cataluna,barcelona,2024,12,hotel 5 estrellas,84.19
ES,09,08,cataluna,cataluna,barcelona,2024,12,total,74.73
ES,09,17,cataluna,cataluna,girona,2024,12,hotel 3 estrellas,74.46
ES,09,17,cataluna,cataluna,girona,2024,12,hotel 4 estrellas,79.71
ES,09,17,cataluna,cataluna,girona,2024,12,hotel 5 estrellas,92.74
ES,09,17,cataluna,cataluna,girona,2024,12,total,77.17
ES,09,25,cataluna,cataluna,lleida,2024,12,hotel 3 estrellas,81.22
ES,09,25,cataluna,cataluna,lleida,2024,12,hotel 4 estrellas,57.45
ES,09,25,cataluna,cataluna,lleida,2024,12,hotel 5 estrellas,48.56
ES,09,25,cataluna,cataluna,lleida,2024,12,total,78.34
ES,09,43,cataluna,cataluna,tarragona,2024,12,hotel 3 estrellas,60.44
ES,09,43,cataluna,cataluna,tarragona,2024,12,hotel 4 estrellas,65.02
ES,09,43,cataluna,cataluna,tarragona,2024,12,hotel 5 estrellas,75.16
ES,09,43,cataluna,cataluna,tarragona,2024,12,total,57.66
ES,10,03,comunitat valenciana,comunitat valenciana,alicante/alacant,2024,12,hotel 3 estrellas,61.11
ES,10,03,comunitat valenciana,comunitat valenciana,alicante/alacant,2024,12,hotel 4 estrellas,69.99
ES,10,03,comunitat valenciana,comunitat valenciana,alicante/alacant,2024,12,hotel 5 estrellas,81.19
ES,10,03,comunitat valenciana,comunitat valenciana,alicante/alacant,2024,12,total,69.5
ES,10,12,comunitat valenciana,comunitat valenciana,castellon/castello,2024,12,hotel 3 estrellas,72.07
ES,10,12,comunitat valenciana,comunitat valenciana,castellon/castello,2024,12,hotel 4 estrellas,62.62
ES,10,12,comunitat valenciana,comunitat valenciana,castellon/castello,2024,12,hotel 5 estrellas,69.0
ES,10,12,comunitat valenciana,comunitat valenciana,castellon/castello,2024,12,total,71.4
ES,10,46,comunitat valenciana,comunitat valenciana,valencia/valencia,2024,12,hotel 3 estrellas,65.43
ES,10,46,comunitat valenciana,comunitat valenciana,valencia/valencia,2024,12,hotel 4 estrellas,72.77
ES,10,46,comunitat valenciana,comunitat valenciana,valencia/valencia,2024,12,hotel 5 estrellas,56.81
ES,10,46,comunitat valenciana,comunitat valenciana,valencia/valencia,2024,12,total,72.89
ES,11,06,extremadura,extremadura,badajoz,2024,12,hotel 3 estrellas,65.58
ES,11,06,extremadura,extremadura,badajoz,2024,12,hotel 4 estrellas,83.52
ES,11,06,extremadura,extremadura,badajoz,2024,12,hotel 5 estrellas,76.39
ES,11,06,extremadura,extremadura,badajoz,2024,12,total,85.57
ES,11,10,extremadura,extremadura,caceres,2024,12,hotel 3 estrellas,74.51
ES,11,10,extremadura,extremadura,caceres,2024,12,hotel 4 estrellas,76.93
ES,11,10,extremadura,extremadura,caceres,2024,12,hotel 5 estrellas,93.49
ES,11,10,extremadura,extremadura,caceres,2024,12,total,76.4
ES,12,15,galicia,galicia,a coruna,2024,12,hotel 3 estrellas,86.59
ES,12,15,galicia,galicia,a coruna,2024,12,hotel 4 estrellas,72.68
ES,12,15,galicia,galicia,a coruna,2024,12,hotel 5 estrellas,89.12
ES,12,15,galicia,galicia,a coruna,2024,12,total,78.15
ES,12,27,galicia,galicia,lugo,2024,12,hotel 3 estrellas,90.22
ES,12,27,galicia,galicia,lugo,2024,12,hotel 4 estrellas,82.46
ES,12,27,galicia,galicia,lugo,2024,12,hotel 5 estrellas,98.92
ES,12,27,galicia,galicia,lugo,2024,12,total,85.24
ES,12,32,galicia,galicia,ourense,2024,12,hotel 3 estrellas,72.59
ES,12,32,galicia,galicia,ourense,2024,12,hotel 4 estrellas,75.23
ES,12,32,galicia,galicia,ourense,2024,12,hotel 5 estrellas,89.0
ES,12,32,galicia,galicia,ourense,2024,12,total,72.98
ES,12,36,galicia,galicia,pontevedra,2024,12,hotel 3 estrellas,40.96
ES,12,36,galicia,galicia,pontevedra,2024,12,hotel 4 estrellas,70.54
ES,12,36,galicia,galicia,pontevedra,2024,12,hotel 5 estrellas,78.96
ES,12,36,galicia,galicia,pontevedra,2024,12,total,55.56
ES,13,28,"madrid, comunidad de",madrid,madrid,2024,12,hotel 3 estrellas,68.26
ES,13,28,"madrid, comunidad de",madrid,madrid,2024,12,hotel 4 estrellas,78.04
ES,13,28,"madrid, comunidad de",madrid,madrid,2024,12,hotel 5 estrellas,79.05
ES,13,28,"madrid, comunidad de",madrid,madrid,2024,12,total,74.94
ES,14,30,"murcia, region de",murcia,murcia,2024,12,hotel 3 estrellas,79.5
ES,14,30,"murcia, region de",murcia,murcia,2024,12,hotel 4 estrellas,72.86
ES,14,30,"murcia, region de",murcia,murcia,2024,12,hotel 5 estrellas,98.33
ES,14,30,"murcia, region de",murcia,murcia,2024,12,total,63.79
ES,15,31,"navarra, comunidad foral de",navarra,navarra,2024,12,hotel 3 estrellas,86.57
ES,15,31,"navarra, comunidad foral de",navarra,navarra,2024,12,hotel 4 estrellas,85.45
ES,15,31,"navarra, comunidad foral de",navarra,navarra,2024,12,hotel 5 estrellas,82.57
ES,15,31,"navarra, comunidad foral de",navarra,navarra,2024,12,total,84.48
ES,16,01,pais vasco,pais vasco,araba/alava,2024,12,hotel 3 estrellas,81.87
ES,16,01,pais vasco,pais vasco,araba/alava,2024,12,hotel 4 estrellas,78.48
ES,16,01,pais vasco,pais vasco,araba/alava,2024,12,hotel 5 estrellas,67.27
ES,16,01,pais vasco,pais vasco,araba/alava,2024,12,total,83.58
ES,16,48,pais vasco,pais vasco,bizkaia,2024,12,hotel 3 estrellas,70.21
ES,16,48,pais vasco,pais vasco,bizkaia,2024,12,hotel 4 estrellas,84.62
ES,16,48,pais vasco,pais vasco,bizkaia,2024,12,hotel 5 estrellas,88.73
ES,16,48,pais vasco,pais vasco,bizkaia,2024,12,total,82.59
ES,16,20,pais vasco,pais vasco,gipuzkoa,2024,12,hotel 3 estrellas,84.78
ES,16,20,pais vasco,pais vasco,gipuzkoa,2024,12,hotel 4 estrellas,87.82
ES,16,20,pais vasco,pais vasco,gipuzkoa,2024,12,hotel 5 estrellas,83.32
ES,16,20,pais vasco,pais vasco,gipuzkoa,2024,12,total,88.55
ES,17,26,"rioja, la",rioja,la rioja,2024,12,hotel 3 estrellas,90.49
ES,17,26,"rioja, la",rioja,la rioja,2024,12,hotel 4 estrellas,77.18
ES,17,26,"rioja, la",rioja,la rioja,2024,12,hotel 5 estrellas,77.11
ES,17,26,"rioja, la",rioja,la rioja,2024,12,total,81.62
ES,01,04,andalucia,andalucia,almeria,2025,1,hotel 3 estrellas,81.3
ES,01,04,andalucia,andalucia,almeria,2025,1,hotel 4 estrellas,52.09
ES,01,04,andalucia,andalucia,almeria,2025,1,hotel 5 estrellas,71.04
ES,01,04,andalucia,andalucia,almeria,2025,1,total,68.36
ES,01,11,andalucia,andalucia,cadiz,2025,1,hotel 3 estrellas,77.22
ES,01,11,andalucia,andalucia,cadiz,2025,1,hotel 4 estrellas,67.2
ES,01,11,andalucia,andalucia,cadiz,2025,1,hotel 5 estrellas,70.47
ES,01,11,andalucia,andalucia,cadiz,2025,1,total,73.19
ES,01,14,andalucia,andalucia,cordoba,2025,1,hotel 3 estrellas,84.66
ES,01,14,andalucia,andalucia,cordoba,2025,1,hotel 4 estrellas,80.12
ES,01,14,andalucia,andalucia,cordoba,2025,1,hotel 5 estrellas,76.18
ES,01,14,andalucia,andalucia,cordoba,2025,1,total,83.89
ES,01,18,andalucia,andalucia,granada,2025,1,hotel 3 estrellas,68.66
ES,01,18,andalucia,andalucia,granada,2025,1,hotel 4 estrellas,70.16
ES,01,18,andalucia,andalucia,granada,2025,1,hotel 5 estrellas,74.89
ES,01,18,andalucia,andalucia,granada,2025,1,total,71.41
ES,01,21,andalucia,andalucia,huelva,2025,1,hotel 3 estrellas,62.7
ES,01,21,andalucia,andalucia,huelva,2025,1,hotel 4 estrellas,49.61
ES,01,21,andalucia,andalucia,huelva,2025,1,hotel 5 estrellas,71.04
ES,01,21,andalucia,andalucia,huelva,2025,1,total,47.21
ES,01,23,andalucia,andalucia,jaen,2025,1,hotel 3 estrellas,82.29
ES,01,23,andalucia,andalucia,jaen,2025,1,hotel 4 estrellas,87.19
ES,01,23,andalucia,andalucia,jaen,2025,1,hotel 5 estrellas,47.85
ES,01,23,andalucia,andalucia,jaen,2025,1,total,87.79
ES,01,29,andalucia,andalucia,malaga,2025,1,hotel 3 estrellas,73.56
ES,01,29,andalucia,andalucia,malaga,2025,1,hotel 4 estrellas,74.73
ES,01,29,andalucia,andalucia,malaga,2025,1,hotel 5 estrellas,84.69
ES,01,29,andalucia,andalucia,malaga,2025,1,total,74.64
ES,01,41,andalucia,andalucia,sevilla,2025,1,hotel 3 estrellas,68.17
ES,01,41,andalucia,andalucia,sevilla,2025,1,hotel 4 estrellas,79.91
ES,01,41,andalucia,andalucia,sevilla,2025,1,hotel 5 estrellas,72.16
ES,01,41,andalucia,andalucia,sevilla,2025,1,total,75.97
ES,02,22,aragon,aragon,huesca,2025,1,hotel 3 estrellas,78.92
ES,02,22,aragon,aragon,huesca,2025,1,hotel 4 estrellas,44.72
ES,02,22,aragon,aragon,huesca,2025,1,hotel 5 estrellas,76.03
ES,02,22,aragon,aragon,huesca,2025,1,total,73.85
ES,02,44,aragon,aragon,teruel,2025,1,hotel 3 estrellas,58.77
ES,02,44,aragon,aragon,teruel,2025,1,hotel 4 estrellas,76.59
ES,02,44,aragon,aragon,teruel,2025,1,hotel 5 estrellas,76.03
ES,02,44,aragon,aragon,teruel,2025,1,total,55.92
ES,02,50,aragon,aragon,zaragoza,2025,1,hotel 3 estrellas,74.89
ES,02,50,aragon,aragon,zaragoza,2025,1,hotel 4 estrellas,63.38
ES,02,50,aragon,aragon,zaragoza,2025,1,hotel 5 estrellas,76.03
ES,02,50,aragon,aragon,zaragoza,2025,1,total,69.86
ES,03,33,"asturias, principado de",asturias,asturias,2025,1,hotel 3 estrellas,78.93
ES,03,33,"asturias, principado de",asturias,asturias,2025,1,hotel 4 estrellas,72.14
ES,03,33,"asturias, principado de",asturias,asturias,2025,1,hotel 5 estrellas,90.62
ES,03,33,"asturias, principado de",asturias,asturias,2025,1,total,76.64
ES,04,07,"balears, illes",balears,illes balears,2025,1,hotel 3 estrellas,68.26
ES,04,07,"balears, illes",balears,illes balears,2025,1,hotel 4 estrellas,79.86
ES,04,07,"balears, illes",balears,illes balears,2025,1,hotel 5 estrellas,83.74
ES,04,07,"balears, illes",balears,illes balears,2025,1,total,76.3
ES,05,35,canarias,canarias,las palmas,2025,1,hotel 3 estrellas,63.9
ES,05,35,canarias,canarias,las palmas,2025,1,hotel 4 estrellas,57.64
ES,05,35,canarias,canarias,las palmas,2025,1,hotel 5 estrellas,74.14
ES,05,35,canarias,canarias,las palmas,2025,1,total,62.62
ES,05,38,canarias,canarias,santa cruz de tenerife,2025,1,hotel 3 estrellas,61.09
ES,05,38,canarias,canarias,santa cruz de tenerife,2025,1,hotel 4 estrellas,47.25
ES,05,38,canarias,canarias,santa cruz de tenerife,2025,1,hotel 5 estrellas,73.24
ES,05,38,canarias,canarias,santa cruz de tenerife,2025,1,total,57.64
ES,06,39,cantabria,cantabria,cantabria,2025,1,hotel 3 estrellas,84.37
ES,06,39,cantabria,cantabria,cantabria,2025,1,hotel 4 estrellas,82.17
ES,06,39,cantabria,cantabria,cantabria,2025,1,hotel 5 estrellas,36.27
ES,06,39,cantabria,cantabria,cantabria,2025,1,total,85.84
ES,07,05,castilla y leon,castilla y leon,avila,2025,1,hotel 3 estrellas,85.49
ES,07,05,castilla y leon,castilla y leon,avila,2025,1,hotel 4 estrellas,78.78
ES,07,05,castilla y leon,castilla y leon,avila,2025,1,hotel 5 estrellas,75.63
ES,07,05,castilla y leon,castilla y leon,avila,2025,1,total,80.09
ES,07,09,castilla y leon,castilla y leon,burgos,2025,1,hotel 3 estrellas,78.84
ES,07,09,castilla y leon,castilla y leon,burgos,2025,1,hotel 4 estrellas,80.3
ES,07,09,castilla y leon,castilla y leon,burgos,2025,1,hotel 5 estrellas,92.48
ES,07,09,castilla y leon,castilla y leon,burgos,2025,1,total,78.15
ES,07,24,castilla y leon,castilla y leon,leon,2025,1,hotel 3 estrellas,81.78
ES,07,24,castilla y leon,castilla y leon,leon,2025,1,hotel 4 estrellas,82.18
ES,07,24,castilla y leon,castilla y leon,leon,2025,1,hotel 5 estrellas,75.63
ES,07,24,castilla y leon,castilla y leon,leon,2025,1,total,78.6
ES,07,34,castilla y leon,castilla y leon,palencia,2025,1,hotel 3 estrellas,81.99
ES,07,34,castilla y leon,castilla y leon,palencia,2025,1,hotel 4 estrellas,65.44
ES,07,34,castilla y leon,castilla y leon,palencia,2025,1,hotel 5 estrellas,75.63
ES,07,34,castilla y leon,castilla y leon,palencia,2025,1,total,73.74
ES,07,37,castilla y leon,castilla y leon,salamanca,2025,1,hotel 3 estrellas,75.26
ES,07,37,castilla y leon,castilla y leon,salamanca,2025,1,hotel 4 estrellas,75.07
ES,07,37,castilla y leon,castilla y leon,salamanca,2025,1,hotel 5 estrellas,84.97
ES,07,37,castilla y leon,castilla y leon,salamanca,2025,1,total,80.57
ES,07,40,castilla y leon,castilla y leon,segovia,2025,1,hotel 3 estrellas,93.03
ES,07,40,castilla y leon,castilla y leon,segovia,2025,1,hotel 4 estrellas,68.46
ES,07,40,castilla y leon,castilla y leon,segovia,2025,1,hotel 5 estrellas,82.1
ES,07,40,castilla y leon,castilla y leon,segovia,2025,1,total,78.07
ES,07,42,castilla y leon,castilla y leon,soria,2025,1,hotel 3 estrellas,88.31
ES,07,42,castilla y leon,castilla y leon,soria,2025,1,hotel 4 estrellas,86.22
ES,07,42,castilla y leon,castilla y leon,soria,2025,1,hotel 5 estrellas,75.63
ES,07,42,castilla y leon,castilla y leon,soria,2025,1,total,87.22
ES,07,47,castilla y leon,castilla y leon,valladolid,2025,1,hotel 3 estrellas,79.12
ES,07,47,castilla y leon,castilla y leon,valladolid,2025,1,hotel 4 estrellas,79.45
ES,07,47,castilla y leon,castilla y leon,valladolid,2025,1,hotel 5 estrellas,94.43
ES,07,47,castilla y leon,castilla y leon,valladolid,2025,1,total,83.48
ES,07,49,castilla y leon,castilla y leon,zamora,2025,1,hotel 3 estrellas,77.04
ES,07,49,castilla y leon,castilla y leon,zamora,2025,1,hotel 4 estrellas,80.73
ES,07,49,castilla y leon,castilla y leon,zamora,2025,1,hotel 5 estrellas,24.17
ES,07,49,castilla y leon,castilla y leon,zamora,2025,1,total,59.53
ES,08,02,castilla-la mancha,castilla-la mancha,albacete,2025,1,hotel 3 estrellas,51.37
ES,08,02,castilla-la mancha,castilla-la mancha,albacete,2025,1,hotel 4 estrellas,54.28
ES,08,02,castilla-la mancha,castilla-la mancha,albacete,2025,1,hotel 5 estrellas,93.46
ES,08,02,castilla-la mancha,castilla-la mancha,albacete,2025,1,total,57.74
ES,08,13,castilla-la mancha,castilla-la mancha,ciudad real,2025,1,hotel 3 estrellas,91.42
ES,08,13,castilla-la mancha,castilla-la mancha,ciudad real,2025,1,hotel 4 estrellas,84.89
ES,08,13,castilla-la mancha,castilla-la mancha,ciudad real,2025,1,hotel 5 estrellas,100.0
ES,08,13,castilla-la mancha,castilla-la mancha,ciudad real,2025,1,total,84.81
ES,08,16,castilla-la mancha,castilla-la mancha,cuenca,2025,1,hotel 3 estrellas,75.17
ES,08,16,castilla-la mancha,castilla-la mancha,cuenca,2025,1,hotel 4 estrellas,81.07
ES,08,16,castilla-la mancha,castilla-la mancha,cuenca,2025,1,hotel 5 estrellas,93.46
ES,08,16,castilla-la mancha,castilla-la mancha,cuenca,2025,1,total,79.86
ES,08,19,castilla-la mancha,castilla-la mancha,guadalajara,2025,1,hotel 3 estrellas,63.73
ES,08,19,castilla-la mancha,castilla-la mancha,guadalajara,2025,1,hotel 4 estrellas,77.5
ES,08,19,castilla-la mancha,castilla-la mancha,guadalajara,2025,1,hotel 5 estrellas,93.46
ES,08,19,castilla-la mancha,castilla-la mancha,guadalajara,2025,1,total,72.24
ES,08,45,castilla-la mancha,castilla-la mancha,toledo,2025,1,hotel 3 estrellas,69.11
ES,08,45,castilla-la mancha,castilla-la mancha,toledo,2025,1,hotel 4 estrellas,71.08
ES,08,45,castilla-la mancha,castilla-la mancha,toledo,2025,1,hotel 5 estrellas,86.92
ES,08,45,castilla-la mancha,castilla-la mancha,toledo,2025,1,total,65.91
ES,09,08,cataluna,cataluna,barcelona,2025,1,hotel 3 estrellas,72.69
ES,09,08,cataluna,cataluna,barcelona,2025,1,hotel 4 estrellas,75.36
ES,09,08,cataluna,cataluna,barcelona,2025,1,hotel 5 estrellas,68.49
ES,09,08,cataluna,cataluna,barcelona,2025,1,total,74.09
ES,09,17,cataluna,cataluna,girona,2025,1,hotel 3 estrellas,82.83
ES,09,17,cataluna,cataluna,girona,2025,1,hotel 4 estrellas,79.04
ES,09,17,cataluna,cataluna,girona,2025,1,hotel 5 estrellas,87.71
ES,09,17,cataluna,cataluna,girona,2025,1,total,83.82
ES,09,25,cataluna,cataluna,lleida,2025,1,hotel 3 estrellas,82.31
ES,09,25,cataluna,cataluna,lleida,2025,1,hotel 4 estrellas,59.57
ES,09,25,cataluna,cataluna,lleida,2025,1,hotel 5 estrellas,67.44
ES,09,25,cataluna,cataluna,lleida,2025,1,total,62.31
ES,09,43,cataluna,cataluna,tarragona,2025,1,hotel 3 estrellas,63.85
ES,09,43,cataluna,cataluna,tarragona,2025,1,hotel 4 estrellas,68.21
ES,09,43,cataluna,cataluna,tarragona,2025,1,hotel 5 estrellas,75.37
ES,09,43,cataluna,cataluna,tarragona,2025,1,total,63.98
ES,10,03,comunitat valenciana,comunitat valenciana,alicante/alacant,2025,1,hotel 3 estrellas,68.81
ES,10,03,comunitat valenciana,comunitat valenciana,alicante/alacant,2025,1,hotel 4 estrellas,64.72
ES,10,03,comunitat valenciana,comunitat valenciana,alicante/alacant,2025,1,hotel 5 estrellas,78.77
ES,10,03,comunitat valenciana,comunitat valenciana,alicante/alacant,2025,1,total,63.63
ES,10,12,comunitat valenciana,comunitat valenciana,castellon/castello,2025,1,hotel 3 estrellas,74.82
ES,10,12,comunitat valenciana,comunitat valenciana,castellon/castello,2025,1,hotel 4 estrellas,78.44
ES,10,12,comunitat valenciana,comunitat valenciana,castellon/castello,2025,1,hotel 5 estrellas,82.62
ES,10,12,comunitat valenciana,comunitat valenciana,castellon/castello,2025,1,total,77.31
ES,10,46,comunitat valenciana,comunitat valenciana,valencia/valencia,2025,1,hotel 3 estrellas,74.84
ES,10,46,comunitat valenciana,comunitat valenciana,valencia/valencia,2025,1,hotel 4 estrellas,81.34
ES,10,46,comunitat valenciana,comunitat valenciana,valencia/valencia,2025,1,hotel 5 estrellas,86.48
ES,10,46,comunitat valenciana,comunitat valenciana,valencia/valencia,2025,1,total,81.41
ES,11,06,extremadura,extremadura,badajoz,2025,1,hotel 3 estrellas,66.5
ES,11,06,extremadura,extremadura,badajoz,2025,1,hotel 4 estrellas,54.88
ES,11,06,extremadura,extremadura,badajoz,2025,1,hotel 5 estrellas,88.61
ES,11,06,extremadura,extremadura,badajoz,2025,1,total,59.9
ES,11,10,extremadura,extremadura,caceres,2025,1,hotel 3 estrellas,75.76
ES,11,10,extremadura,extremadura,caceres,2025,1,hotel 4 estrellas,72.07
ES,11,10,extremadura,extremadura,caceres,2025,1,hotel 5 estrellas,95.21
ES,11,10,extremadura,extremadura,caceres,2025,1,total,79.23
ES,12,15,galicia,galicia,a coruna,2025,1,hotel 3 estrellas,69.33
ES,12,15,galicia,galicia,a coruna,2025,1,hotel 4 estrellas,82.13
ES,12,15,galicia,galicia,a coruna,2025,1,hotel 5 estrellas,75.84
ES,12,15,galicia,galicia,a coruna,2025,1,total,80.52
ES,12,27,galicia,galicia,lugo,2025,1,hotel 3 estrellas,71.33
ES,12,27,galicia,galicia,lugo,2025,1,hotel 4 estrellas,86.15
ES,12,27,galicia,galicia,lugo,2025,1,hotel 5 estrellas,82.56
ES,12,27,galicia,galicia,lugo,2025,1,total,84.8
ES,12,32,galicia,galicia,ourense,2025,1,hotel 3 estrellas,71.42
ES,12,32,galicia,galicia,ourense,2025,1,hotel 4 estrellas,60.42
ES,12,32,galicia,galicia,ourense,2025,1,hotel 5 estrellas,82.56
ES,12,32,galicia,galicia,ourense,2025,1,total,63.06
ES,12,36,galicia,galicia,pontevedra,2025,1,hotel 3 estrellas,60.9
ES,12,36,galicia,galicia,pontevedra,2025,1,hotel 4 estrellas,77.42
ES,12,36,galicia,galicia,pontevedra,2025,1,hotel 5 estrellas,89.28
ES,12,36,galicia,galicia,pontevedra,2025,1,total,75.51
ES,13,28,"madrid, comunidad de",madrid,madrid,2025,1,hotel 3 estrellas,66.46
ES,13,28,"madrid, comunidad de",madrid,madrid,2025,1,hotel 4 estrellas,73.39
ES,13,28,"madrid, comunidad de",madrid,madrid,2025,1,hotel 5 estrellas,79.02
ES,13,28,"madrid, comunidad de",madrid,madrid,2025,1,total,71.33
ES,14,30,"murcia, region de",murcia,murcia,2025,1,hotel 3 estrellas,71.03
ES,14,30,"murcia, region de",murcia,murcia,2025,1,hotel 4 estrellas,69.28
ES,14,30,"murcia, region de",murcia,murcia,2025,1,hotel 5 estrellas,94.65
ES,14,30,"murcia, region de",murcia,murcia,2025,1,total,71.8
ES,15,31,"navarra, comunidad foral de",navarra,navarra,2025,1,hotel 3 estrellas,76.74
ES,15,31,"navarra, comunidad foral de",navarra,navarra,2025,1,hotel 4 estrellas,81.77
ES,15,31,"navarra, comunidad foral de",navarra,navarra,2025,1,hotel 5 estrellas,95.01
ES,15,31,"navarra, comunidad foral de",navarra,navarra,2025,1,total,79.55
ES,16,01,pais vasco,pais vasco,araba/alava,2025,1,hotel 3 estrellas,79.36
ES,16,01,pais vasco,pais vasco,araba/alava,2025,1,hotel 4 estrellas,78.36
ES,16,01,pais vasco,pais vasco,araba/alava,2025,1,hotel 5 estrellas,97.28
ES,16,01,pais vasco,pais vasco,araba/alava,2025,1,total,83.36
ES,16,48,pais vasco,pais vasco,bizkaia,2025,1,hotel 3 estrellas,82.74
ES,16,48,pais vasco,pais vasco,bizkaia,2025,1,hotel 4 estrellas,90.5
ES,16,48,pais vasco,pais vasco,bizkaia,2025,1,hotel 5 estrellas,76.84
ES,16,48,pais vasco,pais vasco,bizkaia,2025,1,total,88.68
ES,16,20,pais vasco,pais vasco,gipuzkoa,2025,1,hotel 3 estrellas,79.46
ES,16,20,pais vasco,pais vasco,gipuzkoa,2025,1,hotel 4 estrellas,87.95
ES,16,20,pais vasco,pais vasco,gipuzkoa,2025,1,hotel 5 estrellas,95.04
ES,16,20,pais vasco,pais vasco,gipuzkoa,2025,1,total,86.13
ES,17,26,"rioja, la",rioja,la rioja,2025,1,hotel 3 estrellas,84.34
ES,17,26,"rioja, la",rioja,la rioja,2025,1,hotel 4 estrellas,65.6
ES,17,26,"rioja, la",rioja,la rioja,2025,1,hotel 5 estrellas,12.87
ES,17,26,"rioja, la",rioja,la rioja,2025,1,total,77.91
ES,01,04,andalucia,andalucia,almeria,2025,2,hotel 3 estrellas,79.58
ES,01,04,andalucia,andalucia,almeria,2025,2,hotel 4 estrellas,60.94
ES,01,04,andalucia,andalucia,almeria,2025,2,hotel 5 estrellas,80.91
ES,01,04,andalucia,andalucia,almeria,2025,2,total,67.07
ES,01,11,andalucia,andalucia,cadiz,2025,2,hotel 3 estrellas,80.4
ES,01,11,andalucia,andalucia,cadiz,2025,2,hotel 4 estrellas,74.33
ES,01,11,andalucia,andalucia,cadiz,2025,2,hotel 5 estrellas,47.61
ES,01,11,andalucia,andalucia,cadiz,2025,2,total,77.6
ES,01,14,andalucia,andalucia,cordoba,2025,2,hotel 3 estrellas,86.17
ES,01,14,andalucia,andalucia,cordoba,2025,2,hotel 4 estrellas,81.06
ES,01,14,andalucia,andalucia,cordoba,2025,2,hotel 5 estrellas,79.74
ES,01,14,andalucia,andalucia,cordoba,2025,2,total,83.2
ES,01,18,andalucia,andalucia,granada,2025,2,hotel 3 estrellas,66.57
ES,01,18,andalucia,andalucia,granada,2025,2,hotel 4 estrellas,78.75
ES,01,18,andalucia,andalucia,granada,2025,2,hotel 5 estrellas,92.52
ES,01,18,andalucia,andalucia,granada,2025,2,total,73.73
ES,01,21,andalucia,andalucia,huelva,2025,2,hotel 3 estrellas,73.09
ES,01,21,andalucia,andalucia,huelva,2025,2,hotel 4 estrellas,67.98
ES,01,21,andalucia,andalucia,huelva,2025,2,hotel 5 estrellas,80.91
ES,01,21,andalucia,andalucia,huelva,2025,2,total,73.07
ES,01,23,andalucia,andalucia,jaen,2025,2,hotel 3 estrellas,79.18
ES,01,23,andalucia,andalucia,jaen,2025,2,hotel 4 estrellas,81.1
ES,01,23,andalucia,andalucia,jaen,2025,2,hotel 5 estrellas,97.47
ES,01,23,andalucia,andalucia,jaen,2025,2,total,85.85
ES,01,29,andalucia,andalucia,malaga,2025,2,hotel 3 estrellas,68.6
ES,01,29,andalucia,andalucia,malaga,2025,2,hotel 4 estrellas,76.65
ES,01,29,andalucia,andalucia,malaga,2025,2,hotel 5 estrellas,85.87
ES,01,29,andalucia,andalucia,malaga,2025,2,total,73.63
ES,01,41,andalucia,andalucia,sevilla,2025,2,hotel 3 estrellas,67.54
ES,01,41,andalucia,andalucia,sevilla,2025,2,hotel 4 estrellas,82.0
ES,01,41,andalucia,andalucia,sevilla,2025,2,hotel 5 estrellas,82.24
ES,01,41,andalucia,andalucia,sevilla,2025,2,total,78.73
ES,02,22,aragon,aragon,huesca,2025,2,hotel 3 estrellas,62.35
ES,02,22,aragon,aragon,huesca,2025,2,hotel 4 estrellas,66.24
ES,02,22,aragon,aragon,huesca,2025,2,hotel 5 estrellas,85.78
ES,02,22,aragon,aragon,huesca,2025,2,total,67.82
ES,02,44,aragon,aragon,teruel,2025,2,hotel 3 estrellas,80.79
ES,02,44,aragon,aragon,teruel,2025,2,hotel 4 estrellas,83.35
ES,02,44,aragon,aragon,teruel,2025,2,hotel 5 estrellas,85.78
ES,02,44,aragon,aragon,teruel,2025,2,total,82.11
ES,02,50,aragon,aragon,zaragoza,2025,2,hotel 3 estrellas,76.81
ES,02,50,aragon,aragon,zaragoza,2025,2,hotel 4 estrellas,59.89
ES,02,50,aragon,aragon,zaragoza,2025,2,hotel 5 estrellas,85.78
ES,02,50,aragon,aragon,zaragoza,2025,2,total,67.87
ES,03,33,"asturias, principado de",asturias,asturias,2025,2,hotel 3 estrellas,71.48
ES,03,33,"asturias, principado de",asturias,asturias,2025,2,hotel 4 estrellas,79.96
ES,03,33,"asturias, principado de",asturias,asturias,2025,2,hotel 5 estrellas,92.94
ES,03,33,"asturias, principado de",asturias,asturias,2025,2,total,74.12
ES,04,07,"balears, illes",balears,illes balears,2025,2,hotel 3 estrellas,76.27
ES,04,07,"balears, illes",balears,illes balears,2025,2,hotel 4 estrellas,81.03
ES,04,07,"balears, illes",balears,illes balears,2025,2,hotel 5 estrellas,85.09
ES,04,07,"balears, illes",balears,illes balears,2025,2,total,78.33
ES,05,35,canarias,canarias,las palmas,2025,2,hotel 3 estrellas,64.64
ES,05,35,canarias,canarias,las palmas,2025,2,hotel 4 estrellas,68.05
ES,05,35,canarias,canarias,las palmas,2025,2,hotel 5 estrellas,75.27
ES,05,35,canarias,canarias,las palmas,2025,2,total,67.56
ES,05,38,canarias,canarias,santa cruz de tenerife,2025,2,hotel 3 estrellas,57.0
ES,05,38,canarias,canarias,santa cruz de tenerife,2025,2,hotel 4 estrellas,57.76
ES,05,38,canarias,canarias,santa cruz de tenerife,2025,2,hotel 5 estrellas,75.7
ES,05,38,canarias,canarias,santa cruz de tenerife,2025,2,total,61.51
ES,06,39,cantabria,cantabria,cantabria,2025,2,hotel 3 estrellas,85.37
ES,06,39,cantabria,cantabria,cantabria,2025,2,hotel 4 estrellas,91.57
ES,06,39,cantabria,cantabria,cantabria,2025,2,hotel 5 estrellas,97.02
ES,06,39,cantabria,cantabria,cantabria,2025,2,total,92.48
ES,07,05,castilla y leon,castilla y leon,avila,2025,2,hotel 3 estrellas,85.75
ES,07,05,castilla y leon,castilla y leon,avila,2025,2,hotel 4 estrellas,75.81
ES,07,05,castilla y leon,castilla y leon,avila,2025,2,hotel 5 estrellas,61.57
ES,07,05,castilla y leon,castilla y leon,avila,2025,2,total,79.37
ES,07,09,castilla y leon,castilla y leon,burgos,2025,2,hotel 3 estrellas,83.78
ES,07,09,castilla y leon,castilla y leon,burgos,2025,2,hotel 4 estrellas,78.82
ES,07,09,castilla y leon,castilla y leon,burgos,2025,2,hotel 5 estrellas,67.32
ES,07,09,castilla y leon,castilla y leon,burgos,2025,2,total,81.65
ES,07,24,castilla y leon,castilla y leon,leon,2025,2,hotel 3 estrellas,77.35
ES,07,24,castilla y leon,castilla y leon,leon,2025,2,hotel 4 estrellas,84.6
ES,07,24,castilla y leon,castilla y leon,leon,2025,2,hotel 5 estrellas,67.27
ES,07,24,castilla y leon,castilla y leon,leon,2025,2,total,82.02
ES,07,34,castilla y leon,castilla y leon,palencia,2025,2,hotel 3 estrellas,76.59
ES,07,34,castilla y leon,castilla y leon,palencia,2025,2,hotel 4 estrellas,55.06
ES,07,34,castilla y leon,castilla y leon,palencia,2025,2,hotel 5 estrellas,67.27
ES,07,34,castilla y leon,castilla y leon,palencia,2025,2,total,63.14
ES,07,37,castilla y leon,castilla y leon,salamanca,2025,2,hotel 3 estrellas,81.52
ES,07,37,castilla y leon,castilla y leon,salamanca,2025,2,hotel 4 estrellas,57.27
ES,07,37,castilla y leon,castilla y leon,salamanca,2025,2,hotel 5 estrellas,91.55
ES,07,37,castilla y leon,castilla y leon,salamanca,2025,2,total,76.82
ES,07,40,castilla y leon,castilla y leon,segovia,2025,2,hotel 3 estrellas,81.73
ES,07,40,castilla y leon,castilla y leon,segovia,2025,2,hotel 4 estrellas,74.44
ES,07,40,castilla y leon,castilla y leon,segovia,2025,2,hotel 5 estrellas,90.43
ES,07,40,castilla y leon,castilla y leon,segovia,2025,2,total,81.97
ES,07,42,castilla y leon,castilla y leon,soria,2025,2,hotel 3 estrellas,78.67
ES,07,42,castilla y leon,castilla y leon,soria,2025,2,hotel 4 estrellas,76.84
ES,07,42,castilla y leon,castilla y leon,soria,2025,2,hotel 5 estrellas,67.27
ES,07,42,castilla y leon,castilla y leon,soria,2025,2,total,78.3
ES,07,47,castilla y leon,castilla y leon,valladolid,2025,2,hotel 3 estrellas,75.82
ES,07,47,castilla y leon,castilla y leon,valladolid,2025,2,hotel 4 estrellas,84.54
ES,07,47,castilla y leon,castilla y leon,valladolid,2025,2,hotel 5 estrellas,73.61
ES,07,47,castilla y leon,castilla y leon,valladolid,2025,2,total,90.16
ES,07,49,castilla y leon,castilla y leon,zamora,2025,2,hotel 3 estrellas,90.3
ES,07,49,castilla y leon,castilla y leon,zamora,2025,2,hotel 4 estrellas,83.46
ES,07,49,castilla y leon,castilla y leon,zamora,2025,2,hotel 5 estrellas,19.17
ES,07,49,castilla y leon,castilla y leon,zamora,2025,2,total,86.02
ES,08,02,castilla-la mancha,castilla-la mancha,albacete,2025,2,hotel 3 estrellas,59.92
ES,08,02,castilla-la mancha,castilla-la mancha,albacete,2025,2,hotel 4 estrellas,78.58
ES,08,02,castilla-la mancha,castilla-la mancha,albacete,2025,2,hotel 5 estrellas,80.82
ES,08,02,castilla-la mancha,castilla-la mancha,albacete,2025,2,total,75.9
ES,08,13,castilla-la mancha,castilla-la mancha,ciudad real,2025,2,hotel 3 estrellas,88.56
ES,08,13,castilla-la mancha,castilla-la mancha,ciudad real,2025,2,hotel 4 estrellas,78.78
ES,08,13,castilla-la mancha,castilla-la mancha,ciudad real,2025,2,hotel 5 estrellas,68.51
ES,08,13,castilla-la mancha,castilla-la mancha,ciudad real,2025,2,total,78.94
ES,08,16,castilla-la mancha,castilla-la mancha,cuenca,2025,2,hotel 3 estrellas,58.52
ES,08,16,castilla-la mancha,castilla-la mancha,cuenca,2025,2,hotel 4 estrellas,67.14
ES,08,16,castilla-la mancha,castilla-la mancha,cuenca,2025,2,hotel 5 estrellas,80.82
ES,08,16,castilla-la mancha,castilla-la mancha,cuenca,2025,2,total,67.09
ES,08,19,castilla-la mancha,castilla-la mancha,guadalajara,2025,2,hotel 3 estrellas,75.7
ES,08,19,castilla-la mancha,castilla-la mancha,guadalajara,2025,2,hotel 4 estrellas,81.4
ES,08,19,castilla-la mancha,castilla-la mancha,guadalajara,2025,2,hotel 5 estrellas,80.82
ES,08,19,castilla-la mancha,castilla-la mancha,guadalajara,2025,2,total,78.69
ES,08,45,castilla-la mancha,castilla-la mancha,toledo,2025,2,hotel 3 estrellas,76.51
ES,08,45,castilla-la mancha,castilla-la mancha,toledo,2025,2,hotel 4 estrellas,79.03
ES,08,45,castilla-la mancha,castilla-la mancha,toledo,2025,2,hotel 5 estrellas,93.14
ES,08,45,castilla-la mancha,castilla-la mancha,toledo,2025,2,total,74.71
ES,09,08,cataluna,cataluna,barcelona,2025,2,hotel 3 estrellas,71.15
ES,09,08,cataluna,cataluna,barcelona,2025,2,hotel 4 estrellas,75.91
ES,09,08,cataluna,cataluna,barcelona,2025,2,hotel 5 estrellas,76.67
ES,09,08,cataluna,cataluna,barcelona,2025,2,total,74.05
ES,09,17,cataluna,cataluna,girona,2025,2,hotel 3 estrellas,74.8
ES,09,17,cataluna,cataluna,girona,2025,2,hotel 4 estrellas,73.32
ES,09,17,cataluna,cataluna,girona,2025,2,hotel 5 estrellas,68.26
ES,09,17,cataluna,cataluna,girona,2025,2,total,74.38
ES,09,25,cataluna,cataluna,lleida,2025,2,hotel 3 estrellas,81.9
ES,09,25,cataluna,cataluna,lleida,2025,2,hotel 4 estrellas,60.48
ES,09,25,cataluna,cataluna,lleida,2025,2,hotel 5 estrellas,81.6
ES,09,25,cataluna,cataluna,lleida,2025,2,total,76.7
ES,09,43,cataluna,cataluna,tarragona,2025,2,hotel 3 estrellas,67.37
ES,09,43,cataluna,cataluna,tarragona,2025,2,hotel 4 estrellas,81.09
ES,09,43,cataluna,cataluna,tarragona,2025,2,hotel 5 estrellas,75.51
ES,09,43,cataluna,cataluna,tarragona,2025,2,total,74.02
ES,10,03,comunitat valenciana,comunitat valenciana,alicante/alacant,2025,2,hotel 3 estrellas,71.43
ES,10,03,comunitat valenciana,comunitat valenciana,alicante/alacant,2025,2,hotel 4 estrellas,64.1
ES,10,03,comunitat valenciana,comunitat valenciana,alicante/alacant,2025,2,hotel 5 estrellas,90.36
ES,10,03,comunitat valenciana,comunitat valenciana,alicante/alacant,2025,2,total,66.68
ES,10,12,comunitat valenciana,comunitat valenciana,castellon/castello,2025,2,hotel 3 estrellas,71.62
ES,10,12,comunitat valenciana,comunitat valenciana,castellon/castello,2025,2,hotel 4 estrellas,82.86
ES,10,12,comunitat valenciana,comunitat valenciana,castellon/castello,2025,2,hotel 5 estrellas,79.5
ES,10,12,comunitat valenciana,comunitat valenciana,castellon/castello,2025,2,total,75.42
ES,10,46,comunitat valenciana,comunitat valenciana,valencia/valencia,2025,2,hotel 3 estrellas,76.53
ES,10,46,comunitat valenciana,comunitat valenciana,valencia/valencia,2025,2,hotel 4 estrellas,73.87
ES,10,46,comunitat valenciana,comunitat valenciana,valencia/valencia,2025,2,hotel 5 estrellas,68.65
ES,10,46,comunitat valenciana,comunitat valenciana,valencia/valencia,2025,2,total,75.49
ES,11,06,extremadura,extremadura,badajoz,2025,2,hotel 3 estrellas,55.86
ES,11,06,extremadura,extremadura,badajoz,2025,2,hotel 4 estrellas,75.42
ES,11,06,extremadura,extremadura,badajoz,2025,2,hotel 5 estrellas,83.8
ES,11,06,extremadura,extremadura,badajoz,2025,2,total,68.26
ES,11,10,extremadura,extremadura,caceres,2025,2,hotel 3 estrellas,64.96
ES,11,10,extremadura,extremadura,caceres,2025,2,hotel 4 estrellas,92.49
ES,11,10,extremadura,extremadura,caceres,2025,2,hotel 5 estrellas,99.45
ES,11,10,extremadura,extremadura,caceres,2025,2,total,82.98
ES,12,15,galicia,galicia,a coruna,2025,2,hotel 3 estrellas,84.32
ES,12,15,galicia,galicia,a coruna,2025,2,hotel 4 estrellas,78.4
ES,12,15,galicia,galicia,a coruna,2025,2,hotel 5 estrellas,90.57
ES,12,15,galicia,galicia,a coruna,2025,2,total,85.28
ES,12,27,galicia,galicia,lugo,2025,2,hotel 3 estrellas,91.06
ES,12,27,galicia,galicia,lugo,2025,2,hotel 4 estrellas,73.63
ES,12,27,galicia,galicia,lugo,2025,2,hotel 5 estrellas,89.56
ES,12,27,galicia,galicia,lugo,2025,2,total,79.02
ES,12,32,galicia,galicia,ourense,2025,2,hotel 3 estrellas,62.2
ES,12,32,galicia,galicia,ourense,2025,2,hotel 4 estrellas,77.2
ES,12,32,galicia,galicia,ourense,2025,2,hotel 5 estrellas,89.56
ES,12,32,galicia,galicia,ourense,2025,2,total,73.06
ES,12,36,galicia,galicia,pontevedra,2025,2,hotel 3 estrellas,74.44
ES,12,36,galicia,galicia,pontevedra,2025,2,hotel 4 estrellas,78.98
ES,12,36,galicia,galicia,pontevedra,2025,2,hotel 5 estrellas,88.55
ES,12,36,galicia,galicia,pontevedra,2025,2,total,87.77
ES,13,28,"madrid, comunidad de",madrid,madrid,2025,2,hotel 3 estrellas,71.56
ES,13,28,"madrid, comunidad de",madrid,madrid,2025,2,hotel 4 estrellas,79.32
ES,13,28,"madrid, comunidad de",madrid,madrid,2025,2,hotel 5 estrellas,86.18
ES,13,28,"madrid, comunidad de",madrid,madrid,2025,2,total,76.51
ES,14,30,"murcia, region de",murcia,murcia,2025,2,hotel 3 estrellas,74.42
ES,14,30,"murcia, region de",murcia,murcia,2025,2,hotel 4 estrellas,62.28
ES,14,30,"murcia, region de",murcia,murcia,2025,2,hotel 5 estrellas,26.22
ES,14,30,"murcia, region de",murcia,murcia,2025,2,total,63.69
ES,15,31,"navarra, comunidad foral de",navarra,navarra,2025,2,hotel 3 estrellas,81.18
ES,15,31,"navarra, comunidad foral de",navarra,navarra,2025,2,hotel 4 estrellas,90.11
ES,15,31,"navarra, comunidad foral de",navarra,navarra,2025,2,hotel 5 estrellas,89.78
ES,15,31,"navarra, comunidad foral de",navarra,navarra,2025,2,total,89.13
ES,16,01,pais vasco,pais vasco,araba/alava,2025,2,hotel 3 estrellas,65.94
ES,16,01,pais vasco,pais vasco,araba/alava,2025,2,hotel 4 estrellas,81.69
ES,16,01,pais vasco,pais vasco,araba/alava,2025,2,hotel 5 estrellas,64.46
ES,16,01,pais vasco,pais vasco,araba/alava,2025,2,total,69.25
ES,16,48,pais vasco,pais vasco,bizkaia,2025,2,hotel 3 estrellas,78.46
ES,16,48,pais vasco,pais vasco,bizkaia,2025,2,hotel 4 estrellas,86.92
ES,16,48,pais vasco,pais vasco,bizkaia,2025,2,hotel 5 estrellas,83.22
ES,16,48,pais vasco,pais vasco,bizkaia,2025,2,total,85.23
ES,16,20,pais vasco,pais vasco,gipuzkoa,2025,2,hotel 3 estrellas,86.47
ES,16,20,pais vasco,pais vasco,gipuzkoa,2025,2,hotel 4 estrellas,88.26
ES,16,20,pais vasco,pais vasco,gipuzkoa,2025,2,hotel 5 estrellas,97.08
ES,16,20,pais vasco,pais vasco,gipuzkoa,2025,2,total,88.72
ES,17,26,"rioja, la",rioja,la rioja,2025,2,hotel 3 estrellas,92.52
ES,17,26,"rioja, la",rioja,la rioja,2025,2,hotel 4 estrellas,77.44
ES,17,26,"rioja, la",rioja,la rioja,2025,2,hotel 5 estrellas,100.0
ES,17,26,"rioja, la",rioja,la rioja,2025,2,total,90.98
ES,01,04,andalucia,andalucia,almeria,2025,3,hotel 3 estrellas,52.59
ES,01,04,andalucia,andalucia,almeria,2025,3,hotel 4 estrellas,75.23
ES,01,04,andalucia,andalucia,almeria,2025,3,hotel 5 estrellas,80.12
ES,01,04,andalucia,andalucia,almeria,2025,3,total,71.19
ES,01,11,andalucia,andalucia,cadiz,2025,3,hotel 3 estrellas,74.96
ES,01,11,andalucia,andalucia,cadiz,2025,3,hotel 4 estrellas,75.21
ES,01,11,andalucia,andalucia,cadiz,2025,3,hotel 5 estrellas,93.88
ES,01,11,andalucia,andalucia,cadiz,2025,3,total,77.9
ES,01,14,andalucia,andalucia,cordoba,2025,3,hotel 3 estrellas,84.66
ES,01,14,andalucia,andalucia,cordoba,2025,3,hotel 4 estrellas,81.41
ES,01,14,andalucia,andalucia,cordoba,2025,3,hotel 5 estrellas,81.11
ES,01,14,andalucia,andalucia,cordoba,2025,3,total,84.73
ES,01,18,andalucia,andalucia,granada,2025,3,hotel 3 estrellas,76.77
ES,01,18,andalucia,andalucia,granada,2025,3,hotel 4 estrellas,76.64
ES,01,18,andalucia,andalucia,granada,2025,3,hotel 5 estrellas,68.53
ES,01,18,andalucia,andalucia,granada,2025,3,total,77.25
ES,01,21,andalucia,andalucia,huelva,2025,3,hotel 3 estrellas,75.41
ES,01,21,andalucia,andalucia,huelva,2025,3,hotel 4 estrellas,80.9
ES,01,21,andalucia,andalucia,huelva,2025,3,hotel 5 estrellas,80.12
ES,01,21,andalucia,andalucia,huelva,2025,3,total,85.0
ES,01,23,andalucia,andalucia,jaen,2025,3,hotel 3 estrellas,60.99
ES,01,23,andalucia,andalucia,jaen,2025,3,hotel 4 estrellas,84.88
ES,01,23,andalucia,andalucia,jaen,2025,3,hotel 5 estrellas,82.11
ES,01,23,andalucia,andalucia,jaen,2025,3,total,73.43
ES,01,29,andalucia,andalucia,malaga,2025,3,hotel 3 estrellas,74.55
ES,01,29,andalucia,andalucia,malaga,2025,3,hotel 4 estrellas,72.56
ES,01,29,andalucia,andalucia,malaga,2025,3,hotel 5 estrellas,80.89
ES,01,29,andalucia,andalucia,malaga,2025,3,total,74.01
ES,01,41,andalucia,andalucia,sevilla,2025,3,hotel 3 estrellas,73.1
ES,01,41,andalucia,andalucia,sevilla,2025,3,hotel 4 estrellas,81.38
ES,01,41,andalucia,andalucia,sevilla,2025,3,hotel 5 estrellas,74.22
ES,01,41,andalucia,andalucia,sevilla,2025,3,total,77.02
ES,02,22,aragon,aragon,huesca,2025,3,hotel 3 estrellas,66.92
ES,02,22,aragon,aragon,huesca,2025,3,hotel 4 estrellas,66.22
ES,02,22,aragon,aragon,huesca,2025,3,hotel 5 estrellas,79.86
ES,02,22,aragon,aragon,huesca,2025,3,total,73.97
ES,02,44,aragon,aragon,teruel,2025,3,hotel 3 estrellas,80.04
ES,02,44,aragon,aragon,teruel,2025,3,hotel 4 estrellas,82.54
ES,02,44,aragon,aragon,teruel,2025,3,hotel 5 estrellas,79.86
ES,02,44,aragon,aragon,teruel,2025,3,total,85.72
ES,02,50,aragon,aragon,zaragoza,2025,3,hotel 3 estrellas,66.44
ES,02,50,aragon,aragon,zaragoza,2025,3,hotel 4 estrellas,77.61
ES,02,50,aragon,aragon,zaragoza,2025,3,hotel 5 estrellas,79.86
ES,02,50,aragon,aragon,zaragoza,2025,3,total,74.59
ES,03,33,"asturias, principado de",asturias,asturias,2025,3,hotel 3 estrellas,85.66
ES,03,33,"asturias, principado de",asturias,asturias,2025,3,hotel 4 estrellas,73.4
ES,03,33,"asturias, principado de",asturias,asturias,2025,3,hotel 5 estrellas,94.54
ES,03,33,"asturias, principado de",asturias,asturias,2025,3,total,81.78
ES,04,07,"balears, illes",balears,illes balears,2025,3,hotel 3 estrellas,84.85
ES,04,07,"balears, illes",balears,illes balears,2025,3,hotel 4 estrellas,76.3
ES,04,07,"balears, illes",balears,illes balears,2025,3,hotel 5 estrellas,92.8
ES,04,07,"balears, illes",balears,illes balears,2025,3,total,81.37
ES,05,35,canarias,canarias,las palmas,2025,3,hotel 3 estrellas,64.64
ES,05,35,canarias,canarias,las palmas,2025,3,hotel 4 estrellas,72.44
ES,05,35,canarias,canarias,las palmas,2025,3,hotel 5 estrellas,82.04
ES,05,35,canarias,canarias,las palmas,2025,3,total,70.64
ES,05,38,canarias,canarias,santa cruz de tenerife,2025,3,hotel 3 estrellas,58.1
ES,05,38,canarias,canarias,santa cruz de tenerife,2025,3,hotel 4 estrellas,68.38
ES,05,38,canarias,canarias,santa cruz de tenerife,2025,3,hotel 5 estrellas,73.51
ES,05,38,canarias,canarias,santa cruz de tenerife,2025,3,total,60.4
ES,06,39,cantabria,cantabria,cantabria,2025,3,hotel 3 estrellas,87.74
ES,06,39,cantabria,cantabria,cantabria,2025,3,hotel 4 estrellas,87.54
ES,06,39,cantabria,cantabria,cantabria,2025,3,hotel 5 estrellas,84.47
ES,06,39,cantabria,cantabria,cantabria,2025,3,total,89.52
ES,07,05,castilla y leon,castilla y leon,avila,2025,3,hotel 3 estrellas,68.46
ES,07,05,castilla y leon,castilla y leon,avila,2025,3,hotel 4 estrellas,84.97
ES,07,05,castilla y leon,castilla y leon,avila,2025,3,hotel 5 estrellas,99.3
ES,07,05,castilla y leon,castilla y leon,avila,2025,3,total,80.63
ES,07,09,castilla y leon,castilla y leon,burgos,2025,3,hotel 3 estrellas,78.63
ES,07,09,castilla y leon,castilla y leon,burgos,2025,3,hotel 4 estrellas,90.59
ES,07,09,castilla y leon,castilla y leon,burgos,2025,3,hotel 5 estrellas,98.84
ES,07,09,castilla y leon,castilla y leon,burgos,2025,3,total,79.84
ES,07,24,castilla y leon,castilla y leon,leon,2025,3,hotel 3 estrellas,78.03
ES,07,24,castilla y leon,castilla y leon,leon,2025,3,hotel 4 estrellas,74.75
ES,07,24,castilla y leon,castilla y leon,leon,2025,3,hotel 5 estrellas,93.51
ES,07,24,castilla y leon,castilla y leon,leon,2025,3,total,82.41
ES,07,34,castilla y leon,castilla y leon,palencia,2025,3,hotel 3 estrellas,77.31
ES,07,34,castilla y leon,castilla y leon,palencia,2025,3,hotel 4 estrellas,80.75
ES,07,34,castilla y leon,castilla y leon,palencia,2025,3,hotel 5 estrellas,93.51
ES,07,34,castilla y leon,castilla y leon,palencia,2025,3,total,76.44
ES,07,37,castilla y leon,castilla y leon,salamanca,2025,3,hotel 3 estrellas,75.7
ES,07,37,castilla y leon,castilla y leon,salamanca,2025,3,hotel 4 estrellas,73.56
ES,07,37,castilla y leon,castilla y leon,salamanca,2025,3,hotel 5 estrellas,95.5
ES,07,37,castilla y leon,castilla y leon,salamanca,2025,3,total,79.21
ES,07,40,castilla y leon,castilla y leon,segovia,2025,3,hotel 3 estrellas,94.55
ES,07,40,castilla y leon,castilla y leon,segovia,2025,3,hotel 4 estrellas,62.48
ES,07,40,castilla y leon,castilla y leon,segovia,2025,3,hotel 5 estrellas,91.38
ES,07,40,castilla y leon,castilla y leon,segovia,2025,3,total,80.65
ES,07,42,castilla y leon,castilla y leon,soria,2025,3,hotel 3 estrellas,80.67
ES,07,42,castilla y leon,castilla y leon,soria,2025,3,hotel 4 estrellas,87.28
ES,07,42,castilla y leon,castilla y leon,soria,2025,3,hotel 5 estrellas,93.51
ES,07,42,castilla y leon,castilla y leon,soria,2025,3,total,84.3
ES,07,47,castilla y leon,castilla y leon,valladolid,2025,3,hotel 3 estrellas,82.82
ES,07,47,castilla y leon,castilla y leon,valladolid,2025,3,hotel 4 estrellas,68.33
ES,07,47,castilla y leon,castilla y leon,valladolid,2025,3,hotel 5 estrellas,77.3
ES,07,47,castilla y leon,castilla y leon,valladolid,2025,3,total,69.62
ES,07,49,castilla y leon,castilla y leon,zamora,2025,3,hotel 3 estrellas,85.86
ES,07,49,castilla y leon,castilla y leon,zamora,2025,3,hotel 4 estrellas,81.62
ES,07,49,castilla y leon,castilla y leon,zamora,2025,3,hotel 5 estrellas,98.74
ES,07,49,castilla y leon,castilla y leon,zamora,2025,3,total,84.3
ES,08,02,castilla-la mancha,castilla-la mancha,albacete,2025,3,hotel 3 estrellas,71.85
ES,08,02,castilla-la mancha,castilla-la mancha,albacete,2025,3,hotel 4 estrellas,53.24
ES,08,02,castilla-la mancha,castilla-la mancha,albacete,2025,3,hotel 5 estrellas,91.24
ES,08,02,castilla-la mancha,castilla-la mancha,albacete,2025,3,total,55.89
ES,08,13,castilla-la mancha,castilla-la mancha,ciudad real,2025,3,hotel 3 estrellas,92.26
ES,08,13,castilla-la mancha,castilla-la mancha,ciudad real,2025,3,hotel 4 estrellas,65.36
ES,08,13,castilla-la mancha,castilla-la mancha,ciudad real,2025,3,hotel 5 estrellas,100.0
ES,08,13,castilla-la mancha,castilla-la mancha,ciudad real,2025,3,total,80.37
ES,08,16,castilla-la mancha,castilla-la mancha,cuenca,2025,3,hotel 3 estrellas,65.96
ES,08,16,castilla-la mancha,castilla-la mancha,cuenca,2025,3,hotel 4 estrellas,75.96
ES,08,16,castilla-la mancha,castilla-la mancha,cuenca,2025,3,hotel 5 estrellas,91.24
ES,08,16,castilla-la mancha,castilla-la mancha,cuenca,2025,3,total,73.16
ES,08,19,castilla-la mancha,castilla-la mancha,guadalajara,2025,3,hotel 3 estrellas,68.3
ES,08,19,castilla-la mancha,castilla-la mancha,guadalajara,2025,3,hotel 4 estrellas,85.69
ES,08,19,castilla-la mancha,castilla-la mancha,guadalajara,2025,3,hotel 5 estrellas,91.24
ES,08,19,castilla-la mancha,castilla-la mancha,guadalajara,2025,3,total,78.47
ES,08,45,castilla-la mancha,castilla-la mancha,toledo,2025,3,hotel 3 estrellas,69.44
ES,08,45,castilla-la mancha,castilla-la mancha,toledo,2025,3,hotel 4 estrellas,71.4
ES,08,45,castilla-la mancha,castilla-la mancha,toledo,2025,3,hotel 5 estrellas,82.49
ES,08,45,castilla-la mancha,castilla-la mancha,toledo,2025,3,total,73.42
ES,09,08,cataluna,cataluna,barcelona,2025,3,hotel 3 estrellas,71.97
ES,09,08,cataluna,cataluna,barcelona,2025,3,hotel 4 estrellas,77.8
ES,09,08,cataluna,cataluna,barcelona,2025,3,hotel 5 estrellas,82.95
ES,09,08,cataluna,cataluna,barcelona,2025,3,total,75.72
ES,09,17,cataluna,cataluna,girona,2025,3,hotel 3 estrellas,82.55
ES,09,17,cataluna,cataluna,girona,2025,3,hotel 4 estrellas,72.62
ES,09,17,cataluna,cataluna,girona,2025,3,hotel 5 estrellas,81.11
ES,09,17,cataluna,cataluna,girona,2025,3,total,78.57
ES,09,25,cataluna,cataluna,lleida,2025,3,hotel 3 estrellas,82.82
ES,09,25,cataluna,cataluna,lleida,2025,3,hotel 4 estrellas,48.79
ES,09,25,cataluna,cataluna,lleida,2025,3,hotel 5 estrellas,58.42
ES,09,25,cataluna,cataluna,lleida,2025,3,total,57.04
ES,09,43,cataluna,cataluna,tarragona,2025,3,hotel 3 estrellas,69.58
ES,09,43,cataluna,cataluna,tarragona,2025,3,hotel 4 estrellas,79.67
ES,09,43,cataluna,cataluna,tarragona,2025,3,hotel 5 estrellas,74.65
ES,09,43,cataluna,cataluna,tarragona,2025,3,total,71.9
ES,10,03,comunitat valenciana,comunitat valenciana,alicante/alacant,2025,3,hotel 3 estrellas,68.09
ES,10,03,comunitat valenciana,comunitat valenciana,alicante/alacant,2025,3,hotel 4 estrellas,70.66
ES,10,03,comunitat valenciana,comunitat valenciana,alicante/alacant,2025,3,hotel 5 estrellas,73.27
ES,10,03,comunitat valenciana,comunitat valenciana,alicante/alacant,2025,3,total,69.66
ES,10,12,comunitat valenciana,comunitat valenciana,castellon/castello,2025,3,hotel 3 estrellas,77.56
ES,10,12,comunitat valenciana,comunitat valenciana,castellon/castello,2025,3,hotel 4 estrellas,84.33
ES,10,12,comunitat valenciana,comunitat valenciana,castellon/castello,2025,3,hotel 5 estrellas,71.25
ES,10,12,comunitat valenciana,comunitat valenciana,castellon/castello,2025,3,total,81.53
ES,10,46,comunitat valenciana,comunitat valenciana,valencia/valencia,2025,3,hotel 3 estrellas,73.16
ES,10,46,comunitat valenciana,comunitat valenciana,valencia/valencia,2025,3,hotel 4 estrellas,78.97
ES,10,46,comunitat valenciana,comunitat valenciana,valencia/valencia,2025,3,hotel 5 estrellas,69.22
ES,10,46,comunitat valenciana,comunitat valenciana,valencia/valencia,2025,3,total,78.81
ES,11,06,extremadura,extremadura,badajoz,2025,3,hotel 3 estrellas,73.22
ES,11,06,extremadura,extremadura,badajoz,2025,3,hotel 4 estrellas,72.84
ES,11,06,extremadura,extremadura,badajoz,2025,3,hotel 5 estrellas,85.41
ES,11,06,extremadura,extremadura,badajoz,2025,3,total,71.85
ES,11,10,extremadura,extremadura,caceres,2025,3,hotel 3 estrellas,78.61
ES,11,10,extremadura,extremadura,caceres,2025,3,hotel 4 estrellas,84.05
ES,11,10,extremadura,extremadura,caceres,2025,3,hotel 5 estrellas,83.97
ES,11,10,extremadura,extremadura,caceres,2025,3,total,81.03
ES,12,15,galicia,galicia,a coruna,2025,3,hotel 3 estrellas,86.74
ES,12,15,galicia,galicia,a coruna,2025,3,hotel 4 estrellas,80.66
ES,12,15,galicia,galicia,a coruna,2025,3,hotel 5 estrellas,87.48
ES,12,15,galicia,galicia,a coruna,2025,3,total,86.16
ES,12,27,galicia,galicia,lugo,2025,3,hotel 3 estrellas,73.9
ES,12,27,galicia,galicia,lugo,2025,3,hotel 4 estrellas,83.78
ES,12,27,galicia,galicia,lugo,2025,3,hotel 5 estrellas,91.61
ES,12,27,galicia,galicia,lugo,2025,3,total,75.49
ES,12,32,galicia,galicia,ourense,2025,3,hotel 3 estrellas,64.05
ES,12,32,galicia,galicia,ourense,2025,3,hotel 4 estrellas,72.13
ES,12,32,galicia,galicia,ourense,2025,3,hotel 5 estrellas,91.61
ES,12,32,galicia,galicia,ourense,2025,3,total,69.05
ES,12,36,galicia,galicia,pontevedra,2025,3,hotel 3 estrellas,82.61
ES,12,36,galicia,galicia,pontevedra,2025,3,hotel 4 estrellas,88.72
ES,12,36,galicia,galicia,pontevedra,2025,3,hotel 5 estrellas,95.75
ES,12,36,galicia,galicia,pontevedra,2025,3,total,88.56
ES,13,28,"madrid, comunidad de",madrid,madrid,2025,3,hotel 3 estrellas,64.93
ES,13,28,"madrid, comunidad de",madrid,madrid,2025,3,hotel 4 estrellas,81.94
ES,13,28,"madrid, comunidad de",madrid,madrid,2025,3,hotel 5 estrellas,82.11
ES,13,28,"madrid, comunidad de",madrid,madrid,2025,3,total,76.52
ES,14,30,"murcia, region de",murcia,murcia,2025,3,hotel 3 estrellas,82.29
ES,14,30,"murcia, region de",murcia,murcia,2025,3,hotel 4 estrellas,73.5
ES,14,30,"murcia, region de",murcia,murcia,2025,3,hotel 5 estrellas,78.99
ES,14,30,"murcia, region de",murcia,murcia,2025,3,total,77.57
ES,15,31,"navarra, comunidad foral de",navarra,navarra,2025,3,hotel 3 estrellas,74.34
ES,15,31,"navarra, comunidad foral de",navarra,navarra,2025,3,hotel 4 estrellas,85.08
ES,15,31,"navarra, comunidad foral de",navarra,navarra,2025,3,hotel 5 estrellas,79.22
ES,15,31,"navarra, comunidad foral de",navarra,navarra,2025,3,total,82.21
ES,16,01,pais vasco,pais vasco,araba/alava,2025,3,hotel 3 estrellas,72.96
ES,16,01,pais vasco,pais vasco,araba/alava,2025,3,hotel 4 estrellas,84.35
ES,16,01,pais vasco,pais vasco,araba/alava,2025,3,hotel 5 estrellas,75.56
ES,16,01,pais vasco,pais vasco,araba/alava,2025,3,total,84.99
ES,16,48,pais vasco,pais vasco,bizkaia,2025,3,hotel 3 estrellas,83.05
ES,16,48,pais vasco,pais vasco,bizkaia,2025,3,hotel 4 estrellas,89.43
ES,16,48,pais vasco,pais vasco,bizkaia,2025,3,hotel 5 estrellas,84.64
ES,16,48,pais vasco,pais vasco,bizkaia,2025,3,total,85.54
ES,16,20,pais vasco,pais vasco,gipuzkoa,2025,3,hotel 3 estrellas,84.86
ES,16,20,pais vasco,pais vasco,gipuzkoa,2025,3,hotel 4 estrellas,91.17
ES,16,20,pais vasco,pais vasco,gipuzkoa,2025,3,hotel 5 estrellas,94.01
ES,16,20,pais vasco,pais vasco,gipuzkoa,2025,3,total,89.23
ES,17,26,"rioja, la",rioja,la rioja,2025,3,hotel 3 estrellas,88.26
ES,17,26,"rioja, la",rioja,la rioja,2025,3,hotel 4 estrellas,83.9
ES,17,26,"rioja, la",rioja,la rioja,2025,3,hotel 5 estrellas,39.24
ES,17,26,"rioja, la",rioja,la rioja,2025,3,total,83.96
ES,01,04,andalucia,andalucia,almeria,2025,4,hotel 3 estrellas,72.47
ES,01,04,andalucia,andalucia,almeria,2025,4,hotel 4 estrellas,60.06
ES,01,04,andalucia,andalucia,almeria,2025,4,hotel 5 estrellas,74.62
ES,01,04,andalucia,andalucia,almeria,2025,4,total,60.86
ES,01,11,andalucia,andalucia,cadiz,2025,4,hotel 3 estrellas,79.06
ES,01,11,andalucia,andalucia,cadiz,2025,4,hotel 4 estrellas,78.4
ES,01,11,andalucia,andalucia,cadiz,2025,4,hotel 5 estrellas,79.91
ES,01,11,andalucia,andalucia,cadiz,2025,4,total,80.16
ES,01,14,andalucia,andalucia,cordoba,2025,4,hotel 3 estrellas,80.16
ES,01,14,andalucia,andalucia,cordoba,2025,4,hotel 4 estrellas,79.22
ES,01,14,andalucia,andalucia,cordoba,2025,4,hotel 5 estrellas,89.19
ES,01,14,andalucia,andalucia,cordoba,2025,4,total,81.71
ES,01,18,andalucia,andalucia,granada,2025,4,hotel 3 estrellas,75.49
ES,01,18,andalucia,andalucia,granada,2025,4,hotel 4 estrellas,71.23
ES,01,18,andalucia,andalucia,granada,2025,4,hotel 5 estrellas,73.83
ES,01,18,andalucia,andalucia,granada,2025,4,total,73.87
ES,01,21,andalucia,andalucia,huelva,2025,4,hotel 3 estrellas,69.82
ES,01,21,andalucia,andalucia,huelva,2025,4,hotel 4 estrellas,62.32
ES,01,21,andalucia,andalucia,huelva,2025,4,hotel 5 estrellas,74.62
ES,01,21,andalucia,andalucia,huelva,2025,4,total,66.94
ES,01,23,andalucia,andalucia,jaen,2025,4,hotel 3 estrellas,74.64
ES,01,23,andalucia,andalucia,jaen,2025,4,hotel 4 estrellas,88.55
ES,01,23,andalucia,andalucia,jaen,2025,4,hotel 5 estrellas,55.73
ES,01,23,andalucia,andalucia,jaen,2025,4,total,81.37
ES,01,29,andalucia,andalucia,malaga,2025,4,hotel 3 estrellas,73.98
ES,01,29,andalucia,andalucia,malaga,2025,4,hotel 4 estrellas,73.74
ES,01,29,andalucia,andalucia,malaga,2025,4,hotel 5 estrellas,75.42
ES,01,29,andalucia,andalucia,malaga,2025,4,total,73.99
ES,01,41,andalucia,andalucia,sevilla,2025,4,hotel 3 estrellas,64.13
ES,01,41,andalucia,andalucia,sevilla,2025,4,hotel 4 estrellas,76.05
ES,01,41,andalucia,andalucia,sevilla,2025,4,hotel 5 estrellas,73.63
ES,01,41,andalucia,andalucia,sevilla,2025,4,total,73.26
ES,02,22,aragon,aragon,huesca,2025,4,hotel 3 estrellas,78.73
ES,02,22,aragon,aragon,huesca,2025,4,hotel 4 estrellas,75.31
ES,02,22,aragon,aragon,huesca,2025,4,hotel 5 estrellas,91.08
ES,02,22,aragon,aragon,huesca,2025,4,total,76.94
ES,02,44,aragon,aragon,teruel,2025,4,hotel 3 estrellas,73.74
ES,02,44,aragon,aragon,teruel,2025,4,hotel 4 estrellas,78.78
ES,02,44,aragon,aragon,teruel,2025,4,hotel 5 estrellas,91.08
ES,02,44,aragon,aragon,teruel,2025,4,total,76.94
ES,02,50,aragon,aragon,zaragoza,2025,4,hotel 3 estrellas,63.99
ES,02,50,aragon,aragon,zaragoza,2025,4,hotel 4 estrellas,71.32
ES,02,50,aragon,aragon,zaragoza,2025,4,hotel 5 estrellas,91.08
ES,02,50,aragon,aragon,zaragoza,2025,4,total,69.24
ES,03,33,"asturias, principado de",asturias,asturias,2025,4,hotel 3 estrellas,86.61
ES,03,33,"asturias, principado de",asturias,asturias,2025,4,hotel 4 estrellas,85.03
ES,03,33,"asturias, principado de",asturias,asturias,2025,4,hotel 5 estrellas,92.8
ES,03,33,"asturias, principado de",asturias,asturias,2025,4,total,86.64
ES,04,07,"balears, illes",balears,illes balears,2025,4,hotel 3 estrellas,72.02
ES,04,07,"balears, illes",balears,illes balears,2025,4,hotel 4 estrellas,81.61
ES,04,07,"balears, illes",balears,illes balears,2025,4,hotel 5 estrellas,81.7
ES,04,07,"balears, illes",balears,illes balears,2025,4,total,77.81
ES,05,35,canarias,canarias,las palmas,2025,4,hotel 3 estrellas,73.96
ES,05,35,canarias,canarias,las palmas,2025,4,hotel 4 estrellas,68.76
ES,05,35,canarias,canarias,las palmas,2025,4,hotel 5 estrellas,78.51
ES,05,35,canarias,canarias,las palmas,2025,4,total,72.21
ES,05,38,canarias,canarias,santa cruz de tenerife,2025,4,hotel 3 estrellas,60.53
ES,05,38,canarias,canarias,santa cruz de tenerife,2025,4,hotel 4 estrellas,65.39
ES,05,38,canarias,canarias,santa cruz de tenerife,2025,4,hotel 5 estrellas,74.62
ES,05,38,canarias,canarias,santa cruz de tenerife,2025,4,total,66.25
ES,06,39,cantabria,cantabria,cantabria,2025,4,hotel 3 estrellas,84.78
ES,06,39,cantabria,cantabria,cantabria,2025,4,hotel 4 estrellas,85.56
ES,06,39,cantabria,cantabria,cantabria,2025,4,hotel 5 estrellas,92.96
ES,06,39,cantabria,cantabria,cantabria,2025,4,total,85.48
ES,07,05,castilla y leon,castilla y leon,avila,2025,4,hotel 3 estrellas,80.93
ES,07,05,castilla y leon,castilla y leon,avila,2025,4,hotel 4 estrellas,75.83
ES,07,05,castilla y leon,castilla y leon,avila,2025,4,hotel 5 estrellas,98.22
ES,07,05,castilla y leon,castilla y leon,avila,2025,4,total,81.27
ES,07,09,castilla y leon,castilla y leon,burgos,2025,4,hotel 3 estrellas,77.67
ES,07,09,castilla y leon,castilla y leon,burgos,2025,4,hotel 4 estrellas,79.02
ES,07,09,castilla y leon,castilla y leon,burgos,2025,4,hotel 5 estrellas,95.02
ES,07,09,castilla y leon,castilla y leon,burgos,2025,4,total,78.63
ES,07,24,castilla y leon,castilla y leon,leon,2025,4,hotel 3 estrellas,89.96
ES,07,24,castilla y leon,castilla y leon,leon,2025,4,hotel 4 estrellas,90.66
ES,07,24,castilla y leon,castilla y leon,leon,2025,4,hotel 5 estrellas,10.0
ES,07,24,castilla y leon,castilla y leon,leon,2025,4,total,90.56
ES,07,34,castilla y leon,castilla y leon,palencia,2025,4,hotel 3 estrellas,81.18
ES,07,34,castilla y leon,castilla y leon,palencia,2025,4,hotel 4 estrellas,72.95
ES,07,34,castilla y leon,castilla y leon,palencia,2025,4,hotel 5 estrellas,81.26
ES,07,34,castilla y leon,castilla y leon,palencia,2025,4,total,78.28
ES,07,37,castilla y leon,castilla y leon,salamanca,2025,4,hotel 3 estrellas,86.24
ES,07,37,castilla y leon,castilla y leon,salamanca,2025,4,hotel 4 estrellas,76.12
ES,07,37,castilla y leon,castilla y leon,salamanca,2025,4,hotel 5 estrellas,88.21
ES,07,37,castilla y leon,castilla y leon,salamanca,2025,4,total,82.96
ES,07,40,castilla y leon,castilla y leon,segovia,2025,4,hotel 3 estrellas,83.86
ES,07,40,castilla y leon,castilla y leon,segovia,2025,4,hotel 4 estrellas,72.29
ES,07,40,castilla y leon,castilla y leon,segovia,2025,4,hotel 5 estrellas,88.81
ES,07,40,castilla y leon,castilla y leon,segovia,2025,4,total,69.35
ES,07,42,castilla y leon,castilla y leon,soria,2025,4,hotel 3 estrellas,86.44
ES,07,42,castilla y leon,castilla y leon,soria,2025,4,hotel 4 estrellas,91.3
ES,07,42,castilla y leon,castilla y leon,soria,2025,4,hotel 5 estrellas,81.26
ES,07,42,castilla y leon,castilla y leon,soria,2025,4,total,86.66
ES,07,47,castilla y leon,castilla y leon,valladolid,2025,4,hotel 3 estrellas,54.0
ES,07,47,castilla y leon,castilla y leon,valladolid,2025,4,hotel 4 estrellas,74.43
ES,07,47,castilla y leon,castilla y leon,valladolid,2025,4,hotel 5 estrellas,89.26
ES,07,47,castilla y leon,castilla y leon,valladolid,2025,4,total,75.07
ES,07,49,castilla y leon,castilla y leon,zamora,2025,4,hotel 3 estrellas,91.2
ES,07,49,castilla y leon,castilla y leon,zamora,2025,4,hotel 4 estrellas,65.66
ES,07,49,castilla y leon,castilla y leon,zamora,2025,4,hotel 5 estrellas,99.3
ES,07,49,castilla y leon,castilla y leon,zamora,2025,4,total,75.7
ES,08,02,castilla-la mancha,castilla-la mancha,albacete,2025,4,hotel 3 estrellas,66.85
ES,08,02,castilla-la mancha,castilla-la mancha,albacete,2025,4,hotel 4 estrellas,82.2
ES,08,02,castilla-la mancha,castilla-la mancha,albacete,2025,4,hotel 5 estrellas,89.74
ES,08,02,castilla-la mancha,castilla-la mancha,albacete,2025,4,total,57.48
ES,08,13,castilla-la mancha,castilla-la mancha,ciudad real,2025,4,hotel 3 estrellas,77.49
ES,08,13,castilla-la mancha,castilla-la mancha,ciudad real,2025,4,hotel 4 estrellas,83.04
ES,08,13,castilla-la mancha,castilla-la mancha,ciudad real,2025,4,hotel 5 estrellas,89.74
ES,08,13,castilla-la mancha,castilla-la mancha,ciudad real,2025,4,total,81.04
ES,08,16,castilla-la mancha,castilla-la mancha,cuenca,2025,4,hotel 3 estrellas,39.44
ES,08,16,castilla-la mancha,castilla-la mancha,cuenca,2025,4,hotel 4 estrellas,64.3
ES,08,16,castilla-la mancha,castilla-la mancha,cuenca,2025,4,hotel 5 estrellas,89.74
ES,08,16,castilla-la mancha,castilla-la mancha,cuenca,2025,4,total,55.23
ES,08,19,castilla-la mancha,castilla-la mancha,guadalajara,2025,4,hotel 3 estrellas,72.44
ES,08,19,castilla-la mancha,castilla-la mancha,guadalajara,2025,4,hotel 4 estrellas,87.04
ES,08,19,castilla-la mancha,castilla-la mancha,guadalajara,2025,4,hotel 5 estrellas,89.74
ES,08,19,castilla-la mancha,castilla-la mancha,guadalajara,2025,4,total,87.24
ES,08,45,castilla-la mancha,castilla-la mancha,toledo,2025,4,hotel 3 estrellas,74.91
ES,08,45,castilla-la mancha,castilla-la mancha,toledo,2025,4,hotel 4 estrellas,81.46
ES,08,45,castilla-la mancha,castilla-la mancha,toledo,2025,4,hotel 5 estrellas,89.74
ES,08,45,castilla-la mancha,castilla-la mancha,toledo,2025,4,total,79.42
ES,09,08,cataluna,cataluna,barcelona,2025,4,hotel 3 estrellas,73.41
ES,09,08,cataluna,cataluna,barcelona,2025,4,hotel 4 estrellas,76.26
ES,09,08,cataluna,cataluna,barcelona,2025,4,hotel 5 estrellas,81.79
ES,09,08,cataluna,cataluna,barcelona,2025,4,total,75.57
ES,09,17,cataluna,cataluna,girona,2025,4,hotel 3 estrellas,69.35
ES,09,17,cataluna,cataluna,girona,2025,4,hotel 4 estrellas,79.54
ES,09,17,cataluna,cataluna,girona,2025,4,hotel 5 estrellas,88.99
ES,09,17,cataluna,cataluna,girona,2025,4,total,75.97
ES,09,25,cataluna,cataluna,lleida,2025,4,hotel 3 estrellas,94.86
ES,09,25,cataluna,cataluna,lleida,2025,4,hotel 4 estrellas,77.54
ES,09,25,cataluna,cataluna,lleida,2025,4,hotel 5 estrellas,97.56
ES,09,25,cataluna,cataluna,lleida,2025,4,total,85.25
ES,09,43,cataluna,cataluna,tarragona,2025,4,hotel 3 estrellas,61.49
ES,09,43,cataluna,cataluna,tarragona,2025,4,hotel 4 estrellas,57.39
ES,09,43,cataluna,cataluna,tarragona,2025,4,hotel 5 estrellas,34.01
ES,09,43,cataluna,cataluna,tarragona,2025,4,total,66.01
ES,10,03,comunitat valenciana,comunitat valenciana,alicante/alacant,2025,4,hotel 3 estrellas,69.27
ES,10,03,comunitat valenciana,comunitat valenciana,alicante/alacant,2025,4,hotel 4 estrellas,75.69
ES,10,03,comunitat valenciana,comunitat valenciana,alicante/alacant,2025,4,hotel 5 estrellas,70.76
ES,10,03,comunitat valenciana,comunitat valenciana,alicante/alacant,2025,4,total,72.79
ES,10,12,comunitat valenciana,comunitat valenciana,castellon/castello,2025,4,hotel 3 estrellas,83.5
ES,10,12,comunitat valenciana,comunitat valenciana,castellon/castello,2025,4,hotel 4 estrellas,71.22
ES,10,12,comunitat valenciana,comunitat valenciana,castellon/castello,2025,4,hotel 5 estrellas,76.85
ES,10,12,comunitat valenciana,comunitat valenciana,castellon/castello,2025,4,total,78.61
ES,10,46,comunitat valenciana,comunitat valenciana,valencia/valencia,2025,4,hotel 3 estrellas,74.59
ES,10,46,comunitat valenciana,comunitat valenciana,valencia/valencia,2025,4,hotel 4 estrellas,71.86
ES,10,46,comunitat valenciana,comunitat valenciana,valencia/valencia,2025,4,hotel 5 estrellas,82.93
ES,10,46,comunitat valenciana,comunitat valenciana,valencia/valencia,2025,4,total,74.02
ES,11,06,extremadura,extremadura,badajoz,2025,4,hotel 3 estrellas,44.83
ES,11,06,extremadura,extremadura,badajoz,2025,4,hotel 4 estrellas,60.1
ES,11,06,extremadura,extremadura,badajoz,2025,4,hotel 5 estrellas,84.68
ES,11,06,extremadura,extremadura,badajoz,2025,4,total,56.62
ES,11,10,extremadura,extremadura,caceres,2025,4,hotel 3 estrellas,60.09
ES,11,10,extremadura,extremadura,caceres,2025,4,hotel 4 estrellas,80.89
ES,11,10,extremadura,extremadura,caceres,2025,4,hotel 5 estrellas,96.15
ES,11,10,extremadura,extremadura,caceres,2025,4,total,78.47
ES,12,15,galicia,galicia,a coruna,2025,4,hotel 3 estrellas,86.77
ES,12,15,galicia,galicia,a coruna,2025,4,hotel 4 estrellas,85.31
ES,12,15,galicia,galicia,a coruna,2025,4,hotel 5 estrellas,85.05
ES,12,15,galicia,galicia,a coruna,2025,4,total,86.38
ES,12,27,galicia,galicia,lugo,2025,4,hotel 3 estrellas,71.9
ES,12,27,galicia,galicia,lugo,2025,4,hotel 4 estrellas,88.2
ES,12,27,galicia,galicia,lugo,2025,4,hotel 5 estrellas,83.74
ES,12,27,galicia,galicia,lugo,2025,4,total,77.1
ES,12,32,galicia,galicia,ourense,2025,4,hotel 3 estrellas,60.29
ES,12,32,galicia,galicia,ourense,2025,4,hotel 4 estrellas,86.04
ES,12,32,galicia,galicia,ourense,2025,4,hotel 5 estrellas,83.74
ES,12,32,galicia,galicia,ourense,2025,4,total,78.35
ES,12,36,galicia,galicia,pontevedra,2025,4,hotel 3 estrellas,80.18
ES,12,36,galicia,galicia,pontevedra,2025,4,hotel 4 estrellas,81.64
ES,12,36,galicia,galicia,pontevedra,2025,4,hotel 5 estrellas,82.43
ES,12,36,galicia,galicia,pontevedra,2025,4,total,82.52
ES,13,28,"madrid, comunidad de",madrid,madrid,2025,4,hotel 3 estrellas,66.17
ES,13,28,"madrid, comunidad de",madrid,madrid,2025,4,hotel 4 estrellas,74.89
ES,13,28,"madrid, comunidad de",madrid,madrid,2025,4,hotel 5 estrellas,74.42
ES,13,28,"madrid, comunidad de",madrid,madrid,2025,4,total,71.53
ES,14,30,"murcia, region de",murcia,murcia,2025,4,hotel 3 estrellas,71.07
ES,14,30,"murcia, region de",murcia,murcia,2025,4,hotel 4 estrellas,86.37
ES,14,30,"murcia, region de",murcia,murcia,2025,4,hotel 5 estrellas,56.14
ES,14,30,"murcia, region de",murcia,murcia,2025,4,total,78.66
ES,15,31,"navarra, comunidad foral de",navarra,navarra,2025,4,hotel 3 estrellas,81.51
ES,15,31,"navarra, comunidad foral de",navarra,navarra,2025,4,hotel 4 estrellas,86.68
ES,15,31,"navarra, comunidad foral de",navarra,navarra,2025,4,hotel 5 estrellas,93.68
ES,15,31,"navarra, comunidad foral de",navarra,navarra,2025,4,total,79.44
ES,16,01,pais vasco,pais vasco,araba/alava,2025,4,hotel 3 estrellas,73.4
ES,16,01,pais vasco,pais vasco,araba/alava,2025,4,hotel 4 estrellas,90.62
ES,16,01,pais vasco,pais vasco,araba/alava,2025,4,hotel 5 estrellas,33.77
ES,16,01,pais vasco,pais vasco,araba/alava,2025,4,total,87.06
ES,16,48,pais vasco,pais vasco,bizkaia,2025,4,hotel 3 estrellas,77.39
ES,16,48,pais vasco,pais vasco,bizkaia,2025,4,hotel 4 estrellas,83.98
ES,16,48,pais vasco,pais vasco,bizkaia,2025,4,hotel 5 estrellas,89.11
ES,16,48,pais vasco,pais vasco,bizkaia,2025,4,total,84.22
ES,16,20,pais vasco,pais vasco,gipuzkoa,2025,4,hotel 3 estrellas,79.79
ES,16,20,pais vasco,pais vasco,gipuzkoa,2025,4,hotel 4 estrellas,84.17
ES,16,20,pais vasco,pais vasco,gipuzkoa,2025,4,hotel 5 estrellas,90.8
ES,16,20,pais vasco,pais vasco,gipuzkoa,2025,4,total,83.83
ES,17,26,"rioja, la",rioja,la rioja,2025,4,hotel 3 estrellas,80.23
ES,17,26,"rioja, la",rioja,la rioja,2025,4,hotel 4 estrellas,86.98
ES,17,26,"rioja, la",rioja,la rioja,2025,4,hotel 5 estrellas,100.0
ES,17,26,"rioja, la",rioja,la rioja,2025,4,total,82.36
ES,01,04,andalucia,andalucia,almeria,2025,5,hotel 3 estrellas,80.28
ES,01,04,andalucia,andalucia,almeria,2025,5,hotel 4 estrellas,72.07
ES,01,04,andalucia,andalucia,almeria,2025,5,hotel 5 estrellas,82.71
ES,01,04,andalucia,andalucia,almeria,2025,5,total,74.37
ES,01,11,andalucia,andalucia,cadiz,2025,5,hotel 3 estrellas,77.63
ES,01,11,andalucia,andalucia,cadiz,2025,5,hotel 4 estrellas,75.46
ES,01,11,andalucia,andalucia,cadiz,2025,5,hotel 5 estrellas,90.8
ES,01,11,andalucia,andalucia,cadiz,2025,5,total,78.41
ES,01,14,andalucia,andalucia,cordoba,2025,5,hotel 3 estrellas,68.92
ES,01,14,andalucia,andalucia,cordoba,2025,5,hotel 4 estrellas,72.73
ES,01,14,andalucia,andalucia,cordoba,2025,5,hotel 5 estrellas,92.76
ES,01,14,andalucia,andalucia,cordoba,2025,5,total,73.56
ES,01,18,andalucia,andalucia,granada,2025,5,hotel 3 estrellas,74.42
ES,01,18,andalucia,andalucia,granada,2025,5,hotel 4 estrellas,75.8
ES,01,18,andalucia,andalucia,granada,2025,5,hotel 5 estrellas,70.4
ES,01,18,andalucia,andalucia,granada,2025,5,total,76.17
ES,01,21,andalucia,andalucia,huelva,2025,5,hotel 3 estrellas,74.13
ES,01,21,andalucia,andalucia,huelva,2025,5,hotel 4 estrellas,62.07
ES,01,21,andalucia,andalucia,huelva,2025,5,hotel 5 estrellas,82.71
ES,01,21,andalucia,andalucia,huelva,2025,5,total,69.13
ES,01,23,andalucia,andalucia,jaen,2025,5,hotel 3 estrellas,80.21
ES,01,23,andalucia,andalucia,jaen,2025,5,hotel 4 estrellas,70.45
ES,01,23,andalucia,andalucia,jaen,2025,5,hotel 5 estrellas,85.26
ES,01,23,andalucia,andalucia,jaen,2025,5,total,73.08
ES,01,29,andalucia,andalucia,malaga,2025,5,hotel 3 estrellas,64.76
ES,01,29,andalucia,andalucia,malaga,2025,5,hotel 4 estrellas,75.74
ES,01,29,andalucia,andalucia,malaga,2025,5,hotel 5 estrellas,79.29
ES,01,29,andalucia,andalucia,malaga,2025,5,total,70.71
ES,01,41,andalucia,andalucia,sevilla,2025,5,hotel 3 estrellas,66.73
ES,01,41,andalucia,andalucia,sevilla,2025,5,hotel 4 estrellas,74.54
ES,01,41,andalucia,andalucia,sevilla,2025,5,hotel 5 estrellas,77.77
ES,01,41,andalucia,andalucia,sevilla,2025,5,total,73.36
ES,02,22,aragon,aragon,huesca,2025,5,hotel 3 estrellas,69.96
ES,02,22,aragon,aragon,huesca,2025,5,hotel 4 estrellas,71.44
ES,02,22,aragon,aragon,huesca,2025,5,hotel 5 estrellas,77.05
ES,02,22,aragon,aragon,huesca,2025,5,total,74.05
ES,02,44,aragon,aragon,teruel,2025,5,hotel 3 estrellas,85.86
ES,02,44,aragon,aragon,teruel,2025,5,hotel 4 estrellas,63.9
ES,02,44,aragon,aragon,teruel,2025,5,hotel 5 estrellas,77.05
ES,02,44,aragon,aragon,teruel,2025,5,total,68.53
ES,02,50,aragon,aragon,zaragoza,2025,5,hotel 3 estrellas,68.42
ES,02,50,aragon,aragon,zaragoza,2025,5,hotel 4 estrellas,73.63
ES,02,50,aragon,aragon,zaragoza,2025,5,hotel 5 estrellas,77.05
ES,02,50,aragon,aragon,zaragoza,2025,5,total,72.95
ES,03,33,"asturias, principado de",asturias,asturias,2025,5,hotel 3 estrellas,85.1
ES,03,33,"asturias, principado de",asturias,asturias,2025,5,hotel 4 estrellas,81.96
ES,03,33,"asturias, principado de",asturias,asturias,2025,5,hotel 5 estrellas,92.92
ES,03,33,"asturias, principado de",asturias,asturias,2025,5,total,84.65
ES,04,07,"balears, illes",balears,illes balears,2025,5,hotel 3 estrellas,72.59
ES,04,07,"balears, illes",balears,illes balears,2025,5,hotel 4 estrellas,77.17
ES,04,07,"balears, illes",balears,illes balears,2025,5,hotel 5 estrellas,76.94
ES,04,07,"balears, illes",balears,illes balears,2025,5,total,75.34
ES,05,35,canarias,canarias,las palmas,2025,5,hotel 3 estrellas,67.88
ES,05,35,canarias,canarias,las palmas,2025,5,hotel 4 estrellas,74.39
ES,05,35,canarias,canarias,las palmas,2025,5,hotel 5 estrellas,72.44
ES,05,35,canarias,canarias,las palmas,2025,5,total,73.24
ES,05,38,canarias,canarias,santa cruz de tenerife,2025,5,hotel 3 estrellas,67.91
ES,05,38,canarias,canarias,santa cruz de tenerife,2025,5,hotel 4 estrellas,57.23
ES,05,38,canarias,canarias,santa cruz de tenerife,2025,5,hotel 5 estrellas,86.0
ES,05,38,canarias,canarias,santa cruz de tenerife,2025,5,total,68.55
ES,06,39,cantabria,cantabria,cantabria,2025,5,hotel 3 estrellas,84.03
ES,06,39,cantabria,cantabria,cantabria,2025,5,hotel 4 estrellas,81.74
ES,06,39,cantabria,cantabria,cantabria,2025,5,hotel 5 estrellas,95.52
ES,06,39,cantabria,cantabria,cantabria,2025,5,total,83.44
ES,07,05,castilla y leon,castilla y leon,avila,2025,5,hotel 3 estrellas,56.73
ES,07,05,castilla y leon,castilla y leon,avila,2025,5,hotel 4 estrellas,72.18
ES,07,05,castilla y leon,castilla y leon,avila,2025,5,hotel 5 estrellas,99.13
ES,07,05,castilla y leon,castilla y leon,avila,2025,5,total,75.6
ES,07,09,castilla y leon,castilla y leon,burgos,2025,5,hotel 3 estrellas,76.93
ES,07,09,castilla y leon,castilla y leon,burgos,2025,5,hotel 4 estrellas,85.5
ES,07,09,castilla y leon,castilla y leon,burgos,2025,5,hotel 5 estrellas,3.91
ES,07,09,castilla y leon,castilla y leon,burgos,2025,5,total,78.9
ES,07,24,castilla y leon,castilla y leon,leon,2025,5,hotel 3 estrellas,76.24
ES,07,24,castilla y leon,castilla y leon,leon,2025,5,hotel 4 estrellas,79.73
ES,07,24,castilla y leon,castilla y leon,leon,2025,5,hotel 5 estrellas,92.81
ES,07,24,castilla y leon,castilla y leon,leon,2025,5,total,79.87
ES,07,34,castilla y leon,castilla y leon,palencia,2025,5,hotel 3 estrellas,91.53
ES,07,34,castilla y leon,castilla y leon,palencia,2025,5,hotel 4 estrellas,70.19
ES,07,34,castilla y leon,castilla y leon,palencia,2025,5,hotel 5 estrellas,80.23
ES,07,34,castilla y leon,castilla y leon,palencia,2025,5,total,76.37
ES,07,37,castilla y leon,castilla y leon,salamanca,2025,5,hotel 3 estrellas,75.83
ES,07,37,castilla y leon,castilla y leon,salamanca,2025,5,hotel 4 estrellas,69.1
ES,07,37,castilla y leon,castilla y leon,salamanca,2025,5,hotel 5 estrellas,88.78
ES,07,37,castilla y leon,castilla y leon,salamanca,2025,5,total,74.26
ES,07,40,castilla y leon,castilla y leon,segovia,2025,5,hotel 3 estrellas,80.04
ES,07,40,castilla y leon,castilla y leon,segovia,2025,5,hotel 4 estrellas,76.62
ES,07,40,castilla y leon,castilla y leon,segovia,2025,5,hotel 5 estrellas,94.99
ES,07,40,castilla y leon,castilla y leon,segovia,2025,5,total,76.89
ES,07,42,castilla y leon,castilla y leon,soria,2025,5,hotel 3 estrellas,51.24
ES,07,42,castilla y leon,castilla y leon,soria,2025,5,hotel 4 estrellas,93.4
ES,07,42,castilla y leon,castilla y leon,soria,2025,5,hotel 5 estrellas,80.23
ES,07,42,castilla y leon,castilla y leon,soria,2025,5,total,78.98
ES,07,47,castilla y leon,castilla y leon,valladolid,2025,5,hotel 3 estrellas,79.05
ES,07,47,castilla y leon,castilla y leon,valladolid,2025,5,hotel 4 estrellas,87.81
ES,07,47,castilla y leon,castilla y leon,valladolid,2025,5,hotel 5 estrellas,82.8
ES,07,47,castilla y leon,castilla y leon,valladolid,2025,5,total,84.52
ES,07,49,castilla y leon,castilla y leon,zamora,2025,5,hotel 3 estrellas,85.6
ES,07,49,castilla y leon,castilla y leon,zamora,2025,5,hotel 4 estrellas,77.71
ES,07,49,castilla y leon,castilla y leon,zamora,2025,5,hotel 5 estrellas,99.18
ES,07,49,castilla y leon,castilla y leon,zamora,2025,5,total,82.87
ES,08,02,castilla-la mancha,castilla-la mancha,albacete,2025,5,hotel 3 estrellas,69.32
ES,08,02,castilla-la mancha,castilla-la mancha,albacete,2025,5,hotel 4 estrellas,74.74
ES,08,02,castilla-la mancha,castilla-la mancha,albacete,2025,5,hotel 5 estrellas,89.58
ES,08,02,castilla-la mancha,castilla-la mancha,albacete,2025,5,total,63.71
ES,08,13,castilla-la mancha,castilla-la mancha,ciudad real,2025,5,hotel 3 estrellas,88.27
ES,08,13,castilla-la mancha,castilla-la mancha,ciudad real,2025,5,hotel 4 estrellas,78.38
ES,08,13,castilla-la mancha,castilla-la mancha,ciudad real,2025,5,hotel 5 estrellas,89.58
ES,08,13,castilla-la mancha,castilla-la mancha,ciudad real,2025,5,total,83.85
ES,08,16,castilla-la mancha,castilla-la mancha,cuenca,2025,5,hotel 3 estrellas,69.22
ES,08,16,castilla-la mancha,castilla-la mancha,cuenca,2025,5,hotel 4 estrellas,77.19
ES,08,16,castilla-la mancha,castilla-la mancha,cuenca,2025,5,hotel 5 estrellas,89.58
ES,08,16,castilla-la mancha,castilla-la mancha,cuenca,2025,5,total,71.88
ES,08,19,castilla-la mancha,castilla-la mancha,guadalajara,2025,5,hotel 3 estrellas,73.51
ES,08,19,castilla-la mancha,castilla-la mancha,guadalajara,2025,5,hotel 4 estrellas,80.38
ES,08,19,castilla-la mancha,castilla-la mancha,guadalajara,2025,5,hotel 5 estrellas,89.58
ES,08,19,castilla-la mancha,castilla-la mancha,guadalajara,2025,5,total,85.01
ES,08,45,castilla-la mancha,castilla-la mancha,toledo,2025,5,hotel 3 estrellas,55.05
ES,08,45,castilla-la mancha,castilla-la mancha,toledo,2025,5,hotel 4 estrellas,79.5
ES,08,45,castilla-la mancha,castilla-la mancha,toledo,2025,5,hotel 5 estrellas,89.58
ES,08,45,castilla-la mancha,castilla-la mancha,toledo,2025,5,total,67.83
ES,09,08,cataluna,cataluna,barcelona,2025,5,hotel 3 estrellas,66.78
ES,09,08,cataluna,cataluna,barcelona,2025,5,hotel 4 estrellas,72.9
ES,09,08,cataluna,cataluna,barcelona,2025,5,hotel 5 estrellas,70.14
ES,09,08,cataluna,cataluna,barcelona,2025,5,total,70.46
ES,09,17,cataluna,cataluna,girona,2025,5,hotel 3 estrellas,71.59
ES,09,17,cataluna,cataluna,girona,2025,5,hotel 4 estrellas,74.64
ES,09,17,cataluna,cataluna,girona,2025,5,hotel 5 estrellas,81.03
ES,09,17,cataluna,cataluna,girona,2025,5,total,70.44
ES,09,25,cataluna,cataluna,lleida,2025,5,hotel 3 estrellas,83.26
ES,09,25,cataluna,cataluna,lleida,2025,5,hotel 4 estrellas,56.62
ES,09,25,cataluna,cataluna,lleida,2025,5,hotel 5 estrellas,52.71
ES,09,25,cataluna,cataluna,lleida,2025,5,total,64.09
ES,09,43,cataluna,cataluna,tarragona,2025,5,hotel 3 estrellas,57.96
ES,09,43,cataluna,cataluna,tarragona,2025,5,hotel 4 estrellas,65.26
ES,09,43,cataluna,cataluna,tarragona,2025,5,hotel 5 estrellas,36.62
ES,09,43,cataluna,cataluna,tarragona,2025,5,total,58.2
ES,10,03,comunitat valenciana,comunitat valenciana,alicante/alacant,2025,5,hotel 3 estrellas,66.5
ES,10,03,comunitat valenciana,comunitat valenciana,alicante/alacant,2025,5,hotel 4 estrellas,64.72
ES,10,03,comunitat valenciana,comunitat valenciana,alicante/alacant,2025,5,hotel 5 estrellas,82.18
ES,10,03,comunitat valenciana,comunitat valenciana,alicante/alacant,2025,5,total,67.79
ES,10,12,comunitat valenciana,comunitat valenciana,castellon/castello,2025,5,hotel 3 estrellas,78.34
ES,10,12,comunitat valenciana,comunitat valenciana,castellon/castello,2025,5,hotel 4 estrellas,80.44
ES,10,12,comunitat valenciana,comunitat valenciana,castellon/castello,2025,5,hotel 5 estrellas,80.31
ES,10,12,comunitat valenciana,comunitat valenciana,castellon/castello,2025,5,total,73.8
ES,10,46,comunitat valenciana,comunitat valenciana,valencia/valencia,2025,5,hotel 3 estrellas,67.29
ES,10,46,comunitat valenciana,comunitat valenciana,valencia/valencia,2025,5,hotel 4 estrellas,73.53
ES,10,46,comunitat valenciana,comunitat valenciana,valencia/valencia,2025,5,hotel 5 estrellas,78.43
ES,10,46,comunitat valenciana,comunitat valenciana,valencia/valencia,2025,5,total,71.36
ES,11,06,extremadura,extremadura,badajoz,2025,5,hotel 3 estrellas,64.04
ES,11,06,extremadura,extremadura,badajoz,2025,5,hotel 4 estrellas,63.69
ES,11,06,extremadura,extremadura,badajoz,2025,5,hotel 5 estrellas,75.54
ES,11,06,extremadura,extremadura,badajoz,2025,5,total,65.77
ES,11,10,extremadura,extremadura,caceres,2025,5,hotel 3 estrellas,71.21
ES,11,10,extremadura,extremadura,caceres,2025,5,hotel 4 estrellas,82.49
ES,11,10,extremadura,extremadura,caceres,2025,5,hotel 5 estrellas,91.54
ES,11,10,extremadura,extremadura,caceres,2025,5,total,75.62
ES,12,15,galicia,galicia,a coruna,2025,5,hotel 3 estrellas,80.31
ES,12,15,galicia,galicia,a coruna,2025,5,hotel 4 estrellas,78.2
ES,12,15,galicia,galicia,a coruna,2025,5,hotel 5 estrellas,69.53
ES,12,15,galicia,galicia,a coruna,2025,5,total,79.86
ES,12,27,galicia,galicia,lugo,2025,5,hotel 3 estrellas,89.83
ES,12,27,galicia,galicia,lugo,2025,5,hotel 4 estrellas,74.3
ES,12,27,galicia,galicia,lugo,2025,5,hotel 5 estrellas,72.76
ES,12,27,galicia,galicia,lugo,2025,5,total,76.9
ES,12,32,galicia,galicia,ourense,2025,5,hotel 3 estrellas,49.23
ES,12,32,galicia,galicia,ourense,2025,5,hotel 4 estrellas,79.43
ES,12,32,galicia,galicia,ourense,2025,5,hotel 5 estrellas,72.76
ES,12,32,galicia,galicia,ourense,2025,5,total,79.71
ES,12,36,galicia,galicia,pontevedra,2025,5,hotel 3 estrellas,65.99
ES,12,36,galicia,galicia,pontevedra,2025,5,hotel 4 estrellas,73.97
ES,12,36,galicia,galicia,pontevedra,2025,5,hotel 5 estrellas,75.98
ES,12,36,galicia,galicia,pontevedra,2025,5,total,73.07
ES,13,28,"madrid, comunidad de",madrid,madrid,2025,5,hotel 3 estrellas,64.06
ES,13,28,"madrid, comunidad de",madrid,madrid,2025,5,hotel 4 estrellas,73.56
ES,13,28,"madrid, comunidad de",madrid,madrid,2025,5,hotel 5 estrellas,77.67
ES,13,28,"madrid, comunidad de",madrid,madrid,2025,5,total,70.3
ES,14,30,"murcia, region de",murcia,murcia,2025,5,hotel 3 estrellas,66.8
ES,14,30,"murcia, region de",murcia,murcia,2025,5,hotel 4 estrellas,75.15
ES,14,30,"murcia, region de",murcia,murcia,2025,5,hotel 5 estrellas,74.71
ES,14,30,"murcia, region de",murcia,murcia,2025,5,total,69.57
ES,15,31,"navarra, comunidad foral de",navarra,navarra,2025,5,hotel 3 estrellas,68.16
ES,15,31,"navarra, comunidad foral de",navarra,navarra,2025,5,hotel 4 estrellas,85.98
ES,15,31,"navarra, comunidad foral de",navarra,navarra,2025,5,hotel 5 estrellas,64.65
ES,15,31,"navarra, comunidad foral de",navarra,navarra,2025,5,total,77.06
ES,16,01,pais vasco,pais vasco,araba/alava,2025,5,hotel 3 estrellas,66.18
ES,16,01,pais vasco,pais vasco,araba/alava,2025,5,hotel 4 estrellas,65.96
ES,16,01,pais vasco,pais vasco,araba/alava,2025,5,hotel 5 estrellas,96.06
ES,16,01,pais vasco,pais vasco,araba/alava,2025,5,total,61.56
ES,16,48,pais vasco,pais vasco,bizkaia,2025,5,hotel 3 estrellas,67.73
ES,16,48,pais vasco,pais vasco,bizkaia,2025,5,hotel 4 estrellas,83.04
ES,16,48,pais vasco,pais vasco,bizkaia,2025,5,hotel 5 estrellas,81.42
ES,16,48,pais vasco,pais vasco,bizkaia,2025,5,total,80.19
ES,16,20,pais vasco,pais vasco,gipuzkoa,2025,5,hotel 3 estrellas,75.02
ES,16,20,pais vasco,pais vasco,gipuzkoa,2025,5,hotel 4 estrellas,74.53
ES,16,20,pais vasco,pais vasco,gipuzkoa,2025,5,hotel 5 estrellas,95.93
ES,16,20,pais vasco,pais vasco,gipuzkoa,2025,5,total,75.3
ES,17,26,"rioja, la",rioja,la rioja,2025,5,hotel 3 estrellas,83.74
ES,17,26,"rioja, la",rioja,la rioja,2025,5,hotel 4 estrellas,75.96
ES,17,26,"rioja, la",rioja,la rioja,2025,5,hotel 5 estrellas,75.84
ES,17,26,"rioja, la",rioja,la rioja,2025,5,total,83.91
ES,01,04,andalucia,andalucia,almeria,2025,6,hotel 3 estrellas,76.87
ES,01,04,andalucia,andalucia,almeria,2025,6,hotel 4 estrellas,57.88
ES,01,04,andalucia,andalucia,almeria,2025,6,hotel 5 estrellas,38.33
ES,01,04,andalucia,andalucia,almeria,2025,6,total,63.94
ES,01,11,andalucia,andalucia,cadiz,2025,6,hotel 3 estrellas,75.91
ES,01,11,andalucia,andalucia,cadiz,2025,6,hotel 4 estrellas,72.05
ES,01,11,andalucia,andalucia,cadiz,2025,6,hotel 5 estrellas,85.53
ES,01,11,andalucia,andalucia,cadiz,2025,6,total,76.6
ES,01,14,andalucia,andalucia,cordoba,2025,6,hotel 3 estrellas,86.88
ES,01,14,andalucia,andalucia,cordoba,2025,6,hotel 4 estrellas,87.15
ES,01,14,andalucia,andalucia,cordoba,2025,6,hotel 5 estrellas,77.88
ES,01,14,andalucia,andalucia,cordoba,2025,6,total,87.26
ES,01,18,andalucia,andalucia,granada,2025,6,hotel 3 estrellas,78.47
ES,01,18,andalucia,andalucia,granada,2025,6,hotel 4 estrellas,72.69
ES,01,18,andalucia,andalucia,granada,2025,6,hotel 5 estrellas,79.67
ES,01,18,andalucia,andalucia,granada,2025,6,total,77.0
ES,01,21,andalucia,andalucia,huelva,2025,6,hotel 3 estrellas,64.44
ES,01,21,andalucia,andalucia,huelva,2025,6,hotel 4 estrellas,72.88
ES,01,21,andalucia,andalucia,huelva,2025,6,hotel 5 estrellas,75.73
ES,01,21,andalucia,andalucia,huelva,2025,6,total,67.06
ES,01,23,andalucia,andalucia,jaen,2025,6,hotel 3 estrellas,62.24
ES,01,23,andalucia,andalucia,jaen,2025,6,hotel 4 estrellas,75.92
ES,01,23,andalucia,andalucia,jaen,2025,6,hotel 5 estrellas,91.6
ES,01,23,andalucia,andalucia,jaen,2025,6,total,76.8
ES,01,29,andalucia,andalucia,malaga,2025,6,hotel 3 estrellas,71.64
ES,01,29,andalucia,andalucia,malaga,2025,6,hotel 4 estrellas,69.77
ES,01,29,andalucia,andalucia,malaga,2025,6,hotel 5 estrellas,70.1
ES,01,29,andalucia,andalucia,malaga,2025,6,total,70.73
ES,01,41,andalucia,andalucia,sevilla,2025,6,hotel 3 estrellas,69.31
ES,01,41,andalucia,andalucia,sevilla,2025,6,hotel 4 estrellas,82.34
ES,01,41,andalucia,andalucia,sevilla,2025,6,hotel 5 estrellas,87.0
ES,01,41,andalucia,andalucia,sevilla,2025,6,total,77.16
ES,02,22,aragon,aragon,huesca,2025,6,hotel 3 estrellas,75.53
ES,02,22,aragon,aragon,huesca,2025,6,hotel 4 estrellas,56.24
ES,02,22,aragon,aragon,huesca,2025,6,hotel 5 estrellas,81.67
ES,02,22,aragon,aragon,huesca,2025,6,total,67.28
ES,02,44,aragon,aragon,teruel,2025,6,hotel 3 estrellas,80.12
ES,02,44,aragon,aragon,teruel,2025,6,hotel 4 estrellas,77.36
ES,02,44,aragon,aragon,teruel,2025,6,hotel 5 estrellas,81.67
ES,02,44,aragon,aragon,teruel,2025,6,total,80.57
ES,02,50,aragon,aragon,zaragoza,2025,6,hotel 3 estrellas,75.72
ES,02,50,aragon,aragon,zaragoza,2025,6,hotel 4 estrellas,77.37
ES,02,50,aragon,aragon,zaragoza,2025,6,hotel 5 estrellas,81.67
ES,02,50,aragon,aragon,zaragoza,2025,6,total,76.94
ES,03,33,"asturias, principado de",asturias,asturias,2025,6,hotel 3 estrellas,83.35
ES,03,33,"asturias, principado de",asturias,asturias,2025,6,hotel 4 estrellas,77.44
ES,03,33,"asturias, principado de",asturias,asturias,2025,6,hotel 5 estrellas,84.68
ES,03,33,"asturias, principado de",asturias,asturias,2025,6,total,83.46
ES,04,07,"balears, illes",balears,illes balears,2025,6,hotel 3 estrellas,67.04
ES,04,07,"balears, illes",balears,illes balears,2025,6,hotel 4 estrellas,74.37
ES,04,07,"balears, illes",balears,illes balears,2025,6,hotel 5 estrellas,76.92
ES,04,07,"balears, illes",balears,illes balears,2025,6,total,71.46
ES,05,35,canarias,canarias,las palmas,2025,6,hotel 3 estrellas,65.02
ES,05,35,canarias,canarias,las palmas,2025,6,hotel 4 estrellas,68.54
ES,05,35,canarias,canarias,las palmas,2025,6,hotel 5 estrellas,90.52
ES,05,35,canarias,canarias,las palmas,2025,6,total,71.24
ES,05,38,canarias,canarias,santa cruz de tenerife,2025,6,hotel 3 estrellas,61.65
ES,05,38,canarias,canarias,santa cruz de tenerife,2025,6,hotel 4 estrellas,67.74
ES,05,38,canarias,canarias,santa cruz de tenerife,2025,6,hotel 5 estrellas,76.4
ES,05,38,canarias,canarias,santa cruz de tenerife,2025,6,total,64.49
ES,06,39,cantabria,cantabria,cantabria,2025,6,hotel 3 estrellas,80.63
ES,06,39,cantabria,cantabria,cantabria,2025,6,hotel 4 estrellas,80.72
ES,06,39,cantabria,cantabria,cantabria,2025,6,hotel 5 estrellas,89.32
ES,06,39,cantabria,cantabria,cantabria,2025,6,total,80.99
ES,07,05,castilla y leon,castilla y leon,avila,2025,6,hotel 3 estrellas,79.67
ES,07,05,castilla y leon,castilla y leon,avila,2025,6,hotel 4 estrellas,79.46
ES,07,05,castilla y leon,castilla y leon,avila,2025,6,hotel 5 estrellas,98.71
ES,07,05,castilla y leon,castilla y leon,avila,2025,6,total,81.01
ES,07,09,castilla y leon,castilla y leon,burgos,2025,6,hotel 3 estrellas,67.4
ES,07,09,castilla y leon,castilla y leon,burgos,2025,6,hotel 4 estrellas,74.17
ES,07,09,castilla y leon,castilla y leon,burgos,2025,6,hotel 5 estrellas,46.29
ES,07,09,castilla y leon,castilla y leon,burgos,2025,6,total,70.73
ES,07,24,castilla y leon,castilla y leon,leon,2025,6,hotel 3 estrellas,85.99
ES,07,24,castilla y leon,castilla y leon,leon,2025,6,hotel 4 estrellas,72.17
ES,07,24,castilla y leon,castilla y leon,leon,2025,6,hotel 5 estrellas,88.53
ES,07,24,castilla y leon,castilla y leon,leon,2025,6,total,80.78
ES,07,34,castilla y leon,castilla y leon,palencia,2025,6,hotel 3 estrellas,92.54
ES,07,34,castilla y leon,castilla y leon,palencia,2025,6,hotel 4 estrellas,68.24
ES,07,34,castilla y leon,castilla y leon,palencia,2025,6,hotel 5 estrellas,78.0
ES,07,34,castilla y leon,castilla y leon,palencia,2025,6,total,74.77
ES,07,37,castilla y leon,castilla y leon,salamanca,2025,6,hotel 3 estrellas,83.62
ES,07,37,castilla y leon,castilla y leon,salamanca,2025,6,hotel 4 estrellas,76.4
ES,07,37,castilla y leon,castilla y leon,salamanca,2025,6,hotel 5 estrellas,78.44
ES,07,37,castilla y leon,castilla y leon,salamanca,2025,6,total,81.57
ES,07,40,castilla y leon,castilla y leon,segovia,2025,6,hotel 3 estrellas,81.9
ES,07,40,castilla y leon,castilla y leon,segovia,2025,6,hotel 4 estrellas,71.19
ES,07,40,castilla y leon,castilla y leon,segovia,2025,6,hotel 5 estrellas,76.74
ES,07,40,castilla y leon,castilla y leon,segovia,2025,6,total,74.7
ES,07,42,castilla y leon,castilla y leon,soria,2025,6,hotel 3 estrellas,67.8
ES,07,42,castilla y leon,castilla y leon,soria,2025,6,hotel 4 estrellas,72.01
ES,07,42,castilla y leon,castilla y leon,soria,2025,6,hotel 5 estrellas,78.0
ES,07,42,castilla y leon,castilla y leon,soria,2025,6,total,68.61
ES,07,47,castilla y leon,castilla y leon,valladolid,2025,6,hotel 3 estrellas,81.51
ES,07,47,castilla y leon,castilla y leon,valladolid,2025,6,hotel 4 estrellas,77.9
ES,07,47,castilla y leon,castilla y leon,valladolid,2025,6,hotel 5 estrellas,83.07
ES,07,47,castilla y leon,castilla y leon,valladolid,2025,6,total,80.76
ES,07,49,castilla y leon,castilla y leon,zamora,2025,6,hotel 3 estrellas,84.38
ES,07,49,castilla y leon,castilla y leon,zamora,2025,6,hotel 4 estrellas,76.48
ES,07,49,castilla y leon,castilla y leon,zamora,2025,6,hotel 5 estrellas,74.19
ES,07,49,castilla y leon,castilla y leon,zamora,2025,6,total,85.15
ES,08,02,castilla-la mancha,castilla-la mancha,albacete,2025,6,hotel 3 estrellas,68.04
ES,08,02,castilla-la mancha,castilla-la mancha,albacete,2025,6,hotel 4 estrellas,53.78
ES,08,02,castilla-la mancha,castilla-la mancha,albacete,2025,6,hotel 5 estrellas,93.55
ES,08,02,castilla-la mancha,castilla-la mancha,albacete,2025,6,total,63.01
ES,08,13,castilla-la mancha,castilla-la mancha,ciudad real,2025,6,hotel 3 estrellas,76.65
ES,08,13,castilla-la mancha,castilla-la mancha,ciudad real,2025,6,hotel 4 estrellas,79.09
ES,08,13,castilla-la mancha,castilla-la mancha,ciudad real,2025,6,hotel 5 estrellas,98.05
ES,08,13,castilla-la mancha,castilla-la mancha,ciudad real,2025,6,total,80.84
ES,08,16,castilla-la mancha,castilla-la mancha,cuenca,2025,6,hotel 3 estrellas,30.56
ES,08,16,castilla-la mancha,castilla-la mancha,cuenca,2025,6,hotel 4 estrellas,55.38
ES,08,16,castilla-la mancha,castilla-la mancha,cuenca,2025,6,hotel 5 estrellas,93.55
ES,08,16,castilla-la mancha,castilla-la mancha,cuenca,2025,6,total,57.07
ES,08,19,castilla-la mancha,castilla-la mancha,guadalajara,2025,6,hotel 3 estrellas,63.76
ES,08,19,castilla-la mancha,castilla-la mancha,guadalajara,2025,6,hotel 4 estrellas,47.72
ES,08,19,castilla-la mancha,castilla-la mancha,guadalajara,2025,6,hotel 5 estrellas,93.55
ES,08,19,castilla-la mancha,castilla-la mancha,guadalajara,2025,6,total,60.93
ES,08,45,castilla-la mancha,castilla-la mancha,toledo,2025,6,hotel 3 estrellas,72.7
ES,08,45,castilla-la mancha,castilla-la mancha,toledo,2025,6,hotel 4 estrellas,77.46
ES,08,45,castilla-la mancha,castilla-la mancha,toledo,2025,6,hotel 5 estrellas,89.06
ES,08,45,castilla-la mancha,castilla-la mancha,toledo,2025,6,total,75.36
ES,09,08,cataluna,cataluna,barcelona,2025,6,hotel 3 estrellas,64.33
ES,09,08,cataluna,cataluna,barcelona,2025,6,hotel 4 estrellas,69.82
ES,09,08,cataluna,cataluna,barcelona,2025,6,hotel 5 estrellas,61.16
ES,09,08,cataluna,cataluna,barcelona,2025,6,total,67.62
ES,09,17,cataluna,cataluna,girona,2025,6,hotel 3 estrellas,65.49
ES,09,17,cataluna,cataluna,girona,2025,6,hotel 4 estrellas,75.66
ES,09,17,cataluna,cataluna,girona,2025,6,hotel 5 estrellas,86.72
ES,09,17,cataluna,cataluna,girona,2025,6,total,71.82
ES,09,25,cataluna,cataluna,lleida,2025,6,hotel 3 estrellas,73.54
ES,09,25,cataluna,cataluna,lleida,2025,6,hotel 4 estrellas,31.64
ES,09,25,cataluna,cataluna,lleida,2025,6,hotel 5 estrellas,98.87
ES,09,25,cataluna,cataluna,lleida,2025,6,total,61.96
ES,09,43,cataluna,cataluna,tarragona,2025,6,hotel 3 estrellas,56.85
ES,09,43,cataluna,cataluna,tarragona,2025,6,hotel 4 estrellas,62.37
ES,09,43,cataluna,cataluna,tarragona,2025,6,hotel 5 estrellas,58.2
ES,09,43,cataluna,cataluna,tarragona,2025,6,total,57.02
ES,10,03,comunitat valenciana,comunitat valenciana,alicante/alacant,2025,6,hotel 3 estrellas,64.16
ES,10,03,comunitat valenciana,comunitat valenciana,alicante/alacant,2025,6,hotel 4 estrellas,67.27
ES,10,03,comunitat valenciana,comunitat valenciana,alicante/alacant,2025,6,hotel 5 estrellas,84.53
ES,10,03,comunitat valenciana,comunitat valenciana,alicante/alacant,2025,6,total,65.69
ES,10,12,comunitat valenciana,comunitat valenciana,castellon/castello,2025,6,hotel 3 estrellas,83.37
ES,10,12,comunitat valenciana,comunitat valenciana,castellon/castello,2025,6,hotel 4 estrellas,65.06
ES,10,12,comunitat valenciana,comunitat valenciana,castellon/castello,2025,6,hotel 5 estrellas,88.78
ES,10,12,comunitat valenciana,comunitat valenciana,castellon/castello,2025,6,total,77.55
ES,10,46,comunitat valenciana,comunitat valenciana,valencia/valencia,2025,6,hotel 3 estrellas,71.32
ES,10,46,comunitat valenciana,comunitat valenciana,valencia/valencia,2025,6,hotel 4 estrellas,77.45
ES,10,46,comunitat valenciana,comunitat valenciana,valencia/valencia,2025,6,hotel 5 estrellas,93.03
ES,10,46,comunitat valenciana,comunitat valenciana,valencia/valencia,2025,6,total,76.04
ES,11,06,extremadura,extremadura,badajoz,2025,6,hotel 3 estrellas,54.02
ES,11,06,extremadura,extremadura,badajoz,2025,6,hotel 4 estrellas,60.57
ES,11,06,extremadura,extremadura,badajoz,2025,6,hotel 5 estrellas,86.37
ES,11,06,extremadura,extremadura,badajoz,2025,6,total,65.95
ES,11,10,extremadura,extremadura,caceres,2025,6,hotel 3 estrellas,77.92
ES,11,10,extremadura,extremadura,caceres,2025,6,hotel 4 estrellas,77.94
ES,11,10,extremadura,extremadura,caceres,2025,6,hotel 5 estrellas,98.69
ES,11,10,extremadura,extremadura,caceres,2025,6,total,82.06
ES,12,15,galicia,galicia,a coruna,2025,6,hotel 3 estrellas,69.9
ES,12,15,galicia,galicia,a coruna,2025,6,hotel 4 estrellas,71.67
ES,12,15,galicia,galicia,a coruna,2025,6,hotel 5 estrellas,65.72
ES,12,15,galicia,galicia,a coruna,2025,6,total,74.86
ES,12,27,galicia,galicia,lugo,2025,6,hotel 3 estrellas,79.35
ES,12,27,galicia,galicia,lugo,2025,6,hotel 4 estrellas,72.27
ES,12,27,galicia,galicia,lugo,2025,6,hotel 5 estrellas,71.63
ES,12,27,galicia,galicia,lugo,2025,6,total,76.26
ES,12,32,galicia,galicia,ourense,2025,6,hotel 3 estrellas,64.54
ES,12,32,galicia,galicia,ourense,2025,6,hotel 4 estrellas,60.49
ES,12,32,galicia,galicia,ourense,2025,6,hotel 5 estrellas,76.13
ES,12,32,galicia,galicia,ourense,2025,6,total,73.32
ES,12,36,galicia,galicia,pontevedra,2025,6,hotel 3 estrellas,64.49
ES,12,36,galicia,galicia,pontevedra,2025,6,hotel 4 estrellas,71.12
ES,12,36,galicia,galicia,pontevedra,2025,6,hotel 5 estrellas,91.05
ES,12,36,galicia,galicia,pontevedra,2025,6,total,68.69
ES,13,28,"madrid, comunidad de",madrid,madrid,2025,6,hotel 3 estrellas,68.85
ES,13,28,"madrid, comunidad de",madrid,madrid,2025,6,hotel 4 estrellas,71.71
ES,13,28,"madrid, comunidad de",madrid,madrid,2025,6,hotel 5 estrellas,74.06
ES,13,28,"madrid, comunidad de",madrid,madrid,2025,6,total,70.7
ES,14,30,"murcia, region de",murcia,murcia,2025,6,hotel 3 estrellas,72.04
ES,14,30,"murcia, region de",murcia,murcia,2025,6,hotel 4 estrellas,70.5
ES,14,30,"murcia, region de",murcia,murcia,2025,6,hotel 5 estrellas,63.82
ES,14,30,"murcia, region de",murcia,murcia,2025,6,total,70.06
ES,15,31,"navarra, comunidad foral de",navarra,navarra,2025,6,hotel 3 estrellas,75.98
ES,15,31,"navarra, comunidad foral de",navarra,navarra,2025,6,hotel 4 estrellas,76.92
ES,15,31,"navarra, comunidad foral de",navarra,navarra,2025,6,hotel 5 estrellas,85.38
ES,15,31,"navarra, comunidad foral de",navarra,navarra,2025,6,total,76.6
ES,16,01,pais vasco,pais vasco,araba/alava,2025,6,hotel 3 estrellas,72.97
ES,16,01,pais vasco,pais vasco,araba/alava,2025,6,hotel 4 estrellas,73.42
ES,16,01,pais vasco,pais vasco,araba/alava,2025,6,hotel 5 estrellas,49.96
ES,16,01,pais vasco,pais vasco,araba/alava,2025,6,total,76.76
ES,16,48,pais vasco,pais vasco,bizkaia,2025,6,hotel 3 estrellas,65.03
ES,16,48,pais vasco,pais vasco,bizkaia,2025,6,hotel 4 estrellas,83.59
ES,16,48,pais vasco,pais vasco,bizkaia,2025,6,hotel 5 estrellas,73.27
ES,16,48,pais vasco,pais vasco,bizkaia,2025,6,total,78.37
ES,16,20,pais vasco,pais vasco,gipuzkoa,2025,6,hotel 3 estrellas,65.86
ES,16,20,pais vasco,pais vasco,gipuzkoa,2025,6,hotel 4 estrellas,77.89
ES,16,20,pais vasco,pais vasco,gipuzkoa,2025,6,hotel 5 estrellas,97.47
ES,16,20,pais vasco,pais vasco,gipuzkoa,2025,6,total,75.87
ES,17,26,"rioja, la",rioja,la rioja,2025,6,hotel 3 estrellas,81.03
ES,17,26,"rioja, la",rioja,la rioja,2025,6,hotel 4 estrellas,81.59
ES,17,26,"rioja, la",rioja,la rioja,2025,6,hotel 5 estrellas,62.05
ES,17,26,"rioja, la",rioja,la rioja,2025,6,total,82.94
ES,01,04,andalucia,andalucia,almeria,2025,7,hotel 3 estrellas,68.03
ES,01,04,andalucia,andalucia,almeria,2025,7,hotel 4 estrellas,43.91
ES,01,04,andalucia,andalucia,almeria,2025,7,hotel 5 estrellas,87.75
ES,01,04,andalucia,andalucia,almeria,2025,7,total,52.4
ES,01,11,andalucia,andalucia,cadiz,2025,7,hotel 3 estrellas,73.87
ES,01,11,andalucia,andalucia,cadiz,2025,7,hotel 4 estrellas,70.62
ES,01,11,andalucia,andalucia,cadiz,2025,7,hotel 5 estrellas,83.59
ES,01,11,andalucia,andalucia,cadiz,2025,7,total,75.26
ES,01,14,andalucia,andalucia,cordoba,2025,7,hotel 3 estrellas,88.02
ES,01,14,andalucia,andalucia,cordoba,2025,7,hotel 4 estrellas,88.4
ES,01,14,andalucia,andalucia,cordoba,2025,7,hotel 5 estrellas,94.88
ES,01,14,andalucia,andalucia,cordoba,2025,7,total,88.93
ES,01,18,andalucia,andalucia,granada,2025,7,hotel 3 estrellas,82.3
ES,01,18,andalucia,andalucia,granada,2025,7,hotel 4 estrellas,79.59
ES,01,18,andalucia,andalucia,granada,2025,7,hotel 5 estrellas,86.11
ES,01,18,andalucia,andalucia,granada,2025,7,total,81.78
ES,01,21,andalucia,andalucia,huelva,2025,7,hotel 3 estrellas,76.33
ES,01,21,andalucia,andalucia,huelva,2025,7,hotel 4 estrellas,74.9
ES,01,21,andalucia,andalucia,huelva,2025,7,hotel 5 estrellas,87.75
ES,01,21,andalucia,andalucia,huelva,2025,7,total,75.79
ES,01,23,andalucia,andalucia,jaen,2025,7,hotel 3 estrellas,63.96
ES,01,23,andalucia,andalucia,jaen,2025,7,hotel 4 estrellas,89.0
ES,01,23,andalucia,andalucia,jaen,2025,7,hotel 5 estrellas,100.0
ES,01,23,andalucia,andalucia,jaen,2025,7,total,84.89
ES,01,29,andalucia,andalucia,malaga,2025,7,hotel 3 estrellas,70.39
ES,01,29,andalucia,andalucia,malaga,2025,7,hotel 4 estrellas,71.94
ES,01,29,andalucia,andalucia,malaga,2025,7,hotel 5 estrellas,76.91
ES,01,29,andalucia,andalucia,malaga,2025,7,total,71.55
ES,01,41,andalucia,andalucia,sevilla,2025,7,hotel 3 estrellas,80.58
ES,01,41,andalucia,andalucia,sevilla,2025,7,hotel 4 estrellas,87.57
ES,01,41,andalucia,andalucia,sevilla,2025,7,hotel 5 estrellas,85.03
ES,01,41,andalucia,andalucia,sevilla,2025,7,total,84.47
ES,02,22,aragon,aragon,huesca,2025,7,hotel 3 estrellas,65.3
ES,02,22,aragon,aragon,huesca,2025,7,hotel 4 estrellas,78.75
ES,02,22,aragon,aragon,huesca,2025,7,hotel 5 estrellas,83.26
ES,02,22,aragon,aragon,huesca,2025,7,total,72.5
ES,02,44,aragon,aragon,teruel,2025,7,hotel 3 estrellas,86.4
ES,02,44,aragon,aragon,teruel,2025,7,hotel 4 estrellas,78.17
ES,02,44,aragon,aragon,teruel,2025,7,hotel 5 estrellas,83.26
ES,02,44,aragon,aragon,teruel,2025,7,total,85.95
ES,02,50,aragon,aragon,zaragoza,2025,7,hotel 3 estrellas,69.66
ES,02,50,aragon,aragon,zaragoza,2025,7,hotel 4 estrellas,79.88
ES,02,50,aragon,aragon,zaragoza,2025,7,hotel 5 estrellas,83.26
ES,02,50,aragon,aragon,zaragoza,2025,7,total,75.87
ES,03,33,"asturias, principado de",asturias,asturias,2025,7,hotel 3 estrellas,82.79
ES,03,33,"asturias, principado de",asturias,asturias,2025,7,hotel 4 estrellas,74.0
ES,03,33,"asturias, principado de",asturias,asturias,2025,7,hotel 5 estrellas,84.44
ES,03,33,"asturias, principado de",asturias,asturias,2025,7,total,80.89
ES,04,07,"balears, illes",balears,illes balears,2025,7,hotel 3 estrellas,65.32
ES,04,07,"balears, illes",balears,illes balears,2025,7,hotel 4 estrellas,72.04
ES,04,07,"balears, illes",balears,illes balears,2025,7,hotel 5 estrellas,78.22
ES,04,07,"balears, illes",balears,illes balears,2025,7,total,69.59
ES,05,35,canarias,canarias,las palmas,2025,7,hotel 3 estrellas,68.01
ES,05,35,canarias,canarias,las palmas,2025,7,hotel 4 estrellas,62.03
ES,05,35,canarias,canarias,las palmas,2025,7,hotel 5 estrellas,87.19
ES,05,35,canarias,canarias,las palmas,2025,7,total,65.79
ES,05,38,canarias,canarias,santa cruz de tenerife,2025,7,hotel 3 estrellas,57.67
ES,05,38,canarias,canarias,santa cruz de tenerife,2025,7,hotel 4 estrellas,68.85
ES,05,38,canarias,canarias,santa cruz de tenerife,2025,7,hotel 5 estrellas,82.13
ES,05,38,canarias,canarias,santa cruz de tenerife,2025,7,total,64.3
ES,06,39,cantabria,cantabria,cantabria,2025,7,hotel 3 estrellas,72.83
ES,06,39,cantabria,cantabria,cantabria,2025,7,hotel 4 estrellas,79.89
ES,06,39,cantabria,cantabria,cantabria,2025,7,hotel 5 estrellas,97.7
ES,06,39,cantabria,cantabria,cantabria,2025,7,total,76.52
ES,07,05,castilla y leon,castilla y leon,avila,2025,7,hotel 3 estrellas,87.24
ES,07,05,castilla y leon,castilla y leon,avila,2025,7,hotel 4 estrellas,81.66
ES,07,05,castilla y leon,castilla y leon,avila,2025,7,hotel 5 estrellas,94.01
ES,07,05,castilla y leon,castilla y leon,avila,2025,7,total,82.44
ES,07,09,castilla y leon,castilla y leon,burgos,2025,7,hotel 3 estrellas,73.15
ES,07,09,castilla y leon,castilla y leon,burgos,2025,7,hotel 4 estrellas,70.96
ES,07,09,castilla y leon,castilla y leon,burgos,2025,7,hotel 5 estrellas,80.38
ES,07,09,castilla y leon,castilla y leon,burgos,2025,7,total,71.63
ES,07,24,castilla y leon,castilla y leon,leon,2025,7,hotel 3 estrellas,81.61
ES,07,24,castilla y leon,castilla y leon,leon,2025,7,hotel 4 estrellas,72.19
ES,07,24,castilla y leon,castilla y leon,leon,2025,7,hotel 5 estrellas,94.88
ES,07,24,castilla y leon,castilla y leon,leon,2025,7,total,79.99
ES,07,34,castilla y leon,castilla y leon,palencia,2025,7,hotel 3 estrellas,81.6
ES,07,34,castilla y leon,castilla y leon,palencia,2025,7,hotel 4 estrellas,57.47
ES,07,34,castilla y leon,castilla y leon,palencia,2025,7,hotel 5 estrellas,80.38
ES,07,34,castilla y leon,castilla y leon,palencia,2025,7,total,70.71
ES,07,37,castilla y leon,castilla y leon,salamanca,2025,7,hotel 3 estrellas,72.7
ES,07,37,castilla y leon,castilla y leon,salamanca,2025,7,hotel 4 estrellas,69.98
ES,07,37,castilla y leon,castilla y leon,salamanca,2025,7,hotel 5 estrellas,78.58
ES,07,37,castilla y leon,castilla y leon,salamanca,2025,7,total,74.67
ES,07,40,castilla y leon,castilla y leon,segovia,2025,7,hotel 3 estrellas,92.0
ES,07,40,castilla y leon,castilla y leon,segovia,2025,7,hotel 4 estrellas,72.66
ES,07,40,castilla y leon,castilla y leon,segovia,2025,7,hotel 5 estrellas,81.67
ES,07,40,castilla y leon,castilla y leon,segovia,2025,7,total,83.75
ES,07,42,castilla y leon,castilla y leon,soria,2025,7,hotel 3 estrellas,82.68
ES,07,42,castilla y leon,castilla y leon,soria,2025,7,hotel 4 estrellas,93.49
ES,07,42,castilla y leon,castilla y leon,soria,2025,7,hotel 5 estrellas,80.38
ES,07,42,castilla y leon,castilla y leon,soria,2025,7,total,80.45
ES,07,47,castilla y leon,castilla y leon,valladolid,2025,7,hotel 3 estrellas,81.19
ES,07,47,castilla y leon,castilla y leon,valladolid,2025,7,hotel 4 estrellas,75.14
ES,07,47,castilla y leon,castilla y leon,valladolid,2025,7,hotel 5 estrellas,77.58
ES,07,47,castilla y leon,castilla y leon,valladolid,2025,7,total,75.64
ES,07,49,castilla y leon,castilla y leon,zamora,2025,7,hotel 3 estrellas,82.43
ES,07,49,castilla y leon,castilla y leon,zamora,2025,7,hotel 4 estrellas,92.39
ES,07,49,castilla y leon,castilla y leon,zamora,2025,7,hotel 5 estrellas,55.53
ES,07,49,castilla y leon,castilla y leon,zamora,2025,7,total,81.22
ES,08,02,castilla-la mancha,castilla-la mancha,albacete,2025,7,hotel 3 estrellas,73.82
ES,08,02,castilla-la mancha,castilla-la mancha,albacete,2025,7,hotel 4 estrellas,72.89
ES,08,02,castilla-la mancha,castilla-la mancha,albacete,2025,7,hotel 5 estrellas,78.48
ES,08,02,castilla-la mancha,castilla-la mancha,albacete,2025,7,total,77.1
ES,08,13,castilla-la mancha,castilla-la mancha,ciudad real,2025,7,hotel 3 estrellas,84.43
ES,08,13,castilla-la mancha,castilla-la mancha,ciudad real,2025,7,hotel 4 estrellas,79.21
ES,08,13,castilla-la mancha,castilla-la mancha,ciudad real,2025,7,hotel 5 estrellas,78.48
ES,08,13,castilla-la mancha,castilla-la mancha,ciudad real,2025,7,total,82.42
ES,08,16,castilla-la mancha,castilla-la mancha,cuenca,2025,7,hotel 3 estrellas,58.94
ES,08,16,castilla-la mancha,castilla-la mancha,cuenca,2025,7,hotel 4 estrellas,90.27
ES,08,16,castilla-la mancha,castilla-la mancha,cuenca,2025,7,hotel 5 estrellas,78.48
ES,08,16,castilla-la mancha,castilla-la mancha,cuenca,2025,7,total,82.77
ES,08,19,castilla-la mancha,castilla-la mancha,guadalajara,2025,7,hotel 3 estrellas,62.4
ES,08,19,castilla-la mancha,castilla-la mancha,guadalajara,2025,7,hotel 4 estrellas,86.44
ES,08,19,castilla-la mancha,castilla-la mancha,guadalajara,2025,7,hotel 5 estrellas,78.48
ES,08,19,castilla-la mancha,castilla-la mancha,guadalajara,2025,7,total,59.39
ES,08,45,castilla-la mancha,castilla-la mancha,toledo,2025,7,hotel 3 estrellas,77.79
ES,08,45,castilla-la mancha,castilla-la mancha,toledo,2025,7,hotel 4 estrellas,87.25
ES,08,45,castilla-la mancha,castilla-la mancha,toledo,2025,7,hotel 5 estrellas,78.48
ES,08,45,castilla-la mancha,castilla-la mancha,toledo,2025,7,total,83.59
ES,09,08,cataluna,cataluna,barcelona,2025,7,hotel 3 estrellas,66.37
ES,09,08,cataluna,cataluna,barcelona,2025,7,hotel 4 estrellas,72.0
ES,09,08,cataluna,cataluna,barcelona,2025,7,hotel 5 estrellas,63.43
ES,09,08,cataluna,cataluna,barcelona,2025,7,total,69.59
ES,09,17,cataluna,cataluna,girona,2025,7,hotel 3 estrellas,72.06
ES,09,17,cataluna,cataluna,girona,2025,7,hotel 4 estrellas,73.99
ES,09,17,cataluna,cataluna,girona,2025,7,hotel 5 estrellas,77.13
ES,09,17,cataluna,cataluna,girona,2025,7,total,73.43
ES,09,25,cataluna,cataluna,lleida,2025,7,hotel 3 estrellas,81.37
ES,09,25,cataluna,cataluna,lleida,2025,7,hotel 4 estrellas,50.31
ES,09,25,cataluna,cataluna,lleida,2025,7,hotel 5 estrellas,92.58
ES,09,25,cataluna,cataluna,lleida,2025,7,total,72.94
ES,09,43,cataluna,cataluna,tarragona,2025,7,hotel 3 estrellas,60.57
ES,09,43,cataluna,cataluna,tarragona,2025,7,hotel 4 estrellas,55.58
ES,09,43,cataluna,cataluna,tarragona,2025,7,hotel 5 estrellas,67.15
ES,09,43,cataluna,cataluna,tarragona,2025,7,total,61.57
ES,10,03,comunitat valenciana,comunitat valenciana,alicante/alacant,2025,7,hotel 3 estrellas,58.35
ES,10,03,comunitat valenciana,comunitat valenciana,alicante/alacant,2025,7,hotel 4 estrellas,61.18
ES,10,03,comunitat valenciana,comunitat valenciana,alicante/alacant,2025,7,hotel 5 estrellas,80.73
ES,10,03,comunitat valenciana,comunitat valenciana,alicante/alacant,2025,7,total,59.91
ES,10,12,comunitat valenciana,comunitat valenciana,castellon/castello,2025,7,hotel 3 estrellas,75.39
ES,10,12,comunitat valenciana,comunitat valenciana,castellon/castello,2025,7,hotel 4 estrellas,77.31
ES,10,12,comunitat valenciana,comunitat valenciana,castellon/castello,2025,7,hotel 5 estrellas,77.31
ES,10,12,comunitat valenciana,comunitat valenciana,castellon/castello,2025,7,total,74.03
ES,10,46,comunitat valenciana,comunitat valenciana,valencia/valencia,2025,7,hotel 3 estrellas,66.84
ES,10,46,comunitat valenciana,comunitat valenciana,valencia/valencia,2025,7,hotel 4 estrellas,76.88
ES,10,46,comunitat valenciana,comunitat valenciana,valencia/valencia,2025,7,hotel 5 estrellas,73.88
ES,10,46,comunitat valenciana,comunitat valenciana,valencia/valencia,2025,7,total,73.04
ES,11,06,extremadura,extremadura,badajoz,2025,7,hotel 3 estrellas,42.42
ES,11,06,extremadura,extremadura,badajoz,2025,7,hotel 4 estrellas,75.07
ES,11,06,extremadura,extremadura,badajoz,2025,7,hotel 5 estrellas,71.11
ES,11,06,extremadura,extremadura,badajoz,2025,7,total,60.57
ES,11,10,extremadura,extremadura,caceres,2025,7,hotel 3 estrellas,78.94
ES,11,10,extremadura,extremadura,caceres,2025,7,hotel 4 estrellas,84.08
ES,11,10,extremadura,extremadura,caceres,2025,7,hotel 5 estrellas,91.37
ES,11,10,extremadura,extremadura,caceres,2025,7,total,84.83
ES,12,15,galicia,galicia,a coruna,2025,7,hotel 3 estrellas,76.77
ES,12,15,galicia,galicia,a coruna,2025,7,hotel 4 estrellas,83.51
ES,12,15,galicia,galicia,a coruna,2025,7,hotel 5 estrellas,65.24
ES,12,15,galicia,galicia,a coruna,2025,7,total,76.76
ES,12,27,galicia,galicia,lugo,2025,7,hotel 3 estrellas,78.22
ES,12,27,galicia,galicia,lugo,2025,7,hotel 4 estrellas,79.0
ES,12,27,galicia,galicia,lugo,2025,7,hotel 5 estrellas,73.8
ES,12,27,galicia,galicia,lugo,2025,7,total,75.94
ES,12,32,galicia,galicia,ourense,2025,7,hotel 3 estrellas,50.54
ES,12,32,galicia,galicia,ourense,2025,7,hotel 4 estrellas,78.26
ES,12,32,galicia,galicia,ourense,2025,7,hotel 5 estrellas,73.8
ES,12,32,galicia,galicia,ourense,2025,7,total,67.18
ES,12,36,galicia,galicia,pontevedra,2025,7,hotel 3 estrellas,60.96
ES,12,36,galicia,galicia,pontevedra,2025,7,hotel 4 estrellas,69.44
ES,12,36,galicia,galicia,pontevedra,2025,7,hotel 5 estrellas,82.36
ES,12,36,galicia,galicia,pontevedra,2025,7,total,66.44
ES,13,28,"madrid, comunidad de",madrid,madrid,2025,7,hotel 3 estrellas,76.65
ES,13,28,"madrid, comunidad de",madrid,madrid,2025,7,hotel 4 estrellas,78.3
ES,13,28,"madrid, comunidad de",madrid,madrid,2025,7,hotel 5 estrellas,69.92
ES,13,28,"madrid, comunidad de",madrid,madrid,2025,7,total,77.7
ES,14,30,"murcia, region de",murcia,murcia,2025,7,hotel 3 estrellas,59.93
ES,14,30,"murcia, region de",murcia,murcia,2025,7,hotel 4 estrellas,72.06
ES,14,30,"murcia, region de",murcia,murcia,2025,7,hotel 5 estrellas,76.11
ES,14,30,"murcia, region de",murcia,murcia,2025,7,total,64.96
ES,15,31,"navarra, comunidad foral de",navarra,navarra,2025,7,hotel 3 estrellas,81.66
ES,15,31,"navarra, comunidad foral de",navarra,navarra,2025,7,hotel 4 estrellas,82.91
ES,15,31,"navarra, comunidad foral de",navarra,navarra,2025,7,hotel 5 estrellas,74.41
ES,15,31,"navarra, comunidad foral de",navarra,navarra,2025,7,total,83.6
ES,16,01,pais vasco,pais vasco,araba/alava,2025,7,hotel 3 estrellas,69.8
ES,16,01,pais vasco,pais vasco,araba/alava,2025,7,hotel 4 estrellas,75.06
ES,16,01,pais vasco,pais vasco,araba/alava,2025,7,hotel 5 estrellas,67.79
ES,16,01,pais vasco,pais vasco,araba/alava,2025,7,total,69.88
ES,16,48,pais vasco,pais vasco,bizkaia,2025,7,hotel 3 estrellas,73.59
ES,16,48,pais vasco,pais vasco,bizkaia,2025,7,hotel 4 estrellas,87.91
ES,16,48,pais vasco,pais vasco,bizkaia,2025,7,hotel 5 estrellas,71.19
ES,16,48,pais vasco,pais vasco,bizkaia,2025,7,total,84.2
ES,16,20,pais vasco,pais vasco,gipuzkoa,2025,7,hotel 3 estrellas,68.53
ES,16,20,pais vasco,pais vasco,gipuzkoa,2025,7,hotel 4 estrellas,75.32
ES,16,20,pais vasco,pais vasco,gipuzkoa,2025,7,hotel 5 estrellas,48.16
ES,16,20,pais vasco,pais vasco,gipuzkoa,2025,7,total,72.72
ES,17,26,"rioja, la",rioja,la rioja,2025,7,hotel 3 estrellas,68.98
ES,17,26,"rioja, la",rioja,la rioja,2025,7,hotel 4 estrellas,85.56
ES,17,26,"rioja, la",rioja,la rioja,2025,7,hotel 5 estrellas,98.78
ES,17,26,"rioja, la",rioja,la rioja,2025,7,total,76.57
ES,01,04,andalucia,andalucia,almeria,2025,8,hotel 3 estrellas,61.52
ES,01,04,andalucia,andalucia,almeria,2025,8,hotel 4 estrellas,56.94
ES,01,04,andalucia,andalucia,almeria,2025,8,hotel 5 estrellas,41.65
ES,01,04,andalucia,andalucia,almeria,2025,8,total,58.67
ES,01,11,andalucia,andalucia,cadiz,2025,8,hotel 3 estrellas,61.29
ES,01,11,andalucia,andalucia,cadiz,2025,8,hotel 4 estrellas,53.5
ES,01,11,andalucia,andalucia,cadiz,2025,8,hotel 5 estrellas,79.72
ES,01,11,andalucia,andalucia,cadiz,2025,8,total,57.88
ES,01,14,andalucia,andalucia,cordoba,2025,8,hotel 3 estrellas,90.96
ES,01,14,andalucia,andalucia,cordoba,2025,8,hotel 4 estrellas,85.91
ES,01,14,andalucia,andalucia,cordoba,2025,8,hotel 5 estrellas,84.49
ES,01,14,andalucia,andalucia,cordoba,2025,8,total,86.1
ES,01,18,andalucia,andalucia,granada,2025,8,hotel 3 estrellas,76.36
ES,01,18,andalucia,andalucia,granada,2025,8,hotel 4 estrellas,77.89
ES,01,18,andalucia,andalucia,granada,2025,8,hotel 5 estrellas,85.23
ES,01,18,andalucia,andalucia,granada,2025,8,total,76.45
ES,01,21,andalucia,andalucia,huelva,2025,8,hotel 3 estrellas,66.78
ES,01,21,andalucia,andalucia,huelva,2025,8,hotel 4 estrellas,56.88
ES,01,21,andalucia,andalucia,huelva,2025,8,hotel 5 estrellas,74.56
ES,01,21,andalucia,andalucia,huelva,2025,8,total,68.93
ES,01,23,andalucia,andalucia,jaen,2025,8,hotel 3 estrellas,61.71
ES,01,23,andalucia,andalucia,jaen,2025,8,hotel 4 estrellas,74.96
ES,01,23,andalucia,andalucia,jaen,2025,8,hotel 5 estrellas,73.69
ES,01,23,andalucia,andalucia,jaen,2025,8,total,76.07
ES,01,29,andalucia,andalucia,malaga,2025,8,hotel 3 estrellas,64.78
ES,01,29,andalucia,andalucia,malaga,2025,8,hotel 4 estrellas,62.36
ES,01,29,andalucia,andalucia,malaga,2025,8,hotel 5 estrellas,71.09
ES,01,29,andalucia,andalucia,malaga,2025,8,total,64.24
ES,01,41,andalucia,andalucia,sevilla,2025,8,hotel 3 estrellas,82.75
ES,01,41,andalucia,andalucia,sevilla,2025,8,hotel 4 estrellas,80.49
ES,01,41,andalucia,andalucia,sevilla,2025,8,hotel 5 estrellas,86.04
ES,01,41,andalucia,andalucia,sevilla,2025,8,total,80.34
ES,02,22,aragon,aragon,huesca,2025,8,hotel 3 estrellas,58.51
ES,02,22,aragon,aragon,huesca,2025,8,hotel 4 estrellas,52.29
ES,02,22,aragon,aragon,huesca,2025,8,hotel 5 estrellas,68.25
ES,02,22,aragon,aragon,huesca,2025,8,total,54.19
ES,02,44,aragon,aragon,teruel,2025,8,hotel 3 estrellas,65.76
ES,02,44,aragon,aragon,teruel,2025,8,hotel 4 estrellas,82.97
ES,02,44,aragon,aragon,teruel,2025,8,hotel 5 estrellas,100.0
ES,02,44,aragon,aragon,teruel,2025,8,total,69.05
ES,02,50,aragon,aragon,zaragoza,2025,8,hotel 3 estrellas,73.41
ES,02,50,aragon,aragon,zaragoza,2025,8,hotel 4 estrellas,77.91
ES,02,50,aragon,aragon,zaragoza,2025,8,hotel 5 estrellas,84.12
ES,02,50,aragon,aragon,zaragoza,2025,8,total,76.75
ES,03,33,"asturias, principado de",asturias,asturias,2025,8,hotel 3 estrellas,67.66
ES,03,33,"asturias, principado de",asturias,asturias,2025,8,hotel 4 estrellas,61.31
ES,03,33,"asturias, principado de",asturias,asturias,2025,8,hotel 5 estrellas,86.74
ES,03,33,"asturias, principado de",asturias,asturias,2025,8,total,69.26
ES,04,07,"balears, illes",balears,illes balears,2025,8,hotel 3 estrellas,57.96
ES,04,07,"balears, illes",balears,illes balears,2025,8,hotel 4 estrellas,71.22
ES,04,07,"balears, illes",balears,illes balears,2025,8,hotel 5 estrellas,73.42
ES,04,07,"balears, illes",balears,illes balears,2025,8,total,66.34
ES,05,35,canarias,canarias,las palmas,2025,8,hotel 3 estrellas,55.75
ES,05,35,canarias,canarias,las palmas,2025,8,hotel 4 estrellas,67.67
ES,05,35,canarias,canarias,las palmas,2025,8,hotel 5 estrellas,77.47
ES,05,35,canarias,canarias,las palmas,2025,8,total,59.93
ES,05,38,canarias,canarias,santa cruz de tenerife,2025,8,hotel 3 estrellas,40.75
ES,05,38,canarias,canarias,santa cruz de tenerife,2025,8,hotel 4 estrellas,59.66
ES,05,38,canarias,canarias,santa cruz de tenerife,2025,8,hotel 5 estrellas,74.38
ES,05,38,canarias,canarias,santa cruz de tenerife,2025,8,total,57.89
ES,06,39,cantabria,cantabria,cantabria,2025,8,hotel 3 estrellas,53.82
ES,06,39,cantabria,cantabria,cantabria,2025,8,hotel 4 estrellas,62.69
ES,06,39,cantabria,cantabria,cantabria,2025,8,hotel 5 estrellas,90.78
ES,06,39,cantabria,cantabria,cantabria,2025,8,total,56.82
ES,07,05,castilla y leon,castilla y leon,avila,2025,8,hotel 3 estrellas,83.19
ES,07,05,castilla y leon,castilla y leon,avila,2025,8,hotel 4 estrellas,66.9
ES,07,05,castilla y leon,castilla y leon,avila,2025,8,hotel 5 estrellas,88.61
ES,07,05,castilla y leon,castilla y leon,avila,2025,8,total,73.04
ES,07,09,castilla y leon,castilla y leon,burgos,2025,8,hotel 3 estrellas,57.42
ES,07,09,castilla y leon,castilla y leon,burgos,2025,8,hotel 4 estrellas,65.81
ES,07,09,castilla y leon,castilla y leon,burgos,2025,8,hotel 5 estrellas,30.83
ES,07,09,castilla y leon,castilla y leon,burgos,2025,8,total,59.78
ES,07,24,castilla y leon,castilla y leon,leon,2025,8,hotel 3 estrellas,80.64
ES,07,24,castilla y leon,castilla y leon,leon,2025,8,hotel 4 estrellas,80.32
ES,07,24,castilla y leon,castilla y leon,leon,2025,8,hotel 5 estrellas,93.47
ES,07,24,castilla y leon,castilla y leon,leon,2025,8,total,77.76
ES,07,34,castilla y leon,castilla y leon,palencia,2025,8,hotel 3 estrellas,71.72
ES,07,34,castilla y leon,castilla y leon,palencia,2025,8,hotel 4 estrellas,64.71
ES,07,34,castilla y leon,castilla y leon,palencia,2025,8,hotel 5 estrellas,80.93
ES,07,34,castilla y leon,castilla y leon,palencia,2025,8,total,70.03
ES,07,37,castilla y leon,castilla y leon,salamanca,2025,8,hotel 3 estrellas,80.48
ES,07,37,castilla y leon,castilla y leon,salamanca,2025,8,hotel 4 estrellas,75.38
ES,07,37,castilla y leon,castilla y leon,salamanca,2025,8,hotel 5 estrellas,74.1
ES,07,37,castilla y leon,castilla y leon,salamanca,2025,8,total,79.44
ES,07,40,castilla y leon,castilla y leon,segovia,2025,8,hotel 3 estrellas,76.13
ES,07,40,castilla y leon,castilla y leon,segovia,2025,8,hotel 4 estrellas,57.95
ES,07,40,castilla y leon,castilla y leon,segovia,2025,8,hotel 5 estrellas,90.96
ES,07,40,castilla y leon,castilla y leon,segovia,2025,8,total,72.21
ES,07,42,castilla y leon,castilla y leon,soria,2025,8,hotel 3 estrellas,76.55
ES,07,42,castilla y leon,castilla y leon,soria,2025,8,hotel 4 estrellas,87.16
ES,07,42,castilla y leon,castilla y leon,soria,2025,8,hotel 5 estrellas,100.0
ES,07,42,castilla y leon,castilla y leon,soria,2025,8,total,69.11
ES,07,47,castilla y leon,castilla y leon,valladolid,2025,8,hotel 3 estrellas,84.57
ES,07,47,castilla y leon,castilla y leon,valladolid,2025,8,hotel 4 estrellas,85.83
ES,07,47,castilla y leon,castilla y leon,valladolid,2025,8,hotel 5 estrellas,83.3
ES,07,47,castilla y leon,castilla y leon,valladolid,2025,8,total,81.74
ES,07,49,castilla y leon,castilla y leon,zamora,2025,8,hotel 3 estrellas,70.42
ES,07,49,castilla y leon,castilla y leon,zamora,2025,8,hotel 4 estrellas,68.19
ES,07,49,castilla y leon,castilla y leon,zamora,2025,8,hotel 5 estrellas,86.18
ES,07,49,castilla y leon,castilla y leon,zamora,2025,8,total,70.63
ES,08,02,castilla-la mancha,castilla-la mancha,albacete,2025,8,hotel 3 estrellas,79.23
ES,08,02,castilla-la mancha,castilla-la mancha,albacete,2025,8,hotel 4 estrellas,55.89
ES,08,02,castilla-la mancha,castilla-la mancha,albacete,2025,8,hotel 5 estrellas,92.97
ES,08,02,castilla-la mancha,castilla-la mancha,albacete,2025,8,total,66.76
ES,08,13,castilla-la mancha,castilla-la mancha,ciudad real,2025,8,hotel 3 estrellas,85.7
ES,08,13,castilla-la mancha,castilla-la mancha,ciudad real,2025,8,hotel 4 estrellas,74.69
ES,08,13,castilla-la mancha,castilla-la mancha,ciudad real,2025,8,hotel 5 estrellas,100.0
ES,08,13,castilla-la mancha,castilla-la mancha,ciudad real,2025,8,total,72.78
ES,08,16,castilla-la mancha,castilla-la mancha,cuenca,2025,8,hotel 3 estrellas,61.44
ES,08,16,castilla-la mancha,castilla-la mancha,cuenca,2025,8,hotel 4 estrellas,71.54
ES,08,16,castilla-la mancha,castilla-la mancha,cuenca,2025,8,hotel 5 estrellas,92.97
ES,08,16,castilla-la mancha,castilla-la mancha,cuenca,2025,8,total,71.68
ES,08,19,castilla-la mancha,castilla-la mancha,guadalajara,2025,8,hotel 3 estrellas,72.12
ES,08,19,castilla-la mancha,castilla-la mancha,guadalajara,2025,8,hotel 4 estrellas,74.41
ES,08,19,castilla-la mancha,castilla-la mancha,guadalajara,2025,8,hotel 5 estrellas,92.97
ES,08,19,castilla-la mancha,castilla-la mancha,guadalajara,2025,8,total,60.51
ES,08,45,castilla-la mancha,castilla-la mancha,toledo,2025,8,hotel 3 estrellas,76.86
ES,08,45,castilla-la mancha,castilla-la mancha,toledo,2025,8,hotel 4 estrellas,75.67
ES,08,45,castilla-la mancha,castilla-la mancha,toledo,2025,8,hotel 5 estrellas,85.94
ES,08,45,castilla-la mancha,castilla-la mancha,toledo,2025,8,total,77.94
ES,09,08,cataluna,cataluna,barcelona,2025,8,hotel 3 estrellas,67.57
ES,09,08,cataluna,cataluna,barcelona,2025,8,hotel 4 estrellas,73.02
ES,09,08,cataluna,cataluna,barcelona,2025,8,hotel 5 estrellas,70.43
ES,09,08,cataluna,cataluna,barcelona,2025,8,total,70.5
ES,09,17,cataluna,cataluna,girona,2025,8,hotel 3 estrellas,47.96
ES,09,17,cataluna,cataluna,girona,2025,8,hotel 4 estrellas,55.1
ES,09,17,cataluna,cataluna,girona,2025,8,hotel 5 estrellas,47.06
ES,09,17,cataluna,cataluna,girona,2025,8,total,52.52
ES,09,25,cataluna,cataluna,lleida,2025,8,hotel 3 estrellas,82.45
ES,09,25,cataluna,cataluna,lleida,2025,8,hotel 4 estrellas,65.04
ES,09,25,cataluna,cataluna,lleida,2025,8,hotel 5 estrellas,53.99
ES,09,25,cataluna,cataluna,lleida,2025,8,total,77.29
ES,09,43,cataluna,cataluna,tarragona,2025,8,hotel 3 estrellas,39.81
ES,09,43,cataluna,cataluna,tarragona,2025,8,hotel 4 estrellas,47.32
ES,09,43,cataluna,cataluna,tarragona,2025,8,hotel 5 estrellas,54.16
ES,09,43,cataluna,cataluna,tarragona,2025,8,total,40.51
ES,10,03,comunitat valenciana,comunitat valenciana,alicante/alacant,2025,8,hotel 3 estrellas,47.05
ES,10,03,comunitat valenciana,comunitat valenciana,alicante/alacant,2025,8,hotel 4 estrellas,57.99
ES,10,03,comunitat valenciana,comunitat valenciana,alicante/alacant,2025,8,hotel 5 estrellas,82.72
ES,10,03,comunitat valenciana,comunitat valenciana,alicante/alacant,2025,8,total,54.01
ES,10,12,comunitat valenciana,comunitat valenciana,castellon/castello,2025,8,hotel 3 estrellas,71.55
ES,10,12,comunitat valenciana,comunitat valenciana,castellon/castello,2025,8,hotel 4 estrellas,62.97
ES,10,12,comunitat valenciana,comunitat valenciana,castellon/castello,2025,8,hotel 5 estrellas,51.96
ES,10,12,comunitat valenciana,comunitat valenciana,castellon/castello,2025,8,total,60.27
ES,10,46,comunitat valenciana,comunitat valenciana,valencia/valencia,2025,8,hotel 3 estrellas,71.7
ES,10,46,comunitat valenciana,comunitat valenciana,valencia/valencia,2025,8,hotel 4 estrellas,73.23
ES,10,46,comunitat valenciana,comunitat valenciana,valencia/valencia,2025,8,hotel 5 estrellas,88.21
ES,10,46,comunitat valenciana,comunitat valenciana,valencia/valencia,2025,8,total,73.03
ES,11,06,extremadura,extremadura,badajoz,2025,8,hotel 3 estrellas,38.47
ES,11,06,extremadura,extremadura,badajoz,2025,8,hotel 4 estrellas,75.99
ES,11,06,extremadura,extremadura,badajoz,2025,8,hotel 5 estrellas,77.1
ES,11,06,extremadura,extremadura,badajoz,2025,8,total,69.18
ES,11,10,extremadura,extremadura,caceres,2025,8,hotel 3 estrellas,69.24
ES,11,10,extremadura,extremadura,caceres,2025,8,hotel 4 estrellas,81.55
ES,11,10,extremadura,extremadura,caceres,2025,8,hotel 5 estrellas,88.79
ES,11,10,extremadura,extremadura,caceres,2025,8,total,75.78
ES,12,15,galicia,galicia,a coruna,2025,8,hotel 3 estrellas,73.61
ES,12,15,galicia,galicia,a coruna,2025,8,hotel 4 estrellas,75.92
ES,12,15,galicia,galicia,a coruna,2025,8,hotel 5 estrellas,65.59
ES,12,15,galicia,galicia,a coruna,2025,8,total,77.94
ES,12,27,galicia,galicia,lugo,2025,8,hotel 3 estrellas,56.71
ES,12,27,galicia,galicia,lugo,2025,8,hotel 4 estrellas,75.52
ES,12,27,galicia,galicia,lugo,2025,8,hotel 5 estrellas,75.4
ES,12,27,galicia,galicia,lugo,2025,8,total,72.85
ES,12,32,galicia,galicia,ourense,2025,8,hotel 3 estrellas,59.21
ES,12,32,galicia,galicia,ourense,2025,8,hotel 4 estrellas,82.04
ES,12,32,galicia,galicia,ourense,2025,8,hotel 5 estrellas,76.14
ES,12,32,galicia,galicia,ourense,2025,8,total,72.42
ES,12,36,galicia,galicia,pontevedra,2025,8,hotel 3 estrellas,53.4
ES,12,36,galicia,galicia,pontevedra,2025,8,hotel 4 estrellas,66.64
ES,12,36,galicia,galicia,pontevedra,2025,8,hotel 5 estrellas,87.43
ES,12,36,galicia,galicia,pontevedra,2025,8,total,63.54
ES,13,28,"madrid, comunidad de",madrid,madrid,2025,8,hotel 3 estrellas,76.35
ES,13,28,"madrid, comunidad de",madrid,madrid,2025,8,hotel 4 estrellas,82.42
ES,13,28,"madrid, comunidad de",madrid,madrid,2025,8,hotel 5 estrellas,79.91
ES,13,28,"madrid, comunidad de",madrid,madrid,2025,8,total,80.4
ES,14,30,"murcia, region de",murcia,murcia,2025,8,hotel 3 estrellas,68.22
ES,14,30,"murcia, region de",murcia,murcia,2025,8,hotel 4 estrellas,64.02
ES,14,30,"murcia, region de",murcia,murcia,2025,8,hotel 5 estrellas,62.19
ES,14,30,"murcia, region de",murcia,murcia,2025,8,total,65.69
ES,15,31,"navarra, comunidad foral de",navarra,navarra,2025,8,hotel 3 estrellas,77.68
ES,15,31,"navarra, comunidad foral de",navarra,navarra,2025,8,hotel 4 estrellas,82.78
ES,15,31,"navarra, comunidad foral de",navarra,navarra,2025,8,hotel 5 estrellas,90.03
ES,15,31,"navarra, comunidad foral de",navarra,navarra,2025,8,total,82.21
ES,16,01,pais vasco,pais vasco,araba/alava,2025,8,hotel 3 estrellas,61.0
ES,16,01,pais vasco,pais vasco,araba/alava,2025,8,hotel 4 estrellas,82.86
ES,16,01,pais vasco,pais vasco,araba/alava,2025,8,hotel 5 estrellas,82.98
ES,16,01,pais vasco,pais vasco,araba/alava,2025,8,total,76.11
ES,16,48,pais vasco,pais vasco,bizkaia,2025,8,hotel 3 estrellas,70.46
ES,16,48,pais vasco,pais vasco,bizkaia,2025,8,hotel 4 estrellas,83.11
ES,16,48,pais vasco,pais vasco,bizkaia,2025,8,hotel 5 estrellas,75.61
ES,16,48,pais vasco,pais vasco,bizkaia,2025,8,total,78.12
ES,16,20,pais vasco,pais vasco,gipuzkoa,2025,8,hotel 3 estrellas,56.43
ES,16,20,pais vasco,pais vasco,gipuzkoa,2025,8,hotel 4 estrellas,75.15
ES,16,20,pais vasco,pais vasco,gipuzkoa,2025,8,hotel 5 estrellas,81.86
ES,16,20,pais vasco,pais vasco,gipuzkoa,2025,8,total,69.63
ES,17,26,"rioja, la",rioja,la rioja,2025,8,hotel 3 estrellas,77.28
ES,17,26,"rioja, la",rioja,la rioja,2025,8,hotel 4 estrellas,79.52
ES,17,26,"rioja, la",rioja,la rioja,2025,8,hotel 5 estrellas,81.0
ES,17,26,"rioja, la",rioja,la rioja,2025,8,total,77.73
ES,01,04,andalucia,andalucia,almeria,2025,9,hotel 3 estrellas,78.69
ES,01,04,andalucia,andalucia,almeria,2025,9,hotel 4 estrellas,46.51
ES,01,04,andalucia,andalucia,almeria,2025,9,hotel 5 estrellas,66.78
ES,01,04,andalucia,andalucia,almeria,2025,9,total,55.49
ES,01,11,andalucia,andalucia,cadiz,2025,9,hotel 3 estrellas,66.83
ES,01,11,andalucia,andalucia,cadiz,2025,9,hotel 4 estrellas,65.16
ES,01,11,andalucia,andalucia,cadiz,2025,9,hotel 5 estrellas,81.82
ES,01,11,andalucia,andalucia,cadiz,2025,9,total,69.37
ES,01,14,andalucia,andalucia,cordoba,2025,9,hotel 3 estrellas,83.38
ES,01,14,andalucia,andalucia,cordoba,2025,9,hotel 4 estrellas,85.96
ES,01,14,andalucia,andalucia,cordoba,2025,9,hotel 5 estrellas,78.99
ES,01,14,andalucia,andalucia,cordoba,2025,9,total,85.54
ES,01,18,andalucia,andalucia,granada,2025,9,hotel 3 estrellas,80.13
ES,01,18,andalucia,andalucia,granada,2025,9,hotel 4 estrellas,74.41
ES,01,18,andalucia,andalucia,granada,2025,9,hotel 5 estrellas,82.61
ES,01,18,andalucia,andalucia,granada,2025,9,total,78.53
ES,01,21,andalucia,andalucia,huelva,2025,9,hotel 3 estrellas,78.88
ES,01,21,andalucia,andalucia,huelva,2025,9,hotel 4 estrellas,74.01
ES,01,21,andalucia,andalucia,huelva,2025,9,hotel 5 estrellas,77.38
ES,01,21,andalucia,andalucia,huelva,2025,9,total,74.47
ES,01,23,andalucia,andalucia,jaen,2025,9,hotel 3 estrellas,81.1
ES,01,23,andalucia,andalucia,jaen,2025,9,hotel 4 estrellas,64.76
ES,01,23,andalucia,andalucia,jaen,2025,9,hotel 5 estrellas,73.76
ES,01,23,andalucia,andalucia,jaen,2025,9,total,74.84
ES,01,29,andalucia,andalucia,malaga,2025,9,hotel 3 estrellas,64.63
ES,01,29,andalucia,andalucia,malaga,2025,9,hotel 4 estrellas,66.53
ES,01,29,andalucia,andalucia,malaga,2025,9,hotel 5 estrellas,70.34
ES,01,29,andalucia,andalucia,malaga,2025,9,total,66.35
ES,01,41,andalucia,andalucia,sevilla,2025,9,hotel 3 estrellas,73.18
ES,01,41,andalucia,andalucia,sevilla,2025,9,hotel 4 estrellas,84.25
ES,01,41,andalucia,andalucia,sevilla,2025,9,hotel 5 estrellas,87.37
ES,01,41,andalucia,andalucia,sevilla,2025,9,total,81.81
ES,02,22,aragon,aragon,huesca,2025,9,hotel 3 estrellas,80.35
ES,02,22,aragon,aragon,huesca,2025,9,hotel 4 estrellas,69.44
ES,02,22,aragon,aragon,huesca,2025,9,hotel 5 estrellas,63.48
ES,02,22,aragon,aragon,huesca,2025,9,total,75.05
ES,02,44,aragon,aragon,teruel,2025,9,hotel 3 estrellas,76.12
ES,02,44,aragon,aragon,teruel,2025,9,hotel 4 estrellas,71.63
ES,02,44,aragon,aragon,teruel,2025,9,hotel 5 estrellas,92.99
ES,02,44,aragon,aragon,teruel,2025,9,total,74.46
ES,02,50,aragon,aragon,zaragoza,2025,9,hotel 3 estrellas,68.56
ES,02,50,aragon,aragon,zaragoza,2025,9,hotel 4 estrellas,78.2
ES,02,50,aragon,aragon,zaragoza,2025,9,hotel 5 estrellas,78.24
ES,02,50,aragon,aragon,zaragoza,2025,9,total,73.73
ES,03,33,"asturias, principado de",asturias,asturias,2025,9,hotel 3 estrellas,79.69
ES,03,33,"asturias, principado de",asturias,asturias,2025,9,hotel 4 estrellas,75.31
ES,03,33,"asturias, principado de",asturias,asturias,2025,9,hotel 5 estrellas,96.3
ES,03,33,"asturias, principado de",asturias,asturias,2025,9,total,78.23
ES,04,07,"balears, illes",balears,illes balears,2025,9,hotel 3 estrellas,63.44
ES,04,07,"balears, illes",balears,illes balears,2025,9,hotel 4 estrellas,70.71
ES,04,07,"balears, illes",balears,illes balears,2025,9,hotel 5 estrellas,79.05
ES,04,07,"balears, illes",balears,illes balears,2025,9,total,67.91
ES,05,35,canarias,canarias,las palmas,2025,9,hotel 3 estrellas,57.48
ES,05,35,canarias,canarias,las palmas,2025,9,hotel 4 estrellas,62.08
ES,05,35,canarias,canarias,las palmas,2025,9,hotel 5 estrellas,86.81
ES,05,35,canarias,canarias,las palmas,2025,9,total,63.72
ES,05,38,canarias,canarias,santa cruz de tenerife,2025,9,hotel 3 estrellas,47.07
ES,05,38,canarias,canarias,santa cruz de tenerife,2025,9,hotel 4 estrellas,58.41
ES,05,38,canarias,canarias,santa cruz de tenerife,2025,9,hotel 5 estrellas,84.56
ES,05,38,canarias,canarias,santa cruz de tenerife,2025,9,total,57.67
ES,06,39,cantabria,cantabria,cantabria,2025,9,hotel 3 estrellas,67.66
ES,06,39,cantabria,cantabria,cantabria,2025,9,hotel 4 estrellas,80.28
ES,06,39,cantabria,cantabria,cantabria,2025,9,hotel 5 estrellas,94.88
ES,06,39,cantabria,cantabria,cantabria,2025,9,total,71.01
ES,07,05,castilla y leon,castilla y leon,avila,2025,9,hotel 3 estrellas,72.44
ES,07,05,castilla y leon,castilla y leon,avila,2025,9,hotel 4 estrellas,82.56
ES,07,05,castilla y leon,castilla y leon,avila,2025,9,hotel 5 estrellas,100.0
ES,07,05,castilla y leon,castilla y leon,avila,2025,9,total,85.61
ES,07,09,castilla y leon,castilla y leon,burgos,2025,9,hotel 3 estrellas,71.67
ES,07,09,castilla y leon,castilla y leon,burgos,2025,9,hotel 4 estrellas,67.44
ES,07,09,castilla y leon,castilla y leon,burgos,2025,9,hotel 5 estrellas,70.53
ES,07,09,castilla y leon,castilla y leon,burgos,2025,9,total,71.57
ES,07,24,castilla y leon,castilla y leon,leon,2025,9,hotel 3 estrellas,81.48
ES,07,24,castilla y leon,castilla y leon,leon,2025,9,hotel 4 estrellas,77.19
ES,07,24,castilla y leon,castilla y leon,leon,2025,9,hotel 5 estrellas,95.39
ES,07,24,castilla y leon,castilla y leon,leon,2025,9,total,79.84
ES,07,34,castilla y leon,castilla y leon,palencia,2025,9,hotel 3 estrellas,74.24
ES,07,34,castilla y leon,castilla y leon,palencia,2025,9,hotel 4 estrellas,60.42
ES,07,34,castilla y leon,castilla y leon,palencia,2025,9,hotel 5 estrellas,86.95
ES,07,34,castilla y leon,castilla y leon,palencia,2025,9,total,62.52
ES,07,37,castilla y leon,castilla y leon,salamanca,2025,9,hotel 3 estrellas,83.29
ES,07,37,castilla y leon,castilla y leon,salamanca,2025,9,hotel 4 estrellas,73.95
ES,07,37,castilla y leon,castilla y leon,salamanca,2025,9,hotel 5 estrellas,74.58
ES,07,37,castilla y leon,castilla y leon,salamanca,2025,9,total,79.87
ES,07,40,castilla y leon,castilla y leon,segovia,2025,9,hotel 3 estrellas,83.97
ES,07,40,castilla y leon,castilla y leon,segovia,2025,9,hotel 4 estrellas,63.04
ES,07,40,castilla y leon,castilla y leon,segovia,2025,9,hotel 5 estrellas,93.92
ES,07,40,castilla y leon,castilla y leon,segovia,2025,9,total,74.31
ES,07,42,castilla y leon,castilla y leon,soria,2025,9,hotel 3 estrellas,83.78
ES,07,42,castilla y leon,castilla y leon,soria,2025,9,hotel 4 estrellas,73.96
ES,07,42,castilla y leon,castilla y leon,soria,2025,9,hotel 5 estrellas,86.95
ES,07,42,castilla y leon,castilla y leon,soria,2025,9,total,83.55
ES,07,47,castilla y leon,castilla y leon,valladolid,2025,9,hotel 3 estrellas,58.64
ES,07,47,castilla y leon,castilla y leon,valladolid,2025,9,hotel 4 estrellas,77.88
ES,07,47,castilla y leon,castilla y leon,valladolid,2025,9,hotel 5 estrellas,84.66
ES,07,47,castilla y leon,castilla y leon,valladolid,2025,9,total,74.3
ES,07,49,castilla y leon,castilla y leon,zamora,2025,9,hotel 3 estrellas,81.66
ES,07,49,castilla y leon,castilla y leon,zamora,2025,9,hotel 4 estrellas,84.84
ES,07,49,castilla y leon,castilla y leon,zamora,2025,9,hotel 5 estrellas,89.57
ES,07,49,castilla y leon,castilla y leon,zamora,2025,9,total,79.87
ES,08,02,castilla-la mancha,castilla-la mancha,albacete,2025,9,hotel 3 estrellas,62.32
ES,08,02,castilla-la mancha,castilla-la mancha,albacete,2025,9,hotel 4 estrellas,84.55
ES,08,02,castilla-la mancha,castilla-la mancha,albacete,2025,9,hotel 5 estrellas,90.66
ES,08,02,castilla-la mancha,castilla-la mancha,albacete,2025,9,total,54.12
ES,08,13,castilla-la mancha,castilla-la mancha,ciudad real,2025,9,hotel 3 estrellas,70.68
ES,08,13,castilla-la mancha,castilla-la mancha,ciudad real,2025,9,hotel 4 estrellas,74.86
ES,08,13,castilla-la mancha,castilla-la mancha,ciudad real,2025,9,hotel 5 estrellas,99.11
ES,08,13,castilla-la mancha,castilla-la mancha,ciudad real,2025,9,total,76.25
ES,08,16,castilla-la mancha,castilla-la mancha,cuenca,2025,9,hotel 3 estrellas,64.08
ES,08,16,castilla-la mancha,castilla-la mancha,cuenca,2025,9,hotel 4 estrellas,82.79
ES,08,16,castilla-la mancha,castilla-la mancha,cuenca,2025,9,hotel 5 estrellas,90.66
ES,08,16,castilla-la mancha,castilla-la mancha,cuenca,2025,9,total,82.31
ES,08,19,castilla-la mancha,castilla-la mancha,guadalajara,2025,9,hotel 3 estrellas,80.3
ES,08,19,castilla-la mancha,castilla-la mancha,guadalajara,2025,9,hotel 4 estrellas,73.7
ES,08,19,castilla-la mancha,castilla-la mancha,guadalajara,2025,9,hotel 5 estrellas,90.66
ES,08,19,castilla-la mancha,castilla-la mancha,guadalajara,2025,9,total,74.48
ES,08,45,castilla-la mancha,castilla-la mancha,toledo,2025,9,hotel 3 estrellas,76.11
ES,08,45,castilla-la mancha,castilla-la mancha,toledo,2025,9,hotel 4 estrellas,88.38
ES,08,45,castilla-la mancha,castilla-la mancha,toledo,2025,9,hotel 5 estrellas,82.2
ES,08,45,castilla-la mancha,castilla-la mancha,toledo,2025,9,total,81.52
ES,09,08,cataluna,cataluna,barcelona,2025,9,hotel 3 estrellas,71.64
ES,09,08,cataluna,cataluna,barcelona,2025,9,hotel 4 estrellas,71.43
ES,09,08,cataluna,cataluna,barcelona,2025,9,hotel 5 estrellas,65.07
ES,09,08,cataluna,cataluna,barcelona,2025,9,total,71.36
ES,09,17,cataluna,cataluna,girona,2025,9,hotel 3 estrellas,58.1
ES,09,17,cataluna,cataluna,girona,2025,9,hotel 4 estrellas,63.75
ES,09,17,cataluna,cataluna,girona,2025,9,hotel 5 estrellas,32.94
ES,09,17,cataluna,cataluna,girona,2025,9,total,61.16
ES,09,25,cataluna,cataluna,lleida,2025,9,hotel 3 estrellas,80.86
ES,09,25,cataluna,cataluna,lleida,2025,9,hotel 4 estrellas,71.92
ES,09,25,cataluna,cataluna,lleida,2025,9,hotel 5 estrellas,78.56
ES,09,25,cataluna,cataluna,lleida,2025,9,total,77.94
ES,09,43,cataluna,cataluna,tarragona,2025,9,hotel 3 estrellas,60.42
ES,09,43,cataluna,cataluna,tarragona,2025,9,hotel 4 estrellas,55.3
ES,09,43,cataluna,cataluna,tarragona,2025,9,hotel 5 estrellas,63.96
ES,09,43,cataluna,cataluna,tarragona,2025,9,total,56.55
ES,10,03,comunitat valenciana,comunitat valenciana,alicante/alacant,2025,9,hotel 3 estrellas,56.51
ES,10,03,comunitat valenciana,comunitat valenciana,alicante/alacant,2025,9,hotel 4 estrellas,66.46
ES,10,03,comunitat valenciana,comunitat valenciana,alicante/alacant,2025,9,hotel 5 estrellas,84.8
ES,10,03,comunitat valenciana,comunitat valenciana,alicante/alacant,2025,9,total,62.41
ES,10,12,comunitat valenciana,comunitat valenciana,castellon/castello,2025,9,hotel 3 estrellas,77.87
ES,10,12,comunitat valenciana,comunitat valenciana,castellon/castello,2025,9,hotel 4 estrellas,82.34
ES,10,12,comunitat valenciana,comunitat valenciana,castellon/castello,2025,9,hotel 5 estrellas,56.13
ES,10,12,comunitat valenciana,comunitat valenciana,castellon/castello,2025,9,total,80.41
ES,10,46,comunitat valenciana,comunitat valenciana,valencia/valencia,2025,9,hotel 3 estrellas,70.58
ES,10,46,comunitat valenciana,comunitat valenciana,valencia/valencia,2025,9,hotel 4 estrellas,76.99
ES,10,46,comunitat valenciana,comunitat valenciana,valencia/valencia,2025,9,hotel 5 estrellas,87.26
ES,10,46,comunitat valenciana,comunitat valenciana,valencia/valencia,2025,9,total,75.63
ES,11,06,extremadura,extremadura,badajoz,2025,9,hotel 3 estrellas,63.58
ES,11,06,extremadura,extremadura,badajoz,2025,9,hotel 4 estrellas,75.25
ES,11,06,extremadura,extremadura,badajoz,2025,9,hotel 5 estrellas,94.62
ES,11,06,extremadura,extremadura,badajoz,2025,9,total,76.52
ES,11,10,extremadura,extremadura,caceres,2025,9,hotel 3 estrellas,81.06
ES,11,10,extremadura,extremadura,caceres,2025,9,hotel 4 estrellas,79.98
ES,11,10,extremadura,extremadura,caceres,2025,9,hotel 5 estrellas,90.2
ES,11,10,extremadura,extremadura,caceres,2025,9,total,82.27
ES,12,15,galicia,galicia,a coruna,2025,9,hotel 3 estrellas,75.07
ES,12,15,galicia,galicia,a coruna,2025,9,hotel 4 estrellas,81.59
ES,12,15,galicia,galicia,a coruna,2025,9,hotel 5 estrellas,78.1
ES,12,15,galicia,galicia,a coruna,2025,9,total,80.4
ES,12,27,galicia,galicia,lugo,2025,9,hotel 3 estrellas,91.67
ES,12,27,galicia,galicia,lugo,2025,9,hotel 4 estrellas,82.69
ES,12,27,galicia,galicia,lugo,2025,9,hotel 5 estrellas,79.03
ES,12,27,galicia,galicia,lugo,2025,9,total,85.62
ES,12,32,galicia,galicia,ourense,2025,9,hotel 3 estrellas,73.38
ES,12,32,galicia,galicia,ourense,2025,9,hotel 4 estrellas,86.03
ES,12,32,galicia,galicia,ourense,2025,9,hotel 5 estrellas,79.03
ES,12,32,galicia,galicia,ourense,2025,9,total,76.66
ES,12,36,galicia,galicia,pontevedra,2025,9,hotel 3 estrellas,56.46
ES,12,36,galicia,galicia,pontevedra,2025,9,hotel 4 estrellas,59.6
ES,12,36,galicia,galicia,pontevedra,2025,9,hotel 5 estrellas,79.97
ES,12,36,galicia,galicia,pontevedra,2025,9,total,62.15
ES,13,28,"madrid, comunidad de",madrid,madrid,2025,9,hotel 3 estrellas,71.07
ES,13,28,"madrid, comunidad de",madrid,madrid,2025,9,hotel 4 estrellas,71.67
ES,13,28,"madrid, comunidad de",madrid,madrid,2025,9,hotel 5 estrellas,75.35
ES,13,28,"madrid, comunidad de",madrid,madrid,2025,9,total,72.06
ES,14,30,"murcia, region de",murcia,murcia,2025,9,hotel 3 estrellas,77.91
ES,14,30,"murcia, region de",murcia,murcia,2025,9,hotel 4 estrellas,58.95
ES,14,30,"murcia, region de",murcia,murcia,2025,9,hotel 5 estrellas,72.31
ES,14,30,"murcia, region de",murcia,murcia,2025,9,total,72.37
ES,15,31,"navarra, comunidad foral de",navarra,navarra,2025,9,hotel 3 estrellas,72.69
ES,15,31,"navarra, comunidad foral de",navarra,navarra,2025,9,hotel 4 estrellas,84.28
ES,15,31,"navarra, comunidad foral de",navarra,navarra,2025,9,hotel 5 estrellas,87.79
ES,15,31,"navarra, comunidad foral de",navarra,navarra,2025,9,total,78.95
ES,16,01,pais vasco,pais vasco,araba/alava,2025,9,hotel 3 estrellas,71.76
ES,16,01,pais vasco,pais vasco,araba/alava,2025,9,hotel 4 estrellas,69.23
ES,16,01,pais vasco,pais vasco,araba/alava,2025,9,hotel 5 estrellas,79.42
ES,16,01,pais vasco,pais vasco,araba/alava,2025,9,total,69.59
ES,16,48,pais vasco,pais vasco,bizkaia,2025,9,hotel 3 estrellas,58.87
ES,16,48,pais vasco,pais vasco,bizkaia,2025,9,hotel 4 estrellas,81.94
ES,16,48,pais vasco,pais vasco,bizkaia,2025,9,hotel 5 estrellas,84.51
ES,16,48,pais vasco,pais vasco,bizkaia,2025,9,total,77.71
ES,16,20,pais vasco,pais vasco,gipuzkoa,2025,9,hotel 3 estrellas,69.42
ES,16,20,pais vasco,pais vasco,gipuzkoa,2025,9,hotel 4 estrellas,74.54
ES,16,20,pais vasco,pais vasco,gipuzkoa,2025,9,hotel 5 estrellas,49.44
ES,16,20,pais vasco,pais vasco,gipuzkoa,2025,9,total,74.09
ES,17,26,"rioja, la",rioja,la rioja,2025,9,hotel 3 estrellas,67.86
ES,17,26,"rioja, la",rioja,la rioja,2025,9,hotel 4 estrellas,70.49
ES,17,26,"rioja, la",rioja,la rioja,2025,9,hotel 5 estrellas,80.61
ES,17,26,"rioja, la",rioja,la rioja,2025,9,total,71.36
ES,01,04,andalucia,andalucia,almeria,2025,10,hotel 3 estrellas,87.72
ES,01,04,andalucia,andalucia,almeria,2025,10,hotel 4 estrellas,68.32
ES,01,04,andalucia,andalucia,almeria,2025,10,hotel 5 estrellas,67.36
ES,01,04,andalucia,andalucia,almeria,2025,10,total,65.2
ES,01,11,andalucia,andalucia,cadiz,2025,10,hotel 3 estrellas,75.48
ES,01,11,andalucia,andalucia,cadiz,2025,10,hotel 4 estrellas,77.53
ES,01,11,andalucia,andalucia,cadiz,2025,10,hotel 5 estrellas,85.27
ES,01,11,andalucia,andalucia,cadiz,2025,10,total,78.02
ES,01,14,andalucia,andalucia,cordoba,2025,10,hotel 3 estrellas,79.43
ES,01,14,andalucia,andalucia,cordoba,2025,10,hotel 4 estrellas,85.2
ES,01,14,andalucia,andalucia,cordoba,2025,10,hotel 5 estrellas,67.95
ES,01,14,andalucia,andalucia,cordoba,2025,10,total,84.53
ES,01,18,andalucia,andalucia,granada,2025,10,hotel 3 estrellas,69.86
ES,01,18,andalucia,andalucia,granada,2025,10,hotel 4 estrellas,73.31
ES,01,18,andalucia,andalucia,granada,2025,10,hotel 5 estrellas,95.71
ES,01,18,andalucia,andalucia,granada,2025,10,total,72.86
ES,01,21,andalucia,andalucia,huelva,2025,10,hotel 3 estrellas,68.57
ES,01,21,andalucia,andalucia,huelva,2025,10,hotel 4 estrellas,69.8
ES,01,21,andalucia,andalucia,huelva,2025,10,hotel 5 estrellas,77.48
ES,01,21,andalucia,andalucia,huelva,2025,10,total,70.13
ES,01,23,andalucia,andalucia,jaen,2025,10,hotel 3 estrellas,76.4
ES,01,23,andalucia,andalucia,jaen,2025,10,hotel 4 estrellas,81.77
ES,01,23,andalucia,andalucia,jaen,2025,10,hotel 5 estrellas,71.78
ES,01,23,andalucia,andalucia,jaen,2025,10,total,84.7
ES,01,29,andalucia,andalucia,malaga,2025,10,hotel 3 estrellas,68.39
ES,01,29,andalucia,andalucia,malaga,2025,10,hotel 4 estrellas,73.03
ES,01,29,andalucia,andalucia,malaga,2025,10,hotel 5 estrellas,78.71
ES,01,29,andalucia,andalucia,malaga,2025,10,total,71.73
ES,01,41,andalucia,andalucia,sevilla,2025,10,hotel 3 estrellas,70.42
ES,01,41,andalucia,andalucia,sevilla,2025,10,hotel 4 estrellas,77.95
ES,01,41,andalucia,andalucia,sevilla,2025,10,hotel 5 estrellas,75.6
ES,01,41,andalucia,andalucia,sevilla,2025,10,total,73.89
ES,02,22,aragon,aragon,huesca,2025,10,hotel 3 estrellas,80.34
ES,02,22,aragon,aragon,huesca,2025,10,hotel 4 estrellas,71.44
ES,02,22,aragon,aragon,huesca,2025,10,hotel 5 estrellas,88.93
ES,02,22,aragon,aragon,huesca,2025,10,total,81.4
ES,02,44,aragon,aragon,teruel,2025,10,hotel 3 estrellas,57.96
ES,02,44,aragon,aragon,teruel,2025,10,hotel 4 estrellas,56.24
ES,02,44,aragon,aragon,teruel,2025,10,hotel 5 estrellas,64.67
ES,02,44,aragon,aragon,teruel,2025,10,total,51.36
ES,02,50,aragon,aragon,zaragoza,2025,10,hotel 3 estrellas,64.37
ES,02,50,aragon,aragon,zaragoza,2025,10,hotel 4 estrellas,75.77
ES,02,50,aragon,aragon,zaragoza,2025,10,hotel 5 estrellas,76.8
ES,02,50,aragon,aragon,zaragoza,2025,10,total,70.73
ES,03,33,"asturias, principado de",asturias,asturias,2025,10,hotel 3 estrellas,81.74
ES,03,33,"asturias, principado de",asturias,asturias,2025,10,hotel 4 estrellas,74.7
ES,03,33,"asturias, principado de",asturias,asturias,2025,10,hotel 5 estrellas,94.24
ES,03,33,"asturias, principado de",asturias,asturias,2025,10,total,80.65
ES,04,07,"balears, illes",balears,illes balears,2025,10,hotel 3 estrellas,66.64
ES,04,07,"balears, illes",balears,illes balears,2025,10,hotel 4 estrellas,71.74
ES,04,07,"balears, illes",balears,illes balears,2025,10,hotel 5 estrellas,84.46
ES,04,07,"balears, illes",balears,illes balears,2025,10,total,70.54
ES,05,35,canarias,canarias,las palmas,2025,10,hotel 3 estrellas,64.25
ES,05,35,canarias,canarias,las palmas,2025,10,hotel 4 estrellas,67.69
ES,05,35,canarias,canarias,las palmas,2025,10,hotel 5 estrellas,86.48
ES,05,35,canarias,canarias,las palmas,2025,10,total,69.01
ES,05,38,canarias,canarias,santa cruz de tenerife,2025,10,hotel 3 estrellas,55.83
ES,05,38,canarias,canarias,santa cruz de tenerife,2025,10,hotel 4 estrellas,61.21
ES,05,38,canarias,canarias,santa cruz de tenerife,2025,10,hotel 5 estrellas,76.27
ES,05,38,canarias,canarias,santa cruz de tenerife,2025,10,total,64.82
ES,06,39,cantabria,cantabria,cantabria,2025,10,hotel 3 estrellas,78.44
ES,06,39,cantabria,cantabria,cantabria,2025,10,hotel 4 estrellas,82.84
ES,06,39,cantabria,cantabria,cantabria,2025,10,hotel 5 estrellas,89.96
ES,06,39,cantabria,cantabria,cantabria,2025,10,total,80.05
ES,07,05,castilla y leon,castilla y leon,avila,2025,10,hotel 3 estrellas,81.71
ES,07,05,castilla y leon,castilla y leon,avila,2025,10,hotel 4 estrellas,81.5
ES,07,05,castilla y leon,castilla y leon,avila,2025,10,hotel 5 estrellas,84.32
ES,07,05,castilla y leon,castilla y leon,avila,2025,10,total,78.72
ES,07,09,castilla y leon,castilla y leon,burgos,2025,10,hotel 3 estrellas,74.45
ES,07,09,castilla y leon,castilla y leon,burgos,2025,10,hotel 4 estrellas,64.58
ES,07,09,castilla y leon,castilla y leon,burgos,2025,10,hotel 5 estrellas,85.36
ES,07,09,castilla y leon,castilla y leon,burgos,2025,10,total,73.64
ES,07,24,castilla y leon,castilla y leon,leon,2025,10,hotel 3 estrellas,77.37
ES,07,24,castilla y leon,castilla y leon,leon,2025,10,hotel 4 estrellas,57.39
ES,07,24,castilla y leon,castilla y leon,leon,2025,10,hotel 5 estrellas,73.64
ES,07,24,castilla y leon,castilla y leon,leon,2025,10,total,69.17
ES,07,34,castilla y leon,castilla y leon,palencia,2025,10,hotel 3 estrellas,76.29
ES,07,34,castilla y leon,castilla y leon,palencia,2025,10,hotel 4 estrellas,72.12
ES,07,34,castilla y leon,castilla y leon,palencia,2025,10,hotel 5 estrellas,73.64
ES,07,34,castilla y leon,castilla y leon,palencia,2025,10,total,64.82
ES,07,37,castilla y leon,castilla y leon,salamanca,2025,10,hotel 3 estrellas,67.1
ES,07,37,castilla y leon,castilla y leon,salamanca,2025,10,hotel 4 estrellas,65.54
ES,07,37,castilla y leon,castilla y leon,salamanca,2025,10,hotel 5 estrellas,78.54
ES,07,37,castilla y leon,castilla y leon,salamanca,2025,10,total,71.61
ES,07,40,castilla y leon,castilla y leon,segovia,2025,10,hotel 3 estrellas,84.79
ES,07,40,castilla y leon,castilla y leon,segovia,2025,10,hotel 4 estrellas,82.22
ES,07,40,castilla y leon,castilla y leon,segovia,2025,10,hotel 5 estrellas,98.66
ES,07,40,castilla y leon,castilla y leon,segovia,2025,10,total,82.91
ES,07,42,castilla y leon,castilla y leon,soria,2025,10,hotel 3 estrellas,77.04
ES,07,42,castilla y leon,castilla y leon,soria,2025,10,hotel 4 estrellas,90.16
ES,07,42,castilla y leon,castilla y leon,soria,2025,10,hotel 5 estrellas,73.64
ES,07,42,castilla y leon,castilla y leon,soria,2025,10,total,86.24
ES,07,47,castilla y leon,castilla y leon,valladolid,2025,10,hotel 3 estrellas,66.36
ES,07,47,castilla y leon,castilla y leon,valladolid,2025,10,hotel 4 estrellas,74.12
ES,07,47,castilla y leon,castilla y leon,valladolid,2025,10,hotel 5 estrellas,74.83
ES,07,47,castilla y leon,castilla y leon,valladolid,2025,10,total,74.11
ES,07,49,castilla y leon,castilla y leon,zamora,2025,10,hotel 3 estrellas,82.19
ES,07,49,castilla y leon,castilla y leon,zamora,2025,10,hotel 4 estrellas,77.76
ES,07,49,castilla y leon,castilla y leon,zamora,2025,10,hotel 5 estrellas,20.1
ES,07,49,castilla y leon,castilla y leon,zamora,2025,10,total,85.49
ES,08,02,castilla-la mancha,castilla-la mancha,albacete,2025,10,hotel 3 estrellas,72.89
ES,08,02,castilla-la mancha,castilla-la mancha,albacete,2025,10,hotel 4 estrellas,77.96
ES,08,02,castilla-la mancha,castilla-la mancha,albacete,2025,10,hotel 5 estrellas,62.93
ES,08,02,castilla-la mancha,castilla-la mancha,albacete,2025,10,total,74.78
ES,08,13,castilla-la mancha,castilla-la mancha,ciudad real,2025,10,hotel 3 estrellas,81.23
ES,08,13,castilla-la mancha,castilla-la mancha,ciudad real,2025,10,hotel 4 estrellas,86.92
ES,08,13,castilla-la mancha,castilla-la mancha,ciudad real,2025,10,hotel 5 estrellas,68.51
ES,08,13,castilla-la mancha,castilla-la mancha,ciudad real,2025,10,total,82.5
ES,08,16,castilla-la mancha,castilla-la mancha,cuenca,2025,10,hotel 3 estrellas,53.81
ES,08,16,castilla-la mancha,castilla-la mancha,cuenca,2025,10,hotel 4 estrellas,61.29
ES,08,16,castilla-la mancha,castilla-la mancha,cuenca,2025,10,hotel 5 estrellas,62.93
ES,08,16,castilla-la mancha,castilla-la mancha,cuenca,2025,10,total,60.83
ES,08,19,castilla-la mancha,castilla-la mancha,guadalajara,2025,10,hotel 3 estrellas,77.04
ES,08,19,castilla-la mancha,castilla-la mancha,guadalajara,2025,10,hotel 4 estrellas,68.54
ES,08,19,castilla-la mancha,castilla-la mancha,guadalajara,2025,10,hotel 5 estrellas,62.93
ES,08,19,castilla-la mancha,castilla-la mancha,guadalajara,2025,10,total,71.16
ES,08,45,castilla-la mancha,castilla-la mancha,toledo,2025,10,hotel 3 estrellas,62.32
ES,08,45,castilla-la mancha,castilla-la mancha,toledo,2025,10,hotel 4 estrellas,75.53
ES,08,45,castilla-la mancha,castilla-la mancha,toledo,2025,10,hotel 5 estrellas,57.35
ES,08,45,castilla-la mancha,castilla-la mancha,toledo,2025,10,total,66.91
ES,09,08,cataluna,cataluna,barcelona,2025,10,hotel 3 estrellas,68.48
ES,09,08,cataluna,cataluna,barcelona,2025,10,hotel 4 estrellas,70.57
ES,09,08,cataluna,cataluna,barcelona,2025,10,hotel 5 estrellas,70.84
ES,09,08,cataluna,cataluna,barcelona,2025,10,total,69.82
ES,09,17,cataluna,cataluna,girona,2025,10,hotel 3 estrellas,70.88
ES,09,17,cataluna,cataluna,girona,2025,10,hotel 4 estrellas,75.66
ES,09,17,cataluna,cataluna,girona,2025,10,hotel 5 estrellas,80.3
ES,09,17,cataluna,cataluna,girona,2025,10,total,74.26
ES,09,25,cataluna,cataluna,lleida,2025,10,hotel 3 estrellas,72.77
ES,09,25,cataluna,cataluna,lleida,2025,10,hotel 4 estrellas,45.59
ES,09,25,cataluna,cataluna,lleida,2025,10,hotel 5 estrellas,62.4
ES,09,25,cataluna,cataluna,lleida,2025,10,total,68.46
ES,09,43,cataluna,cataluna,tarragona,2025,10,hotel 3 estrellas,68.35
ES,09,43,cataluna,cataluna,tarragona,2025,10,hotel 4 estrellas,68.93
ES,09,43,cataluna,cataluna,tarragona,2025,10,hotel 5 estrellas,59.53
ES,09,43,cataluna,cataluna,tarragona,2025,10,total,70.41
ES,10,03,comunitat valenciana,comunitat valenciana,alicante/alacant,2025,10,hotel 3 estrellas,63.98
ES,10,03,comunitat valenciana,comunitat valenciana,alicante/alacant,2025,10,hotel 4 estrellas,69.11
ES,10,03,comunitat valenciana,comunitat valenciana,alicante/alacant,2025,10,hotel 5 estrellas,82.37
ES,10,03,comunitat valenciana,comunitat valenciana,alicante/alacant,2025,10,total,67.03
ES,10,12,comunitat valenciana,comunitat valenciana,castellon/castello,2025,10,hotel 3 estrellas,84.17
ES,10,12,comunitat valenciana,comunitat valenciana,castellon/castello,2025,10,hotel 4 estrellas,64.68
ES,10,12,comunitat valenciana,comunitat valenciana,castellon/castello,2025,10,hotel 5 estrellas,83.24
ES,10,12,comunitat valenciana,comunitat valenciana,castellon/castello,2025,10,total,73.5
ES,10,46,comunitat valenciana,comunitat valenciana,valencia/valencia,2025,10,hotel 3 estrellas,63.8
ES,10,46,comunitat valenciana,comunitat valenciana,valencia/valencia,2025,10,hotel 4 estrellas,69.2
ES,10,46,comunitat valenciana,comunitat valenciana,valencia/valencia,2025,10,hotel 5 estrellas,84.12
ES,10,46,comunitat valenciana,comunitat valenciana,valencia/valencia,2025,10,total,67.6
ES,11,06,extremadura,extremadura,badajoz,2025,10,hotel 3 estrellas,58.08
ES,11,06,extremadura,extremadura,badajoz,2025,10,hotel 4 estrellas,73.6
ES,11,06,extremadura,extremadura,badajoz,2025,10,hotel 5 estrellas,79.45
ES,11,06,extremadura,extremadura,badajoz,2025,10,total,80.51
ES,11,10,extremadura,extremadura,caceres,2025,10,hotel 3 estrellas,81.22
ES,11,10,extremadura,extremadura,caceres,2025,10,hotel 4 estrellas,75.52
ES,11,10,extremadura,extremadura,caceres,2025,10,hotel 5 estrellas,95.84
ES,11,10,extremadura,extremadura,caceres,2025,10,total,81.49
ES,12,15,galicia,galicia,a coruna,2025,10,hotel 3 estrellas,82.44
ES,12,15,galicia,galicia,a coruna,2025,10,hotel 4 estrellas,79.3
ES,12,15,galicia,galicia,a coruna,2025,10,hotel 5 estrellas,62.52
ES,12,15,galicia,galicia,a coruna,2025,10,total,79.62
ES,12,27,galicia,galicia,lugo,2025,10,hotel 3 estrellas,72.48
ES,12,27,galicia,galicia,lugo,2025,10,hotel 4 estrellas,76.37
ES,12,27,galicia,galicia,lugo,2025,10,hotel 5 estrellas,98.21
ES,12,27,galicia,galicia,lugo,2025,10,total,77.75
ES,12,32,galicia,galicia,ourense,2025,10,hotel 3 estrellas,51.56
ES,12,32,galicia,galicia,ourense,2025,10,hotel 4 estrellas,52.63
ES,12,32,galicia,galicia,ourense,2025,10,hotel 5 estrellas,82.42
ES,12,32,galicia,galicia,ourense,2025,10,total,57.2
ES,12,36,galicia,galicia,pontevedra,2025,10,hotel 3 estrellas,57.37
ES,12,36,galicia,galicia,pontevedra,2025,10,hotel 4 estrellas,77.73
ES,12,36,galicia,galicia,pontevedra,2025,10,hotel 5 estrellas,86.52
ES,12,36,galicia,galicia,pontevedra,2025,10,total,67.05
ES,13,28,"madrid, comunidad de",madrid,madrid,2025,10,hotel 3 estrellas,61.81
ES,13,28,"madrid, comunidad de",madrid,madrid,2025,10,hotel 4 estrellas,71.99
ES,13,28,"madrid, comunidad de",madrid,madrid,2025,10,hotel 5 estrellas,65.77
ES,13,28,"madrid, comunidad de",madrid,madrid,2025,10,total,67.61
ES,14,30,"murcia, region de",murcia,murcia,2025,10,hotel 3 estrellas,80.32
ES,14,30,"murcia, region de",murcia,murcia,2025,10,hotel 4 estrellas,70.45
ES,14,30,"murcia, region de",murcia,murcia,2025,10,hotel 5 estrellas,43.36
ES,14,30,"murcia, region de",murcia,murcia,2025,10,total,76.73
ES,15,31,"navarra, comunidad foral de",navarra,navarra,2025,10,hotel 3 estrellas,77.77
ES,15,31,"navarra, comunidad foral de",navarra,navarra,2025,10,hotel 4 estrellas,83.76
ES,15,31,"navarra, comunidad foral de",navarra,navarra,2025,10,hotel 5 estrellas,96.44
ES,15,31,"navarra, comunidad foral de",navarra,navarra,2025,10,total,80.37
ES,16,01,pais vasco,pais vasco,araba/alava,2025,10,hotel 3 estrellas,71.4
ES,16,01,pais vasco,pais vasco,araba/alava,2025,10,hotel 4 estrellas,71.61
ES,16,01,pais vasco,pais vasco,araba/alava,2025,10,hotel 5 estrellas,77.63
ES,16,01,pais vasco,pais vasco,araba/alava,2025,10,total,65.64
ES,16,48,pais vasco,pais vasco,bizkaia,2025,10,hotel 3 estrellas,64.91
ES,16,48,pais vasco,pais vasco,bizkaia,2025,10,hotel 4 estrellas,82.38
ES,16,48,pais vasco,pais vasco,bizkaia,2025,10,hotel 5 estrellas,76.85
ES,16,48,pais vasco,pais vasco,bizkaia,2025,10,total,77.24
ES,16,20,pais vasco,pais vasco,gipuzkoa,2025,10,hotel 3 estrellas,75.08
ES,16,20,pais vasco,pais vasco,gipuzkoa,2025,10,hotel 4 estrellas,81.02
ES,16,20,pais vasco,pais vasco,gipuzkoa,2025,10,hotel 5 estrellas,80.89
ES,16,20,pais vasco,pais vasco,gipuzkoa,2025,10,total,78.08
ES,17,26,"rioja, la",rioja,la rioja,2025,10,hotel 3 estrellas,84.77
ES,17,26,"rioja, la",rioja,la rioja,2025,10,hotel 4 estrellas,80.16
ES,17,26,"rioja, la",rioja,la rioja,2025,10,hotel 5 estrellas,54.66
ES,17,26,"rioja, la",rioja,la rioja,2025,10,total,82.09
ES,01,04,andalucia,andalucia,almeria,2025,11,hotel 3 estrellas,69.56
ES,01,04,andalucia,andalucia,almeria,2025,11,hotel 4 estrellas,78.28
ES,01,04,andalucia,andalucia,almeria,2025,11,hotel 5 estrellas,82.31
ES,01,04,andalucia,andalucia,almeria,2025,11,total,63.83
ES,01,11,andalucia,andalucia,cadiz,2025,11,hotel 3 estrellas,71.5
ES,01,11,andalucia,andalucia,cadiz,2025,11,hotel 4 estrellas,81.58
ES,01,11,andalucia,andalucia,cadiz,2025,11,hotel 5 estrellas,90.87
ES,01,11,andalucia,andalucia,cadiz,2025,11,total,77.0
ES,01,14,andalucia,andalucia,cordoba,2025,11,hotel 3 estrellas,83.27
ES,01,14,andalucia,andalucia,cordoba,2025,11,hotel 4 estrellas,86.59
ES,01,14,andalucia,andalucia,cordoba,2025,11,hotel 5 estrellas,80.99
ES,01,14,andalucia,andalucia,cordoba,2025,11,total,85.85
ES,01,18,andalucia,andalucia,granada,2025,11,hotel 3 estrellas,81.21
ES,01,18,andalucia,andalucia,granada,2025,11,hotel 4 estrellas,76.33
ES,01,18,andalucia,andalucia,granada,2025,11,hotel 5 estrellas,80.27
ES,01,18,andalucia,andalucia,granada,2025,11,total,80.43
ES,01,21,andalucia,andalucia,huelva,2025,11,hotel 3 estrellas,64.61
ES,01,21,andalucia,andalucia,huelva,2025,11,hotel 4 estrellas,70.29
ES,01,21,andalucia,andalucia,huelva,2025,11,hotel 5 estrellas,82.31
ES,01,21,andalucia,andalucia,huelva,2025,11,total,67.91
ES,01,23,andalucia,andalucia,jaen,2025,11,hotel 3 estrellas,82.14
ES,01,23,andalucia,andalucia,jaen,2025,11,hotel 4 estrellas,65.86
ES,01,23,andalucia,andalucia,jaen,2025,11,hotel 5 estrellas,88.4
ES,01,23,andalucia,andalucia,jaen,2025,11,total,77.7
ES,01,29,andalucia,andalucia,malaga,2025,11,hotel 3 estrellas,74.42
ES,01,29,andalucia,andalucia,malaga,2025,11,hotel 4 estrellas,78.51
ES,01,29,andalucia,andalucia,malaga,2025,11,hotel 5 estrellas,74.3
ES,01,29,andalucia,andalucia,malaga,2025,11,total,76.59
ES,01,41,andalucia,andalucia,sevilla,2025,11,hotel 3 estrellas,62.48
ES,01,41,andalucia,andalucia,sevilla,2025,11,hotel 4 estrellas,78.36
ES,01,41,andalucia,andalucia,sevilla,2025,11,hotel 5 estrellas,79.05
ES,01,41,andalucia,andalucia,sevilla,2025,11,total,74.52
ES,02,22,aragon,aragon,huesca,2025,11,hotel 3 estrellas,76.35
ES,02,22,aragon,aragon,huesca,2025,11,hotel 4 estrellas,70.84
ES,02,22,aragon,aragon,huesca,2025,11,hotel 5 estrellas,83.77
ES,02,22,aragon,aragon,huesca,2025,11,total,81.76
ES,02,44,aragon,aragon,teruel,2025,11,hotel 3 estrellas,82.19
ES,02,44,aragon,aragon,teruel,2025,11,hotel 4 estrellas,75.13
ES,02,44,aragon,aragon,teruel,2025,11,hotel 5 estrellas,98.22
ES,02,44,aragon,aragon,teruel,2025,11,total,76.63
ES,02,50,aragon,aragon,zaragoza,2025,11,hotel 3 estrellas,70.41
ES,02,50,aragon,aragon,zaragoza,2025,11,hotel 4 estrellas,66.3
ES,02,50,aragon,aragon,zaragoza,2025,11,hotel 5 estrellas,91.0
ES,02,50,aragon,aragon,zaragoza,2025,11,total,64.1
ES,03,33,"asturias, principado de",asturias,asturias,2025,11,hotel 3 estrellas,75.18
ES,03,33,"asturias, principado de",asturias,asturias,2025,11,hotel 4 estrellas,82.87
ES,03,33,"asturias, principado de",asturias,asturias,2025,11,hotel 5 estrellas,94.09
ES,03,33,"asturias, principado de",asturias,asturias,2025,11,total,79.74
ES,04,07,"balears, illes",balears,illes balears,2025,11,hotel 3 estrellas,66.61
ES,04,07,"balears, illes",balears,illes balears,2025,11,hotel 4 estrellas,76.74
ES,04,07,"balears, illes",balears,illes balears,2025,11,hotel 5 estrellas,85.81
ES,04,07,"balears, illes",balears,illes balears,2025,11,total,73.95
ES,05,35,canarias,canarias,las palmas,2025,11,hotel 3 estrellas,63.08
ES,05,35,canarias,canarias,las palmas,2025,11,hotel 4 estrellas,59.55
ES,05,35,canarias,canarias,las palmas,2025,11,hotel 5 estrellas,81.41
ES,05,35,canarias,canarias,las palmas,2025,11,total,60.32
ES,05,38,canarias,canarias,santa cruz de tenerife,2025,11,hotel 3 estrellas,64.13
ES,05,38,canarias,canarias,santa cruz de tenerife,2025,11,hotel 4 estrellas,56.56
ES,05,38,canarias,canarias,santa cruz de tenerife,2025,11,hotel 5 estrellas,77.16
ES,05,38,canarias,canarias,santa cruz de tenerife,2025,11,total,64.24
ES,06,39,cantabria,cantabria,cantabria,2025,11,hotel 3 estrellas,88.4
ES,06,39,cantabria,cantabria,cantabria,2025,11,hotel 4 estrellas,85.64
ES,06,39,cantabria,cantabria,cantabria,2025,11,hotel 5 estrellas,56.89
ES,06,39,cantabria,cantabria,cantabria,2025,11,total,87.21
ES,07,05,castilla y leon,castilla y leon,avila,2025,11,hotel 3 estrellas,86.53
ES,07,05,castilla y leon,castilla y leon,avila,2025,11,hotel 4 estrellas,86.65
ES,07,05,castilla y leon,castilla y leon,avila,2025,11,hotel 5 estrellas,100.0
ES,07,05,castilla y leon,castilla y leon,avila,2025,11,total,90.87
ES,07,09,castilla y leon,castilla y leon,burgos,2025,11,hotel 3 estrellas,78.91
ES,07,09,castilla y leon,castilla y leon,burgos,2025,11,hotel 4 estrellas,92.0
ES,07,09,castilla y leon,castilla y leon,burgos,2025,11,hotel 5 estrellas,78.48
ES,07,09,castilla y leon,castilla y leon,burgos,2025,11,total,82.99
ES,07,24,castilla y leon,castilla y leon,leon,2025,11,hotel 3 estrellas,74.34
ES,07,24,castilla y leon,castilla y leon,leon,2025,11,hotel 4 estrellas,89.61
ES,07,24,castilla y leon,castilla y leon,leon,2025,11,hotel 5 estrellas,93.47
ES,07,24,castilla y leon,castilla y leon,leon,2025,11,total,81.56
ES,07,34,castilla y leon,castilla y leon,palencia,2025,11,hotel 3 estrellas,81.91
ES,07,34,castilla y leon,castilla y leon,palencia,2025,11,hotel 4 estrellas,83.09
ES,07,34,castilla y leon,castilla y leon,palencia,2025,11,hotel 5 estrellas,78.48
ES,07,34,castilla y leon,castilla y leon,palencia,2025,11,total,80.82
ES,07,37,castilla y leon,castilla y leon,salamanca,2025,11,hotel 3 estrellas,78.64
ES,07,37,castilla y leon,castilla y leon,salamanca,2025,11,hotel 4 estrellas,55.85
ES,07,37,castilla y leon,castilla y leon,salamanca,2025,11,hotel 5 estrellas,85.59
ES,07,37,castilla y leon,castilla y leon,salamanca,2025,11,total,75.12
ES,07,40,castilla y leon,castilla y leon,segovia,2025,11,hotel 3 estrellas,72.84
ES,07,40,castilla y leon,castilla y leon,segovia,2025,11,hotel 4 estrellas,77.84
ES,07,40,castilla y leon,castilla y leon,segovia,2025,11,hotel 5 estrellas,95.47
ES,07,40,castilla y leon,castilla y leon,segovia,2025,11,total,79.98
ES,07,42,castilla y leon,castilla y leon,soria,2025,11,hotel 3 estrellas,81.22
ES,07,42,castilla y leon,castilla y leon,soria,2025,11,hotel 4 estrellas,87.8
ES,07,42,castilla y leon,castilla y leon,soria,2025,11,hotel 5 estrellas,78.48
ES,07,42,castilla y leon,castilla y leon,soria,2025,11,total,72.96
ES,07,47,castilla y leon,castilla y leon,valladolid,2025,11,hotel 3 estrellas,88.72
ES,07,47,castilla y leon,castilla y leon,valladolid,2025,11,hotel 4 estrellas,81.0
ES,07,47,castilla y leon,castilla y leon,valladolid,2025,11,hotel 5 estrellas,75.68
ES,07,47,castilla y leon,castilla y leon,valladolid,2025,11,total,83.63
ES,07,49,castilla y leon,castilla y leon,zamora,2025,11,hotel 3 estrellas,86.01
ES,07,49,castilla y leon,castilla y leon,zamora,2025,11,hotel 4 estrellas,78.33
ES,07,49,castilla y leon,castilla y leon,zamora,2025,11,hotel 5 estrellas,20.68
ES,07,49,castilla y leon,castilla y leon,zamora,2025,11,total,85.02
ES,08,02,castilla-la mancha,castilla-la mancha,albacete,2025,11,hotel 3 estrellas,52.72
ES,08,02,castilla-la mancha,castilla-la mancha,albacete,2025,11,hotel 4 estrellas,79.36
ES,08,02,castilla-la mancha,castilla-la mancha,albacete,2025,11,hotel 5 estrellas,93.11
ES,08,02,castilla-la mancha,castilla-la mancha,albacete,2025,11,total,72.67
ES,08,13,castilla-la mancha,castilla-la mancha,ciudad real,2025,11,hotel 3 estrellas,93.29
ES,08,13,castilla-la mancha,castilla-la mancha,ciudad real,2025,11,hotel 4 estrellas,76.41
ES,08,13,castilla-la mancha,castilla-la mancha,ciudad real,2025,11,hotel 5 estrellas,98.49
ES,08,13,castilla-la mancha,castilla-la mancha,ciudad real,2025,11,total,87.33
ES,08,16,castilla-la mancha,castilla-la mancha,cuenca,2025,11,hotel 3 estrellas,67.97
ES,08,16,castilla-la mancha,castilla-la mancha,cuenca,2025,11,hotel 4 estrellas,82.46
ES,08,16,castilla-la mancha,castilla-la mancha,cuenca,2025,11,hotel 5 estrellas,93.11
ES,08,16,castilla-la mancha,castilla-la mancha,cuenca,2025,11,total,81.45
ES,08,19,castilla-la mancha,castilla-la mancha,guadalajara,2025,11,hotel 3 estrellas,95.46
ES,08,19,castilla-la mancha,castilla-la mancha,guadalajara,2025,11,hotel 4 estrellas,52.26
ES,08,19,castilla-la mancha,castilla-la mancha,guadalajara,2025,11,hotel 5 estrellas,93.11
ES,08,19,castilla-la mancha,castilla-la mancha,guadalajara,2025,11,total,67.88
ES,08,45,castilla-la mancha,castilla-la mancha,toledo,2025,11,hotel 3 estrellas,68.73
ES,08,45,castilla-la mancha,castilla-la mancha,toledo,2025,11,hotel 4 estrellas,78.08
ES,08,45,castilla-la mancha,castilla-la mancha,toledo,2025,11,hotel 5 estrellas,87.74
ES,08,45,castilla-la mancha,castilla-la mancha,toledo,2025,11,total,75.25
ES,09,08,cataluna,cataluna,barcelona,2025,11,hotel 3 estrellas,69.88
ES,09,08,cataluna,cataluna,barcelona,2025,11,hotel 4 estrellas,73.47
ES,09,08,cataluna,cataluna,barcelona,2025,11,hotel 5 estrellas,75.8
ES,09,08,cataluna,cataluna,barcelona,2025,11,total,72.13
ES,09,17,cataluna,cataluna,girona,2025,11,hotel 3 estrellas,81.06
ES,09,17,cataluna,cataluna,girona,2025,11,hotel 4 estrellas,80.18
ES,09,17,cataluna,cataluna,girona,2025,11,hotel 5 estrellas,73.44
ES,09,17,cataluna,cataluna,girona,2025,11,total,78.92
ES,09,25,cataluna,cataluna,lleida,2025,11,hotel 3 estrellas,80.23
ES,09,25,cataluna,cataluna,lleida,2025,11,hotel 4 estrellas,58.96
ES,09,25,cataluna,cataluna,lleida,2025,11,hotel 5 estrellas,81.03
ES,09,25,cataluna,cataluna,lleida,2025,11,total,77.79
ES,09,43,cataluna,cataluna,tarragona,2025,11,hotel 3 estrellas,75.24
ES,09,43,cataluna,cataluna,tarragona,2025,11,hotel 4 estrellas,74.64
ES,09,43,cataluna,cataluna,tarragona,2025,11,hotel 5 estrellas,90.53
ES,09,43,cataluna,cataluna,tarragona,2025,11,total,75.9
ES,10,03,comunitat valenciana,comunitat valenciana,alicante/alacant,2025,11,hotel 3 estrellas,65.48
ES,10,03,comunitat valenciana,comunitat valenciana,alicante/alacant,2025,11,hotel 4 estrellas,69.14
ES,10,03,comunitat valenciana,comunitat valenciana,alicante/alacant,2025,11,hotel 5 estrellas,57.7
ES,10,03,comunitat valenciana,comunitat valenciana,alicante/alacant,2025,11,total,61.86
ES,10,12,comunitat valenciana,comunitat valenciana,castellon/castello,2025,11,hotel 3 estrellas,84.66
ES,10,12,comunitat valenciana,comunitat valenciana,castellon/castello,2025,11,hotel 4 estrellas,76.12
ES,10,12,comunitat valenciana,comunitat valenciana,castellon/castello,2025,11,hotel 5 estrellas,72.74
ES,10,12,comunitat valenciana,comunitat valenciana,castellon/castello,2025,11,total,84.56
ES,10,46,comunitat valenciana,comunitat valenciana,valencia/valencia,2025,11,hotel 3 estrellas,70.51
ES,10,46,comunitat valenciana,comunitat valenciana,valencia/valencia,2025,11,hotel 4 estrellas,82.17
ES,10,46,comunitat valenciana,comunitat valenciana,valencia/valencia,2025,11,hotel 5 estrellas,87.78
ES,10,46,comunitat valenciana,comunitat valenciana,valencia/valencia,2025,11,total,77.99
ES,11,06,extremadura,extremadura,badajoz,2025,11,hotel 3 estrellas,38.87
ES,11,06,extremadura,extremadura,badajoz,2025,11,hotel 4 estrellas,74.45
ES,11,06,extremadura,extremadura,badajoz,2025,11,hotel 5 estrellas,92.06
ES,11,06,extremadura,extremadura,badajoz,2025,11,total,77.07
ES,11,10,extremadura,extremadura,caceres,2025,11,hotel 3 estrellas,63.67
ES,11,10,extremadura,extremadura,caceres,2025,11,hotel 4 estrellas,64.62
ES,11,10,extremadura,extremadura,caceres,2025,11,hotel 5 estrellas,71.8
ES,11,10,extremadura,extremadura,caceres,2025,11,total,68.37
ES,12,15,galicia,galicia,a coruna,2025,11,hotel 3 estrellas,78.12
ES,12,15,galicia,galicia,a coruna,2025,11,hotel 4 estrellas,82.38
ES,12,15,galicia,galicia,a coruna,2025,11,hotel 5 estrellas,67.88
ES,12,15,galicia,galicia,a coruna,2025,11,total,78.61
ES,12,27,galicia,galicia,lugo,2025,11,hotel 3 estrellas,82.24
ES,12,27,galicia,galicia,lugo,2025,11,hotel 4 estrellas,81.68
ES,12,27,galicia,galicia,lugo,2025,11,hotel 5 estrellas,73.54
ES,12,27,galicia,galicia,lugo,2025,11,total,77.87
ES,12,32,galicia,galicia,ourense,2025,11,hotel 3 estrellas,70.43
ES,12,32,galicia,galicia,ourense,2025,11,hotel 4 estrellas,82.54
ES,12,32,galicia,galicia,ourense,2025,11,hotel 5 estrellas,73.54
ES,12,32,galicia,galicia,ourense,2025,11,total,80.97
ES,12,36,galicia,galicia,pontevedra,2025,11,hotel 3 estrellas,65.25
ES,12,36,galicia,galicia,pontevedra,2025,11,hotel 4 estrellas,75.48
ES,12,36,galicia,galicia,pontevedra,2025,11,hotel 5 estrellas,79.2
ES,12,36,galicia,galicia,pontevedra,2025,11,total,71.67
ES,13,28,"madrid, comunidad de",madrid,madrid,2025,11,hotel 3 estrellas,66.64
ES,13,28,"madrid, comunidad de",madrid,madrid,2025,11,hotel 4 estrellas,74.42
ES,13,28,"madrid, comunidad de",madrid,madrid,2025,11,hotel 5 estrellas,78.17
ES,13,28,"madrid, comunidad de",madrid,madrid,2025,11,total,71.98
ES,14,30,"murcia, region de",murcia,murcia,2025,11,hotel 3 estrellas,73.01
ES,14,30,"murcia, region de",murcia,murcia,2025,11,hotel 4 estrellas,68.02
ES,14,30,"murcia, region de",murcia,murcia,2025,11,hotel 5 estrellas,78.6
ES,14,30,"murcia, region de",murcia,murcia,2025,11,total,71.43
ES,15,31,"navarra, comunidad foral de",navarra,navarra,2025,11,hotel 3 estrellas,78.33
ES,15,31,"navarra, comunidad foral de",navarra,navarra,2025,11,hotel 4 estrellas,72.87
ES,15,31,"navarra, comunidad foral de",navarra,navarra,2025,11,hotel 5 estrellas,82.85
ES,15,31,"navarra, comunidad foral de",navarra,navarra,2025,11,total,79.55
ES,16,01,pais vasco,pais vasco,araba/alava,2025,11,hotel 3 estrellas,70.64
ES,16,01,pais vasco,pais vasco,araba/alava,2025,11,hotel 4 estrellas,89.34
ES,16,01,pais vasco,pais vasco,araba/alava,2025,11,hotel 5 estrellas,92.02
ES,16,01,pais vasco,pais vasco,araba/alava,2025,11,total,76.5
ES,16,48,pais vasco,pais vasco,bizkaia,2025,11,hotel 3 estrellas,73.74
ES,16,48,pais vasco,pais vasco,bizkaia,2025,11,hotel 4 estrellas,87.24
ES,16,48,pais vasco,pais vasco,bizkaia,2025,11,hotel 5 estrellas,66.36
ES,16,48,pais vasco,pais vasco,bizkaia,2025,11,total,82.2
ES,16,20,pais vasco,pais vasco,gipuzkoa,2025,11,hotel 3 estrellas,85.41
ES,16,20,pais vasco,pais vasco,gipuzkoa,2025,11,hotel 4 estrellas,87.64
ES,16,20,pais vasco,pais vasco,gipuzkoa,2025,11,hotel 5 estrellas,93.47
ES,16,20,pais vasco,pais vasco,gipuzkoa,2025,11,total,87.92
ES,17,26,"rioja, la",rioja,la rioja,2025,11,hotel 3 estrellas,83.01
ES,17,26,"rioja, la",rioja,la rioja,2025,11,hotel 4 estrellas,77.5
ES,17,26,"rioja, la",rioja,la rioja,2025,11,hotel 5 estrellas,100.0
ES,17,26,"rioja, la",rioja,la rioja,2025,11,total,82.81
ES,01,04,andalucia,andalucia,almeria,2025,12,hotel 3 estrellas,87.06
ES,01,04,andalucia,andalucia,almeria,2025,12,hotel 4 estrellas,69.5
ES,01,04,andalucia,andalucia,almeria,2025,12,hotel 5 estrellas,79.66
ES,01,04,andalucia,andalucia,almeria,2025,12,total,73.85
ES,01,11,andalucia,andalucia,cadiz,2025,12,hotel 3 estrellas,75.69
ES,01,11,andalucia,andalucia,cadiz,2025,12,hotel 4 estrellas,73.65
ES,01,11,andalucia,andalucia,cadiz,2025,12,hotel 5 estrellas,78.78
ES,01,11,andalucia,andalucia,cadiz,2025,12,total,73.1
ES,01,14,andalucia,andalucia,cordoba,2025,12,hotel 3 estrellas,77.76
ES,01,14,andalucia,andalucia,cordoba,2025,12,hotel 4 estrellas,86.84
ES,01,14,andalucia,andalucia,cordoba,2025,12,hotel 5 estrellas,81.83
ES,01,14,andalucia,andalucia,cordoba,2025,12,total,84.6
ES,01,18,andalucia,andalucia,granada,2025,12,hotel 3 estrellas,74.08
ES,01,18,andalucia,andalucia,granada,2025,12,hotel 4 estrellas,73.44
ES,01,18,andalucia,andalucia,granada,2025,12,hotel 5 estrellas,90.87
ES,01,18,andalucia,andalucia,granada,2025,12,total,75.9
ES,01,21,andalucia,andalucia,huelva,2025,12,hotel 3 estrellas,79.72
ES,01,21,andalucia,andalucia,huelva,2025,12,hotel 4 estrellas,67.0
ES,01,21,andalucia,andalucia,huelva,2025,12,hotel 5 estrellas,79.66
ES,01,21,andalucia,andalucia,huelva,2025,12,total,71.22
ES,01,23,andalucia,andalucia,jaen,2025,12,hotel 3 estrellas,66.28
ES,01,23,andalucia,andalucia,jaen,2025,12,hotel 4 estrellas,70.04
ES,01,23,andalucia,andalucia,jaen,2025,12,hotel 5 estrellas,61.5
ES,01,23,andalucia,andalucia,jaen,2025,12,total,75.75
ES,01,29,andalucia,andalucia,malaga,2025,12,hotel 3 estrellas,73.73
ES,01,29,andalucia,andalucia,malaga,2025,12,hotel 4 estrellas,75.94
ES,01,29,andalucia,andalucia,malaga,2025,12,hotel 5 estrellas,80.14
ES,01,29,andalucia,andalucia,malaga,2025,12,total,75.14
ES,01,41,andalucia,andalucia,sevilla,2025,12,hotel 3 estrellas,73.51
ES,01,41,andalucia,andalucia,sevilla,2025,12,hotel 4 estrellas,82.92
ES,01,41,andalucia,andalucia,sevilla,2025,12,hotel 5 estrellas,84.82
ES,01,41,andalucia,andalucia,sevilla,2025,12,total,78.65
ES,02,22,aragon,aragon,huesca,2025,12,hotel 3 estrellas,77.09
ES,02,22,aragon,aragon,huesca,2025,12,hotel 4 estrellas,62.48
ES,02,22,aragon,aragon,huesca,2025,12,hotel 5 estrellas,85.7
ES,02,22,aragon,aragon,huesca,2025,12,total,81.06
ES,02,44,aragon,aragon,teruel,2025,12,hotel 3 estrellas,66.71
ES,02,44,aragon,aragon,teruel,2025,12,hotel 4 estrellas,68.32
ES,02,44,aragon,aragon,teruel,2025,12,hotel 5 estrellas,85.7
ES,02,44,aragon,aragon,teruel,2025,12,total,76.27
ES,02,50,aragon,aragon,zaragoza,2025,12,hotel 3 estrellas,66.72
ES,02,50,aragon,aragon,zaragoza,2025,12,hotel 4 estrellas,62.3
ES,02,50,aragon,aragon,zaragoza,2025,12,hotel 5 estrellas,85.7
ES,02,50,aragon,aragon,zaragoza,2025,12,total,65.77
ES,03,33,"asturias, principado de",asturias,asturias,2025,12,hotel 3 estrellas,76.86
ES,03,33,"asturias, principado de",asturias,asturias,2025,12,hotel 4 estrellas,84.74
ES,03,33,"asturias, principado de",asturias,asturias,2025,12,hotel 5 estrellas,90.79
ES,03,33,"asturias, principado de",asturias,asturias,2025,12,total,84.79
ES,04,07,"balears, illes",balears,illes balears,2025,12,hotel 3 estrellas,78.91
ES,04,07,"balears, illes",balears,illes balears,2025,12,hotel 4 estrellas,79.59
ES,04,07,"balears, illes",balears,illes balears,2025,12,hotel 5 estrellas,91.1
ES,04,07,"balears, illes",balears,illes balears,2025,12,total,78.88
ES,05,35,canarias,canarias,las palmas,2025,12,hotel 3 estrellas,68.84
ES,05,35,canarias,canarias,las palmas,2025,12,hotel 4 estrellas,61.9
ES,05,35,canarias,canarias,las palmas,2025,12,hotel 5 estrellas,85.78
ES,05,35,canarias,canarias,las palmas,2025,12,total,68.14
ES,05,38,canarias,canarias,santa cruz de tenerife,2025,12,hotel 3 estrellas,62.27
ES,05,38,canarias,canarias,santa cruz de tenerife,2025,12,hotel 4 estrellas,63.54
ES,05,38,canarias,canarias,santa cruz de tenerife,2025,12,hotel 5 estrellas,77.36
ES,05,38,canarias,canarias,santa cruz de tenerife,2025,12,total,62.47
ES,06,39,cantabria,cantabria,cantabria,2025,12,hotel 3 estrellas,81.74
ES,06,39,cantabria,cantabria,cantabria,2025,12,hotel 4 estrellas,82.02
ES,06,39,cantabria,cantabria,cantabria,2025,12,hotel 5 estrellas,83.74
ES,06,39,cantabria,cantabria,cantabria,2025,12,total,83.88
ES,07,05,castilla y leon,castilla y leon,avila,2025,12,hotel 3 estrellas,89.19
ES,07,05,castilla y leon,castilla y leon,avila,2025,12,hotel 4 estrellas,66.48
ES,07,05,castilla y leon,castilla y leon,avila,2025,12,hotel 5 estrellas,100.0
ES,07,05,castilla y leon,castilla y leon,avila,2025,12,total,76.54
ES,07,09,castilla y leon,castilla y leon,burgos,2025,12,hotel 3 estrellas,75.12
ES,07,09,castilla y leon,castilla y leon,burgos,2025,12,hotel 4 estrellas,89.31
ES,07,09,castilla y leon,castilla y leon,burgos,2025,12,hotel 5 estrellas,86.63
ES,07,09,castilla y leon,castilla y leon,burgos,2025,12,total,81.02
ES,07,24,castilla y leon,castilla y leon,leon,2025,12,hotel 3 estrellas,68.07
ES,07,24,castilla y leon,castilla y leon,leon,2025,12,hotel 4 estrellas,89.66
ES,07,24,castilla y leon,castilla y leon,leon,2025,12,hotel 5 estrellas,86.63
ES,07,24,castilla y leon,castilla y leon,leon,2025,12,total,70.62
ES,07,34,castilla y leon,castilla y leon,palencia,2025,12,hotel 3 estrellas,82.94
ES,07,34,castilla y leon,castilla y leon,palencia,2025,12,hotel 4 estrellas,71.69
ES,07,34,castilla y leon,castilla y leon,palencia,2025,12,hotel 5 estrellas,86.63
ES,07,34,castilla y leon,castilla y leon,palencia,2025,12,total,80.87
ES,07,37,castilla y leon,castilla y leon,salamanca,2025,12,hotel 3 estrellas,70.46
ES,07,37,castilla y leon,castilla y leon,salamanca,2025,12,hotel 4 estrellas,64.22
ES,07,37,castilla y leon,castilla y leon,salamanca,2025,12,hotel 5 estrellas,74.96
ES,07,37,castilla y leon,castilla y leon,salamanca,2025,12,total,69.79
ES,07,40,castilla y leon,castilla y leon,segovia,2025,12,hotel 3 estrellas,89.55
ES,07,40,castilla y leon,castilla y leon,segovia,2025,12,hotel 4 estrellas,75.26
ES,07,40,castilla y leon,castilla y leon,segovia,2025,12,hotel 5 estrellas,81.24
ES,07,40,castilla y leon,castilla y leon,segovia,2025,12,total,80.37
ES,07,42,castilla y leon,castilla y leon,soria,2025,12,hotel 3 estrellas,73.27
ES,07,42,castilla y leon,castilla y leon,soria,2025,12,hotel 4 estrellas,71.87
ES,07,42,castilla y leon,castilla y leon,soria,2025,12,hotel 5 estrellas,86.63
ES,07,42,castilla y leon,castilla y leon,soria,2025,12,total,72.73
ES,07,47,castilla y leon,castilla y leon,valladolid,2025,12,hotel 3 estrellas,83.52
ES,07,47,castilla y leon,castilla y leon,valladolid,2025,12,hotel 4 estrellas,86.69
ES,07,47,castilla y leon,castilla y leon,valladolid,2025,12,hotel 5 estrellas,76.94
ES,07,47,castilla y leon,castilla y leon,valladolid,2025,12,total,85.53
ES,07,49,castilla y leon,castilla y leon,zamora,2025,12,hotel 3 estrellas,86.23
ES,07,49,castilla y leon,castilla y leon,zamora,2025,12,hotel 4 estrellas,83.41
ES,07,49,castilla y leon,castilla y leon,zamora,2025,12,hotel 5 estrellas,100.0
ES,07,49,castilla y leon,castilla y leon,zamora,2025,12,total,84.63
ES,08,02,castilla-la mancha,castilla-la mancha,albacete,2025,12,hotel 3 estrellas,69.48
ES,08,02,castilla-la mancha,castilla-la mancha,albacete,2025,12,hotel 4 estrellas,75.91
ES,08,02,castilla-la mancha,castilla-la mancha,albacete,2025,12,hotel 5 estrellas,98.8
ES,08,02,castilla-la mancha,castilla-la mancha,albacete,2025,12,total,72.58
ES,08,13,castilla-la mancha,castilla-la mancha,ciudad real,2025,12,hotel 3 estrellas,83.34
ES,08,13,castilla-la mancha,castilla-la mancha,ciudad real,2025,12,hotel 4 estrellas,66.92
ES,08,13,castilla-la mancha,castilla-la mancha,ciudad real,2025,12,hotel 5 estrellas,98.92
ES,08,13,castilla-la mancha,castilla-la mancha,ciudad real,2025,12,total,82.38
ES,08,16,castilla-la mancha,castilla-la mancha,cuenca,2025,12,hotel 3 estrellas,89.03
ES,08,16,castilla-la mancha,castilla-la mancha,cuenca,2025,12,hotel 4 estrellas,66.4
ES,08,16,castilla-la mancha,castilla-la mancha,cuenca,2025,12,hotel 5 estrellas,98.8
ES,08,16,castilla-la mancha,castilla-la mancha,cuenca,2025,12,total,72.16
ES,08,19,castilla-la mancha,castilla-la mancha,guadalajara,2025,12,hotel 3 estrellas,69.18
ES,08,19,castilla-la mancha,castilla-la mancha,guadalajara,2025,12,hotel 4 estrellas,76.16
ES,08,19,castilla-la mancha,castilla-la mancha,guadalajara,2025,12,hotel 5 estrellas,98.8
ES,08,19,castilla-la mancha,castilla-la mancha,guadalajara,2025,12,total,74.04
ES,08,45,castilla-la mancha,castilla-la mancha,toledo,2025,12,hotel 3 estrellas,62.92
ES,08,45,castilla-la mancha,castilla-la mancha,toledo,2025,12,hotel 4 estrellas,83.15
ES,08,45,castilla-la mancha,castilla-la mancha,toledo,2025,12,hotel 5 estrellas,98.68
ES,08,45,castilla-la mancha,castilla-la mancha,toledo,2025,12,total,81.3
ES,09,08,cataluna,cataluna,barcelona,2025,12,hotel 3 estrellas,76.37
ES,09,08,cataluna,cataluna,barcelona,2025,12,hotel 4 estrellas,76.66
ES,09,08,cataluna,cataluna,barcelona,2025,12,hotel 5 estrellas,80.51
ES,09,08,cataluna,cataluna,barcelona,2025,12,total,76.76
ES,09,17,cataluna,cataluna,girona,2025,12,hotel 3 estrellas,78.45
ES,09,17,cataluna,cataluna,girona,2025,12,hotel 4 estrellas,81.23
ES,09,17,cataluna,cataluna,girona,2025,12,hotel 5 estrellas,62.48
ES,09,17,cataluna,cataluna,girona,2025,12,total,83.72
ES,09,25,cataluna,cataluna,lleida,2025,12,hotel 3 estrellas,87.89
ES,09,25,cataluna,cataluna,lleida,2025,12,hotel 4 estrellas,56.71
ES,09,25,cataluna,cataluna,lleida,2025,12,hotel 5 estrellas,58.74
ES,09,25,cataluna,cataluna,lleida,2025,12,total,75.06
ES,09,43,cataluna,cataluna,tarragona,2025,12,hotel 3 estrellas,73.44
ES,09,43,cataluna,cataluna,tarragona,2025,12,hotel 4 estrellas,73.81
ES,09,43,cataluna,cataluna,tarragona,2025,12,hotel 5 estrellas,67.24
ES,09,43,cataluna,cataluna,tarragona,2025,12,total,78.43
ES,10,03,comunitat valenciana,comunitat valenciana,alicante/alacant,2025,12,hotel 3 estrellas,56.5
ES,10,03,comunitat valenciana,comunitat valenciana,alicante/alacant,2025,12,hotel 4 estrellas,69.09
ES,10,03,comunitat valenciana,comunitat valenciana,alicante/alacant,2025,12,hotel 5 estrellas,82.97
ES,10,03,comunitat valenciana,comunitat valenciana,alicante/alacant,2025,12,total,60.18
ES,10,12,comunitat valenciana,comunitat valenciana,castellon/castello,2025,12,hotel 3 estrellas,63.26
ES,10,12,comunitat valenciana,comunitat valenciana,castellon/castello,2025,12,hotel 4 estrellas,79.57
ES,10,12,comunitat valenciana,comunitat valenciana,castellon/castello,2025,12,hotel 5 estrellas,85.61
ES,10,12,comunitat valenciana,comunitat valenciana,castellon/castello,2025,12,total,79.11
ES,10,46,comunitat valenciana,comunitat valenciana,valencia/valencia,2025,12,hotel 3 estrellas,79.64
ES,10,46,comunitat valenciana,comunitat valenciana,valencia/valencia,2025,12,hotel 4 estrellas,75.52
ES,10,46,comunitat valenciana,comunitat valenciana,valencia/valencia,2025,12,hotel 5 estrellas,88.24
ES,10,46,comunitat valenciana,comunitat valenciana,valencia/valencia,2025,12,total,74.28
ES,11,06,extremadura,extremadura,badajoz,2025,12,hotel 3 estrellas,61.6
ES,11,06,extremadura,extremadura,badajoz,2025,12,hotel 4 estrellas,73.97
ES,11,06,extremadura,extremadura,badajoz,2025,12,hotel 5 estrellas,86.36
ES,11,06,extremadura,extremadura,badajoz,2025,12,total,69.83
ES,11,10,extremadura,extremadura,caceres,2025,12,hotel 3 estrellas,83.91
ES,11,10,extremadura,extremadura,caceres,2025,12,hotel 4 estrellas,85.75
ES,11,10,extremadura,extremadura,caceres,2025,12,hotel 5 estrellas,91.33
ES,11,10,extremadura,extremadura,caceres,2025,12,total,83.97
ES,12,15,galicia,galicia,a coruna,2025,12,hotel 3 estrellas,90.07
ES,12,15,galicia,galicia,a coruna,2025,12,hotel 4 estrellas,85.44
ES,12,15,galicia,galicia,a coruna,2025,12,hotel 5 estrellas,86.12
ES,12,15,galicia,galicia,a coruna,2025,12,total,89.78
ES,12,27,galicia,galicia,lugo,2025,12,hotel 3 estrellas,76.84
ES,12,27,galicia,galicia,lugo,2025,12,hotel 4 estrellas,81.87
ES,12,27,galicia,galicia,lugo,2025,12,hotel 5 estrellas,79.2
ES,12,27,galicia,galicia,lugo,2025,12,total,82.77
ES,12,32,galicia,galicia,ourense,2025,12,hotel 3 estrellas,68.05
ES,12,32,galicia,galicia,ourense,2025,12,hotel 4 estrellas,75.13
ES,12,32,galicia,galicia,ourense,2025,12,hotel 5 estrellas,79.2
ES,12,32,galicia,galicia,ourense,2025,12,total,72.68
ES,12,36,galicia,galicia,pontevedra,2025,12,hotel 3 estrellas,54.46
ES,12,36,galicia,galicia,pontevedra,2025,12,hotel 4 estrellas,70.55
ES,12,36,galicia,galicia,pontevedra,2025,12,hotel 5 estrellas,72.27
ES,12,36,galicia,galicia,pontevedra,2025,12,total,68.48
ES,13,28,"madrid, comunidad de",madrid,madrid,2025,12,hotel 3 estrellas,73.67
ES,13,28,"madrid, comunidad de",madrid,madrid,2025,12,hotel 4 estrellas,78.79
ES,13,28,"madrid, comunidad de",madrid,madrid,2025,12,hotel 5 estrellas,77.06
ES,13,28,"madrid, comunidad de",madrid,madrid,2025,12,total,76.92
ES,14,30,"murcia, region de",murcia,murcia,2025,12,hotel 3 estrellas,72.96
ES,14,30,"murcia, region de",murcia,murcia,2025,12,hotel 4 estrellas,85.48
ES,14,30,"murcia, region de",murcia,murcia,2025,12,hotel 5 estrellas,97.47
ES,14,30,"murcia, region de",murcia,murcia,2025,12,total,78.98
ES,15,31,"navarra, comunidad foral de",navarra,navarra,2025,12,hotel 3 estrellas,77.92
ES,15,31,"navarra, comunidad foral de",navarra,navarra,2025,12,hotel 4 estrellas,93.48
ES,15,31,"navarra, comunidad foral de",navarra,navarra,2025,12,hotel 5 estrellas,93.92
ES,15,31,"navarra, comunidad foral de",navarra,navarra,2025,12,total,86.62
ES,16,01,pais vasco,pais vasco,araba/alava,2025,12,hotel 3 estrellas,43.77
ES,16,01,pais vasco,pais vasco,araba/alava,2025,12,hotel 4 estrellas,90.16
ES,16,01,pais vasco,pais vasco,araba/alava,2025,12,hotel 5 estrellas,78.18
ES,16,01,pais vasco,pais vasco,araba/alava,2025,12,total,82.35
ES,16,48,pais vasco,pais vasco,bizkaia,2025,12,hotel 3 estrellas,82.53
ES,16,48,pais vasco,pais vasco,bizkaia,2025,12,hotel 4 estrellas,91.56
ES,16,48,pais vasco,pais vasco,bizkaia,2025,12,hotel 5 estrellas,79.07
ES,16,48,pais vasco,pais vasco,bizkaia,2025,12,total,87.89
ES,16,20,pais vasco,pais vasco,gipuzkoa,2025,12,hotel 3 estrellas,75.69
ES,16,20,pais vasco,pais vasco,gipuzkoa,2025,12,hotel 4 estrellas,91.04
ES,16,20,pais vasco,pais vasco,gipuzkoa,2025,12,hotel 5 estrellas,97.61
ES,16,20,pais vasco,pais vasco,gipuzkoa,2025,12,total,89.36
ES,17,26,"rioja, la",rioja,la rioja,2025,12,hotel 3 estrellas,71.4
ES,17,26,"rioja, la",rioja,la rioja,2025,12,hotel 4 estrellas,75.64
ES,17,26,"rioja, la",rioja,la rioja,2025,12,hotel 5 estrellas,46.48
ES,17,26,"rioja, la",rioja,la rioja,2025,12,total,71.06
