id_pais,id_provincia,año,mes,categoria,producto,subcategoria,comunidad_autonoma,provincia,gasto_total_promedio,precio_medio_entrada_promedio
ES,04,2023,7,paisaje naturaleza,actividades,actividades infantiles,andalucia,almeria,7455.0,125.0
ES,11,2023,7,paisaje naturaleza,actividades,actividades infantiles,andalucia,cadiz,32707.5,949.5
ES,14,2023,7,paisaje naturaleza,actividades,actividades infantiles,andalucia,cordoba,71552.5,1885.5
ES,18,2023,7,paisaje naturaleza,actividades,actividades infantiles,andalucia,granada,14971.5,1034.5
ES,21,2023,7,paisaje naturaleza,actividades,actividades infantiles,andalucia,huelva,106396.0,1588.0
ES,23,2023,7,paisaje naturaleza,actividades,actividades infantiles,andalucia,jaen,27692.0,989.0
ES,29,2023,7,paisaje naturaleza,actividades,actividades infantiles,andalucia,malaga,12816.0,1257.5
ES,41,2023,7,paisaje naturaleza,actividades,actividades infantiles,andalucia,sevilla,119370.0,1264.0
ES,22,2023,7,paisaje naturaleza,actividades,actividades infantiles,aragon,huesca,300.0,50.0
ES,39,2023,7,paisaje naturaleza,actividades,actividades infantiles,cantabria,cantabria,1188.0,198.0
ES,13,2023,7,paisaje naturaleza,actividades,actividades infantiles,castilla - la mancha,ciudad real,26312.0,2024.0
ES,16,2023,7,paisaje naturaleza,actividades,actividades infantiles,castilla - la mancha,cuenca,1020.0,1020.0
ES,09,2023,7,paisaje naturaleza,actividades,actividades infantiles,castilla y leon,burgos,55568.0,1208.0
ES,24,2023,7,paisaje naturaleza,actividades,actividades infantiles,castilla y leon,leon,25256.0,616.0
ES,47,2023,7,paisaje naturaleza,actividades,actividades infantiles,castilla y leon,valladolid,569359.0,1141.0
ES,08,2023,7,paisaje naturaleza,actividades,actividades infantiles,cataluna,barcelona,272783.83,1121.67
ES,17,2023,7,paisaje naturaleza,actividades,actividades infantiles,cataluna,girona,2528.0,2128.0
ES,25,2023,7,paisaje naturaleza,actividades,actividades infantiles,cataluna,lleida,59204.0,3116.0
ES,43,2023,7,paisaje naturaleza,actividades,actividades infantiles,cataluna,tarragona,74129.5,1491.0
ES,28,2023,7,paisaje naturaleza,actividades,actividades infantiles,comunidad de madrid,madrid,98174.8,2115.2
ES,31,2023,7,paisaje naturaleza,actividades,actividades infantiles,comunidad foral de navarra,navarra,862498.33,1733.33
ES,03,2023,7,paisaje naturaleza,actividades,actividades infantiles,comunitat valenciana,alicante/alacant,11700.0,468.0
ES,46,2023,7,paisaje naturaleza,actividades,actividades infantiles,comunitat valenciana,valencia/valencia,247640.0,1114.5
ES,06,2023,7,paisaje naturaleza,actividades,actividades infantiles,extremadura,badajoz,70298.25,645.75
ES,10,2023,7,paisaje naturaleza,actividades,actividades infantiles,extremadura,caceres,90508.0,4114.0
ES,07,2023,7,paisaje naturaleza,actividades,actividades infantiles,illes balears,illes balears,109402.25,3066.75
ES,26,2023,7,paisaje naturaleza,actividades,actividades infantiles,la rioja,la rioja,72096.0,751.0
ES,01,2023,7,paisaje naturaleza,actividades,actividades infantiles,pais vasco,araba/alava,20787.0,533.0
ES,48,2023,7,paisaje naturaleza,actividades,actividades infantiles,pais vasco,bizkaia,282340.0,6709.67
ES,30,2023,7,paisaje naturaleza,actividades,actividades infantiles,region de murcia,murcia,1258864.0,1616.0
ES,18,2023,7,servicios,actividades,cursos,andalucia,granada,300.0,150.0
ES,23,2023,7,servicios,actividades,cursos,andalucia,jaen,27692.0,989.0
ES,41,2023,7,servicios,actividades,cursos,andalucia,sevilla,400.0,100.0
ES,02,2023,7,servicios,actividades,cursos,castilla - la mancha,albacete,245.0,35.0
ES,16,2023,7,servicios,actividades,cursos,castilla - la mancha,cuenca,1020.0,1020.0
ES,08,2023,7,servicios,actividades,cursos,cataluna,barcelona,26184.0,6546.0
ES,17,2023,7,servicios,actividades,cursos,cataluna,girona,1300.0,650.0
ES,43,2023,7,servicios,actividades,cursos,cataluna,tarragona,1555.0,1555.0
ES,28,2023,7,servicios,actividades,cursos,comunidad de madrid,madrid,15838.0,7919.0
ES,31,2023,7,servicios,actividades,cursos,comunidad foral de navarra,navarra,1020.0,1020.0
ES,36,2023,7,servicios,actividades,cursos,galicia,pontevedra,1296.0,1296.0
ES,07,2023,7,servicios,actividades,cursos,illes balears,illes balears,15408.71,1247.57
ES,48,2023,7,servicios,actividades,cursos,pais vasco,bizkaia,15000.0,2500.0
ES,30,2023,7,servicios,actividades,cursos,region de murcia,murcia,55083.5,2968.5
ES,23,2023,7,paisaje naturaleza,actividades,deportes y aventuras,andalucia,jaen,56205.0,3747.0
ES,41,2023,7,paisaje naturaleza,actividades,deportes y aventuras,andalucia,sevilla,220.0,220.0
ES,35,2023,7,paisaje naturaleza,actividades,deportes y aventuras,canarias,las palmas,2400.0,300.0
ES,13,2023,7,paisaje naturaleza,actividades,deportes y aventuras,castilla - la mancha,ciudad real,26312.0,2024.0
ES,16,2023,7,paisaje naturaleza,actividades,deportes y aventuras,castilla - la mancha,cuenca,2400.0,300.0
ES,08,2023,7,paisaje naturaleza,actividades,deportes y aventuras,cataluna,barcelona,27584.5,1514.0
ES,25,2023,7,paisaje naturaleza,actividades,deportes y aventuras,cataluna,lleida,59204.0,3116.0
ES,28,2023,7,paisaje naturaleza,actividades,deportes y aventuras,comunidad de madrid,madrid,155835.0,1114.0
ES,31,2023,7,paisaje naturaleza,actividades,deportes y aventuras,comunidad foral de navarra,navarra,624844.0,1291.0
ES,06,2023,7,paisaje naturaleza,actividades,deportes y aventuras,extremadura,badajoz,209648.0,886.0
ES,10,2023,7,paisaje naturaleza,actividades,deportes y aventuras,extremadura,caceres,353628.0,1786.0
ES,07,2023,7,paisaje naturaleza,actividades,deportes y aventuras,illes balears,illes balears,10558.5,1151.0
ES,48,2023,7,paisaje naturaleza,actividades,deportes y aventuras,pais vasco,bizkaia,11482.0,5741.0
ES,20,2023,7,paisaje naturaleza,actividades,deportes y aventuras,pais vasco,gipuzkoa,55272.0,1316.0
ES,30,2023,7,paisaje naturaleza,actividades,deportes y aventuras,region de murcia,murcia,1100.0,220.0
ES,11,2023,7,comida y bebida,actividades,gastronomia,andalucia,cadiz,25185.0,3198.5
ES,41,2023,7,comida y bebida,actividades,gastronomia,andalucia,sevilla,249612.0,2013.0
ES,50,2023,7,comida y bebida,actividades,gastronomia,aragon,zaragoza,11704.0,1463.0
ES,35,2023,7,comida y bebida,actividades,gastronomia,canarias,las palmas,37802.0,922.0
ES,38,2023,7,comida y bebida,actividades,gastronomia,canarias,santa cruz de tenerife,63626.0,2194.0
ES,16,2023,7,comida y bebida,actividades,gastronomia,castilla - la mancha,cuenca,1020.0,1020.0
ES,08,2023,7,comida y bebida,actividades,gastronomia,cataluna,barcelona,74754.0,687.5
ES,17,2023,7,comida y bebida,actividades,gastronomia,cataluna,girona,65650.0,1357.5
ES,43,2023,7,comida y bebida,actividades,gastronomia,cataluna,tarragona,19992.0,1030.33
ES,28,2023,7,comida y bebida,actividades,gastronomia,comunidad de madrid,madrid,354432.0,2496.0
ES,31,2023,7,comida y bebida,actividades,gastronomia,comunidad foral de navarra,navarra,2572.0,1025.5
ES,03,2023,7,comida y bebida,actividades,gastronomia,comunitat valenciana,alicante/alacant,17062.0,857.0
ES,07,2023,7,comida y bebida,actividades,gastronomia,illes balears,illes balears,42889.4,2730.2
ES,41,2023,7,vida nocturna,espectaculos,cine,andalucia,sevilla,174264.0,548.0
ES,22,2023,7,vida nocturna,espectaculos,cine,aragon,huesca,2560.0,80.0
ES,35,2023,7,vida nocturna,espectaculos,cine,canarias,las palmas,120.0,60.0
ES,08,2023,7,vida nocturna,espectaculos,cine,cataluna,barcelona,277544.0,1152.0
ES,17,2023,7,vida nocturna,espectaculos,cine,cataluna,girona,100.0,50.0
ES,07,2023,7,vida nocturna,espectaculos,cine,illes balears,illes balears,120.0,30.0
ES,35,2023,7,otros,espectaculos,conferencias,canarias,las palmas,39928.5,930.5
ES,16,2023,7,otros,espectaculos,conferencias,castilla - la mancha,cuenca,61457.0,1661.0
ES,08,2023,7,otros,espectaculos,conferencias,cataluna,barcelona,471932.0,929.0
ES,43,2023,7,otros,espectaculos,conferencias,cataluna,tarragona,2850.0,475.0
ES,28,2023,7,otros,espectaculos,conferencias,comunidad de madrid,madrid,14301.0,1358.0
ES,04,2023,7,paisaje urbano,espectaculos,"cultura, teatro y danza",andalucia,almeria,855767.5,1201.25
ES,11,2023,7,paisaje urbano,espectaculos,"cultura, teatro y danza",andalucia,cadiz,4314.5,163.5
ES,14,2023,7,paisaje urbano,espectaculos,"cultura, teatro y danza",andalucia,cordoba,61899.0,1317.0
ES,18,2023,7,paisaje urbano,espectaculos,"cultura, teatro y danza",andalucia,granada,24137.0,799.75
ES,21,2023,7,paisaje urbano,espectaculos,"cultura, teatro y danza",andalucia,huelva,106396.0,1588.0
ES,23,2023,7,paisaje urbano,espectaculos,"cultura, teatro y danza",andalucia,jaen,147334.0,3982.0
ES,29,2023,7,paisaje urbano,espectaculos,"cultura, teatro y danza",andalucia,malaga,2522886.0,920.0
ES,41,2023,7,paisaje urbano,espectaculos,"cultura, teatro y danza",andalucia,sevilla,83530.33,571.33
ES,50,2023,7,paisaje urbano,espectaculos,"cultura, teatro y danza",aragon,zaragoza,2988.0,128.5
ES,35,2023,7,paisaje urbano,espectaculos,"cultura, teatro y danza",canarias,las palmas,386861.33,607.33
ES,38,2023,7,paisaje urbano,espectaculos,"cultura, teatro y danza",canarias,santa cruz de tenerife,108512.0,1624.0
ES,39,2023,7,paisaje urbano,espectaculos,"cultura, teatro y danza",cantabria,cantabria,31680.0,132.0
ES,02,2023,7,paisaje urbano,espectaculos,"cultura, teatro y danza",castilla - la mancha,albacete,55677.0,831.0
ES,13,2023,7,paisaje urbano,espectaculos,"cultura, teatro y danza",castilla - la mancha,ciudad real,1980.0,792.0
ES,16,2023,7,paisaje urbano,espectaculos,"cultura, teatro y danza",castilla - la mancha,cuenca,4527.5,1035.5
ES,19,2023,7,paisaje urbano,espectaculos,"cultura, teatro y danza",castilla - la mancha,guadalajara,87240.0,30.0
ES,05,2023,7,paisaje urbano,espectaculos,"cultura, teatro y danza",castilla y leon,avila,57015.0,1267.0
ES,09,2023,7,paisaje urbano,espectaculos,"cultura, teatro y danza",castilla y leon,burgos,6201.0,2067.0
ES,37,2023,7,paisaje urbano,espectaculos,"cultura, teatro y danza",castilla y leon,salamanca,72840.33,203.67
ES,47,2023,7,paisaje urbano,espectaculos,"cultura, teatro y danza",castilla y leon,valladolid,202600.5,1205.5
ES,08,2023,7,paisaje urbano,espectaculos,"cultura, teatro y danza",cataluna,barcelona,546691.7,767.4
ES,17,2023,7,paisaje urbano,espectaculos,"cultura, teatro y danza",cataluna,girona,52194.67,743.33
ES,25,2023,7,paisaje urbano,espectaculos,"cultura, teatro y danza",cataluna,lleida,59297.0,1379.0
ES,43,2023,7,paisaje urbano,espectaculos,"cultura, teatro y danza",cataluna,tarragona,113763.0,2145.75
ES,28,2023,7,paisaje urbano,espectaculos,"cultura, teatro y danza",comunidad de madrid,madrid,400106.83,1020.33
ES,31,2023,7,paisaje urbano,espectaculos,"cultura, teatro y danza",comunidad foral de navarra,navarra,57630.33,7200.33
ES,03,2023,7,paisaje urbano,espectaculos,"cultura, teatro y danza",comunitat valenciana,alicante/alacant,29744.67,321.0
ES,46,2023,7,paisaje urbano,espectaculos,"cultura, teatro y danza",comunitat valenciana,valencia/valencia,383055.0,1255.67
ES,06,2023,7,paisaje urbano,espectaculos,"cultura, teatro y danza",extremadura,badajoz,19880.0,1297.5
ES,10,2023,7,paisaje urbano,espectaculos,"cultura, teatro y danza",extremadura,caceres,4500.0,100.0
ES,15,2023,7,paisaje urbano,espectaculos,"cultura, teatro y danza",galicia,a coruna,13688.5,3580.5
ES,27,2023,7,paisaje urbano,espectaculos,"cultura, teatro y danza",galicia,lugo,160.0,40.0
ES,36,2023,7,paisaje urbano,espectaculos,"cultura, teatro y danza",galicia,pontevedra,751054.5,897.5
ES,07,2023,7,paisaje urbano,espectaculos,"cultura, teatro y danza",illes balears,illes balears,136190.12,1227.12
ES,26,2023,7,paisaje urbano,espectaculos,"cultura, teatro y danza",la rioja,la rioja,211831.5,1765.5
ES,01,2023,7,paisaje urbano,espectaculos,"cultura, teatro y danza",pais vasco,araba/alava,10702.0,179.0
ES,48,2023,7,paisaje urbano,espectaculos,"cultura, teatro y danza",pais vasco,bizkaia,356774.0,776.5
ES,20,2023,7,paisaje urbano,espectaculos,"cultura, teatro y danza",pais vasco,gipuzkoa,86088.0,776.0
ES,33,2023,7,paisaje urbano,espectaculos,"cultura, teatro y danza",principado de asturias,asturias,2376.0,198.0
ES,30,2023,7,paisaje urbano,espectaculos,"cultura, teatro y danza",region de murcia,murcia,935556.0,1471.0
ES,28,2023,7,compras,espectaculos,ferias,comunidad de madrid,madrid,17800.0,2225.0
ES,37,2023,7,paisaje urbano,espectaculos,museo y exposiciones,castilla y leon,salamanca,136041.0,331.0
ES,08,2023,7,paisaje urbano,espectaculos,museo y exposiciones,cataluna,barcelona,8769.0,818.0
ES,43,2023,7,paisaje urbano,espectaculos,museo y exposiciones,cataluna,tarragona,17208.0,2151.0
ES,03,2023,7,paisaje urbano,espectaculos,museo y exposiciones,comunitat valenciana,alicante/alacant,11700.0,468.0
ES,46,2023,7,paisaje urbano,espectaculos,museo y exposiciones,comunitat valenciana,valencia/valencia,66798.0,1237.0
ES,15,2023,7,paisaje urbano,espectaculos,museo y exposiciones,galicia,a coruna,23576.0,5894.0
ES,27,2023,7,paisaje urbano,espectaculos,museo y exposiciones,galicia,lugo,160.0,40.0
ES,07,2023,7,paisaje urbano,espectaculos,museo y exposiciones,illes balears,illes balears,2072.0,518.0
ES,01,2023,7,paisaje urbano,espectaculos,museo y exposiciones,pais vasco,araba/alava,11948.0,412.0
ES,48,2023,7,paisaje urbano,espectaculos,museo y exposiciones,pais vasco,bizkaia,618048.0,928.0
ES,04,2023,7,vida nocturna,espectaculos,musica,andalucia,almeria,1146958.33,1321.83
ES,11,2023,7,vida nocturna,espectaculos,musica,andalucia,cadiz,375798.89,1649.89
ES,14,2023,7,vida nocturna,espectaculos,musica,andalucia,cordoba,129651.17,1568.5
ES,18,2023,7,vida nocturna,espectaculos,musica,andalucia,granada,306286.38,1806.38
ES,21,2023,7,vida nocturna,espectaculos,musica,andalucia,huelva,14154.0,1011.0
ES,23,2023,7,vida nocturna,espectaculos,musica,andalucia,jaen,299137.0,1709.14
ES,29,2023,7,vida nocturna,espectaculos,musica,andalucia,malaga,763325.56,1759.44
ES,41,2023,7,vida nocturna,espectaculos,musica,andalucia,sevilla,934062.67,707.33
ES,22,2023,7,vida nocturna,espectaculos,musica,aragon,huesca,27594.0,1533.0
ES,44,2023,7,vida nocturna,espectaculos,musica,aragon,teruel,62036.5,2380.0
ES,50,2023,7,vida nocturna,espectaculos,musica,aragon,zaragoza,291533.0,1505.71
ES,35,2023,7,vida nocturna,espectaculos,musica,canarias,las palmas,373714.14,736.71
ES,38,2023,7,vida nocturna,espectaculos,musica,canarias,santa cruz de tenerife,290672.38,1547.69
ES,39,2023,7,vida nocturna,espectaculos,musica,cantabria,cantabria,56899.0,2590.67
ES,02,2023,7,vida nocturna,espectaculos,musica,castilla - la mancha,albacete,55484.5,400.5
ES,13,2023,7,vida nocturna,espectaculos,musica,castilla - la mancha,ciudad real,222238.33,1388.33
ES,16,2023,7,vida nocturna,espectaculos,musica,castilla - la mancha,cuenca,651227.0,2351.0
ES,19,2023,7,vida nocturna,espectaculos,musica,castilla - la mancha,guadalajara,129619.33,867.67
ES,45,2023,7,vida nocturna,espectaculos,musica,castilla - la mancha,toledo,73905.0,5685.0
ES,05,2023,7,vida nocturna,espectaculos,musica,castilla y leon,avila,126616.0,2261.0
ES,09,2023,7,vida nocturna,espectaculos,musica,castilla y leon,burgos,150628.4,1190.8
ES,24,2023,7,vida nocturna,espectaculos,musica,castilla y leon,leon,134013.0,1441.0
ES,37,2023,7,vida nocturna,espectaculos,musica,castilla y leon,salamanca,14057735.0,1103.0
ES,40,2023,7,vida nocturna,espectaculos,musica,castilla y leon,segovia,310.0,155.0
ES,42,2023,7,vida nocturna,espectaculos,musica,castilla y leon,soria,3410.0,110.0
ES,47,2023,7,vida nocturna,espectaculos,musica,castilla y leon,valladolid,887112.67,2778.67
ES,49,2023,7,vida nocturna,espectaculos,musica,castilla y leon,zamora,36399.0,1103.0
ES,08,2023,7,vida nocturna,espectaculos,musica,cataluna,barcelona,844822.43,1658.9
ES,17,2023,7,vida nocturna,espectaculos,musica,cataluna,girona,188796.47,1270.11
ES,25,2023,7,vida nocturna,espectaculos,musica,cataluna,lleida,202674.5,1830.5
ES,43,2023,7,vida nocturna,espectaculos,musica,cataluna,tarragona,255957.85,942.65
ES,51,2023,7,vida nocturna,espectaculos,musica,ceuta,ceuta,6048.0,96.0
ES,28,2023,7,vida nocturna,espectaculos,musica,comunidad de madrid,madrid,1790684.75,970.88
ES,31,2023,7,vida nocturna,espectaculos,musica,comunidad foral de navarra,navarra,463272.57,2027.14
ES,03,2023,7,vida nocturna,espectaculos,musica,comunitat valenciana,alicante/alacant,120728.31,1496.85
ES,12,2023,7,vida nocturna,espectaculos,musica,comunitat valenciana,castellon/castello,33561.0,1056.0
ES,46,2023,7,vida nocturna,espectaculos,musica,comunitat valenciana,valencia/valencia,1036629.0,1496.2
ES,06,2023,7,vida nocturna,espectaculos,musica,extremadura,badajoz,16551.25,1278.0
ES,10,2023,7,vida nocturna,espectaculos,musica,extremadura,caceres,67657.25,788.75
ES,15,2023,7,vida nocturna,espectaculos,musica,galicia,a coruna,375328.12,877.62
ES,27,2023,7,vida nocturna,espectaculos,musica,galicia,lugo,1790.0,236.0
ES,32,2023,7,vida nocturna,espectaculos,musica,galicia,ourense,10360.0,280.0
ES,36,2023,7,vida nocturna,espectaculos,musica,galicia,pontevedra,429890.57,1298.71
ES,07,2023,7,vida nocturna,espectaculos,musica,illes balears,illes balears,399790.59,1656.69
ES,26,2023,7,vida nocturna,espectaculos,musica,la rioja,la rioja,87169.0,1596.33
ES,01,2023,7,vida nocturna,espectaculos,musica,pais vasco,araba/alava,33573.0,1083.0
ES,48,2023,7,vida nocturna,espectaculos,musica,pais vasco,bizkaia,103964.25,1313.25
ES,20,2023,7,vida nocturna,espectaculos,musica,pais vasco,gipuzkoa,113188.0,1495.67
ES,33,2023,7,vida nocturna,espectaculos,musica,principado de asturias,asturias,143701.0,1022.33
ES,30,2023,7,vida nocturna,espectaculos,musica,region de murcia,murcia,180908.67,1002.0
ES,04,2023,7,vida nocturna,espectaculos,musicales,andalucia,almeria,7455.0,125.0
ES,18,2023,7,vida nocturna,espectaculos,musicales,andalucia,granada,7095.0,165.0
ES,29,2023,7,vida nocturna,espectaculos,musicales,andalucia,malaga,13554.0,502.0
ES,35,2023,7,vida nocturna,espectaculos,musicales,canarias,las palmas,24526.0,535.5
ES,38,2023,7,vida nocturna,espectaculos,musicales,canarias,santa cruz de tenerife,240.0,80.0
ES,39,2023,7,vida nocturna,espectaculos,musicales,cantabria,cantabria,1188.0,198.0
ES,37,2023,7,vida nocturna,espectaculos,musicales,castilla y leon,salamanca,80800.0,200.0
ES,47,2023,7,vida nocturna,espectaculos,musicales,castilla y leon,valladolid,1440.0,160.0
ES,08,2023,7,vida nocturna,espectaculos,musicales,cataluna,barcelona,1582266.0,1119.0
ES,17,2023,7,vida nocturna,espectaculos,musicales,cataluna,girona,19520.0,80.0
ES,43,2023,7,vida nocturna,espectaculos,musicales,cataluna,tarragona,150731.0,2471.0
ES,28,2023,7,vida nocturna,espectaculos,musicales,comunidad de madrid,madrid,29358.67,892.67
ES,46,2023,7,vida nocturna,espectaculos,musicales,comunitat valenciana,valencia/valencia,64445.5,949.5
ES,06,2023,7,vida nocturna,espectaculos,musicales,extremadura,badajoz,800.0,160.0
ES,07,2023,7,vida nocturna,espectaculos,musicales,illes balears,illes balears,400449.5,2845.0
ES,13,2023,7,paisaje naturaleza,espectaculos,parques tematicos,castilla - la mancha,ciudad real,26312.0,2024.0
ES,25,2023,7,paisaje naturaleza,espectaculos,parques tematicos,cataluna,lleida,59204.0,3116.0
ES,28,2023,7,paisaje naturaleza,espectaculos,parques tematicos,comunidad de madrid,madrid,305664.0,512.0
ES,11,2023,8,paisaje naturaleza,actividades,actividades infantiles,andalucia,cadiz,31536.0,2628.0
ES,14,2023,8,paisaje naturaleza,actividades,actividades infantiles,andalucia,cordoba,569927.5,2602.5
ES,21,2023,8,paisaje naturaleza,actividades,actividades infantiles,andalucia,huelva,680.0,170.0
ES,23,2023,8,paisaje naturaleza,actividades,actividades infantiles,andalucia,jaen,3928.0,982.0
ES,29,2023,8,paisaje naturaleza,actividades,actividades infantiles,andalucia,malaga,157943.0,2677.0
ES,41,2023,8,paisaje naturaleza,actividades,actividades infantiles,andalucia,sevilla,147814.0,1423.5
ES,22,2023,8,paisaje naturaleza,actividades,actividades infantiles,aragon,huesca,7150.0,50.0
ES,50,2023,8,paisaje naturaleza,actividades,actividades infantiles,aragon,zaragoza,29397.0,717.0
ES,39,2023,8,paisaje naturaleza,actividades,actividades infantiles,cantabria,cantabria,1782.0,198.0
ES,13,2023,8,paisaje naturaleza,actividades,actividades infantiles,castilla - la mancha,ciudad real,8224.0,2056.0
ES,45,2023,8,paisaje naturaleza,actividades,actividades infantiles,castilla - la mancha,toledo,128799.0,1301.0
ES,09,2023,8,paisaje naturaleza,actividades,actividades infantiles,castilla y leon,burgos,371007.0,1057.0
ES,08,2023,8,paisaje naturaleza,actividades,actividades infantiles,cataluna,barcelona,89107.75,2243.88
ES,17,2023,8,paisaje naturaleza,actividades,actividades infantiles,cataluna,girona,27557.0,1317.0
ES,43,2023,8,paisaje naturaleza,actividades,actividades infantiles,cataluna,tarragona,146090.0,1201.33
ES,28,2023,8,paisaje naturaleza,actividades,actividades infantiles,comunidad de madrid,madrid,64579.0,1776.0
ES,31,2023,8,paisaje naturaleza,actividades,actividades infantiles,comunidad foral de navarra,navarra,99589.5,1230.5
ES,03,2023,8,paisaje naturaleza,actividades,actividades infantiles,comunitat valenciana,alicante/alacant,14736.0,2456.0
ES,46,2023,8,paisaje naturaleza,actividades,actividades infantiles,comunitat valenciana,valencia/valencia,19572.0,656.0
ES,06,2023,8,paisaje naturaleza,actividades,actividades infantiles,extremadura,badajoz,13029.0,756.25
ES,10,2023,8,paisaje naturaleza,actividades,actividades infantiles,extremadura,caceres,6070.5,1671.5
ES,27,2023,8,paisaje naturaleza,actividades,actividades infantiles,galicia,lugo,1155.0,165.0
ES,32,2023,8,paisaje naturaleza,actividades,actividades infantiles,galicia,ourense,2475.0,165.0
ES,07,2023,8,paisaje naturaleza,actividades,actividades infantiles,illes balears,illes balears,71058.75,3479.25
ES,26,2023,8,paisaje naturaleza,actividades,actividades infantiles,la rioja,la rioja,8634.0,783.0
ES,01,2023,8,paisaje naturaleza,actividades,actividades infantiles,pais vasco,araba/alava,26779.0,439.0
ES,48,2023,8,paisaje naturaleza,actividades,actividades infantiles,pais vasco,bizkaia,440171.67,10720.67
ES,20,2023,8,paisaje naturaleza,actividades,actividades infantiles,pais vasco,gipuzkoa,480.0,160.0
ES,30,2023,8,paisaje naturaleza,actividades,actividades infantiles,region de murcia,murcia,551363.0,2575.0
ES,23,2023,8,servicios,actividades,cursos,andalucia,jaen,3928.0,982.0
ES,29,2023,8,servicios,actividades,cursos,andalucia,malaga,20370.0,485.0
ES,35,2023,8,servicios,actividades,cursos,canarias,las palmas,7859.0,7859.0
ES,38,2023,8,servicios,actividades,cursos,canarias,santa cruz de tenerife,2616.0,1635.0
ES,45,2023,8,servicios,actividades,cursos,castilla - la mancha,toledo,4840.0,220.0
ES,08,2023,8,servicios,actividades,cursos,cataluna,barcelona,136702.0,5298.0
ES,43,2023,8,servicios,actividades,cursos,cataluna,tarragona,1220.0,1220.0
ES,28,2023,8,servicios,actividades,cursos,comunidad de madrid,madrid,64818.0,10803.0
ES,15,2023,8,servicios,actividades,cursos,galicia,a coruna,19431.0,6477.0
ES,07,2023,8,servicios,actividades,cursos,illes balears,illes balears,9982.0,758.62
ES,48,2023,8,servicios,actividades,cursos,pais vasco,bizkaia,1350.0,1350.0
ES,04,2023,8,paisaje naturaleza,actividades,deportes y aventuras,andalucia,almeria,3619.0,517.0
ES,18,2023,8,paisaje naturaleza,actividades,deportes y aventuras,andalucia,granada,4144.0,518.0
ES,29,2023,8,paisaje naturaleza,actividades,deportes y aventuras,andalucia,malaga,181496.0,3241.0
ES,50,2023,8,paisaje naturaleza,actividades,deportes y aventuras,aragon,zaragoza,1350.0,50.0
ES,13,2023,8,paisaje naturaleza,actividades,deportes y aventuras,castilla - la mancha,ciudad real,8224.0,2056.0
ES,42,2023,8,paisaje naturaleza,actividades,deportes y aventuras,castilla y leon,soria,156228.0,564.0
ES,08,2023,8,paisaje naturaleza,actividades,deportes y aventuras,cataluna,barcelona,159939.0,4101.0
ES,17,2023,8,paisaje naturaleza,actividades,deportes y aventuras,cataluna,girona,4828.0,2414.0
ES,28,2023,8,paisaje naturaleza,actividades,deportes y aventuras,comunidad de madrid,madrid,774345.0,3705.0
ES,31,2023,8,paisaje naturaleza,actividades,deportes y aventuras,comunidad foral de navarra,navarra,1638.0,126.0
ES,06,2023,8,paisaje naturaleza,actividades,deportes y aventuras,extremadura,badajoz,30269.33,782.67
ES,10,2023,8,paisaje naturaleza,actividades,deportes y aventuras,extremadura,caceres,167978.0,1787.0
ES,15,2023,8,paisaje naturaleza,actividades,deportes y aventuras,galicia,a coruna,500.0,100.0
ES,07,2023,8,paisaje naturaleza,actividades,deportes y aventuras,illes balears,illes balears,9961.5,748.5
ES,48,2023,8,paisaje naturaleza,actividades,deportes y aventuras,pais vasco,bizkaia,51576.0,1842.0
ES,33,2023,8,paisaje naturaleza,actividades,deportes y aventuras,principado de asturias,asturias,27996.0,9332.0
ES,11,2023,8,comida y bebida,actividades,gastronomia,andalucia,cadiz,5600.0,560.0
ES,29,2023,8,comida y bebida,actividades,gastronomia,andalucia,malaga,1473.0,1473.0
ES,41,2023,8,comida y bebida,actividades,gastronomia,andalucia,sevilla,337512.0,2009.0
ES,22,2023,8,comida y bebida,actividades,gastronomia,aragon,huesca,58292.0,2242.0
ES,50,2023,8,comida y bebida,actividades,gastronomia,aragon,zaragoza,30944.0,1934.0
ES,35,2023,8,comida y bebida,actividades,gastronomia,canarias,las palmas,28149.0,853.0
ES,08,2023,8,comida y bebida,actividades,gastronomia,cataluna,barcelona,395930.67,1202.67
ES,17,2023,8,comida y bebida,actividades,gastronomia,cataluna,girona,35441.5,1669.0
ES,43,2023,8,comida y bebida,actividades,gastronomia,cataluna,tarragona,136408.0,2006.0
ES,28,2023,8,comida y bebida,actividades,gastronomia,comunidad de madrid,madrid,31734.0,1548.0
ES,31,2023,8,comida y bebida,actividades,gastronomia,comunidad foral de navarra,navarra,17527.0,1031.0
ES,03,2023,8,comida y bebida,actividades,gastronomia,comunitat valenciana,alicante/alacant,1500.0,150.0
ES,12,2023,8,comida y bebida,actividades,gastronomia,comunitat valenciana,castellon/castello,68544.0,504.0
ES,46,2023,8,comida y bebida,actividades,gastronomia,comunitat valenciana,valencia/valencia,10388.0,2597.0
ES,07,2023,8,comida y bebida,actividades,gastronomia,illes balears,illes balears,14147.5,527.5
ES,26,2023,8,comida y bebida,actividades,gastronomia,la rioja,la rioja,9362.0,302.0
ES,30,2023,8,comida y bebida,actividades,gastronomia,region de murcia,murcia,210.0,70.0
ES,41,2023,8,vida nocturna,espectaculos,cine,andalucia,sevilla,120802.0,374.0
ES,22,2023,8,vida nocturna,espectaculos,cine,aragon,huesca,322875.0,1125.0
ES,50,2023,8,vida nocturna,espectaculos,cine,aragon,zaragoza,41741.0,623.0
ES,35,2023,8,vida nocturna,espectaculos,cine,canarias,las palmas,8568.0,612.0
ES,02,2023,8,vida nocturna,espectaculos,cine,castilla - la mancha,albacete,6846.0,326.0
ES,08,2023,8,vida nocturna,espectaculos,cine,cataluna,barcelona,23167.67,590.33
ES,43,2023,8,vida nocturna,espectaculos,cine,cataluna,tarragona,50472.0,701.0
ES,28,2023,8,vida nocturna,espectaculos,cine,comunidad de madrid,madrid,5463.0,1821.0
ES,07,2023,8,vida nocturna,espectaculos,cine,illes balears,illes balears,30.0,30.0
ES,20,2023,8,vida nocturna,espectaculos,cine,pais vasco,gipuzkoa,1740.0,60.0
ES,35,2023,8,otros,espectaculos,conferencias,canarias,las palmas,21000.0,200.0
ES,43,2023,8,otros,espectaculos,conferencias,cataluna,tarragona,46002.0,7667.0
ES,28,2023,8,otros,espectaculos,conferencias,comunidad de madrid,madrid,266497.0,24227.0
ES,04,2023,8,paisaje urbano,espectaculos,"cultura, teatro y danza",andalucia,almeria,1074118.5,2136.0
ES,11,2023,8,paisaje urbano,espectaculos,"cultura, teatro y danza",andalucia,cadiz,65036.5,841.0
ES,14,2023,8,paisaje urbano,espectaculos,"cultura, teatro y danza",andalucia,cordoba,1476176.0,1222.0
ES,18,2023,8,paisaje urbano,espectaculos,"cultura, teatro y danza",andalucia,granada,154432.67,1699.67
ES,21,2023,8,paisaje urbano,espectaculos,"cultura, teatro y danza",andalucia,huelva,680.0,170.0
ES,23,2023,8,paisaje urbano,espectaculos,"cultura, teatro y danza",andalucia,jaen,56896.0,3556.0
ES,29,2023,8,paisaje urbano,espectaculos,"cultura, teatro y danza",andalucia,malaga,701394.0,1682.0
ES,41,2023,8,paisaje urbano,espectaculos,"cultura, teatro y danza",andalucia,sevilla,961408.0,1790.5
ES,50,2023,8,paisaje urbano,espectaculos,"cultura, teatro y danza",aragon,zaragoza,58410.0,1143.0
ES,35,2023,8,paisaje urbano,espectaculos,"cultura, teatro y danza",canarias,las palmas,40946.43,587.71
ES,38,2023,8,paisaje urbano,espectaculos,"cultura, teatro y danza",canarias,santa cruz de tenerife,59032.5,1575.0
ES,39,2023,8,paisaje urbano,espectaculos,"cultura, teatro y danza",cantabria,cantabria,13441.5,325.0
ES,02,2023,8,paisaje urbano,espectaculos,"cultura, teatro y danza",castilla - la mancha,albacete,9263.0,785.0
ES,16,2023,8,paisaje urbano,espectaculos,"cultura, teatro y danza",castilla - la mancha,cuenca,32325.0,1096.5
ES,19,2023,8,paisaje urbano,espectaculos,"cultura, teatro y danza",castilla - la mancha,guadalajara,81918.0,999.0
ES,45,2023,8,paisaje urbano,espectaculos,"cultura, teatro y danza",castilla - la mancha,toledo,128799.0,1301.0
ES,05,2023,8,paisaje urbano,espectaculos,"cultura, teatro y danza",castilla y leon,avila,48222.0,1269.0
ES,09,2023,8,paisaje urbano,espectaculos,"cultura, teatro y danza",castilla y leon,burgos,53015.5,1219.5
ES,37,2023,8,paisaje urbano,espectaculos,"cultura, teatro y danza",castilla y leon,salamanca,450978.67,1029.67
ES,47,2023,8,paisaje urbano,espectaculos,"cultura, teatro y danza",castilla y leon,valladolid,4590277.0,769.67
ES,08,2023,8,paisaje urbano,espectaculos,"cultura, teatro y danza",cataluna,barcelona,173718.14,745.29
ES,17,2023,8,paisaje urbano,espectaculos,"cultura, teatro y danza",cataluna,girona,1221025.0,18785.0
ES,25,2023,8,paisaje urbano,espectaculos,"cultura, teatro y danza",cataluna,lleida,208824.0,1356.0
ES,43,2023,8,paisaje urbano,espectaculos,"cultura, teatro y danza",cataluna,tarragona,101389.67,923.33
ES,28,2023,8,paisaje urbano,espectaculos,"cultura, teatro y danza",comunidad de madrid,madrid,73184.0,1018.0
ES,31,2023,8,paisaje urbano,espectaculos,"cultura, teatro y danza",comunidad foral de navarra,navarra,197653.0,1397.0
ES,03,2023,8,paisaje urbano,espectaculos,"cultura, teatro y danza",comunitat valenciana,alicante/alacant,182364.0,1608.0
ES,46,2023,8,paisaje urbano,espectaculos,"cultura, teatro y danza",comunitat valenciana,valencia/valencia,68312.67,1143.67
ES,06,2023,8,paisaje urbano,espectaculos,"cultura, teatro y danza",extremadura,badajoz,50372.67,714.33
ES,10,2023,8,paisaje urbano,espectaculos,"cultura, teatro y danza",extremadura,caceres,2640.0,176.0
ES,15,2023,8,paisaje urbano,espectaculos,"cultura, teatro y danza",galicia,a coruna,18144.0,648.0
ES,27,2023,8,paisaje urbano,espectaculos,"cultura, teatro y danza",galicia,lugo,1155.0,165.0
ES,32,2023,8,paisaje urbano,espectaculos,"cultura, teatro y danza",galicia,ourense,2475.0,165.0
ES,36,2023,8,paisaje urbano,espectaculos,"cultura, teatro y danza",galicia,pontevedra,18955.0,939.0
ES,07,2023,8,paisaje urbano,espectaculos,"cultura, teatro y danza",illes balears,illes balears,106681.8,1046.2
ES,26,2023,8,paisaje urbano,espectaculos,"cultura, teatro y danza",la rioja,la rioja,182505.0,724.5
ES,01,2023,8,paisaje urbano,espectaculos,"cultura, teatro y danza",pais vasco,araba/alava,7613.0,414.5
ES,48,2023,8,paisaje urbano,espectaculos,"cultura, teatro y danza",pais vasco,bizkaia,734873.67,862.0
ES,20,2023,8,paisaje urbano,espectaculos,"cultura, teatro y danza",pais vasco,gipuzkoa,180776.0,1532.0
ES,33,2023,8,paisaje urbano,espectaculos,"cultura, teatro y danza",principado de asturias,asturias,617561.5,9896.0
ES,30,2023,8,paisaje urbano,espectaculos,"cultura, teatro y danza",region de murcia,murcia,75173.0,1505.0
ES,28,2023,8,compras,espectaculos,ferias,comunidad de madrid,madrid,266497.0,24227.0
ES,45,2023,8,paisaje urbano,espectaculos,museo y exposiciones,castilla - la mancha,toledo,56966.0,626.0
ES,37,2023,8,paisaje urbano,espectaculos,museo y exposiciones,castilla y leon,salamanca,225302.0,418.0
ES,08,2023,8,paisaje urbano,espectaculos,museo y exposiciones,cataluna,barcelona,69943.0,788.5
ES,43,2023,8,paisaje urbano,espectaculos,museo y exposiciones,cataluna,tarragona,280612.0,1922.0
ES,46,2023,8,paisaje urbano,espectaculos,museo y exposiciones,comunitat valenciana,valencia/valencia,42804.0,678.0
ES,07,2023,8,paisaje urbano,espectaculos,museo y exposiciones,illes balears,illes balears,1036.0,518.0
ES,01,2023,8,paisaje urbano,espectaculos,museo y exposiciones,pais vasco,araba/alava,19975.0,425.0
ES,48,2023,8,paisaje urbano,espectaculos,museo y exposiciones,pais vasco,bizkaia,870464.0,938.0
ES,04,2023,8,vida nocturna,espectaculos,musica,andalucia,almeria,6984868.75,2479.5
ES,11,2023,8,vida nocturna,espectaculos,musica,andalucia,cadiz,864079.0,1836.5
ES,14,2023,8,vida nocturna,espectaculos,musica,andalucia,cordoba,90893.2,2393.8
ES,18,2023,8,vida nocturna,espectaculos,musica,andalucia,granada,182816.29,1122.43
ES,23,2023,8,vida nocturna,espectaculos,musica,andalucia,jaen,188246.0,1908.75
ES,29,2023,8,vida nocturna,espectaculos,musica,andalucia,malaga,652708.0,1925.75
ES,41,2023,8,vida nocturna,espectaculos,musica,andalucia,sevilla,1353579.0,2111.33
ES,22,2023,8,vida nocturna,espectaculos,musica,aragon,huesca,82704.67,1606.0
ES,44,2023,8,vida nocturna,espectaculos,musica,aragon,teruel,252702.25,1342.0
ES,50,2023,8,vida nocturna,espectaculos,musica,aragon,zaragoza,421324.17,1301.17
ES,35,2023,8,vida nocturna,espectaculos,musica,canarias,las palmas,121985.33,783.56
ES,38,2023,8,vida nocturna,espectaculos,musica,canarias,santa cruz de tenerife,181274.6,1882.7
ES,39,2023,8,vida nocturna,espectaculos,musica,cantabria,cantabria,43737.0,1733.0
ES,02,2023,8,vida nocturna,espectaculos,musica,castilla - la mancha,albacete,16720.0,115.0
ES,13,2023,8,vida nocturna,espectaculos,musica,castilla - la mancha,ciudad real,108510.67,1622.67
ES,16,2023,8,vida nocturna,espectaculos,musica,castilla - la mancha,cuenca,546.0,1365.0
ES,19,2023,8,vida nocturna,espectaculos,musica,castilla - la mancha,guadalajara,62547.0,3466.5
ES,45,2023,8,vida nocturna,espectaculos,musica,castilla - la mancha,toledo,50105.0,3555.5
ES,05,2023,8,vida nocturna,espectaculos,musica,castilla y leon,avila,3500.0,100.0
ES,09,2023,8,vida nocturna,espectaculos,musica,castilla y leon,burgos,125088.33,1240.67
ES,24,2023,8,vida nocturna,espectaculos,musica,castilla y leon,leon,25788.0,1535.0
ES,37,2023,8,vida nocturna,espectaculos,musica,castilla y leon,salamanca,8459.0,574.0
ES,40,2023,8,vida nocturna,espectaculos,musica,castilla y leon,segovia,953026.0,1789.0
ES,42,2023,8,vida nocturna,espectaculos,musica,castilla y leon,soria,3740.0,110.0
ES,47,2023,8,vida nocturna,espectaculos,musica,castilla y leon,valladolid,281455.33,2326.67
ES,49,2023,8,vida nocturna,espectaculos,musica,castilla y leon,zamora,1325793.33,1116.33
ES,08,2023,8,vida nocturna,espectaculos,musica,cataluna,barcelona,558450.58,1699.96
ES,17,2023,8,vida nocturna,espectaculos,musica,cataluna,girona,159404.33,1061.87
ES,25,2023,8,vida nocturna,espectaculos,musica,cataluna,lleida,189927.67,2332.0
ES,43,2023,8,vida nocturna,espectaculos,musica,cataluna,tarragona,199789.83,1014.74
ES,28,2023,8,vida nocturna,espectaculos,musica,comunidad de madrid,madrid,2186762.33,2177.5
ES,31,2023,8,vida nocturna,espectaculos,musica,comunidad foral de navarra,navarra,243608.89,1418.44
ES,03,2023,8,vida nocturna,espectaculos,musica,comunitat valenciana,alicante/alacant,332152.91,1380.73
ES,12,2023,8,vida nocturna,espectaculos,musica,comunitat valenciana,castellon/castello,407584.0,1504.0
ES,46,2023,8,vida nocturna,espectaculos,musica,comunitat valenciana,valencia/valencia,175872.43,1136.86
ES,06,2023,8,vida nocturna,espectaculos,musica,extremadura,badajoz,12897.25,1280.25
ES,10,2023,8,vida nocturna,espectaculos,musica,extremadura,caceres,3039.0,1650.0
ES,15,2023,8,vida nocturna,espectaculos,musica,galicia,a coruna,242446.43,1113.29
ES,27,2023,8,vida nocturna,espectaculos,musica,galicia,lugo,1000.0,250.0
ES,32,2023,8,vida nocturna,espectaculos,musica,galicia,ourense,22208.0,2776.0
ES,36,2023,8,vida nocturna,espectaculos,musica,galicia,pontevedra,474844.0,1428.67
ES,07,2023,8,vida nocturna,espectaculos,musica,illes balears,illes balears,978355.51,1986.71
ES,26,2023,8,vida nocturna,espectaculos,musica,la rioja,la rioja,325254.0,1178.0
ES,01,2023,8,vida nocturna,espectaculos,musica,pais vasco,araba/alava,85476.0,419.0
ES,48,2023,8,vida nocturna,espectaculos,musica,pais vasco,bizkaia,176170.0,1003.0
ES,20,2023,8,vida nocturna,espectaculos,musica,pais vasco,gipuzkoa,141470.17,1709.0
ES,33,2023,8,vida nocturna,espectaculos,musica,principado de asturias,asturias,387062.0,1311.67
ES,30,2023,8,vida nocturna,espectaculos,musica,region de murcia,murcia,452551.0,1330.2
ES,14,2023,8,vida nocturna,espectaculos,musicales,andalucia,cordoba,2376.0,1188.0
ES,41,2023,8,vida nocturna,espectaculos,musicales,andalucia,sevilla,14245.0,1295.0
ES,50,2023,8,vida nocturna,espectaculos,musicales,aragon,zaragoza,1260.0,70.0
ES,35,2023,8,vida nocturna,espectaculos,musicales,canarias,las palmas,28149.0,853.0
ES,39,2023,8,vida nocturna,espectaculos,musicales,cantabria,cantabria,1782.0,198.0
ES,37,2023,8,vida nocturna,espectaculos,musicales,castilla y leon,salamanca,677952.0,1926.0
ES,47,2023,8,vida nocturna,espectaculos,musicales,castilla y leon,valladolid,3805.0,1522.0
ES,08,2023,8,vida nocturna,espectaculos,musicales,cataluna,barcelona,18450.0,1476.0
ES,43,2023,8,vida nocturna,espectaculos,musicales,cataluna,tarragona,20169.0,243.0
ES,28,2023,8,vida nocturna,espectaculos,musicales,comunidad de madrid,madrid,848.33,93.67
ES,46,2023,8,vida nocturna,espectaculos,musicales,comunitat valenciana,valencia/valencia,8726.0,610.0
ES,06,2023,8,vida nocturna,espectaculos,musicales,extremadura,badajoz,1472.0,168.0
ES,10,2023,8,vida nocturna,espectaculos,musicales,extremadura,caceres,2640.0,176.0
ES,15,2023,8,vida nocturna,espectaculos,musicales,galicia,a coruna,18144.0,648.0
ES,27,2023,8,vida nocturna,espectaculos,musicales,galicia,lugo,1155.0,165.0
ES,32,2023,8,vida nocturna,espectaculos,musicales,galicia,ourense,2475.0,165.0
ES,07,2023,8,vida nocturna,espectaculos,musicales,illes balears,illes balears,136864.5,2834.0
ES,13,2023,8,paisaje naturaleza,espectaculos,parques tematicos,castilla - la mancha,ciudad real,8224.0,2056.0
ES,04,2023,9,paisaje naturaleza,actividades,actividades infantiles,andalucia,almeria,400.0,100.0
ES,11,2023,9,paisaje naturaleza,actividades,actividades infantiles,andalucia,cadiz,166992.0,1136.0
ES,14,2023,9,paisaje naturaleza,actividades,actividades infantiles,andalucia,cordoba,101726.0,2466.0
ES,18,2023,9,paisaje naturaleza,actividades,actividades infantiles,andalucia,granada,1316.0,1316.0
ES,23,2023,9,paisaje naturaleza,actividades,actividades infantiles,andalucia,jaen,15079.0,4036.0
ES,29,2023,9,paisaje naturaleza,actividades,actividades infantiles,andalucia,malaga,404145.0,1283.0
ES,41,2023,9,paisaje naturaleza,actividades,actividades infantiles,andalucia,sevilla,43796.5,615.5
ES,50,2023,9,paisaje naturaleza,actividades,actividades infantiles,aragon,zaragoza,944619.0,689.0
ES,35,2023,9,paisaje naturaleza,actividades,actividades infantiles,canarias,las palmas,4650.0,62.0
ES,38,2023,9,paisaje naturaleza,actividades,actividades infantiles,canarias,santa cruz de tenerife,109.0,109.0
ES,39,2023,9,paisaje naturaleza,actividades,actividades infantiles,cantabria,cantabria,156512.0,1168.0
ES,02,2023,9,paisaje naturaleza,actividades,actividades infantiles,castilla - la mancha,albacete,650.0,50.0
ES,13,2023,9,paisaje naturaleza,actividades,actividades infantiles,castilla - la mancha,ciudad real,11886.0,849.0
ES,45,2023,9,paisaje naturaleza,actividades,actividades infantiles,castilla - la mancha,toledo,93312.0,648.0
ES,47,2023,9,paisaje naturaleza,actividades,actividades infantiles,castilla y leon,valladolid,2121.0,101.0
ES,08,2023,9,paisaje naturaleza,actividades,actividades infantiles,cataluna,barcelona,232159.44,1503.44
ES,17,2023,9,paisaje naturaleza,actividades,actividades infantiles,cataluna,girona,5725.0,1291.67
ES,43,2023,9,paisaje naturaleza,actividades,actividades infantiles,cataluna,tarragona,70216.2,2115.2
ES,28,2023,9,paisaje naturaleza,actividades,actividades infantiles,comunidad de madrid,madrid,173843.89,1185.89
ES,31,2023,9,paisaje naturaleza,actividades,actividades infantiles,comunidad foral de navarra,navarra,672199.0,2013.0
ES,03,2023,9,paisaje naturaleza,actividades,actividades infantiles,comunitat valenciana,alicante/alacant,114860.5,3831.5
ES,46,2023,9,paisaje naturaleza,actividades,actividades infantiles,comunitat valenciana,valencia/valencia,1084404.25,1254.75
ES,06,2023,9,paisaje naturaleza,actividades,actividades infantiles,extremadura,badajoz,19281.33,212.0
ES,10,2023,9,paisaje naturaleza,actividades,actividades infantiles,extremadura,caceres,24288.0,176.0
ES,15,2023,9,paisaje naturaleza,actividades,actividades infantiles,galicia,a coruna,9477.0,729.0
ES,27,2023,9,paisaje naturaleza,actividades,actividades infantiles,galicia,lugo,103761.0,1647.0
ES,32,2023,9,paisaje naturaleza,actividades,actividades infantiles,galicia,ourense,57892.0,164.0
ES,07,2023,9,paisaje naturaleza,actividades,actividades infantiles,illes balears,illes balears,193094.17,797.67
ES,01,2023,9,paisaje naturaleza,actividades,actividades infantiles,pais vasco,araba/alava,5796.0,483.0
ES,48,2023,9,paisaje naturaleza,actividades,actividades infantiles,pais vasco,bizkaia,15908.67,1018.33
ES,20,2023,9,paisaje naturaleza,actividades,actividades infantiles,pais vasco,gipuzkoa,590288.0,934.0
ES,33,2023,9,paisaje naturaleza,actividades,actividades infantiles,principado de asturias,asturias,782.0,782.0
ES,30,2023,9,paisaje naturaleza,actividades,actividades infantiles,region de murcia,murcia,14394.0,502.0
ES,18,2023,9,servicios,actividades,cursos,andalucia,granada,1440.0,120.0
ES,23,2023,9,servicios,actividades,cursos,andalucia,jaen,16016.0,1001.0
ES,29,2023,9,servicios,actividades,cursos,andalucia,malaga,135304.67,1832.67
ES,41,2023,9,servicios,actividades,cursos,andalucia,sevilla,1550.0,50.0
ES,35,2023,9,servicios,actividades,cursos,canarias,las palmas,4597.5,4460.0
ES,38,2023,9,servicios,actividades,cursos,canarias,santa cruz de tenerife,2129.0,4258.0
ES,39,2023,9,servicios,actividades,cursos,cantabria,cantabria,2400.0,800.0
ES,45,2023,9,servicios,actividades,cursos,castilla - la mancha,toledo,25434.0,2826.0
ES,08,2023,9,servicios,actividades,cursos,cataluna,barcelona,240538.5,3611.5
ES,17,2023,9,servicios,actividades,cursos,cataluna,girona,2190.0,795.0
ES,43,2023,9,servicios,actividades,cursos,cataluna,tarragona,3045.0,1015.0
ES,28,2023,9,servicios,actividades,cursos,comunidad de madrid,madrid,645354.5,2155.0
ES,46,2023,9,servicios,actividades,cursos,comunitat valenciana,valencia/valencia,81905.5,6478.5
ES,10,2023,9,servicios,actividades,cursos,extremadura,caceres,100.0,100.0
ES,36,2023,9,servicios,actividades,cursos,galicia,pontevedra,9191.0,1313.0
ES,07,2023,9,servicios,actividades,cursos,illes balears,illes balears,14463.29,924.29
ES,48,2023,9,servicios,actividades,cursos,pais vasco,bizkaia,68445.33,5183.0
ES,20,2023,9,servicios,actividades,cursos,pais vasco,gipuzkoa,1875.0,375.0
ES,30,2023,9,servicios,actividades,cursos,region de murcia,murcia,860.0,430.0
ES,04,2023,9,paisaje naturaleza,actividades,deportes y aventuras,andalucia,almeria,225578.0,5246.0
ES,11,2023,9,paisaje naturaleza,actividades,deportes y aventuras,andalucia,cadiz,166992.0,1136.0
ES,18,2023,9,paisaje naturaleza,actividades,deportes y aventuras,andalucia,granada,4555.0,429.0
ES,23,2023,9,paisaje naturaleza,actividades,deportes y aventuras,andalucia,jaen,14142.0,7071.0
ES,29,2023,9,paisaje naturaleza,actividades,deportes y aventuras,andalucia,malaga,404019.0,2842.0
ES,41,2023,9,paisaje naturaleza,actividades,deportes y aventuras,andalucia,sevilla,10507.0,553.0
ES,50,2023,9,paisaje naturaleza,actividades,deportes y aventuras,aragon,zaragoza,59034.0,796.5
ES,35,2023,9,paisaje naturaleza,actividades,deportes y aventuras,canarias,las palmas,214079.0,2207.0
ES,38,2023,9,paisaje naturaleza,actividades,deportes y aventuras,canarias,santa cruz de tenerife,78584.0,4136.0
ES,45,2023,9,paisaje naturaleza,actividades,deportes y aventuras,castilla - la mancha,toledo,250.0,250.0
ES,05,2023,9,paisaje naturaleza,actividades,deportes y aventuras,castilla y leon,avila,13324.0,6662.0
ES,08,2023,9,paisaje naturaleza,actividades,deportes y aventuras,cataluna,barcelona,154820.4,1569.2
ES,17,2023,9,paisaje naturaleza,actividades,deportes y aventuras,cataluna,girona,38890.67,433.67
ES,43,2023,9,paisaje naturaleza,actividades,deportes y aventuras,cataluna,tarragona,1089.0,363.0
ES,28,2023,9,paisaje naturaleza,actividades,deportes y aventuras,comunidad de madrid,madrid,63108.0,1464.5
ES,31,2023,9,paisaje naturaleza,actividades,deportes y aventuras,comunidad foral de navarra,navarra,254896.0,1432.0
ES,03,2023,9,paisaje naturaleza,actividades,deportes y aventuras,comunitat valenciana,alicante/alacant,86576.0,3472.67
ES,12,2023,9,paisaje naturaleza,actividades,deportes y aventuras,comunitat valenciana,castellon/castello,39930.0,165.0
ES,46,2023,9,paisaje naturaleza,actividades,deportes y aventuras,comunitat valenciana,valencia/valencia,29472.0,2456.0
ES,06,2023,9,paisaje naturaleza,actividades,deportes y aventuras,extremadura,badajoz,3360.0,105.0
ES,10,2023,9,paisaje naturaleza,actividades,deportes y aventuras,extremadura,caceres,11904.0,124.0
ES,15,2023,9,paisaje naturaleza,actividades,deportes y aventuras,galicia,a coruna,67201.0,1003.0
ES,07,2023,9,paisaje naturaleza,actividades,deportes y aventuras,illes balears,illes balears,23052.5,773.5
ES,01,2023,9,paisaje naturaleza,actividades,deportes y aventuras,pais vasco,araba/alava,982.0,982.0
ES,48,2023,9,paisaje naturaleza,actividades,deportes y aventuras,pais vasco,bizkaia,352182.0,2229.0
ES,30,2023,9,paisaje naturaleza,actividades,deportes y aventuras,region de murcia,murcia,10372.0,2593.0
ES,29,2023,9,comida y bebida,actividades,gastronomia,andalucia,malaga,12027.0,1266.0
ES,41,2023,9,comida y bebida,actividades,gastronomia,andalucia,sevilla,2600.0,100.0
ES,22,2023,9,comida y bebida,actividades,gastronomia,aragon,huesca,36416.0,2276.0
ES,50,2023,9,comida y bebida,actividades,gastronomia,aragon,zaragoza,51588.0,2866.0
ES,35,2023,9,comida y bebida,actividades,gastronomia,canarias,las palmas,550.0,275.0
ES,08,2023,9,comida y bebida,actividades,gastronomia,cataluna,barcelona,394199.2,548.4
ES,17,2023,9,comida y bebida,actividades,gastronomia,cataluna,girona,2313.0,771.67
ES,43,2023,9,comida y bebida,actividades,gastronomia,cataluna,tarragona,181599.0,5503.0
ES,28,2023,9,comida y bebida,actividades,gastronomia,comunidad de madrid,madrid,168472.5,3831.5
ES,03,2023,9,comida y bebida,actividades,gastronomia,comunitat valenciana,alicante/alacant,49848.0,1608.0
ES,12,2023,9,comida y bebida,actividades,gastronomia,comunitat valenciana,castellon/castello,95256.0,504.0
ES,46,2023,9,comida y bebida,actividades,gastronomia,comunitat valenciana,valencia/valencia,1020.0,60.0
ES,07,2023,9,comida y bebida,actividades,gastronomia,illes balears,illes balears,16726.67,573.33
ES,26,2023,9,comida y bebida,actividades,gastronomia,la rioja,la rioja,570.0,30.0
ES,20,2023,9,comida y bebida,actividades,gastronomia,pais vasco,gipuzkoa,90219.0,1037.0
ES,30,2023,9,comida y bebida,actividades,gastronomia,region de murcia,murcia,1400.0,70.0
ES,41,2023,9,vida nocturna,espectaculos,cine,andalucia,sevilla,356588.0,373.0
ES,22,2023,9,vida nocturna,espectaculos,cine,aragon,huesca,2300.0,50.0
ES,50,2023,9,vida nocturna,espectaculos,cine,aragon,zaragoza,726.0,66.0
ES,39,2023,9,vida nocturna,espectaculos,cine,cantabria,cantabria,480.0,120.0
ES,02,2023,9,vida nocturna,espectaculos,cine,castilla - la mancha,albacete,5334.0,762.0
ES,08,2023,9,vida nocturna,espectaculos,cine,cataluna,barcelona,95664.67,536.0
ES,17,2023,9,vida nocturna,espectaculos,cine,cataluna,girona,100.0,50.0
ES,43,2023,9,vida nocturna,espectaculos,cine,cataluna,tarragona,1330.0,70.0
ES,28,2023,9,vida nocturna,espectaculos,cine,comunidad de madrid,madrid,98736.0,816.0
ES,03,2023,9,vida nocturna,espectaculos,cine,comunitat valenciana,alicante/alacant,300.0,50.0
ES,07,2023,9,vida nocturna,espectaculos,cine,illes balears,illes balears,90.0,30.0
ES,48,2023,9,vida nocturna,espectaculos,cine,pais vasco,bizkaia,6120.0,30.0
ES,20,2023,9,vida nocturna,espectaculos,cine,pais vasco,gipuzkoa,7146.0,208.0
ES,29,2023,9,otros,espectaculos,conferencias,andalucia,malaga,9129.0,628.5
ES,50,2023,9,otros,espectaculos,conferencias,aragon,zaragoza,1170.0,195.0
ES,35,2023,9,otros,espectaculos,conferencias,canarias,las palmas,27400.0,200.0
ES,28,2023,9,otros,espectaculos,conferencias,comunidad de madrid,madrid,228821.5,11003.5
ES,07,2023,9,otros,espectaculos,conferencias,illes balears,illes balears,20190.0,2019.0
ES,04,2023,9,paisaje urbano,espectaculos,"cultura, teatro y danza",andalucia,almeria,843543.33,1414.67
ES,11,2023,9,paisaje urbano,espectaculos,"cultura, teatro y danza",andalucia,cadiz,1338.0,669.0
ES,14,2023,9,paisaje urbano,espectaculos,"cultura, teatro y danza",andalucia,cordoba,645904.0,1264.0
ES,18,2023,9,paisaje urbano,espectaculos,"cultura, teatro y danza",andalucia,granada,106154.33,971.0
ES,29,2023,9,paisaje urbano,espectaculos,"cultura, teatro y danza",andalucia,malaga,275355.33,675.33
ES,41,2023,9,paisaje urbano,espectaculos,"cultura, teatro y danza",andalucia,sevilla,861118.33,386.67
ES,50,2023,9,paisaje urbano,espectaculos,"cultura, teatro y danza",aragon,zaragoza,1243853.0,587.0
ES,35,2023,9,paisaje urbano,espectaculos,"cultura, teatro y danza",canarias,las palmas,223965.67,772.5
ES,38,2023,9,paisaje urbano,espectaculos,"cultura, teatro y danza",canarias,santa cruz de tenerife,98168.67,1736.0
ES,39,2023,9,paisaje urbano,espectaculos,"cultura, teatro y danza",cantabria,cantabria,45540.0,180.0
ES,02,2023,9,paisaje urbano,espectaculos,"cultura, teatro y danza",castilla - la mancha,albacete,6444.0,716.0
ES,13,2023,9,paisaje urbano,espectaculos,"cultura, teatro y danza",castilla - la mancha,ciudad real,22086.0,818.0
ES,45,2023,9,paisaje urbano,espectaculos,"cultura, teatro y danza",castilla - la mancha,toledo,85992.0,622.0
ES,09,2023,9,paisaje urbano,espectaculos,"cultura, teatro y danza",castilla y leon,burgos,4512.0,48.0
ES,37,2023,9,paisaje urbano,espectaculos,"cultura, teatro y danza",castilla y leon,salamanca,540934.5,694.0
ES,47,2023,9,paisaje urbano,espectaculos,"cultura, teatro y danza",castilla y leon,valladolid,91740.0,272.33
ES,08,2023,9,paisaje urbano,espectaculos,"cultura, teatro y danza",cataluna,barcelona,415479.67,938.0
ES,17,2023,9,paisaje urbano,espectaculos,"cultura, teatro y danza",cataluna,girona,15118.67,1317.33
ES,25,2023,9,paisaje urbano,espectaculos,"cultura, teatro y danza",cataluna,lleida,1305.0,40.0
ES,43,2023,9,paisaje urbano,espectaculos,"cultura, teatro y danza",cataluna,tarragona,87400.4,1562.4
ES,51,2023,9,paisaje urbano,espectaculos,"cultura, teatro y danza",ceuta,ceuta,14239.0,491.0
ES,28,2023,9,paisaje urbano,espectaculos,"cultura, teatro y danza",comunidad de madrid,madrid,287426.6,565.3
ES,31,2023,9,paisaje urbano,espectaculos,"cultura, teatro y danza",comunidad foral de navarra,navarra,1560.0,390.0
ES,03,2023,9,paisaje urbano,espectaculos,"cultura, teatro y danza",comunitat valenciana,alicante/alacant,213703.33,1265.0
ES,12,2023,9,paisaje urbano,espectaculos,"cultura, teatro y danza",comunitat valenciana,castellon/castello,7074.0,786.0
ES,46,2023,9,paisaje urbano,espectaculos,"cultura, teatro y danza",comunitat valenciana,valencia/valencia,1221132.0,1163.0
ES,06,2023,9,paisaje urbano,espectaculos,"cultura, teatro y danza",extremadura,badajoz,26672.0,168.0
ES,10,2023,9,paisaje urbano,espectaculos,"cultura, teatro y danza",extremadura,caceres,32986.0,701.0
ES,15,2023,9,paisaje urbano,espectaculos,"cultura, teatro y danza",galicia,a coruna,17725.0,709.0
ES,27,2023,9,paisaje urbano,espectaculos,"cultura, teatro y danza",galicia,lugo,52273.5,954.5
ES,32,2023,9,paisaje urbano,espectaculos,"cultura, teatro y danza",galicia,ourense,57892.0,164.0
ES,36,2023,9,paisaje urbano,espectaculos,"cultura, teatro y danza",galicia,pontevedra,279265.0,707.0
ES,07,2023,9,paisaje urbano,espectaculos,"cultura, teatro y danza",illes balears,illes balears,187180.86,930.0
ES,26,2023,9,paisaje urbano,espectaculos,"cultura, teatro y danza",la rioja,la rioja,315224.0,1732.0
ES,01,2023,9,paisaje urbano,espectaculos,"cultura, teatro y danza",pais vasco,araba/alava,129122.0,802.0
ES,48,2023,9,paisaje urbano,espectaculos,"cultura, teatro y danza",pais vasco,bizkaia,17055.67,736.0
ES,20,2023,9,paisaje urbano,espectaculos,"cultura, teatro y danza",pais vasco,gipuzkoa,177434.0,849.0
ES,33,2023,9,paisaje urbano,espectaculos,"cultura, teatro y danza",principado de asturias,asturias,15771.67,706.33
ES,30,2023,9,paisaje urbano,espectaculos,"cultura, teatro y danza",region de murcia,murcia,57416.0,413.0
ES,29,2023,9,compras,espectaculos,ferias,andalucia,malaga,12008.0,632.0
ES,28,2023,9,compras,espectaculos,ferias,comunidad de madrid,madrid,438501.0,20881.0
ES,07,2023,9,compras,espectaculos,ferias,illes balears,illes balears,20190.0,2019.0
ES,50,2023,9,paisaje urbano,espectaculos,museo y exposiciones,aragon,zaragoza,67374.0,342.0
ES,45,2023,9,paisaje urbano,espectaculos,museo y exposiciones,castilla - la mancha,toledo,93312.0,648.0
ES,37,2023,9,paisaje urbano,espectaculos,museo y exposiciones,castilla y leon,salamanca,100005.0,339.0
ES,08,2023,9,paisaje urbano,espectaculos,museo y exposiciones,cataluna,barcelona,53119.0,822.5
ES,43,2023,9,paisaje urbano,espectaculos,museo y exposiciones,cataluna,tarragona,87467.0,1861.0
ES,28,2023,9,paisaje urbano,espectaculos,museo y exposiciones,comunidad de madrid,madrid,120.0,120.0
ES,46,2023,9,paisaje urbano,espectaculos,museo y exposiciones,comunitat valenciana,valencia/valencia,36612.0,1356.0
ES,07,2023,9,paisaje urbano,espectaculos,museo y exposiciones,illes balears,illes balears,3453.33,518.0
ES,48,2023,9,paisaje urbano,espectaculos,museo y exposiciones,pais vasco,bizkaia,31527.0,93.0
ES,04,2023,9,vida nocturna,espectaculos,musica,andalucia,almeria,299007.75,1389.75
ES,11,2023,9,vida nocturna,espectaculos,musica,andalucia,cadiz,131708.57,732.14
ES,14,2023,9,vida nocturna,espectaculos,musica,andalucia,cordoba,193538.75,1903.5
ES,18,2023,9,vida nocturna,espectaculos,musica,andalucia,granada,122973.0,942.75
ES,23,2023,9,vida nocturna,espectaculos,musica,andalucia,jaen,56688.25,1610.0
ES,29,2023,9,vida nocturna,espectaculos,musica,andalucia,malaga,354948.86,1374.0
ES,41,2023,9,vida nocturna,espectaculos,musica,andalucia,sevilla,1096072.5,1835.5
ES,22,2023,9,vida nocturna,espectaculos,musica,aragon,huesca,91257.33,1700.0
ES,44,2023,9,vida nocturna,espectaculos,musica,aragon,teruel,195997.0,1625.5
ES,50,2023,9,vida nocturna,espectaculos,musica,aragon,zaragoza,2164636.67,1445.67
ES,35,2023,9,vida nocturna,espectaculos,musica,canarias,las palmas,232548.11,1343.89
ES,38,2023,9,vida nocturna,espectaculos,musica,canarias,santa cruz de tenerife,475059.33,1482.33
ES,39,2023,9,vida nocturna,espectaculos,musica,cantabria,cantabria,1401608.0,1573.0
ES,02,2023,9,vida nocturna,espectaculos,musica,castilla - la mancha,albacete,285003.33,1380.67
ES,13,2023,9,vida nocturna,espectaculos,musica,castilla - la mancha,ciudad real,66042.75,1576.0
ES,16,2023,9,vida nocturna,espectaculos,musica,castilla - la mancha,cuenca,28908.0,1314.0
ES,19,2023,9,vida nocturna,espectaculos,musica,castilla - la mancha,guadalajara,22044.0,1002.0
ES,45,2023,9,vida nocturna,espectaculos,musica,castilla - la mancha,toledo,24470.33,2324.67
ES,09,2023,9,vida nocturna,espectaculos,musica,castilla y leon,burgos,119720.0,1466.0
ES,24,2023,9,vida nocturna,espectaculos,musica,castilla y leon,leon,23498.0,769.0
ES,34,2023,9,vida nocturna,espectaculos,musica,castilla y leon,palencia,18072.0,1506.0
ES,37,2023,9,vida nocturna,espectaculos,musica,castilla y leon,salamanca,340215.0,770.5
ES,40,2023,9,vida nocturna,espectaculos,musica,castilla y leon,segovia,1284203.5,1620.5
ES,42,2023,9,vida nocturna,espectaculos,musica,castilla y leon,soria,45150.0,150.0
ES,47,2023,9,vida nocturna,espectaculos,musica,castilla y leon,valladolid,70655.67,1499.67
ES,49,2023,9,vida nocturna,espectaculos,musica,castilla y leon,zamora,502109.0,1789.0
ES,08,2023,9,vida nocturna,espectaculos,musica,cataluna,barcelona,216603.77,1228.38
ES,17,2023,9,vida nocturna,espectaculos,musica,cataluna,girona,75529.94,978.65
ES,25,2023,9,vida nocturna,espectaculos,musica,cataluna,lleida,56653.8,840.4
ES,43,2023,9,vida nocturna,espectaculos,musica,cataluna,tarragona,146191.52,1035.05
ES,28,2023,9,vida nocturna,espectaculos,musica,comunidad de madrid,madrid,2232058.81,1151.31
ES,31,2023,9,vida nocturna,espectaculos,musica,comunidad foral de navarra,navarra,1213552.0,2368.67
ES,03,2023,9,vida nocturna,espectaculos,musica,comunitat valenciana,alicante/alacant,499155.86,1485.07
ES,12,2023,9,vida nocturna,espectaculos,musica,comunitat valenciana,castellon/castello,39984.0,756.0
ES,46,2023,9,vida nocturna,espectaculos,musica,comunitat valenciana,valencia/valencia,432539.4,896.0
ES,06,2023,9,vida nocturna,espectaculos,musica,extremadura,badajoz,138769.0,1087.5
ES,10,2023,9,vida nocturna,espectaculos,musica,extremadura,caceres,62226.5,1166.5
ES,15,2023,9,vida nocturna,espectaculos,musica,galicia,a coruna,251875.29,1080.0
ES,27,2023,9,vida nocturna,espectaculos,musica,galicia,lugo,8878.0,583.5
ES,32,2023,9,vida nocturna,espectaculos,musica,galicia,ourense,463090.0,1861.0
ES,36,2023,9,vida nocturna,espectaculos,musica,galicia,pontevedra,256247.75,1249.25
ES,07,2023,9,vida nocturna,espectaculos,musica,illes balears,illes balears,619084.76,1376.07
ES,26,2023,9,vida nocturna,espectaculos,musica,la rioja,la rioja,231657.0,2052.0
ES,01,2023,9,vida nocturna,espectaculos,musica,pais vasco,araba/alava,109815.5,664.5
ES,48,2023,9,vida nocturna,espectaculos,musica,pais vasco,bizkaia,399809.5,1135.0
ES,20,2023,9,vida nocturna,espectaculos,musica,pais vasco,gipuzkoa,147000.25,1341.62
ES,33,2023,9,vida nocturna,espectaculos,musica,principado de asturias,asturias,411381.0,947.25
ES,30,2023,9,vida nocturna,espectaculos,musica,region de murcia,murcia,937488.0,1215.0
ES,14,2023,9,vida nocturna,espectaculos,musicales,andalucia,cordoba,27216.0,1134.0
ES,18,2023,9,vida nocturna,espectaculos,musicales,andalucia,granada,825.0,75.0
ES,29,2023,9,vida nocturna,espectaculos,musicales,andalucia,malaga,342574.0,2182.0
ES,41,2023,9,vida nocturna,espectaculos,musicales,andalucia,sevilla,7684.0,113.0
ES,50,2023,9,vida nocturna,espectaculos,musicales,aragon,zaragoza,309802.0,811.0
ES,35,2023,9,vida nocturna,espectaculos,musicales,canarias,las palmas,6697.0,905.0
ES,39,2023,9,vida nocturna,espectaculos,musicales,cantabria,cantabria,130764.0,1282.0
ES,13,2023,9,vida nocturna,espectaculos,musicales,castilla - la mancha,ciudad real,10218.0,786.0
ES,37,2023,9,vida nocturna,espectaculos,musicales,castilla y leon,salamanca,981864.0,1049.0
ES,47,2023,9,vida nocturna,espectaculos,musicales,castilla y leon,valladolid,120744.0,1548.0
ES,08,2023,9,vida nocturna,espectaculos,musicales,cataluna,barcelona,305932.0,1383.75
ES,43,2023,9,vida nocturna,espectaculos,musicales,cataluna,tarragona,403568.0,2293.0
ES,28,2023,9,vida nocturna,espectaculos,musicales,comunidad de madrid,madrid,39120.0,779.0
ES,46,2023,9,vida nocturna,espectaculos,musicales,comunitat valenciana,valencia/valencia,473824.0,1020.0
ES,06,2023,9,vida nocturna,espectaculos,musicales,extremadura,badajoz,26672.0,168.0
ES,10,2023,9,vida nocturna,espectaculos,musicales,extremadura,caceres,32986.0,701.0
ES,15,2023,9,vida nocturna,espectaculos,musicales,galicia,a coruna,16192.0,704.0
ES,27,2023,9,vida nocturna,espectaculos,musicales,galicia,lugo,103761.0,1647.0
ES,32,2023,9,vida nocturna,espectaculos,musicales,galicia,ourense,57892.0,164.0
ES,36,2023,9,vida nocturna,espectaculos,musicales,galicia,pontevedra,95795.0,805.0
ES,07,2023,9,vida nocturna,espectaculos,musicales,illes balears,illes balears,340953.17,1146.17
ES,33,2023,9,vida nocturna,espectaculos,musicales,principado de asturias,asturias,6504.0,813.0
ES,43,2023,9,paisaje naturaleza,espectaculos,parques tematicos,cataluna,tarragona,1089.0,363.0
ES,04,2023,10,paisaje naturaleza,actividades,actividades infantiles,andalucia,almeria,13081.0,145.67
ES,11,2023,10,paisaje naturaleza,actividades,actividades infantiles,andalucia,cadiz,285480.0,1321.5
ES,14,2023,10,paisaje naturaleza,actividades,actividades infantiles,andalucia,cordoba,83421.5,2414.5
ES,18,2023,10,paisaje naturaleza,actividades,actividades infantiles,andalucia,granada,1396.0,1396.0
ES,23,2023,10,paisaje naturaleza,actividades,actividades infantiles,andalucia,jaen,160088.5,968.0
ES,29,2023,10,paisaje naturaleza,actividades,actividades infantiles,andalucia,malaga,297352.0,872.0
ES,41,2023,10,paisaje naturaleza,actividades,actividades infantiles,andalucia,sevilla,399889.0,1586.0
ES,50,2023,10,paisaje naturaleza,actividades,actividades infantiles,aragon,zaragoza,79618.0,658.0
ES,35,2023,10,paisaje naturaleza,actividades,actividades infantiles,canarias,las palmas,11346.0,62.0
ES,38,2023,10,paisaje naturaleza,actividades,actividades infantiles,canarias,santa cruz de tenerife,8683.0,1227.5
ES,39,2023,10,paisaje naturaleza,actividades,actividades infantiles,cantabria,cantabria,22401.0,1179.0
ES,02,2023,10,paisaje naturaleza,actividades,actividades infantiles,castilla - la mancha,albacete,1416.0,59.0
ES,13,2023,10,paisaje naturaleza,actividades,actividades infantiles,castilla - la mancha,ciudad real,29084.0,661.0
ES,19,2023,10,paisaje naturaleza,actividades,actividades infantiles,castilla - la mancha,guadalajara,141791.0,2534.0
ES,45,2023,10,paisaje naturaleza,actividades,actividades infantiles,castilla - la mancha,toledo,9035.0,65.0
ES,47,2023,10,paisaje naturaleza,actividades,actividades infantiles,castilla y leon,valladolid,76898.0,738.0
ES,08,2023,10,paisaje naturaleza,actividades,actividades infantiles,cataluna,barcelona,234356.73,1280.27
ES,17,2023,10,paisaje naturaleza,actividades,actividades infantiles,cataluna,girona,24272.0,1288.0
ES,43,2023,10,paisaje naturaleza,actividades,actividades infantiles,cataluna,tarragona,61447.0,1000.0
ES,28,2023,10,paisaje naturaleza,actividades,actividades infantiles,comunidad de madrid,madrid,106741.09,812.27
ES,31,2023,10,paisaje naturaleza,actividades,actividades infantiles,comunidad foral de navarra,navarra,6674.0,142.0
ES,03,2023,10,paisaje naturaleza,actividades,actividades infantiles,comunitat valenciana,alicante/alacant,227532.5,1291.5
ES,12,2023,10,paisaje naturaleza,actividades,actividades infantiles,comunitat valenciana,castellon/castello,5250.0,150.0
ES,46,2023,10,paisaje naturaleza,actividades,actividades infantiles,comunitat valenciana,valencia/valencia,1470771.6,1713.2
ES,06,2023,10,paisaje naturaleza,actividades,actividades infantiles,extremadura,badajoz,198138.0,837.0
ES,10,2023,10,paisaje naturaleza,actividades,actividades infantiles,extremadura,caceres,4650.67,894.0
ES,15,2023,10,paisaje naturaleza,actividades,actividades infantiles,galicia,a coruna,156674.0,722.0
ES,27,2023,10,paisaje naturaleza,actividades,actividades infantiles,galicia,lugo,63412.0,1609.5
ES,07,2023,10,paisaje naturaleza,actividades,actividades infantiles,illes balears,illes balears,127332.14,543.14
ES,26,2023,10,paisaje naturaleza,actividades,actividades infantiles,la rioja,la rioja,3795.0,165.0
ES,01,2023,10,paisaje naturaleza,actividades,actividades infantiles,pais vasco,araba/alava,11011.75,500.5
ES,48,2023,10,paisaje naturaleza,actividades,actividades infantiles,pais vasco,bizkaia,199884.5,811.5
ES,20,2023,10,paisaje naturaleza,actividades,actividades infantiles,pais vasco,gipuzkoa,53393.0,328.67
ES,33,2023,10,paisaje naturaleza,actividades,actividades infantiles,principado de asturias,asturias,98400.67,719.0
ES,30,2023,10,paisaje naturaleza,actividades,actividades infantiles,region de murcia,murcia,26911.0,203.0
ES,11,2023,10,servicios,actividades,cursos,andalucia,cadiz,9286.0,9286.0
ES,18,2023,10,servicios,actividades,cursos,andalucia,granada,840.0,120.0
ES,29,2023,10,servicios,actividades,cursos,andalucia,malaga,31986.67,596.0
ES,41,2023,10,servicios,actividades,cursos,andalucia,sevilla,250.0,50.0
ES,35,2023,10,servicios,actividades,cursos,canarias,las palmas,40643.0,5058.5
ES,38,2023,10,servicios,actividades,cursos,canarias,santa cruz de tenerife,1308.0,1308.0
ES,39,2023,10,servicios,actividades,cursos,cantabria,cantabria,110997.0,12333.0
ES,45,2023,10,servicios,actividades,cursos,castilla - la mancha,toledo,3160.0,316.0
ES,47,2023,10,servicios,actividades,cursos,castilla y leon,valladolid,1200.0,300.0
ES,08,2023,10,servicios,actividades,cursos,cataluna,barcelona,171295.33,1765.67
ES,17,2023,10,servicios,actividades,cursos,cataluna,girona,5976.0,1992.0
ES,43,2023,10,servicios,actividades,cursos,cataluna,tarragona,985.0,737.5
ES,28,2023,10,servicios,actividades,cursos,comunidad de madrid,madrid,1913918.0,4787.5
ES,03,2023,10,servicios,actividades,cursos,comunitat valenciana,alicante/alacant,1560.0,390.0
ES,46,2023,10,servicios,actividades,cursos,comunitat valenciana,valencia/valencia,190207.5,4629.0
ES,10,2023,10,servicios,actividades,cursos,extremadura,caceres,100.0,100.0
ES,15,2023,10,servicios,actividades,cursos,galicia,a coruna,50778.0,7254.0
ES,07,2023,10,servicios,actividades,cursos,illes balears,illes balears,240457.8,1717.4
ES,20,2023,10,servicios,actividades,cursos,pais vasco,gipuzkoa,600.0,600.0
ES,33,2023,10,servicios,actividades,cursos,principado de asturias,asturias,250.0,250.0
ES,30,2023,10,servicios,actividades,cursos,region de murcia,murcia,4300.0,430.0
ES,04,2023,10,paisaje naturaleza,actividades,deportes y aventuras,andalucia,almeria,23937.5,362.5
ES,11,2023,10,paisaje naturaleza,actividades,deportes y aventuras,andalucia,cadiz,285480.0,1321.5
ES,18,2023,10,paisaje naturaleza,actividades,deportes y aventuras,andalucia,granada,34979.0,1943.0
ES,23,2023,10,paisaje naturaleza,actividades,deportes y aventuras,andalucia,jaen,160088.5,968.0
ES,29,2023,10,paisaje naturaleza,actividades,deportes y aventuras,andalucia,malaga,1284989.0,2320.5
ES,41,2023,10,paisaje naturaleza,actividades,deportes y aventuras,andalucia,sevilla,46165.5,286.5
ES,50,2023,10,paisaje naturaleza,actividades,deportes y aventuras,aragon,zaragoza,1000602.0,2372.0
ES,35,2023,10,paisaje naturaleza,actividades,deportes y aventuras,canarias,las palmas,37567.33,325.0
ES,38,2023,10,paisaje naturaleza,actividades,deportes y aventuras,canarias,santa cruz de tenerife,62118.0,1479.0
ES,13,2023,10,paisaje naturaleza,actividades,deportes y aventuras,castilla - la mancha,ciudad real,8118.0,1804.0
ES,19,2023,10,paisaje naturaleza,actividades,deportes y aventuras,castilla - la mancha,guadalajara,141791.0,2534.0
ES,08,2023,10,paisaje naturaleza,actividades,deportes y aventuras,cataluna,barcelona,284754.88,2037.62
ES,17,2023,10,paisaje naturaleza,actividades,deportes y aventuras,cataluna,girona,50.0,50.0
ES,43,2023,10,paisaje naturaleza,actividades,deportes y aventuras,cataluna,tarragona,726.0,363.0
ES,31,2023,10,paisaje naturaleza,actividades,deportes y aventuras,comunidad foral de navarra,navarra,10290.0,147.0
ES,03,2023,10,paisaje naturaleza,actividades,deportes y aventuras,comunitat valenciana,alicante/alacant,192890.2,1387.8
ES,46,2023,10,paisaje naturaleza,actividades,deportes y aventuras,comunitat valenciana,valencia/valencia,363921.0,4089.0
ES,06,2023,10,paisaje naturaleza,actividades,deportes y aventuras,extremadura,badajoz,108671.0,1553.5
ES,10,2023,10,paisaje naturaleza,actividades,deportes y aventuras,extremadura,caceres,13046.0,1832.0
ES,36,2023,10,paisaje naturaleza,actividades,deportes y aventuras,galicia,pontevedra,200.0,50.0
ES,07,2023,10,paisaje naturaleza,actividades,deportes y aventuras,illes balears,illes balears,871010.33,3191.33
ES,48,2023,10,paisaje naturaleza,actividades,deportes y aventuras,pais vasco,bizkaia,448096.0,1577.0
ES,30,2023,10,paisaje naturaleza,actividades,deportes y aventuras,region de murcia,murcia,44607.33,1622.0
ES,29,2023,10,comida y bebida,actividades,gastronomia,andalucia,malaga,63448.0,1442.0
ES,50,2023,10,comida y bebida,actividades,gastronomia,aragon,zaragoza,15429.0,139.0
ES,35,2023,10,comida y bebida,actividades,gastronomia,canarias,las palmas,3520.0,80.0
ES,08,2023,10,comida y bebida,actividades,gastronomia,cataluna,barcelona,122996.5,1032.25
ES,17,2023,10,comida y bebida,actividades,gastronomia,cataluna,girona,6262.0,101.0
ES,28,2023,10,comida y bebida,actividades,gastronomia,comunidad de madrid,madrid,39214.0,1783.5
ES,03,2023,10,comida y bebida,actividades,gastronomia,comunitat valenciana,alicante/alacant,29138.0,1714.0
ES,46,2023,10,comida y bebida,actividades,gastronomia,comunitat valenciana,valencia/valencia,97692.0,2326.0
ES,15,2023,10,comida y bebida,actividades,gastronomia,galicia,a coruna,3000.0,300.0
ES,07,2023,10,comida y bebida,actividades,gastronomia,illes balears,illes balears,56336.0,4024.0
ES,33,2023,10,comida y bebida,actividades,gastronomia,principado de asturias,asturias,85116.0,1038.0
ES,23,2023,10,vida nocturna,espectaculos,cine,andalucia,jaen,13335.0,635.0
ES,41,2023,10,vida nocturna,espectaculos,cine,andalucia,sevilla,16480.0,40.0
ES,44,2023,10,vida nocturna,espectaculos,cine,aragon,teruel,360.0,45.0
ES,35,2023,10,vida nocturna,espectaculos,cine,canarias,las palmas,500.0,50.0
ES,02,2023,10,vida nocturna,espectaculos,cine,castilla - la mancha,albacete,2025.0,75.0
ES,16,2023,10,vida nocturna,espectaculos,cine,castilla - la mancha,cuenca,500.0,50.0
ES,08,2023,10,vida nocturna,espectaculos,cine,cataluna,barcelona,70586.5,443.5
ES,17,2023,10,vida nocturna,espectaculos,cine,cataluna,girona,1353.33,46.67
ES,28,2023,10,vida nocturna,espectaculos,cine,comunidad de madrid,madrid,12025.0,925.0
ES,03,2023,10,vida nocturna,espectaculos,cine,comunitat valenciana,alicante/alacant,950.0,50.0
ES,46,2023,10,vida nocturna,espectaculos,cine,comunitat valenciana,valencia/valencia,1150.0,46.0
ES,15,2023,10,vida nocturna,espectaculos,cine,galicia,a coruna,75642.0,5403.0
ES,07,2023,10,vida nocturna,espectaculos,cine,illes balears,illes balears,11898.33,584.33
ES,20,2023,10,vida nocturna,espectaculos,cine,pais vasco,gipuzkoa,36232.67,135.67
ES,30,2023,10,vida nocturna,espectaculos,cine,region de murcia,murcia,25755.0,303.0
ES,11,2023,10,otros,espectaculos,conferencias,andalucia,cadiz,1500.0,300.0
ES,29,2023,10,otros,espectaculos,conferencias,andalucia,malaga,15600.0,650.0
ES,50,2023,10,otros,espectaculos,conferencias,aragon,zaragoza,16504.0,2063.0
ES,35,2023,10,otros,espectaculos,conferencias,canarias,las palmas,1950.0,50.0
ES,13,2023,10,otros,espectaculos,conferencias,castilla - la mancha,ciudad real,4200.0,600.0
ES,24,2023,10,otros,espectaculos,conferencias,castilla y leon,leon,11795.0,337.0
ES,08,2023,10,otros,espectaculos,conferencias,cataluna,barcelona,786.0,655.0
ES,28,2023,10,otros,espectaculos,conferencias,comunidad de madrid,madrid,131171.0,7877.5
ES,07,2023,10,otros,espectaculos,conferencias,illes balears,illes balears,2198.0,1161.5
ES,26,2023,10,otros,espectaculos,conferencias,la rioja,la rioja,277617.0,3191.0
ES,04,2023,10,paisaje urbano,espectaculos,"cultura, teatro y danza",andalucia,almeria,43076.67,671.33
ES,11,2023,10,paisaje urbano,espectaculos,"cultura, teatro y danza",andalucia,cadiz,5709.33,862.0
ES,14,2023,10,paisaje urbano,espectaculos,"cultura, teatro y danza",andalucia,cordoba,124009.0,1345.0
ES,18,2023,10,paisaje urbano,espectaculos,"cultura, teatro y danza",andalucia,granada,245451.5,458.5
ES,23,2023,10,paisaje urbano,espectaculos,"cultura, teatro y danza",andalucia,jaen,484.0,484.0
ES,29,2023,10,paisaje urbano,espectaculos,"cultura, teatro y danza",andalucia,malaga,258387.0,1198.5
ES,41,2023,10,paisaje urbano,espectaculos,"cultura, teatro y danza",andalucia,sevilla,821834.4,949.4
ES,50,2023,10,paisaje urbano,espectaculos,"cultura, teatro y danza",aragon,zaragoza,1092023.5,689.0
ES,35,2023,10,paisaje urbano,espectaculos,"cultura, teatro y danza",canarias,las palmas,158784.17,824.5
ES,38,2023,10,paisaje urbano,espectaculos,"cultura, teatro y danza",canarias,santa cruz de tenerife,84747.33,1581.33
ES,39,2023,10,paisaje urbano,espectaculos,"cultura, teatro y danza",cantabria,cantabria,52452.0,1116.0
ES,02,2023,10,paisaje urbano,espectaculos,"cultura, teatro y danza",castilla - la mancha,albacete,114879.0,771.0
ES,13,2023,10,paisaje urbano,espectaculos,"cultura, teatro y danza",castilla - la mancha,ciudad real,3515.0,703.0
ES,16,2023,10,paisaje urbano,espectaculos,"cultura, teatro y danza",castilla - la mancha,cuenca,9072.0,1296.0
ES,45,2023,10,paisaje urbano,espectaculos,"cultura, teatro y danza",castilla - la mancha,toledo,28359.5,294.5
ES,09,2023,10,paisaje urbano,espectaculos,"cultura, teatro y danza",castilla y leon,burgos,300.0,100.0
ES,37,2023,10,paisaje urbano,espectaculos,"cultura, teatro y danza",castilla y leon,salamanca,178075.2,626.8
ES,47,2023,10,paisaje urbano,espectaculos,"cultura, teatro y danza",castilla y leon,valladolid,214627.83,814.33
ES,08,2023,10,paisaje urbano,espectaculos,"cultura, teatro y danza",cataluna,barcelona,548148.64,867.0
ES,17,2023,10,paisaje urbano,espectaculos,"cultura, teatro y danza",cataluna,girona,4388.8,237.6
ES,25,2023,10,paisaje urbano,espectaculos,"cultura, teatro y danza",cataluna,lleida,224087.0,677.0
ES,43,2023,10,paisaje urbano,espectaculos,"cultura, teatro y danza",cataluna,tarragona,180628.5,880.25
ES,28,2023,10,paisaje urbano,espectaculos,"cultura, teatro y danza",comunidad de madrid,madrid,92648.86,605.0
ES,03,2023,10,paisaje urbano,espectaculos,"cultura, teatro y danza",comunitat valenciana,alicante/alacant,374756.8,1246.6
ES,12,2023,10,paisaje urbano,espectaculos,"cultura, teatro y danza",comunitat valenciana,castellon/castello,100606.5,468.5
ES,46,2023,10,paisaje urbano,espectaculos,"cultura, teatro y danza",comunitat valenciana,valencia/valencia,238104.33,959.0
ES,06,2023,10,paisaje urbano,espectaculos,"cultura, teatro y danza",extremadura,badajoz,147356.75,942.5
ES,10,2023,10,paisaje urbano,espectaculos,"cultura, teatro y danza",extremadura,caceres,10947.0,521.0
ES,15,2023,10,paisaje urbano,espectaculos,"cultura, teatro y danza",galicia,a coruna,156674.0,722.0
ES,27,2023,10,paisaje urbano,espectaculos,"cultura, teatro y danza",galicia,lugo,43489.33,1680.33
ES,36,2023,10,paisaje urbano,espectaculos,"cultura, teatro y danza",galicia,pontevedra,215172.0,556.0
ES,07,2023,10,paisaje urbano,espectaculos,"cultura, teatro y danza",illes balears,illes balears,158318.89,878.63
ES,26,2023,10,paisaje urbano,espectaculos,"cultura, teatro y danza",la rioja,la rioja,6160.0,1925.0
ES,01,2023,10,paisaje urbano,espectaculos,"cultura, teatro y danza",pais vasco,araba/alava,8505.33,615.67
ES,48,2023,10,paisaje urbano,espectaculos,"cultura, teatro y danza",pais vasco,bizkaia,325778.0,512.0
ES,20,2023,10,paisaje urbano,espectaculos,"cultura, teatro y danza",pais vasco,gipuzkoa,31636.75,168.75
ES,33,2023,10,paisaje urbano,espectaculos,"cultura, teatro y danza",principado de asturias,asturias,5350.0,153.67
ES,30,2023,10,paisaje urbano,espectaculos,"cultura, teatro y danza",region de murcia,murcia,33258.0,446.0
ES,11,2023,10,compras,espectaculos,ferias,andalucia,cadiz,1500.0,300.0
ES,35,2023,10,compras,espectaculos,ferias,canarias,las palmas,1950.0,50.0
ES,24,2023,10,compras,espectaculos,ferias,castilla y leon,leon,11795.0,337.0
ES,28,2023,10,compras,espectaculos,ferias,comunidad de madrid,madrid,131171.0,7877.5
ES,07,2023,10,compras,espectaculos,ferias,illes balears,illes balears,250.0,250.0
ES,26,2023,10,compras,espectaculos,ferias,la rioja,la rioja,277617.0,3191.0
ES,29,2023,10,paisaje urbano,espectaculos,museo y exposiciones,andalucia,malaga,120.0,40.0
ES,41,2023,10,paisaje urbano,espectaculos,museo y exposiciones,andalucia,sevilla,24992.0,781.0
ES,50,2023,10,paisaje urbano,espectaculos,museo y exposiciones,aragon,zaragoza,3337.0,355.0
ES,45,2023,10,paisaje urbano,espectaculos,museo y exposiciones,castilla - la mancha,toledo,9035.0,65.0
ES,37,2023,10,paisaje urbano,espectaculos,museo y exposiciones,castilla y leon,salamanca,212216.0,328.0
ES,08,2023,10,paisaje urbano,espectaculos,museo y exposiciones,cataluna,barcelona,67588.5,851.5
ES,43,2023,10,paisaje urbano,espectaculos,museo y exposiciones,cataluna,tarragona,179944.0,2168.0
ES,46,2023,10,paisaje urbano,espectaculos,museo y exposiciones,comunitat valenciana,valencia/valencia,15405.0,1185.0
ES,07,2023,10,paisaje urbano,espectaculos,museo y exposiciones,illes balears,illes balears,2590.0,777.0
ES,48,2023,10,paisaje urbano,espectaculos,museo y exposiciones,pais vasco,bizkaia,649026.0,909.0
ES,04,2023,10,vida nocturna,espectaculos,musica,andalucia,almeria,676058.0,1943.6
ES,11,2023,10,vida nocturna,espectaculos,musica,andalucia,cadiz,203434.12,1127.88
ES,14,2023,10,vida nocturna,espectaculos,musica,andalucia,cordoba,209327.67,2463.67
ES,18,2023,10,vida nocturna,espectaculos,musica,andalucia,granada,84216.83,1476.0
ES,21,2023,10,vida nocturna,espectaculos,musica,andalucia,huelva,900.0,100.0
ES,23,2023,10,vida nocturna,espectaculos,musica,andalucia,jaen,101016.0,1411.5
ES,29,2023,10,vida nocturna,espectaculos,musica,andalucia,malaga,607870.0,1361.75
ES,41,2023,10,vida nocturna,espectaculos,musica,andalucia,sevilla,1051008.14,1161.29
ES,22,2023,10,vida nocturna,espectaculos,musica,aragon,huesca,137222.5,973.75
ES,44,2023,10,vida nocturna,espectaculos,musica,aragon,teruel,266814.0,1169.0
ES,50,2023,10,vida nocturna,espectaculos,musica,aragon,zaragoza,2508629.0,991.0
ES,35,2023,10,vida nocturna,espectaculos,musica,canarias,las palmas,133593.5,1365.5
ES,38,2023,10,vida nocturna,espectaculos,musica,canarias,santa cruz de tenerife,580474.67,1702.5
ES,39,2023,10,vida nocturna,espectaculos,musica,cantabria,cantabria,41008.0,1165.0
ES,02,2023,10,vida nocturna,espectaculos,musica,castilla - la mancha,albacete,52634.0,607.0
ES,13,2023,10,vida nocturna,espectaculos,musica,castilla - la mancha,ciudad real,119238.5,1029.25
ES,16,2023,10,vida nocturna,espectaculos,musica,castilla - la mancha,cuenca,158056.0,859.0
ES,19,2023,10,vida nocturna,espectaculos,musica,castilla - la mancha,guadalajara,1989.0,153.0
ES,45,2023,10,vida nocturna,espectaculos,musica,castilla - la mancha,toledo,63685.0,2261.33
ES,05,2023,10,vida nocturna,espectaculos,musica,castilla y leon,avila,80384.0,1256.0
ES,09,2023,10,vida nocturna,espectaculos,musica,castilla y leon,burgos,122557.67,1083.0
ES,24,2023,10,vida nocturna,espectaculos,musica,castilla y leon,leon,95193.0,1288.0
ES,34,2023,10,vida nocturna,espectaculos,musica,castilla y leon,palencia,18044.0,1388.0
ES,37,2023,10,vida nocturna,espectaculos,musica,castilla y leon,salamanca,30006.5,1132.0
ES,40,2023,10,vida nocturna,espectaculos,musica,castilla y leon,segovia,151292.0,1388.0
ES,42,2023,10,vida nocturna,espectaculos,musica,castilla y leon,soria,478036.0,1508.0
ES,47,2023,10,vida nocturna,espectaculos,musica,castilla y leon,valladolid,314179.0,1689.33
ES,49,2023,10,vida nocturna,espectaculos,musica,castilla y leon,zamora,55209.0,1195.0
ES,08,2023,10,vida nocturna,espectaculos,musica,cataluna,barcelona,212778.07,1058.7
ES,17,2023,10,vida nocturna,espectaculos,musica,cataluna,girona,98074.23,1018.31
ES,25,2023,10,vida nocturna,espectaculos,musica,cataluna,lleida,90222.86,648.29
ES,43,2023,10,vida nocturna,espectaculos,musica,cataluna,tarragona,254556.0,1249.64
ES,51,2023,10,vida nocturna,espectaculos,musica,ceuta,ceuta,59413.0,1121.0
ES,28,2023,10,vida nocturna,espectaculos,musica,comunidad de madrid,madrid,2472660.67,755.5
ES,31,2023,10,vida nocturna,espectaculos,musica,comunidad foral de navarra,navarra,415582.17,1491.0
ES,03,2023,10,vida nocturna,espectaculos,musica,comunitat valenciana,alicante/alacant,599588.6,1087.93
ES,12,2023,10,vida nocturna,espectaculos,musica,comunitat valenciana,castellon/castello,315797.0,911.33
ES,46,2023,10,vida nocturna,espectaculos,musica,comunitat valenciana,valencia/valencia,549106.64,1141.64
ES,06,2023,10,vida nocturna,espectaculos,musica,extremadura,badajoz,348015.5,1255.0
ES,10,2023,10,vida nocturna,espectaculos,musica,extremadura,caceres,30102.2,968.8
ES,15,2023,10,vida nocturna,espectaculos,musica,galicia,a coruna,251653.17,958.5
ES,27,2023,10,vida nocturna,espectaculos,musica,galicia,lugo,5506.0,108.0
ES,32,2023,10,vida nocturna,espectaculos,musica,galicia,ourense,444852.0,1764.0
ES,36,2023,10,vida nocturna,espectaculos,musica,galicia,pontevedra,95873.5,1447.5
ES,07,2023,10,vida nocturna,espectaculos,musica,illes balears,illes balears,2125911.04,1319.56
ES,26,2023,10,vida nocturna,espectaculos,musica,la rioja,la rioja,66321.33,661.0
ES,01,2023,10,vida nocturna,espectaculos,musica,pais vasco,araba/alava,54751.5,1256.0
ES,48,2023,10,vida nocturna,espectaculos,musica,pais vasco,bizkaia,565459.83,1011.0
ES,20,2023,10,vida nocturna,espectaculos,musica,pais vasco,gipuzkoa,300944.83,1128.5
ES,33,2023,10,vida nocturna,espectaculos,musica,principado de asturias,asturias,646312.33,1033.67
ES,30,2023,10,vida nocturna,espectaculos,musica,region de murcia,murcia,2022742.0,1147.75
ES,18,2023,10,vida nocturna,espectaculos,musicales,andalucia,granada,42845.0,779.0
ES,29,2023,10,vida nocturna,espectaculos,musicales,andalucia,malaga,369018.0,2158.0
ES,41,2023,10,vida nocturna,espectaculos,musicales,andalucia,sevilla,221946.0,1563.0
ES,50,2023,10,vida nocturna,espectaculos,musicales,aragon,zaragoza,35290.5,56.0
ES,35,2023,10,vida nocturna,espectaculos,musicales,canarias,las palmas,109586.0,698.0
ES,39,2023,10,vida nocturna,espectaculos,musicales,cantabria,cantabria,157638.0,2021.0
ES,37,2023,10,vida nocturna,espectaculos,musicales,castilla y leon,salamanca,296278.5,843.0
ES,47,2023,10,vida nocturna,espectaculos,musicales,castilla y leon,valladolid,135904.0,1096.0
ES,08,2023,10,vida nocturna,espectaculos,musicales,cataluna,barcelona,843213.33,1308.0
ES,43,2023,10,vida nocturna,espectaculos,musicales,cataluna,tarragona,18436.0,2095.0
ES,28,2023,10,vida nocturna,espectaculos,musicales,comunidad de madrid,madrid,75206.67,546.17
ES,03,2023,10,vida nocturna,espectaculos,musicales,comunitat valenciana,alicante/alacant,1050.0,150.0
ES,12,2023,10,vida nocturna,espectaculos,musicales,comunitat valenciana,castellon/castello,5250.0,150.0
ES,46,2023,10,vida nocturna,espectaculos,musicales,comunitat valenciana,valencia/valencia,314853.0,957.0
ES,06,2023,10,vida nocturna,espectaculos,musicales,extremadura,badajoz,276171.5,1716.5
ES,10,2023,10,vida nocturna,espectaculos,musicales,extremadura,caceres,7733.0,209.0
ES,15,2023,10,vida nocturna,espectaculos,musicales,galicia,a coruna,33934.0,722.0
ES,27,2023,10,vida nocturna,espectaculos,musicales,galicia,lugo,63412.0,1609.5
ES,36,2023,10,vida nocturna,espectaculos,musicales,galicia,pontevedra,432.0,432.0
ES,07,2023,10,vida nocturna,espectaculos,musicales,illes balears,illes balears,41286.67,1203.0
ES,26,2023,10,vida nocturna,espectaculos,musicales,la rioja,la rioja,3795.0,165.0
ES,33,2023,10,vida nocturna,espectaculos,musicales,principado de asturias,asturias,1561.5,427.0
ES,30,2023,10,vida nocturna,espectaculos,musicales,region de murcia,murcia,4136.0,1034.0
ES,43,2023,10,paisaje naturaleza,espectaculos,parques tematicos,cataluna,tarragona,726.0,363.0
ES,04,2023,11,paisaje naturaleza,actividades,actividades infantiles,andalucia,almeria,3832.0,116.0
ES,11,2023,11,paisaje naturaleza,actividades,actividades infantiles,andalucia,cadiz,6698.0,197.0
ES,14,2023,11,paisaje naturaleza,actividades,actividades infantiles,andalucia,cordoba,211092.0,1077.0
ES,18,2023,11,paisaje naturaleza,actividades,actividades infantiles,andalucia,granada,16552.5,712.5
ES,21,2023,11,paisaje naturaleza,actividades,actividades infantiles,andalucia,huelva,292023.0,457.0
ES,23,2023,11,paisaje naturaleza,actividades,actividades infantiles,andalucia,jaen,50000.0,250.0
ES,29,2023,11,paisaje naturaleza,actividades,actividades infantiles,andalucia,malaga,937705.0,1123.0
ES,41,2023,11,paisaje naturaleza,actividades,actividades infantiles,andalucia,sevilla,168766.5,976.0
ES,50,2023,11,paisaje naturaleza,actividades,actividades infantiles,aragon,zaragoza,64975.0,565.0
ES,35,2023,11,paisaje naturaleza,actividades,actividades infantiles,canarias,las palmas,28078.5,301.75
ES,38,2023,11,paisaje naturaleza,actividades,actividades infantiles,canarias,santa cruz de tenerife,95803.0,1174.33
ES,39,2023,11,paisaje naturaleza,actividades,actividades infantiles,cantabria,cantabria,133224.0,1586.0
ES,02,2023,11,paisaje naturaleza,actividades,actividades infantiles,castilla - la mancha,albacete,198528.0,517.0
ES,13,2023,11,paisaje naturaleza,actividades,actividades infantiles,castilla - la mancha,ciudad real,4128.0,516.0
ES,19,2023,11,paisaje naturaleza,actividades,actividades infantiles,castilla - la mancha,guadalajara,149816.0,1228.0
ES,45,2023,11,paisaje naturaleza,actividades,actividades infantiles,castilla - la mancha,toledo,39294.0,666.0
ES,47,2023,11,paisaje naturaleza,actividades,actividades infantiles,castilla y leon,valladolid,71262.5,701.5
ES,08,2023,11,paisaje naturaleza,actividades,actividades infantiles,cataluna,barcelona,173745.82,557.64
ES,17,2023,11,paisaje naturaleza,actividades,actividades infantiles,cataluna,girona,27462.0,983.5
ES,43,2023,11,paisaje naturaleza,actividades,actividades infantiles,cataluna,tarragona,42004.5,2085.5
ES,28,2023,11,paisaje naturaleza,actividades,actividades infantiles,comunidad de madrid,madrid,122834.4,591.1
ES,31,2023,11,paisaje naturaleza,actividades,actividades infantiles,comunidad foral de navarra,navarra,4818.0,146.0
ES,03,2023,11,paisaje naturaleza,actividades,actividades infantiles,comunitat valenciana,alicante/alacant,90200.0,827.25
ES,12,2023,11,paisaje naturaleza,actividades,actividades infantiles,comunitat valenciana,castellon/castello,447848.0,1258.0
ES,46,2023,11,paisaje naturaleza,actividades,actividades infantiles,comunitat valenciana,valencia/valencia,2281296.67,1290.0
ES,06,2023,11,paisaje naturaleza,actividades,actividades infantiles,extremadura,badajoz,46993.67,1076.0
ES,10,2023,11,paisaje naturaleza,actividades,actividades infantiles,extremadura,caceres,3504.67,1620.67
ES,15,2023,11,paisaje naturaleza,actividades,actividades infantiles,galicia,a coruna,92202.0,726.0
ES,27,2023,11,paisaje naturaleza,actividades,actividades infantiles,galicia,lugo,75478.0,1618.5
ES,07,2023,11,paisaje naturaleza,actividades,actividades infantiles,illes balears,illes balears,172787.29,847.57
ES,26,2023,11,paisaje naturaleza,actividades,actividades infantiles,la rioja,la rioja,20273.0,97.0
ES,01,2023,11,paisaje naturaleza,actividades,actividades infantiles,pais vasco,araba/alava,173190.5,362.0
ES,48,2023,11,paisaje naturaleza,actividades,actividades infantiles,pais vasco,bizkaia,255594.0,1532.0
ES,20,2023,11,paisaje naturaleza,actividades,actividades infantiles,pais vasco,gipuzkoa,281650.0,386.0
ES,33,2023,11,paisaje naturaleza,actividades,actividades infantiles,principado de asturias,asturias,11987.33,159.33
ES,30,2023,11,paisaje naturaleza,actividades,actividades infantiles,region de murcia,murcia,18920.0,1034.5
ES,11,2023,11,servicios,actividades,cursos,andalucia,cadiz,1200.0,1200.0
ES,18,2023,11,servicios,actividades,cursos,andalucia,granada,720.0,120.0
ES,29,2023,11,servicios,actividades,cursos,andalucia,malaga,13138.67,1020.0
ES,35,2023,11,servicios,actividades,cursos,canarias,las palmas,110.0,110.0
ES,38,2023,11,servicios,actividades,cursos,canarias,santa cruz de tenerife,15776.0,986.0
ES,39,2023,11,servicios,actividades,cursos,cantabria,cantabria,5000.0,1250.0
ES,45,2023,11,servicios,actividades,cursos,castilla - la mancha,toledo,130.0,130.0
ES,47,2023,11,servicios,actividades,cursos,castilla y leon,valladolid,136928.0,3112.0
ES,08,2023,11,servicios,actividades,cursos,cataluna,barcelona,259989.0,4423.0
ES,17,2023,11,servicios,actividades,cursos,cataluna,girona,4525.0,1215.0
ES,43,2023,11,servicios,actividades,cursos,cataluna,tarragona,4722.5,587.5
ES,28,2023,11,servicios,actividades,cursos,comunidad de madrid,madrid,1009648.5,2756.0
ES,31,2023,11,servicios,actividades,cursos,comunidad foral de navarra,navarra,520.0,104.0
ES,03,2023,11,servicios,actividades,cursos,comunitat valenciana,alicante/alacant,48204.0,4017.0
ES,46,2023,11,servicios,actividades,cursos,comunitat valenciana,valencia/valencia,2910.0,970.0
ES,10,2023,11,servicios,actividades,cursos,extremadura,caceres,500.0,100.0
ES,15,2023,11,servicios,actividades,cursos,galicia,a coruna,54649.0,7807.0
ES,07,2023,11,servicios,actividades,cursos,illes balears,illes balears,262942.8,2071.8
ES,01,2023,11,servicios,actividades,cursos,pais vasco,araba/alava,750.0,30.0
ES,48,2023,11,servicios,actividades,cursos,pais vasco,bizkaia,6135.0,382.0
ES,20,2023,11,servicios,actividades,cursos,pais vasco,gipuzkoa,150.0,150.0
ES,33,2023,11,servicios,actividades,cursos,principado de asturias,asturias,450.0,225.0
ES,04,2023,11,paisaje naturaleza,actividades,deportes y aventuras,andalucia,almeria,4653.0,517.0
ES,11,2023,11,paisaje naturaleza,actividades,deportes y aventuras,andalucia,cadiz,6698.0,197.0
ES,18,2023,11,paisaje naturaleza,actividades,deportes y aventuras,andalucia,granada,600.0,200.0
ES,29,2023,11,paisaje naturaleza,actividades,deportes y aventuras,andalucia,malaga,11890.0,290.0
ES,41,2023,11,paisaje naturaleza,actividades,deportes y aventuras,andalucia,sevilla,9135.0,523.0
ES,50,2023,11,paisaje naturaleza,actividades,deportes y aventuras,aragon,zaragoza,26168.0,6542.0
ES,35,2023,11,paisaje naturaleza,actividades,deportes y aventuras,canarias,las palmas,18137.0,259.67
ES,38,2023,11,paisaje naturaleza,actividades,deportes y aventuras,canarias,santa cruz de tenerife,43934.0,1997.0
ES,13,2023,11,paisaje naturaleza,actividades,deportes y aventuras,castilla - la mancha,ciudad real,738.0,1845.0
ES,24,2023,11,paisaje naturaleza,actividades,deportes y aventuras,castilla y leon,leon,108768.0,2266.0
ES,08,2023,11,paisaje naturaleza,actividades,deportes y aventuras,cataluna,barcelona,259280.5,1797.5
ES,17,2023,11,paisaje naturaleza,actividades,deportes y aventuras,cataluna,girona,45261.0,423.0
ES,43,2023,11,paisaje naturaleza,actividades,deportes y aventuras,cataluna,tarragona,59202.0,4554.0
ES,28,2023,11,paisaje naturaleza,actividades,deportes y aventuras,comunidad de madrid,madrid,147024.0,2042.0
ES,31,2023,11,paisaje naturaleza,actividades,deportes y aventuras,comunidad foral de navarra,navarra,240396.0,1541.0
ES,03,2023,11,paisaje naturaleza,actividades,deportes y aventuras,comunitat valenciana,alicante/alacant,190826.0,2347.0
ES,12,2023,11,paisaje naturaleza,actividades,deportes y aventuras,comunitat valenciana,castellon/castello,19854.0,1103.0
ES,46,2023,11,paisaje naturaleza,actividades,deportes y aventuras,comunitat valenciana,valencia/valencia,60537.0,1187.0
ES,06,2023,11,paisaje naturaleza,actividades,deportes y aventuras,extremadura,badajoz,22089.0,1556.5
ES,10,2023,11,paisaje naturaleza,actividades,deportes y aventuras,extremadura,caceres,73404.0,2156.0
ES,27,2023,11,paisaje naturaleza,actividades,deportes y aventuras,galicia,lugo,242128.0,6544.0
ES,07,2023,11,paisaje naturaleza,actividades,deportes y aventuras,illes balears,illes balears,22750.0,650.0
ES,48,2023,11,paisaje naturaleza,actividades,deportes y aventuras,pais vasco,bizkaia,2212608.0,2144.0
ES,30,2023,11,paisaje naturaleza,actividades,deportes y aventuras,region de murcia,murcia,19124.0,4781.0
ES,29,2023,11,comida y bebida,actividades,gastronomia,andalucia,malaga,336918.0,1446.0
ES,50,2023,11,comida y bebida,actividades,gastronomia,aragon,zaragoza,144375.0,1155.0
ES,35,2023,11,comida y bebida,actividades,gastronomia,canarias,las palmas,51136.0,799.0
ES,08,2023,11,comida y bebida,actividades,gastronomia,cataluna,barcelona,174026.67,950.33
ES,17,2023,11,comida y bebida,actividades,gastronomia,cataluna,girona,7200.0,1200.0
ES,28,2023,11,comida y bebida,actividades,gastronomia,comunidad de madrid,madrid,40345.5,1774.5
ES,31,2023,11,comida y bebida,actividades,gastronomia,comunidad foral de navarra,navarra,520.0,104.0
ES,03,2023,11,comida y bebida,actividades,gastronomia,comunitat valenciana,alicante/alacant,119592.0,1661.0
ES,46,2023,11,comida y bebida,actividades,gastronomia,comunitat valenciana,valencia/valencia,86924.0,1561.67
ES,07,2023,11,comida y bebida,actividades,gastronomia,illes balears,illes balears,673354.0,2651.0
ES,01,2023,11,comida y bebida,actividades,gastronomia,pais vasco,araba/alava,750.0,30.0
ES,30,2023,11,comida y bebida,actividades,gastronomia,region de murcia,murcia,35992.0,818.0
ES,41,2023,11,vida nocturna,espectaculos,cine,andalucia,sevilla,116907.0,399.0
ES,44,2023,11,vida nocturna,espectaculos,cine,aragon,teruel,315.0,45.0
ES,50,2023,11,vida nocturna,espectaculos,cine,aragon,zaragoza,11220.0,55.0
ES,35,2023,11,vida nocturna,espectaculos,cine,canarias,las palmas,450.0,50.0
ES,02,2023,11,vida nocturna,espectaculos,cine,castilla - la mancha,albacete,10574.0,311.0
ES,16,2023,11,vida nocturna,espectaculos,cine,castilla - la mancha,cuenca,450.0,50.0
ES,40,2023,11,vida nocturna,espectaculos,cine,castilla y leon,segovia,300.0,30.0
ES,08,2023,11,vida nocturna,espectaculos,cine,cataluna,barcelona,16562.0,637.0
ES,17,2023,11,vida nocturna,espectaculos,cine,cataluna,girona,90.0,45.0
ES,28,2023,11,vida nocturna,espectaculos,cine,comunidad de madrid,madrid,817.0,817.0
ES,03,2023,11,vida nocturna,espectaculos,cine,comunitat valenciana,alicante/alacant,1150.0,50.0
ES,15,2023,11,vida nocturna,espectaculos,cine,galicia,a coruna,14735.0,2947.0
ES,07,2023,11,vida nocturna,espectaculos,cine,illes balears,illes balears,10204.67,502.33
ES,01,2023,11,vida nocturna,espectaculos,cine,pais vasco,araba/alava,369977.0,419.0
ES,20,2023,11,vida nocturna,espectaculos,cine,pais vasco,gipuzkoa,16291.0,329.0
ES,11,2023,11,otros,espectaculos,conferencias,andalucia,cadiz,874832.0,2044.0
ES,50,2023,11,otros,espectaculos,conferencias,aragon,zaragoza,80500.0,500.0
ES,35,2023,11,otros,espectaculos,conferencias,canarias,las palmas,2700.0,50.0
ES,13,2023,11,otros,espectaculos,conferencias,castilla - la mancha,ciudad real,14400.0,600.0
ES,08,2023,11,otros,espectaculos,conferencias,cataluna,barcelona,194481.0,1323.0
ES,28,2023,11,otros,espectaculos,conferencias,comunidad de madrid,madrid,103582.33,4931.0
ES,31,2023,11,otros,espectaculos,conferencias,comunidad foral de navarra,navarra,15504.0,3876.0
ES,32,2023,11,otros,espectaculos,conferencias,galicia,ourense,1000.0,100.0
ES,36,2023,11,otros,espectaculos,conferencias,galicia,pontevedra,80352.0,1296.0
ES,07,2023,11,otros,espectaculos,conferencias,illes balears,illes balears,900.0,450.0
ES,04,2023,11,paisaje urbano,espectaculos,"cultura, teatro y danza",andalucia,almeria,299621.75,926.75
ES,11,2023,11,paisaje urbano,espectaculos,"cultura, teatro y danza",andalucia,cadiz,43935.0,990.0
ES,14,2023,11,paisaje urbano,espectaculos,"cultura, teatro y danza",andalucia,cordoba,1874125.0,1375.0
ES,18,2023,11,paisaje urbano,espectaculos,"cultura, teatro y danza",andalucia,granada,189082.33,977.67
ES,21,2023,11,paisaje urbano,espectaculos,"cultura, teatro y danza",andalucia,huelva,292023.0,457.0
ES,23,2023,11,paisaje urbano,espectaculos,"cultura, teatro y danza",andalucia,jaen,53878.0,682.0
ES,29,2023,11,paisaje urbano,espectaculos,"cultura, teatro y danza",andalucia,malaga,164323.5,807.0
ES,41,2023,11,paisaje urbano,espectaculos,"cultura, teatro y danza",andalucia,sevilla,613714.0,780.25
ES,50,2023,11,paisaje urbano,espectaculos,"cultura, teatro y danza",aragon,zaragoza,162220.0,696.5
ES,35,2023,11,paisaje urbano,espectaculos,"cultura, teatro y danza",canarias,las palmas,272971.5,596.0
ES,38,2023,11,paisaje urbano,espectaculos,"cultura, teatro y danza",canarias,santa cruz de tenerife,149085.0,1500.0
ES,39,2023,11,paisaje urbano,espectaculos,"cultura, teatro y danza",cantabria,cantabria,524888.0,824.0
ES,02,2023,11,paisaje urbano,espectaculos,"cultura, teatro y danza",castilla - la mancha,albacete,233392.0,1006.0
ES,13,2023,11,paisaje urbano,espectaculos,"cultura, teatro y danza",castilla - la mancha,ciudad real,44336.0,652.0
ES,16,2023,11,paisaje urbano,espectaculos,"cultura, teatro y danza",castilla - la mancha,cuenca,3888.0,1296.0
ES,45,2023,11,paisaje urbano,espectaculos,"cultura, teatro y danza",castilla - la mancha,toledo,35565.0,827.67
ES,09,2023,11,paisaje urbano,espectaculos,"cultura, teatro y danza",castilla y leon,burgos,8398.0,1105.0
ES,37,2023,11,paisaje urbano,espectaculos,"cultura, teatro y danza",castilla y leon,salamanca,55722.5,634.0
ES,42,2023,11,paisaje urbano,espectaculos,"cultura, teatro y danza",castilla y leon,soria,4508.0,1127.0
ES,47,2023,11,paisaje urbano,espectaculos,"cultura, teatro y danza",castilla y leon,valladolid,112065.83,701.83
ES,08,2023,11,paisaje urbano,espectaculos,"cultura, teatro y danza",cataluna,barcelona,341788.89,890.05
ES,17,2023,11,paisaje urbano,espectaculos,"cultura, teatro y danza",cataluna,girona,22721.5,1161.5
ES,43,2023,11,paisaje urbano,espectaculos,"cultura, teatro y danza",cataluna,tarragona,63974.67,1201.67
ES,28,2023,11,paisaje urbano,espectaculos,"cultura, teatro y danza",comunidad de madrid,madrid,105153.69,472.77
ES,03,2023,11,paisaje urbano,espectaculos,"cultura, teatro y danza",comunitat valenciana,alicante/alacant,157552.86,1011.71
ES,12,2023,11,paisaje urbano,espectaculos,"cultura, teatro y danza",comunitat valenciana,castellon/castello,306925.0,1494.0
ES,46,2023,11,paisaje urbano,espectaculos,"cultura, teatro y danza",comunitat valenciana,valencia/valencia,1316073.5,947.5
ES,06,2023,11,paisaje urbano,espectaculos,"cultura, teatro y danza",extremadura,badajoz,75878.0,1158.67
ES,10,2023,11,paisaje urbano,espectaculos,"cultura, teatro y danza",extremadura,caceres,118733.5,1460.5
ES,15,2023,11,paisaje urbano,espectaculos,"cultura, teatro y danza",galicia,a coruna,92202.0,726.0
ES,27,2023,11,paisaje urbano,espectaculos,"cultura, teatro y danza",galicia,lugo,75478.0,1618.5
ES,36,2023,11,paisaje urbano,espectaculos,"cultura, teatro y danza",galicia,pontevedra,261124.0,673.0
ES,07,2023,11,paisaje urbano,espectaculos,"cultura, teatro y danza",illes balears,illes balears,185663.06,802.65
ES,26,2023,11,paisaje urbano,espectaculos,"cultura, teatro y danza",la rioja,la rioja,919704.5,1500.5
ES,01,2023,11,paisaje urbano,espectaculos,"cultura, teatro y danza",pais vasco,araba/alava,137271.67,570.33
ES,48,2023,11,paisaje urbano,espectaculos,"cultura, teatro y danza",pais vasco,bizkaia,155857.5,965.0
ES,20,2023,11,paisaje urbano,espectaculos,"cultura, teatro y danza",pais vasco,gipuzkoa,114598.8,509.0
ES,33,2023,11,paisaje urbano,espectaculos,"cultura, teatro y danza",principado de asturias,asturias,13729.67,409.0
ES,30,2023,11,paisaje urbano,espectaculos,"cultura, teatro y danza",region de murcia,murcia,52823.0,792.0
ES,11,2023,11,compras,espectaculos,ferias,andalucia,cadiz,874832.0,2044.0
ES,50,2023,11,compras,espectaculos,ferias,aragon,zaragoza,63500.0,500.0
ES,35,2023,11,compras,espectaculos,ferias,canarias,las palmas,2700.0,50.0
ES,28,2023,11,compras,espectaculos,ferias,comunidad de madrid,madrid,154096.5,6119.5
ES,21,2023,11,paisaje urbano,espectaculos,museo y exposiciones,andalucia,huelva,292023.0,457.0
ES,41,2023,11,paisaje urbano,espectaculos,museo y exposiciones,andalucia,sevilla,17859.5,1139.5
ES,50,2023,11,paisaje urbano,espectaculos,museo y exposiciones,aragon,zaragoza,39785.0,365.0
ES,45,2023,11,paisaje urbano,espectaculos,museo y exposiciones,castilla - la mancha,toledo,39294.0,666.0
ES,08,2023,11,paisaje urbano,espectaculos,museo y exposiciones,cataluna,barcelona,6871.5,815.0
ES,43,2023,11,paisaje urbano,espectaculos,museo y exposiciones,cataluna,tarragona,5912.0,1478.0
ES,46,2023,11,paisaje urbano,espectaculos,museo y exposiciones,comunitat valenciana,valencia/valencia,3367.0,1295.0
ES,07,2023,11,paisaje urbano,espectaculos,museo y exposiciones,illes balears,illes balears,3625.0,633.0
ES,48,2023,11,paisaje urbano,espectaculos,museo y exposiciones,pais vasco,bizkaia,228114.0,874.0
ES,04,2023,11,vida nocturna,espectaculos,musica,andalucia,almeria,927366.4,1711.4
ES,11,2023,11,vida nocturna,espectaculos,musica,andalucia,cadiz,130803.62,965.75
ES,14,2023,11,vida nocturna,espectaculos,musica,andalucia,cordoba,44299.0,705.5
ES,18,2023,11,vida nocturna,espectaculos,musica,andalucia,granada,322796.0,1273.5
ES,21,2023,11,vida nocturna,espectaculos,musica,andalucia,huelva,11099.0,1009.0
ES,23,2023,11,vida nocturna,espectaculos,musica,andalucia,jaen,24572.2,771.0
ES,29,2023,11,vida nocturna,espectaculos,musica,andalucia,malaga,423073.43,1250.86
ES,41,2023,11,vida nocturna,espectaculos,musica,andalucia,sevilla,466687.78,1208.56
ES,22,2023,11,vida nocturna,espectaculos,musica,aragon,huesca,143668.25,877.5
ES,44,2023,11,vida nocturna,espectaculos,musica,aragon,teruel,1423557.0,2593.0
ES,50,2023,11,vida nocturna,espectaculos,musica,aragon,zaragoza,220345.67,344.33
ES,35,2023,11,vida nocturna,espectaculos,musica,canarias,las palmas,403310.64,1511.55
ES,38,2023,11,vida nocturna,espectaculos,musica,canarias,santa cruz de tenerife,340712.5,1288.75
ES,39,2023,11,vida nocturna,espectaculos,musica,cantabria,cantabria,322335.0,1235.0
ES,02,2023,11,vida nocturna,espectaculos,musica,castilla - la mancha,albacete,668664.0,1332.0
ES,13,2023,11,vida nocturna,espectaculos,musica,castilla - la mancha,ciudad real,19418.5,878.25
ES,16,2023,11,vida nocturna,espectaculos,musica,castilla - la mancha,cuenca,3378.0,1126.0
ES,19,2023,11,vida nocturna,espectaculos,musica,castilla - la mancha,guadalajara,309191.0,1327.0
ES,45,2023,11,vida nocturna,espectaculos,musica,castilla - la mancha,toledo,185405.33,2794.33
ES,05,2023,11,vida nocturna,espectaculos,musica,castilla y leon,avila,89907.0,1303.0
ES,09,2023,11,vida nocturna,espectaculos,musica,castilla y leon,burgos,113611.33,1671.67
ES,24,2023,11,vida nocturna,espectaculos,musica,castilla y leon,leon,214396.0,1225.0
ES,34,2023,11,vida nocturna,espectaculos,musica,castilla y leon,palencia,112258.0,1517.0
ES,37,2023,11,vida nocturna,espectaculos,musica,castilla y leon,salamanca,86640.0,120.0
ES,40,2023,11,vida nocturna,espectaculos,musica,castilla y leon,segovia,89192.5,785.0
ES,42,2023,11,vida nocturna,espectaculos,musica,castilla y leon,soria,569562.0,1337.0
ES,47,2023,11,vida nocturna,espectaculos,musica,castilla y leon,valladolid,1617567.0,1379.0
ES,49,2023,11,vida nocturna,espectaculos,musica,castilla y leon,zamora,456088.0,1213.0
ES,08,2023,11,vida nocturna,espectaculos,musica,cataluna,barcelona,742263.13,1336.5
ES,17,2023,11,vida nocturna,espectaculos,musica,cataluna,girona,148111.92,1069.0
ES,25,2023,11,vida nocturna,espectaculos,musica,cataluna,lleida,151773.4,670.6
ES,43,2023,11,vida nocturna,espectaculos,musica,cataluna,tarragona,280235.0,1668.31
ES,51,2023,11,vida nocturna,espectaculos,musica,ceuta,ceuta,133532.0,1004.0
ES,28,2023,11,vida nocturna,espectaculos,musica,comunidad de madrid,madrid,2916663.53,1376.12
ES,31,2023,11,vida nocturna,espectaculos,musica,comunidad foral de navarra,navarra,3129667.0,1508.0
ES,03,2023,11,vida nocturna,espectaculos,musica,comunitat valenciana,alicante/alacant,139955.62,1265.38
ES,12,2023,11,vida nocturna,espectaculos,musica,comunitat valenciana,castellon/castello,61666.5,678.0
ES,46,2023,11,vida nocturna,espectaculos,musica,comunitat valenciana,valencia/valencia,575137.43,1198.57
ES,06,2023,11,vida nocturna,espectaculos,musica,extremadura,badajoz,90233.0,939.2
ES,10,2023,11,vida nocturna,espectaculos,musica,extremadura,caceres,20644.4,956.6
ES,15,2023,11,vida nocturna,espectaculos,musica,galicia,a coruna,499134.0,1249.4
ES,27,2023,11,vida nocturna,espectaculos,musica,galicia,lugo,135998.0,1283.0
ES,32,2023,11,vida nocturna,espectaculos,musica,galicia,ourense,196427.0,1818.5
ES,36,2023,11,vida nocturna,espectaculos,musica,galicia,pontevedra,416061.0,1101.5
ES,07,2023,11,vida nocturna,espectaculos,musica,illes balears,illes balears,803680.27,1051.42
ES,26,2023,11,vida nocturna,espectaculos,musica,la rioja,la rioja,204993.25,1031.75
ES,01,2023,11,vida nocturna,espectaculos,musica,pais vasco,araba/alava,103900.5,754.5
ES,48,2023,11,vida nocturna,espectaculos,musica,pais vasco,bizkaia,802245.17,1111.83
ES,20,2023,11,vida nocturna,espectaculos,musica,pais vasco,gipuzkoa,397471.29,532.86
ES,33,2023,11,vida nocturna,espectaculos,musica,principado de asturias,asturias,288026.0,1635.8
ES,30,2023,11,vida nocturna,espectaculos,musica,region de murcia,murcia,699120.0,1156.5
ES,11,2023,11,vida nocturna,espectaculos,musicales,andalucia,cadiz,24426.0,1357.0
ES,14,2023,11,vida nocturna,espectaculos,musicales,andalucia,cordoba,879416.0,2971.0
ES,18,2023,11,vida nocturna,espectaculos,musicales,andalucia,granada,77018.0,794.0
ES,29,2023,11,vida nocturna,espectaculos,musicales,andalucia,malaga,321147.0,2099.0
ES,41,2023,11,vida nocturna,espectaculos,musicales,andalucia,sevilla,226252.0,988.0
ES,50,2023,11,vida nocturna,espectaculos,musicales,aragon,zaragoza,112843.5,294.0
ES,35,2023,11,vida nocturna,espectaculos,musicales,canarias,las palmas,180616.0,844.0
ES,39,2023,11,vida nocturna,espectaculos,musicales,cantabria,cantabria,16037.0,203.0
ES,37,2023,11,vida nocturna,espectaculos,musicales,castilla y leon,salamanca,2010.0,1005.0
ES,47,2023,11,vida nocturna,espectaculos,musicales,castilla y leon,valladolid,14652.0,148.0
ES,08,2023,11,vida nocturna,espectaculos,musicales,cataluna,barcelona,161831.0,608.0
ES,17,2023,11,vida nocturna,espectaculos,musicales,cataluna,girona,6824.0,712.0
ES,28,2023,11,vida nocturna,espectaculos,musicales,comunidad de madrid,madrid,82346.0,370.5
ES,03,2023,11,vida nocturna,espectaculos,musicales,comunitat valenciana,alicante/alacant,85373.67,325.33
ES,12,2023,11,vida nocturna,espectaculos,musicales,comunitat valenciana,castellon/castello,517616.0,1496.0
ES,46,2023,11,vida nocturna,espectaculos,musicales,comunitat valenciana,valencia/valencia,859026.0,1086.0
ES,06,2023,11,vida nocturna,espectaculos,musicales,extremadura,badajoz,75878.0,1158.67
ES,10,2023,11,vida nocturna,espectaculos,musicales,extremadura,caceres,181656.0,2088.0
ES,15,2023,11,vida nocturna,espectaculos,musicales,galicia,a coruna,20216.0,722.0
ES,27,2023,11,vida nocturna,espectaculos,musicales,galicia,lugo,75478.0,1618.5
ES,36,2023,11,vida nocturna,espectaculos,musicales,galicia,pontevedra,28944.0,432.0
ES,07,2023,11,vida nocturna,espectaculos,musicales,illes balears,illes balears,6227.0,171.5
ES,26,2023,11,vida nocturna,espectaculos,musicales,la rioja,la rioja,129481.0,1639.0
ES,33,2023,11,vida nocturna,espectaculos,musicales,principado de asturias,asturias,11431.67,361.67
ES,30,2023,11,vida nocturna,espectaculos,musicales,region de murcia,murcia,107841.0,1047.0
ES,04,2023,12,paisaje naturaleza,actividades,actividades infantiles,andalucia,almeria,1690.0,130.0
ES,11,2023,12,paisaje naturaleza,actividades,actividades infantiles,andalucia,cadiz,94872.0,472.0
ES,14,2023,12,paisaje naturaleza,actividades,actividades infantiles,andalucia,cordoba,39171.0,1187.0
ES,18,2023,12,paisaje naturaleza,actividades,actividades infantiles,andalucia,granada,31701.33,1552.67
ES,21,2023,12,paisaje naturaleza,actividades,actividades infantiles,andalucia,huelva,1942592.0,478.0
ES,23,2023,12,paisaje naturaleza,actividades,actividades infantiles,andalucia,jaen,80985.0,1876.5
ES,29,2023,12,paisaje naturaleza,actividades,actividades infantiles,andalucia,malaga,30659.0,713.0
ES,41,2023,12,paisaje naturaleza,actividades,actividades infantiles,andalucia,sevilla,621462.33,885.0
ES,22,2023,12,paisaje naturaleza,actividades,actividades infantiles,aragon,huesca,9400.0,40.0
ES,50,2023,12,paisaje naturaleza,actividades,actividades infantiles,aragon,zaragoza,286848.0,864.0
ES,35,2023,12,paisaje naturaleza,actividades,actividades infantiles,canarias,las palmas,4551.5,155.75
ES,38,2023,12,paisaje naturaleza,actividades,actividades infantiles,canarias,santa cruz de tenerife,130045.0,839.0
ES,39,2023,12,paisaje naturaleza,actividades,actividades infantiles,cantabria,cantabria,234232.0,1273.0
ES,02,2023,12,paisaje naturaleza,actividades,actividades infantiles,castilla - la mancha,albacete,9297.0,1033.0
ES,13,2023,12,paisaje naturaleza,actividades,actividades infantiles,castilla - la mancha,ciudad real,22297.0,541.0
ES,19,2023,12,paisaje naturaleza,actividades,actividades infantiles,castilla - la mancha,guadalajara,234352.0,1208.0
ES,45,2023,12,paisaje naturaleza,actividades,actividades infantiles,castilla - la mancha,toledo,92805.0,1345.0
ES,24,2023,12,paisaje naturaleza,actividades,actividades infantiles,castilla y leon,leon,12298.0,946.0
ES,47,2023,12,paisaje naturaleza,actividades,actividades infantiles,castilla y leon,valladolid,1270844.25,821.25
ES,49,2023,12,paisaje naturaleza,actividades,actividades infantiles,castilla y leon,zamora,601036.0,2162.0
ES,08,2023,12,paisaje naturaleza,actividades,actividades infantiles,cataluna,barcelona,493414.46,755.38
ES,17,2023,12,paisaje naturaleza,actividades,actividades infantiles,cataluna,girona,14509.0,707.75
ES,25,2023,12,paisaje naturaleza,actividades,actividades infantiles,cataluna,lleida,171972.0,1062.0
ES,43,2023,12,paisaje naturaleza,actividades,actividades infantiles,cataluna,tarragona,42222.5,912.75
ES,28,2023,12,paisaje naturaleza,actividades,actividades infantiles,comunidad de madrid,madrid,132925.75,494.42
ES,31,2023,12,paisaje naturaleza,actividades,actividades infantiles,comunidad foral de navarra,navarra,350442.0,3500.5
ES,03,2023,12,paisaje naturaleza,actividades,actividades infantiles,comunitat valenciana,alicante/alacant,51789.57,455.57
ES,12,2023,12,paisaje naturaleza,actividades,actividades infantiles,comunitat valenciana,castellon/castello,305108.5,2405.5
ES,46,2023,12,paisaje naturaleza,actividades,actividades infantiles,comunitat valenciana,valencia/valencia,2084830.0,747.67
ES,06,2023,12,paisaje naturaleza,actividades,actividades infantiles,extremadura,badajoz,8215.0,635.0
ES,10,2023,12,paisaje naturaleza,actividades,actividades infantiles,extremadura,caceres,54297.0,2011.0
ES,15,2023,12,paisaje naturaleza,actividades,actividades infantiles,galicia,a coruna,76622.0,842.0
ES,27,2023,12,paisaje naturaleza,actividades,actividades infantiles,galicia,lugo,13325.0,1625.0
ES,36,2023,12,paisaje naturaleza,actividades,actividades infantiles,galicia,pontevedra,3888.0,432.0
ES,07,2023,12,paisaje naturaleza,actividades,actividades infantiles,illes balears,illes balears,218797.0,726.8
ES,26,2023,12,paisaje naturaleza,actividades,actividades infantiles,la rioja,la rioja,184416.0,1632.0
ES,01,2023,12,paisaje naturaleza,actividades,actividades infantiles,pais vasco,araba/alava,170114.0,527.5
ES,48,2023,12,paisaje naturaleza,actividades,actividades infantiles,pais vasco,bizkaia,392371.67,1478.67
ES,20,2023,12,paisaje naturaleza,actividades,actividades infantiles,pais vasco,gipuzkoa,168116.0,689.0
ES,33,2023,12,paisaje naturaleza,actividades,actividades infantiles,principado de asturias,asturias,51834.67,942.67
ES,30,2023,12,paisaje naturaleza,actividades,actividades infantiles,region de murcia,murcia,113152.5,1012.5
ES,18,2023,12,servicios,actividades,cursos,andalucia,granada,600.0,120.0
ES,23,2023,12,servicios,actividades,cursos,andalucia,jaen,1446.0,1205.0
ES,41,2023,12,servicios,actividades,cursos,andalucia,sevilla,24849.0,251.0
ES,50,2023,12,servicios,actividades,cursos,aragon,zaragoza,5404.0,2702.0
ES,35,2023,12,servicios,actividades,cursos,canarias,las palmas,1330.0,3325.0
ES,38,2023,12,servicios,actividades,cursos,canarias,santa cruz de tenerife,218.0,218.0
ES,02,2023,12,servicios,actividades,cursos,castilla - la mancha,albacete,800.0,200.0
ES,45,2023,12,servicios,actividades,cursos,castilla - la mancha,toledo,510.0,255.0
ES,47,2023,12,servicios,actividades,cursos,castilla y leon,valladolid,900.0,450.0
ES,08,2023,12,servicios,actividades,cursos,cataluna,barcelona,102212.0,4646.0
ES,17,2023,12,servicios,actividades,cursos,cataluna,girona,88702.5,18423.5
ES,25,2023,12,servicios,actividades,cursos,cataluna,lleida,3240.0,1620.0
ES,43,2023,12,servicios,actividades,cursos,cataluna,tarragona,12060.0,1005.0
ES,28,2023,12,servicios,actividades,cursos,comunidad de madrid,madrid,348733.0,7117.0
ES,03,2023,12,servicios,actividades,cursos,comunitat valenciana,alicante/alacant,2900.0,2900.0
ES,07,2023,12,servicios,actividades,cursos,illes balears,illes balears,78902.0,2241.5
ES,48,2023,12,servicios,actividades,cursos,pais vasco,bizkaia,372384.0,6896.0
ES,20,2023,12,servicios,actividades,cursos,pais vasco,gipuzkoa,210.0,70.0
ES,33,2023,12,servicios,actividades,cursos,principado de asturias,asturias,7500.0,2500.0
ES,30,2023,12,servicios,actividades,cursos,region de murcia,murcia,1866208.0,8044.0
ES,18,2023,12,paisaje naturaleza,actividades,deportes y aventuras,andalucia,granada,64836.0,3602.0
ES,41,2023,12,paisaje naturaleza,actividades,deportes y aventuras,andalucia,sevilla,74947.0,1006.0
ES,50,2023,12,paisaje naturaleza,actividades,deportes y aventuras,aragon,zaragoza,4800.0,400.0
ES,35,2023,12,paisaje naturaleza,actividades,deportes y aventuras,canarias,las palmas,1739.0,47.0
ES,38,2023,12,paisaje naturaleza,actividades,deportes y aventuras,canarias,santa cruz de tenerife,17226.0,594.0
ES,13,2023,12,paisaje naturaleza,actividades,deportes y aventuras,castilla - la mancha,ciudad real,43808.0,296.0
ES,49,2023,12,paisaje naturaleza,actividades,deportes y aventuras,castilla y leon,zamora,36396.0,1348.0
ES,08,2023,12,paisaje naturaleza,actividades,deportes y aventuras,cataluna,barcelona,108336.5,1250.5
ES,17,2023,12,paisaje naturaleza,actividades,deportes y aventuras,cataluna,girona,123384.0,424.0
ES,43,2023,12,paisaje naturaleza,actividades,deportes y aventuras,cataluna,tarragona,18108.0,503.0
ES,28,2023,12,paisaje naturaleza,actividades,deportes y aventuras,comunidad de madrid,madrid,7294.0,521.0
ES,31,2023,12,paisaje naturaleza,actividades,deportes y aventuras,comunidad foral de navarra,navarra,1051195.0,1411.0
ES,03,2023,12,paisaje naturaleza,actividades,deportes y aventuras,comunitat valenciana,alicante/alacant,16822.0,2588.0
ES,12,2023,12,paisaje naturaleza,actividades,deportes y aventuras,comunitat valenciana,castellon/castello,194317.5,2324.0
ES,06,2023,12,paisaje naturaleza,actividades,deportes y aventuras,extremadura,badajoz,2205.0,105.0
ES,10,2023,12,paisaje naturaleza,actividades,deportes y aventuras,extremadura,caceres,10752.0,1344.0
ES,27,2023,12,paisaje naturaleza,actividades,deportes y aventuras,galicia,lugo,2600.0,650.0
ES,36,2023,12,paisaje naturaleza,actividades,deportes y aventuras,galicia,pontevedra,3888.0,432.0
ES,07,2023,12,paisaje naturaleza,actividades,deportes y aventuras,illes balears,illes balears,44780.5,879.5
ES,41,2023,12,comida y bebida,actividades,gastronomia,andalucia,sevilla,750.0,150.0
ES,50,2023,12,comida y bebida,actividades,gastronomia,aragon,zaragoza,1400.0,200.0
ES,35,2023,12,comida y bebida,actividades,gastronomia,canarias,las palmas,172099.0,1523.0
ES,08,2023,12,comida y bebida,actividades,gastronomia,cataluna,barcelona,168312.67,671.0
ES,25,2023,12,comida y bebida,actividades,gastronomia,cataluna,lleida,3240.0,1620.0
ES,28,2023,12,comida y bebida,actividades,gastronomia,comunidad de madrid,madrid,591632.0,1648.0
ES,46,2023,12,comida y bebida,actividades,gastronomia,comunitat valenciana,valencia/valencia,207088.67,911.33
ES,07,2023,12,comida y bebida,actividades,gastronomia,illes balears,illes balears,170012.0,2237.0
ES,41,2023,12,vida nocturna,espectaculos,cine,andalucia,sevilla,8520.0,40.0
ES,44,2023,12,vida nocturna,espectaculos,cine,aragon,teruel,90.0,45.0
ES,50,2023,12,vida nocturna,espectaculos,cine,aragon,zaragoza,36307.0,315.5
ES,02,2023,12,vida nocturna,espectaculos,cine,castilla - la mancha,albacete,5148.0,286.0
ES,40,2023,12,vida nocturna,espectaculos,cine,castilla y leon,segovia,480.0,30.0
ES,08,2023,12,vida nocturna,espectaculos,cine,cataluna,barcelona,108871.0,721.0
ES,17,2023,12,vida nocturna,espectaculos,cine,cataluna,girona,440.0,40.0
ES,28,2023,12,vida nocturna,espectaculos,cine,comunidad de madrid,madrid,1200.0,100.0
ES,03,2023,12,vida nocturna,espectaculos,cine,comunitat valenciana,alicante/alacant,53068.25,357.75
ES,15,2023,12,vida nocturna,espectaculos,cine,galicia,a coruna,2947.0,2947.0
ES,07,2023,12,vida nocturna,espectaculos,cine,illes balears,illes balears,2559.0,379.5
ES,20,2023,12,vida nocturna,espectaculos,cine,pais vasco,gipuzkoa,32465.67,319.67
ES,28,2023,12,otros,espectaculos,conferencias,comunidad de madrid,madrid,1277.0,2554.0
ES,03,2023,12,otros,espectaculos,conferencias,comunitat valenciana,alicante/alacant,80.0,80.0
ES,07,2023,12,otros,espectaculos,conferencias,illes balears,illes balears,11204.0,5602.0
ES,04,2023,12,paisaje urbano,espectaculos,"cultura, teatro y danza",andalucia,almeria,136763.75,1313.75
ES,11,2023,12,paisaje urbano,espectaculos,"cultura, teatro y danza",andalucia,cadiz,136168.75,1071.0
ES,14,2023,12,paisaje urbano,espectaculos,"cultura, teatro y danza",andalucia,cordoba,1084248.0,1369.0
ES,18,2023,12,paisaje urbano,espectaculos,"cultura, teatro y danza",andalucia,granada,79868.75,510.0
ES,21,2023,12,paisaje urbano,espectaculos,"cultura, teatro y danza",andalucia,huelva,1942592.0,478.0
ES,23,2023,12,paisaje urbano,espectaculos,"cultura, teatro y danza",andalucia,jaen,9468.0,526.0
ES,29,2023,12,paisaje urbano,espectaculos,"cultura, teatro y danza",andalucia,malaga,459261.0,536.5
ES,41,2023,12,paisaje urbano,espectaculos,"cultura, teatro y danza",andalucia,sevilla,3275363.67,1581.33
ES,22,2023,12,paisaje urbano,espectaculos,"cultura, teatro y danza",aragon,huesca,19600.0,392.0
ES,50,2023,12,paisaje urbano,espectaculos,"cultura, teatro y danza",aragon,zaragoza,407672.33,553.0
ES,35,2023,12,paisaje urbano,espectaculos,"cultura, teatro y danza",canarias,las palmas,55854.67,547.44
ES,38,2023,12,paisaje urbano,espectaculos,"cultura, teatro y danza",canarias,santa cruz de tenerife,160685.75,1057.0
ES,39,2023,12,paisaje urbano,espectaculos,"cultura, teatro y danza",cantabria,cantabria,522288.0,1404.0
ES,02,2023,12,paisaje urbano,espectaculos,"cultura, teatro y danza",castilla - la mancha,albacete,2871905.0,937.0
ES,13,2023,12,paisaje urbano,espectaculos,"cultura, teatro y danza",castilla - la mancha,ciudad real,2010.0,804.0
ES,16,2023,12,paisaje urbano,espectaculos,"cultura, teatro y danza",castilla - la mancha,cuenca,2592.0,1296.0
ES,19,2023,12,paisaje urbano,espectaculos,"cultura, teatro y danza",castilla - la mancha,guadalajara,68160.0,30.0
ES,45,2023,12,paisaje urbano,espectaculos,"cultura, teatro y danza",castilla - la mancha,toledo,92805.0,1345.0
ES,24,2023,12,paisaje urbano,espectaculos,"cultura, teatro y danza",castilla y leon,leon,17600.0,275.0
ES,34,2023,12,paisaje urbano,espectaculos,"cultura, teatro y danza",castilla y leon,palencia,37471.0,707.0
ES,37,2023,12,paisaje urbano,espectaculos,"cultura, teatro y danza",castilla y leon,salamanca,33985.0,415.67
ES,42,2023,12,paisaje urbano,espectaculos,"cultura, teatro y danza",castilla y leon,soria,16058.0,1147.0
ES,47,2023,12,paisaje urbano,espectaculos,"cultura, teatro y danza",castilla y leon,valladolid,430660.5,767.0
ES,49,2023,12,paisaje urbano,espectaculos,"cultura, teatro y danza",castilla y leon,zamora,165013.0,5323.0
ES,08,2023,12,paisaje urbano,espectaculos,"cultura, teatro y danza",cataluna,barcelona,162064.5,914.67
ES,17,2023,12,paisaje urbano,espectaculos,"cultura, teatro y danza",cataluna,girona,25943.67,1325.0
ES,25,2023,12,paisaje urbano,espectaculos,"cultura, teatro y danza",cataluna,lleida,346064.0,503.0
ES,43,2023,12,paisaje urbano,espectaculos,"cultura, teatro y danza",cataluna,tarragona,41129.5,713.5
ES,28,2023,12,paisaje urbano,espectaculos,"cultura, teatro y danza",comunidad de madrid,madrid,510141.6,707.8
ES,03,2023,12,paisaje urbano,espectaculos,"cultura, teatro y danza",comunitat valenciana,alicante/alacant,36694.17,545.5
ES,12,2023,12,paisaje urbano,espectaculos,"cultura, teatro y danza",comunitat valenciana,castellon/castello,240884.0,1205.5
ES,46,2023,12,paisaje urbano,espectaculos,"cultura, teatro y danza",comunitat valenciana,valencia/valencia,213939.0,926.75
ES,06,2023,12,paisaje urbano,espectaculos,"cultura, teatro y danza",extremadura,badajoz,71915.0,607.25
ES,10,2023,12,paisaje urbano,espectaculos,"cultura, teatro y danza",extremadura,caceres,8894.0,129.5
ES,15,2023,12,paisaje urbano,espectaculos,"cultura, teatro y danza",galicia,a coruna,52925.0,725.0
ES,27,2023,12,paisaje urbano,espectaculos,"cultura, teatro y danza",galicia,lugo,13325.0,1625.0
ES,36,2023,12,paisaje urbano,espectaculos,"cultura, teatro y danza",galicia,pontevedra,156558.0,807.0
ES,07,2023,12,paisaje urbano,espectaculos,"cultura, teatro y danza",illes balears,illes balears,116629.92,643.17
ES,26,2023,12,paisaje urbano,espectaculos,"cultura, teatro y danza",la rioja,la rioja,71928.0,256.0
ES,01,2023,12,paisaje urbano,espectaculos,"cultura, teatro y danza",pais vasco,araba/alava,233018.67,630.67
ES,48,2023,12,paisaje urbano,espectaculos,"cultura, teatro y danza",pais vasco,bizkaia,116278.0,1103.33
ES,20,2023,12,paisaje urbano,espectaculos,"cultura, teatro y danza",pais vasco,gipuzkoa,296469.0,608.5
ES,33,2023,12,paisaje urbano,espectaculos,"cultura, teatro y danza",principado de asturias,asturias,46126.0,707.0
ES,30,2023,12,paisaje urbano,espectaculos,"cultura, teatro y danza",region de murcia,murcia,258356.33,579.67
ES,03,2023,12,compras,espectaculos,ferias,comunitat valenciana,alicante/alacant,80.0,80.0
ES,21,2023,12,paisaje urbano,espectaculos,museo y exposiciones,andalucia,huelva,1942592.0,478.0
ES,41,2023,12,paisaje urbano,espectaculos,museo y exposiciones,andalucia,sevilla,4352.0,128.0
ES,45,2023,12,paisaje urbano,espectaculos,museo y exposiciones,castilla - la mancha,toledo,38584.0,689.0
ES,37,2023,12,paisaje urbano,espectaculos,museo y exposiciones,castilla y leon,salamanca,6641.0,229.0
ES,08,2023,12,paisaje urbano,espectaculos,museo y exposiciones,cataluna,barcelona,74266.0,899.0
ES,43,2023,12,paisaje urbano,espectaculos,museo y exposiciones,cataluna,tarragona,55902.0,1694.0
ES,28,2023,12,paisaje urbano,espectaculos,museo y exposiciones,comunidad de madrid,madrid,700.0,100.0
ES,46,2023,12,paisaje urbano,espectaculos,museo y exposiciones,comunitat valenciana,valencia/valencia,42912.0,1192.0
ES,48,2023,12,paisaje urbano,espectaculos,museo y exposiciones,pais vasco,bizkaia,273896.0,938.0
ES,04,2023,12,vida nocturna,espectaculos,musica,andalucia,almeria,3108960.33,2481.0
ES,11,2023,12,vida nocturna,espectaculos,musica,andalucia,cadiz,124800.86,858.71
ES,14,2023,12,vida nocturna,espectaculos,musica,andalucia,cordoba,120865.5,865.5
ES,18,2023,12,vida nocturna,espectaculos,musica,andalucia,granada,303410.86,1259.29
ES,23,2023,12,vida nocturna,espectaculos,musica,andalucia,jaen,87963.8,867.8
ES,29,2023,12,vida nocturna,espectaculos,musica,andalucia,malaga,95805.0,1193.83
ES,41,2023,12,vida nocturna,espectaculos,musica,andalucia,sevilla,715619.67,1248.56
ES,22,2023,12,vida nocturna,espectaculos,musica,aragon,huesca,590257.33,1394.0
ES,44,2023,12,vida nocturna,espectaculos,musica,aragon,teruel,461616.0,2608.0
ES,50,2023,12,vida nocturna,espectaculos,musica,aragon,zaragoza,145032.5,710.0
ES,35,2023,12,vida nocturna,espectaculos,musica,canarias,las palmas,264942.55,1564.45
ES,38,2023,12,vida nocturna,espectaculos,musica,canarias,santa cruz de tenerife,296181.0,1736.14
ES,39,2023,12,vida nocturna,espectaculos,musica,cantabria,cantabria,140553.5,760.5
ES,02,2023,12,vida nocturna,espectaculos,musica,castilla - la mancha,albacete,546065.0,1355.0
ES,13,2023,12,vida nocturna,espectaculos,musica,castilla - la mancha,ciudad real,41683.0,1017.0
ES,16,2023,12,vida nocturna,espectaculos,musica,castilla - la mancha,cuenca,16224.0,1248.0
ES,19,2023,12,vida nocturna,espectaculos,musica,castilla - la mancha,guadalajara,402556.0,1307.0
ES,45,2023,12,vida nocturna,espectaculos,musica,castilla - la mancha,toledo,66592.25,2525.0
ES,05,2023,12,vida nocturna,espectaculos,musica,castilla y leon,avila,14801.5,705.5
ES,09,2023,12,vida nocturna,espectaculos,musica,castilla y leon,burgos,66895.0,1611.0
ES,24,2023,12,vida nocturna,espectaculos,musica,castilla y leon,leon,311250.0,1083.0
ES,37,2023,12,vida nocturna,espectaculos,musica,castilla y leon,salamanca,207777.5,1319.0
ES,40,2023,12,vida nocturna,espectaculos,musica,castilla y leon,segovia,208429.5,831.0
ES,42,2023,12,vida nocturna,espectaculos,musica,castilla y leon,soria,168227.0,747.0
ES,47,2023,12,vida nocturna,espectaculos,musica,castilla y leon,valladolid,1663251.2,1120.2
ES,49,2023,12,vida nocturna,espectaculos,musica,castilla y leon,zamora,469517.0,2623.0
ES,08,2023,12,vida nocturna,espectaculos,musica,cataluna,barcelona,294842.37,899.17
ES,17,2023,12,vida nocturna,espectaculos,musica,cataluna,girona,612899.22,1303.0
ES,25,2023,12,vida nocturna,espectaculos,musica,cataluna,lleida,560998.6,1583.6
ES,43,2023,12,vida nocturna,espectaculos,musica,cataluna,tarragona,221204.64,1149.57
ES,51,2023,12,vida nocturna,espectaculos,musica,ceuta,ceuta,62433.0,991.0
ES,28,2023,12,vida nocturna,espectaculos,musica,comunidad de madrid,madrid,411137.53,1365.73
ES,31,2023,12,vida nocturna,espectaculos,musica,comunidad foral de navarra,navarra,1980792.8,3173.0
ES,03,2023,12,vida nocturna,espectaculos,musica,comunitat valenciana,alicante/alacant,997567.2,1285.5
ES,12,2023,12,vida nocturna,espectaculos,musica,comunitat valenciana,castellon/castello,30114.0,126.0
ES,46,2023,12,vida nocturna,espectaculos,musica,comunitat valenciana,valencia/valencia,189550.12,1261.88
ES,06,2023,12,vida nocturna,espectaculos,musica,extremadura,badajoz,111199.33,1121.67
ES,10,2023,12,vida nocturna,espectaculos,musica,extremadura,caceres,291895.5,1798.5
ES,15,2023,12,vida nocturna,espectaculos,musica,galicia,a coruna,355154.83,1409.0
ES,27,2023,12,vida nocturna,espectaculos,musica,galicia,lugo,357918.0,1122.0
ES,32,2023,12,vida nocturna,espectaculos,musica,galicia,ourense,5099.0,1118.0
ES,36,2023,12,vida nocturna,espectaculos,musica,galicia,pontevedra,294125.5,1365.0
ES,07,2023,12,vida nocturna,espectaculos,musica,illes balears,illes balears,1371412.0,1250.31
ES,26,2023,12,vida nocturna,espectaculos,musica,la rioja,la rioja,127250.25,1109.75
ES,01,2023,12,vida nocturna,espectaculos,musica,pais vasco,araba/alava,18381.5,1020.0
ES,48,2023,12,vida nocturna,espectaculos,musica,pais vasco,bizkaia,828857.4,956.8
ES,20,2023,12,vida nocturna,espectaculos,musica,pais vasco,gipuzkoa,154985.33,887.67
ES,33,2023,12,vida nocturna,espectaculos,musica,principado de asturias,asturias,217634.8,1593.6
ES,30,2023,12,vida nocturna,espectaculos,musica,region de murcia,murcia,1306180.25,1238.5
ES,11,2023,12,vida nocturna,espectaculos,musicales,andalucia,cadiz,31395.0,1365.0
ES,14,2023,12,vida nocturna,espectaculos,musicales,andalucia,cordoba,115836.0,2955.0
ES,29,2023,12,vida nocturna,espectaculos,musicales,andalucia,malaga,726788.0,2489.0
ES,41,2023,12,vida nocturna,espectaculos,musicales,andalucia,sevilla,37944.0,93.0
ES,50,2023,12,vida nocturna,espectaculos,musicales,aragon,zaragoza,28613.0,267.0
ES,35,2023,12,vida nocturna,espectaculos,musicales,canarias,las palmas,97236.0,876.0
ES,39,2023,12,vida nocturna,espectaculos,musicales,cantabria,cantabria,183429.0,2061.0
ES,02,2023,12,vida nocturna,espectaculos,musicales,castilla - la mancha,albacete,3677774.0,1217.0
ES,24,2023,12,vida nocturna,espectaculos,musicales,castilla y leon,leon,17600.0,275.0
ES,37,2023,12,vida nocturna,espectaculos,musicales,castilla y leon,salamanca,9198.0,1022.0
ES,47,2023,12,vida nocturna,espectaculos,musicales,castilla y leon,valladolid,238926.0,999.0
ES,08,2023,12,vida nocturna,espectaculos,musicales,cataluna,barcelona,603433.33,709.33
ES,17,2023,12,vida nocturna,espectaculos,musicales,cataluna,girona,37612.0,684.0
ES,25,2023,12,vida nocturna,espectaculos,musicales,cataluna,lleida,96768.0,504.0
ES,28,2023,12,vida nocturna,espectaculos,musicales,comunidad de madrid,madrid,309754.8,721.2
ES,03,2023,12,vida nocturna,espectaculos,musicales,comunitat valenciana,alicante/alacant,66199.5,437.0
ES,12,2023,12,vida nocturna,espectaculos,musicales,comunitat valenciana,castellon/castello,614658.0,1529.0
ES,46,2023,12,vida nocturna,espectaculos,musicales,comunitat valenciana,valencia/valencia,2535048.0,1096.0
ES,06,2023,12,vida nocturna,espectaculos,musicales,extremadura,badajoz,93936.0,721.0
ES,10,2023,12,vida nocturna,espectaculos,musicales,extremadura,caceres,17138.0,209.0
ES,27,2023,12,vida nocturna,espectaculos,musicales,galicia,lugo,13325.0,1625.0
ES,36,2023,12,vida nocturna,espectaculos,musicales,galicia,pontevedra,3456.0,432.0
ES,07,2023,12,vida nocturna,espectaculos,musicales,illes balears,illes balears,234146.0,555.0
ES,26,2023,12,vida nocturna,espectaculos,musicales,la rioja,la rioja,184416.0,1632.0
ES,33,2023,12,vida nocturna,espectaculos,musicales,principado de asturias,asturias,66608.0,1016.0
ES,30,2023,12,vida nocturna,espectaculos,musicales,region de murcia,murcia,54749.0,1033.0
ES,14,2024,1,paisaje naturaleza,actividades,actividades infantiles,andalucia,cordoba,193812.0,1042.0
ES,18,2024,1,paisaje naturaleza,actividades,actividades infantiles,andalucia,granada,27856.5,246.5
ES,21,2024,1,paisaje naturaleza,actividades,actividades infantiles,andalucia,huelva,35478.0,486.0
ES,23,2024,1,paisaje naturaleza,actividades,actividades infantiles,andalucia,jaen,1500.0,300.0
ES,29,2024,1,paisaje naturaleza,actividades,actividades infantiles,andalucia,malaga,401184.0,735.33
ES,41,2024,1,paisaje naturaleza,actividades,actividades infantiles,andalucia,sevilla,652270.0,783.33
ES,50,2024,1,paisaje naturaleza,actividades,actividades infantiles,aragon,zaragoza,489132.0,647.0
ES,35,2024,1,paisaje naturaleza,actividades,actividades infantiles,canarias,las palmas,5934.0,1255.67
ES,38,2024,1,paisaje naturaleza,actividades,actividades infantiles,canarias,santa cruz de tenerife,32237.67,497.0
ES,39,2024,1,paisaje naturaleza,actividades,actividades infantiles,cantabria,cantabria,165923.0,543.0
ES,02,2024,1,paisaje naturaleza,actividades,actividades infantiles,castilla - la mancha,albacete,12003.0,442.5
ES,45,2024,1,paisaje naturaleza,actividades,actividades infantiles,castilla - la mancha,toledo,52782.5,1611.0
ES,05,2024,1,paisaje naturaleza,actividades,actividades infantiles,castilla y leon,avila,9854.0,758.0
ES,24,2024,1,paisaje naturaleza,actividades,actividades infantiles,castilla y leon,leon,360.0,120.0
ES,37,2024,1,paisaje naturaleza,actividades,actividades infantiles,castilla y leon,salamanca,20748.0,1976.0
ES,47,2024,1,paisaje naturaleza,actividades,actividades infantiles,castilla y leon,valladolid,53240.0,523.67
ES,49,2024,1,paisaje naturaleza,actividades,actividades infantiles,castilla y leon,zamora,22154.0,209.0
ES,08,2024,1,paisaje naturaleza,actividades,actividades infantiles,cataluna,barcelona,398654.29,866.43
ES,17,2024,1,paisaje naturaleza,actividades,actividades infantiles,cataluna,girona,43231.25,947.25
ES,43,2024,1,paisaje naturaleza,actividades,actividades infantiles,cataluna,tarragona,59764.0,1158.0
ES,28,2024,1,paisaje naturaleza,actividades,actividades infantiles,comunidad de madrid,madrid,47372.0,672.33
ES,31,2024,1,paisaje naturaleza,actividades,actividades infantiles,comunidad foral de navarra,navarra,7819434.0,4878.0
ES,03,2024,1,paisaje naturaleza,actividades,actividades infantiles,comunitat valenciana,alicante/alacant,72069.67,806.67
ES,46,2024,1,paisaje naturaleza,actividades,actividades infantiles,comunitat valenciana,valencia/valencia,2890068.0,914.0
ES,06,2024,1,paisaje naturaleza,actividades,actividades infantiles,extremadura,badajoz,2288.0,176.0
ES,10,2024,1,paisaje naturaleza,actividades,actividades infantiles,extremadura,caceres,66960.0,943.5
ES,15,2024,1,paisaje naturaleza,actividades,actividades infantiles,galicia,a coruna,16441.0,802.0
ES,07,2024,1,paisaje naturaleza,actividades,actividades infantiles,illes balears,illes balears,55835.0,808.29
ES,26,2024,1,paisaje naturaleza,actividades,actividades infantiles,la rioja,la rioja,43988.0,1571.0
ES,01,2024,1,paisaje naturaleza,actividades,actividades infantiles,pais vasco,araba/alava,37890.5,289.75
ES,48,2024,1,paisaje naturaleza,actividades,actividades infantiles,pais vasco,bizkaia,450648.0,2038.0
ES,20,2024,1,paisaje naturaleza,actividades,actividades infantiles,pais vasco,gipuzkoa,91872.0,352.0
ES,33,2024,1,paisaje naturaleza,actividades,actividades infantiles,principado de asturias,asturias,32425.0,914.0
ES,30,2024,1,paisaje naturaleza,actividades,actividades infantiles,region de murcia,murcia,29934.0,1015.0
ES,11,2024,1,servicios,actividades,cursos,andalucia,cadiz,460.0,115.0
ES,29,2024,1,servicios,actividades,cursos,andalucia,malaga,33264.0,1188.0
ES,50,2024,1,servicios,actividades,cursos,aragon,zaragoza,28626.0,2202.0
ES,35,2024,1,servicios,actividades,cursos,canarias,las palmas,2000.0,1000.0
ES,38,2024,1,servicios,actividades,cursos,canarias,santa cruz de tenerife,19071.0,2119.0
ES,39,2024,1,servicios,actividades,cursos,cantabria,cantabria,7800.0,1300.0
ES,45,2024,1,servicios,actividades,cursos,castilla - la mancha,toledo,620.0,310.0
ES,47,2024,1,servicios,actividades,cursos,castilla y leon,valladolid,116231.0,2473.0
ES,08,2024,1,servicios,actividades,cursos,cataluna,barcelona,183630.67,3394.0
ES,43,2024,1,servicios,actividades,cursos,cataluna,tarragona,1000.0,1000.0
ES,28,2024,1,servicios,actividades,cursos,comunidad de madrid,madrid,76121.75,1726.75
ES,03,2024,1,servicios,actividades,cursos,comunitat valenciana,alicante/alacant,10062.0,1868.0
ES,46,2024,1,servicios,actividades,cursos,comunitat valenciana,valencia/valencia,3675.0,3675.0
ES,06,2024,1,servicios,actividades,cursos,extremadura,badajoz,109895.0,709.0
ES,10,2024,1,servicios,actividades,cursos,extremadura,caceres,1000.0,500.0
ES,07,2024,1,servicios,actividades,cursos,illes balears,illes balears,243455.33,2708.33
ES,48,2024,1,servicios,actividades,cursos,pais vasco,bizkaia,519365.0,6745.0
ES,20,2024,1,servicios,actividades,cursos,pais vasco,gipuzkoa,330.0,110.0
ES,33,2024,1,servicios,actividades,cursos,principado de asturias,asturias,23000.0,2300.0
ES,30,2024,1,servicios,actividades,cursos,region de murcia,murcia,208597.0,7193.0
ES,04,2024,1,paisaje naturaleza,actividades,deportes y aventuras,andalucia,almeria,1250.0,250.0
ES,41,2024,1,paisaje naturaleza,actividades,deportes y aventuras,andalucia,sevilla,134551.0,683.0
ES,50,2024,1,paisaje naturaleza,actividades,deportes y aventuras,aragon,zaragoza,57096.0,1586.0
ES,35,2024,1,paisaje naturaleza,actividades,deportes y aventuras,canarias,las palmas,12013.5,455.5
ES,38,2024,1,paisaje naturaleza,actividades,deportes y aventuras,canarias,santa cruz de tenerife,540.0,60.0
ES,08,2024,1,paisaje naturaleza,actividades,deportes y aventuras,cataluna,barcelona,76360.0,1650.25
ES,28,2024,1,paisaje naturaleza,actividades,deportes y aventuras,comunidad de madrid,madrid,12605.0,695.0
ES,03,2024,1,paisaje naturaleza,actividades,deportes y aventuras,comunitat valenciana,alicante/alacant,7260.0,605.0
ES,06,2024,1,paisaje naturaleza,actividades,deportes y aventuras,extremadura,badajoz,2940.0,105.0
ES,10,2024,1,paisaje naturaleza,actividades,deportes y aventuras,extremadura,caceres,16740.0,108.0
ES,01,2024,1,paisaje naturaleza,actividades,deportes y aventuras,pais vasco,araba/alava,1100.0,100.0
ES,30,2024,1,paisaje naturaleza,actividades,deportes y aventuras,region de murcia,murcia,1395.0,155.0
ES,29,2024,1,comida y bebida,actividades,gastronomia,andalucia,malaga,187325.0,1475.0
ES,41,2024,1,comida y bebida,actividades,gastronomia,andalucia,sevilla,42658.0,714.0
ES,50,2024,1,comida y bebida,actividades,gastronomia,aragon,zaragoza,62049.0,1591.0
ES,35,2024,1,comida y bebida,actividades,gastronomia,canarias,las palmas,45405.0,1009.0
ES,47,2024,1,comida y bebida,actividades,gastronomia,castilla y leon,valladolid,116231.0,2473.0
ES,08,2024,1,comida y bebida,actividades,gastronomia,cataluna,barcelona,504052.0,1885.67
ES,28,2024,1,comida y bebida,actividades,gastronomia,comunidad de madrid,madrid,317159.0,1709.5
ES,46,2024,1,comida y bebida,actividades,gastronomia,comunitat valenciana,valencia/valencia,1245.0,415.0
ES,07,2024,1,comida y bebida,actividades,gastronomia,illes balears,illes balears,208860.0,2190.5
ES,29,2024,1,vida nocturna,espectaculos,cine,andalucia,malaga,561267.0,1359.0
ES,41,2024,1,vida nocturna,espectaculos,cine,andalucia,sevilla,61824.0,483.0
ES,50,2024,1,vida nocturna,espectaculos,cine,aragon,zaragoza,21151.0,496.5
ES,38,2024,1,vida nocturna,espectaculos,cine,canarias,santa cruz de tenerife,9864.0,548.0
ES,02,2024,1,vida nocturna,espectaculos,cine,castilla - la mancha,albacete,1740.0,29.0
ES,08,2024,1,vida nocturna,espectaculos,cine,cataluna,barcelona,32445.0,721.0
ES,17,2024,1,vida nocturna,espectaculos,cine,cataluna,girona,7956.0,442.0
ES,28,2024,1,vida nocturna,espectaculos,cine,comunidad de madrid,madrid,394119.0,1327.0
ES,03,2024,1,vida nocturna,espectaculos,cine,comunitat valenciana,alicante/alacant,54239.75,617.5
ES,46,2024,1,vida nocturna,espectaculos,cine,comunitat valenciana,valencia/valencia,19205.0,115.0
ES,15,2024,1,vida nocturna,espectaculos,cine,galicia,a coruna,19645.0,3929.0
ES,07,2024,1,vida nocturna,espectaculos,cine,illes balears,illes balears,1712.0,162.0
ES,20,2024,1,vida nocturna,espectaculos,cine,pais vasco,gipuzkoa,72960.33,416.33
ES,30,2024,1,vida nocturna,espectaculos,cine,region de murcia,murcia,1400.0,350.0
ES,14,2024,1,otros,espectaculos,conferencias,andalucia,cordoba,57600.0,200.0
ES,29,2024,1,otros,espectaculos,conferencias,andalucia,malaga,17820.0,660.0
ES,08,2024,1,otros,espectaculos,conferencias,cataluna,barcelona,44676.0,438.0
ES,28,2024,1,otros,espectaculos,conferencias,comunidad de madrid,madrid,150819.0,1319.5
ES,31,2024,1,otros,espectaculos,conferencias,comunidad foral de navarra,navarra,985152.0,4398.0
ES,03,2024,1,otros,espectaculos,conferencias,comunitat valenciana,alicante/alacant,4520.0,904.0
ES,07,2024,1,otros,espectaculos,conferencias,illes balears,illes balears,53353.0,3565.0
ES,48,2024,1,otros,espectaculos,conferencias,pais vasco,bizkaia,2300.0,50.0
ES,04,2024,1,paisaje urbano,espectaculos,"cultura, teatro y danza",andalucia,almeria,500416.0,1476.0
ES,11,2024,1,paisaje urbano,espectaculos,"cultura, teatro y danza",andalucia,cadiz,7822.67,1088.0
ES,14,2024,1,paisaje urbano,espectaculos,"cultura, teatro y danza",andalucia,cordoba,160126.0,1357.0
ES,18,2024,1,paisaje urbano,espectaculos,"cultura, teatro y danza",andalucia,granada,352129.5,656.0
ES,21,2024,1,paisaje urbano,espectaculos,"cultura, teatro y danza",andalucia,huelva,35478.0,486.0
ES,23,2024,1,paisaje urbano,espectaculos,"cultura, teatro y danza",andalucia,jaen,1962.0,981.0
ES,29,2024,1,paisaje urbano,espectaculos,"cultura, teatro y danza",andalucia,malaga,134261.67,905.33
ES,41,2024,1,paisaje urbano,espectaculos,"cultura, teatro y danza",andalucia,sevilla,353832.0,1498.67
ES,22,2024,1,paisaje urbano,espectaculos,"cultura, teatro y danza",aragon,huesca,25872.0,616.0
ES,50,2024,1,paisaje urbano,espectaculos,"cultura, teatro y danza",aragon,zaragoza,514739.33,1095.33
ES,35,2024,1,paisaje urbano,espectaculos,"cultura, teatro y danza",canarias,las palmas,340070.0,658.12
ES,38,2024,1,paisaje urbano,espectaculos,"cultura, teatro y danza",canarias,santa cruz de tenerife,381674.8,1148.8
ES,39,2024,1,paisaje urbano,espectaculos,"cultura, teatro y danza",cantabria,cantabria,63350.0,1267.0
ES,02,2024,1,paisaje urbano,espectaculos,"cultura, teatro y danza",castilla - la mancha,albacete,355454.5,903.0
ES,13,2024,1,paisaje urbano,espectaculos,"cultura, teatro y danza",castilla - la mancha,ciudad real,1042.5,122.5
ES,16,2024,1,paisaje urbano,espectaculos,"cultura, teatro y danza",castilla - la mancha,cuenca,42024.0,766.0
ES,45,2024,1,paisaje urbano,espectaculos,"cultura, teatro y danza",castilla - la mancha,toledo,26587.5,377.5
ES,05,2024,1,paisaje urbano,espectaculos,"cultura, teatro y danza",castilla y leon,avila,350.0,50.0
ES,24,2024,1,paisaje urbano,espectaculos,"cultura, teatro y danza",castilla y leon,leon,10725.0,275.0
ES,37,2024,1,paisaje urbano,espectaculos,"cultura, teatro y danza",castilla y leon,salamanca,176126.0,595.33
ES,47,2024,1,paisaje urbano,espectaculos,"cultura, teatro y danza",castilla y leon,valladolid,17487.5,626.5
ES,49,2024,1,paisaje urbano,espectaculos,"cultura, teatro y danza",castilla y leon,zamora,11880.0,540.0
ES,08,2024,1,paisaje urbano,espectaculos,"cultura, teatro y danza",cataluna,barcelona,713270.92,798.23
ES,17,2024,1,paisaje urbano,espectaculos,"cultura, teatro y danza",cataluna,girona,17919.5,383.0
ES,43,2024,1,paisaje urbano,espectaculos,"cultura, teatro y danza",cataluna,tarragona,343506.67,897.83
ES,28,2024,1,paisaje urbano,espectaculos,"cultura, teatro y danza",comunidad de madrid,madrid,1756191.83,632.67
ES,31,2024,1,paisaje urbano,espectaculos,"cultura, teatro y danza",comunidad foral de navarra,navarra,1484.0,106.0
ES,03,2024,1,paisaje urbano,espectaculos,"cultura, teatro y danza",comunitat valenciana,alicante/alacant,187216.0,946.29
ES,12,2024,1,paisaje urbano,espectaculos,"cultura, teatro y danza",comunitat valenciana,castellon/castello,720.0,30.0
ES,46,2024,1,paisaje urbano,espectaculos,"cultura, teatro y danza",comunitat valenciana,valencia/valencia,140981.33,389.33
ES,06,2024,1,paisaje urbano,espectaculos,"cultura, teatro y danza",extremadura,badajoz,20060.0,140.0
ES,10,2024,1,paisaje urbano,espectaculos,"cultura, teatro y danza",extremadura,caceres,66481.33,1204.67
ES,15,2024,1,paisaje urbano,espectaculos,"cultura, teatro y danza",galicia,a coruna,65542.5,523.5
ES,32,2024,1,paisaje urbano,espectaculos,"cultura, teatro y danza",galicia,ourense,660.0,220.0
ES,36,2024,1,paisaje urbano,espectaculos,"cultura, teatro y danza",galicia,pontevedra,218578.0,746.0
ES,07,2024,1,paisaje urbano,espectaculos,"cultura, teatro y danza",illes balears,illes balears,121144.07,688.27
ES,26,2024,1,paisaje urbano,espectaculos,"cultura, teatro y danza",la rioja,la rioja,764445.0,1353.0
ES,01,2024,1,paisaje urbano,espectaculos,"cultura, teatro y danza",pais vasco,araba/alava,8324.67,468.67
ES,48,2024,1,paisaje urbano,espectaculos,"cultura, teatro y danza",pais vasco,bizkaia,237191.0,1101.0
ES,20,2024,1,paisaje urbano,espectaculos,"cultura, teatro y danza",pais vasco,gipuzkoa,109860.0,516.25
ES,33,2024,1,paisaje urbano,espectaculos,"cultura, teatro y danza",principado de asturias,asturias,51785.0,977.33
ES,30,2024,1,paisaje urbano,espectaculos,"cultura, teatro y danza",region de murcia,murcia,240117.0,1005.33
ES,28,2024,1,compras,espectaculos,ferias,comunidad de madrid,madrid,299988.0,2564.0
ES,03,2024,1,compras,espectaculos,ferias,comunitat valenciana,alicante/alacant,4520.0,904.0
ES,48,2024,1,compras,espectaculos,ferias,pais vasco,bizkaia,2300.0,50.0
ES,21,2024,1,paisaje urbano,espectaculos,museo y exposiciones,andalucia,huelva,35478.0,486.0
ES,41,2024,1,paisaje urbano,espectaculos,museo y exposiciones,andalucia,sevilla,40236.67,748.67
ES,02,2024,1,paisaje urbano,espectaculos,museo y exposiciones,castilla - la mancha,albacete,9926.0,709.0
ES,45,2024,1,paisaje urbano,espectaculos,museo y exposiciones,castilla - la mancha,toledo,40071.0,703.0
ES,08,2024,1,paisaje urbano,espectaculos,museo y exposiciones,cataluna,barcelona,145692.0,1349.0
ES,43,2024,1,paisaje urbano,espectaculos,museo y exposiciones,cataluna,tarragona,59555.0,1385.0
ES,28,2024,1,paisaje urbano,espectaculos,museo y exposiciones,comunidad de madrid,madrid,300.0,100.0
ES,46,2024,1,paisaje urbano,espectaculos,museo y exposiciones,comunitat valenciana,valencia/valencia,400.0,100.0
ES,48,2024,1,paisaje urbano,espectaculos,museo y exposiciones,pais vasco,bizkaia,203619.0,897.0
ES,04,2024,1,vida nocturna,espectaculos,musica,andalucia,almeria,317248.5,359.5
ES,11,2024,1,vida nocturna,espectaculos,musica,andalucia,cadiz,258483.71,945.14
ES,14,2024,1,vida nocturna,espectaculos,musica,andalucia,cordoba,42193.0,763.0
ES,18,2024,1,vida nocturna,espectaculos,musica,andalucia,granada,688957.0,995.8
ES,21,2024,1,vida nocturna,espectaculos,musica,andalucia,huelva,200.0,100.0
ES,23,2024,1,vida nocturna,espectaculos,musica,andalucia,jaen,118918.6,892.6
ES,29,2024,1,vida nocturna,espectaculos,musica,andalucia,malaga,138804.5,1248.17
ES,41,2024,1,vida nocturna,espectaculos,musica,andalucia,sevilla,778441.86,1200.57
ES,22,2024,1,vida nocturna,espectaculos,musica,aragon,huesca,93597.0,1365.5
ES,44,2024,1,vida nocturna,espectaculos,musica,aragon,teruel,476438.0,2258.0
ES,50,2024,1,vida nocturna,espectaculos,musica,aragon,zaragoza,2283738.5,868.5
ES,35,2024,1,vida nocturna,espectaculos,musica,canarias,las palmas,1054460.67,2053.67
ES,38,2024,1,vida nocturna,espectaculos,musica,canarias,santa cruz de tenerife,158129.25,1205.12
ES,39,2024,1,vida nocturna,espectaculos,musica,cantabria,cantabria,8293.5,1104.5
ES,02,2024,1,vida nocturna,espectaculos,musica,castilla - la mancha,albacete,359979.5,2799.5
ES,13,2024,1,vida nocturna,espectaculos,musica,castilla - la mancha,ciudad real,14499.75,1081.25
ES,16,2024,1,vida nocturna,espectaculos,musica,castilla - la mancha,cuenca,95641.0,1051.0
ES,19,2024,1,vida nocturna,espectaculos,musica,castilla - la mancha,guadalajara,414288.0,1512.0
ES,45,2024,1,vida nocturna,espectaculos,musica,castilla - la mancha,toledo,74606.6,2073.8
ES,05,2024,1,vida nocturna,espectaculos,musica,castilla y leon,avila,88451.5,1255.5
ES,09,2024,1,vida nocturna,espectaculos,musica,castilla y leon,burgos,739577.0,1453.0
ES,24,2024,1,vida nocturna,espectaculos,musica,castilla y leon,leon,272531.0,1147.0
ES,34,2024,1,vida nocturna,espectaculos,musica,castilla y leon,palencia,923013.0,1449.0
ES,37,2024,1,vida nocturna,espectaculos,musica,castilla y leon,salamanca,524774.0,1254.0
ES,40,2024,1,vida nocturna,espectaculos,musica,castilla y leon,segovia,73417.5,1865.5
ES,42,2024,1,vida nocturna,espectaculos,musica,castilla y leon,soria,6931.0,978.5
ES,47,2024,1,vida nocturna,espectaculos,musica,castilla y leon,valladolid,167260.0,797.5
ES,49,2024,1,vida nocturna,espectaculos,musica,castilla y leon,zamora,64992.0,1885.5
ES,08,2024,1,vida nocturna,espectaculos,musica,cataluna,barcelona,1077692.93,1011.11
ES,17,2024,1,vida nocturna,espectaculos,musica,cataluna,girona,174544.44,1759.44
ES,25,2024,1,vida nocturna,espectaculos,musica,cataluna,lleida,407751.6,1107.0
ES,43,2024,1,vida nocturna,espectaculos,musica,cataluna,tarragona,244072.5,2416.5
ES,28,2024,1,vida nocturna,espectaculos,musica,comunidad de madrid,madrid,2931468.36,1470.29
ES,31,2024,1,vida nocturna,espectaculos,musica,comunidad foral de navarra,navarra,2768638.43,2317.86
ES,03,2024,1,vida nocturna,espectaculos,musica,comunitat valenciana,alicante/alacant,422332.31,1146.77
ES,12,2024,1,vida nocturna,espectaculos,musica,comunitat valenciana,castellon/castello,214047.5,722.5
ES,46,2024,1,vida nocturna,espectaculos,musica,comunitat valenciana,valencia/valencia,1238718.67,1407.17
ES,06,2024,1,vida nocturna,espectaculos,musica,extremadura,badajoz,107997.33,1393.0
ES,10,2024,1,vida nocturna,espectaculos,musica,extremadura,caceres,57380.75,1231.25
ES,15,2024,1,vida nocturna,espectaculos,musica,galicia,a coruna,208229.33,1364.17
ES,27,2024,1,vida nocturna,espectaculos,musica,galicia,lugo,40839.0,867.0
ES,32,2024,1,vida nocturna,espectaculos,musica,galicia,ourense,18944.0,1184.0
ES,36,2024,1,vida nocturna,espectaculos,musica,galicia,pontevedra,479316.0,1354.0
ES,07,2024,1,vida nocturna,espectaculos,musica,illes balears,illes balears,740872.35,1242.3
ES,26,2024,1,vida nocturna,espectaculos,musica,la rioja,la rioja,222645.33,2167.33
ES,01,2024,1,vida nocturna,espectaculos,musica,pais vasco,araba/alava,41791.0,316.0
ES,48,2024,1,vida nocturna,espectaculos,musica,pais vasco,bizkaia,542948.22,953.44
ES,20,2024,1,vida nocturna,espectaculos,musica,pais vasco,gipuzkoa,331414.78,718.89
ES,33,2024,1,vida nocturna,espectaculos,musica,principado de asturias,asturias,362525.4,1009.4
ES,30,2024,1,vida nocturna,espectaculos,musica,region de murcia,murcia,1885574.0,538.0
ES,14,2024,1,vida nocturna,espectaculos,musicales,andalucia,cordoba,1195183.0,1969.0
ES,18,2024,1,vida nocturna,espectaculos,musicales,andalucia,granada,6808.0,1702.0
ES,29,2024,1,vida nocturna,espectaculos,musicales,andalucia,malaga,121361.5,143.0
ES,41,2024,1,vida nocturna,espectaculos,musicales,andalucia,sevilla,76531.0,841.0
ES,50,2024,1,vida nocturna,espectaculos,musicales,aragon,zaragoza,209874.0,789.0
ES,35,2024,1,vida nocturna,espectaculos,musicales,canarias,las palmas,127478.5,476.5
ES,38,2024,1,vida nocturna,espectaculos,musicales,canarias,santa cruz de tenerife,177564.5,854.5
ES,39,2024,1,vida nocturna,espectaculos,musicales,cantabria,cantabria,4400.0,220.0
ES,02,2024,1,vida nocturna,espectaculos,musicales,castilla - la mancha,albacete,439356.0,1786.0
ES,24,2024,1,vida nocturna,espectaculos,musicales,castilla y leon,leon,10725.0,275.0
ES,37,2024,1,vida nocturna,espectaculos,musicales,castilla y leon,salamanca,549188.0,2188.0
ES,47,2024,1,vida nocturna,espectaculos,musicales,castilla y leon,valladolid,7128.0,198.0
ES,08,2024,1,vida nocturna,espectaculos,musicales,cataluna,barcelona,67889.67,514.33
ES,17,2024,1,vida nocturna,espectaculos,musicales,cataluna,girona,32141.0,591.0
ES,28,2024,1,vida nocturna,espectaculos,musicales,comunidad de madrid,madrid,51125.0,442.25
ES,03,2024,1,vida nocturna,espectaculos,musicales,comunitat valenciana,alicante/alacant,296102.67,778.0
ES,46,2024,1,vida nocturna,espectaculos,musicales,comunitat valenciana,valencia/valencia,621908.0,931.0
ES,06,2024,1,vida nocturna,espectaculos,musicales,extremadura,badajoz,37840.0,220.0
ES,10,2024,1,vida nocturna,espectaculos,musicales,extremadura,caceres,47658.5,2096.0
ES,32,2024,1,vida nocturna,espectaculos,musicales,galicia,ourense,660.0,220.0
ES,36,2024,1,vida nocturna,espectaculos,musicales,galicia,pontevedra,1944.0,432.0
ES,07,2024,1,vida nocturna,espectaculos,musicales,illes balears,illes balears,49256.5,1573.5
ES,26,2024,1,vida nocturna,espectaculos,musicales,la rioja,la rioja,43988.0,1571.0
ES,33,2024,1,vida nocturna,espectaculos,musicales,principado de asturias,asturias,30565.5,994.5
ES,30,2024,1,vida nocturna,espectaculos,musicales,region de murcia,murcia,140593.0,695.5
ES,04,2024,2,paisaje naturaleza,actividades,actividades infantiles,andalucia,almeria,27137.0,2467.0
ES,11,2024,2,paisaje naturaleza,actividades,actividades infantiles,andalucia,cadiz,461402.0,1642.0
ES,14,2024,2,paisaje naturaleza,actividades,actividades infantiles,andalucia,cordoba,4284.0,102.0
ES,18,2024,2,paisaje naturaleza,actividades,actividades infantiles,andalucia,granada,76062.67,1554.0
ES,23,2024,2,paisaje naturaleza,actividades,actividades infantiles,andalucia,jaen,540.0,270.0
ES,29,2024,2,paisaje naturaleza,actividades,actividades infantiles,andalucia,malaga,24062.0,292.33
ES,41,2024,2,paisaje naturaleza,actividades,actividades infantiles,andalucia,sevilla,28638.5,1983.0
ES,50,2024,2,paisaje naturaleza,actividades,actividades infantiles,aragon,zaragoza,986904.0,648.0
ES,35,2024,2,paisaje naturaleza,actividades,actividades infantiles,canarias,las palmas,5614.5,101.5
ES,38,2024,2,paisaje naturaleza,actividades,actividades infantiles,canarias,santa cruz de tenerife,47413.0,469.0
ES,39,2024,2,paisaje naturaleza,actividades,actividades infantiles,cantabria,cantabria,10292.0,342.5
ES,02,2024,2,paisaje naturaleza,actividades,actividades infantiles,castilla - la mancha,albacete,25696.0,176.0
ES,45,2024,2,paisaje naturaleza,actividades,actividades infantiles,castilla - la mancha,toledo,59715.0,1511.5
ES,05,2024,2,paisaje naturaleza,actividades,actividades infantiles,castilla y leon,avila,23276.0,1012.0
ES,24,2024,2,paisaje naturaleza,actividades,actividades infantiles,castilla y leon,leon,3336.0,1112.0
ES,37,2024,2,paisaje naturaleza,actividades,actividades infantiles,castilla y leon,salamanca,25467.0,1959.0
ES,47,2024,2,paisaje naturaleza,actividades,actividades infantiles,castilla y leon,valladolid,760618.0,553.67
ES,49,2024,2,paisaje naturaleza,actividades,actividades infantiles,castilla y leon,zamora,55081.0,247.0
ES,08,2024,2,paisaje naturaleza,actividades,actividades infantiles,cataluna,barcelona,271345.4,870.2
ES,17,2024,2,paisaje naturaleza,actividades,actividades infantiles,cataluna,girona,9486.75,468.75
ES,43,2024,2,paisaje naturaleza,actividades,actividades infantiles,cataluna,tarragona,673687.0,1701.5
ES,28,2024,2,paisaje naturaleza,actividades,actividades infantiles,comunidad de madrid,madrid,213805.33,657.33
ES,31,2024,2,paisaje naturaleza,actividades,actividades infantiles,comunidad foral de navarra,navarra,3381414.0,4922.0
ES,03,2024,2,paisaje naturaleza,actividades,actividades infantiles,comunitat valenciana,alicante/alacant,700.0,70.0
ES,46,2024,2,paisaje naturaleza,actividades,actividades infantiles,comunitat valenciana,valencia/valencia,1059159.67,1060.33
ES,06,2024,2,paisaje naturaleza,actividades,actividades infantiles,extremadura,badajoz,19888.0,176.0
ES,10,2024,2,paisaje naturaleza,actividades,actividades infantiles,extremadura,caceres,173114.5,912.0
ES,15,2024,2,paisaje naturaleza,actividades,actividades infantiles,galicia,a coruna,8609.5,798.5
ES,27,2024,2,paisaje naturaleza,actividades,actividades infantiles,galicia,lugo,17424.0,176.0
ES,07,2024,2,paisaje naturaleza,actividades,actividades infantiles,illes balears,illes balears,51682.0,845.44
ES,01,2024,2,paisaje naturaleza,actividades,actividades infantiles,pais vasco,araba/alava,3103.0,233.0
ES,48,2024,2,paisaje naturaleza,actividades,actividades infantiles,pais vasco,bizkaia,192774.33,7021.33
ES,20,2024,2,paisaje naturaleza,actividades,actividades infantiles,pais vasco,gipuzkoa,31652.0,386.0
ES,33,2024,2,paisaje naturaleza,actividades,actividades infantiles,principado de asturias,asturias,22302.0,826.0
ES,30,2024,2,paisaje naturaleza,actividades,actividades infantiles,region de murcia,murcia,25006.0,419.0
ES,11,2024,2,servicios,actividades,cursos,andalucia,cadiz,1690.0,130.0
ES,29,2024,2,servicios,actividades,cursos,andalucia,malaga,16562.0,1274.0
ES,41,2024,2,servicios,actividades,cursos,andalucia,sevilla,1300.0,100.0
ES,50,2024,2,servicios,actividades,cursos,aragon,zaragoza,2947.0,2947.0
ES,35,2024,2,servicios,actividades,cursos,canarias,las palmas,939.0,939.0
ES,38,2024,2,servicios,actividades,cursos,canarias,santa cruz de tenerife,4796.0,2398.0
ES,39,2024,2,servicios,actividades,cursos,cantabria,cantabria,2600.0,1300.0
ES,47,2024,2,servicios,actividades,cursos,castilla y leon,valladolid,375.0,125.0
ES,08,2024,2,servicios,actividades,cursos,cataluna,barcelona,106895.25,1816.25
ES,17,2024,2,servicios,actividades,cursos,cataluna,girona,45935.5,2295.5
ES,28,2024,2,servicios,actividades,cursos,comunidad de madrid,madrid,162145.33,2966.33
ES,03,2024,2,servicios,actividades,cursos,comunitat valenciana,alicante/alacant,190297.0,8979.5
ES,46,2024,2,servicios,actividades,cursos,comunitat valenciana,valencia/valencia,420.0,210.0
ES,07,2024,2,servicios,actividades,cursos,illes balears,illes balears,1294096.83,8307.83
ES,48,2024,2,servicios,actividades,cursos,pais vasco,bizkaia,26740.33,4667.33
ES,20,2024,2,servicios,actividades,cursos,pais vasco,gipuzkoa,300.0,150.0
ES,33,2024,2,servicios,actividades,cursos,principado de asturias,asturias,300006.0,21429.0
ES,30,2024,2,servicios,actividades,cursos,region de murcia,murcia,732798.0,7402.0
ES,41,2024,2,paisaje naturaleza,actividades,deportes y aventuras,andalucia,sevilla,23205.0,455.0
ES,50,2024,2,paisaje naturaleza,actividades,deportes y aventuras,aragon,zaragoza,291102.0,1673.0
ES,35,2024,2,paisaje naturaleza,actividades,deportes y aventuras,canarias,las palmas,4979.0,285.5
ES,38,2024,2,paisaje naturaleza,actividades,deportes y aventuras,canarias,santa cruz de tenerife,1812.0,604.0
ES,08,2024,2,paisaje naturaleza,actividades,deportes y aventuras,cataluna,barcelona,279203.6,1979.4
ES,28,2024,2,paisaje naturaleza,actividades,deportes y aventuras,comunidad de madrid,madrid,760746.0,1239.0
ES,31,2024,2,paisaje naturaleza,actividades,deportes y aventuras,comunidad foral de navarra,navarra,122496.0,348.0
ES,03,2024,2,paisaje naturaleza,actividades,deportes y aventuras,comunitat valenciana,alicante/alacant,96212.5,2877.5
ES,46,2024,2,paisaje naturaleza,actividades,deportes y aventuras,comunitat valenciana,valencia/valencia,700.0,100.0
ES,06,2024,2,paisaje naturaleza,actividades,deportes y aventuras,extremadura,badajoz,2297.5,302.5
ES,10,2024,2,paisaje naturaleza,actividades,deportes y aventuras,extremadura,caceres,210686.0,1043.0
ES,15,2024,2,paisaje naturaleza,actividades,deportes y aventuras,galicia,a coruna,2520.0,1008.0
ES,48,2024,2,paisaje naturaleza,actividades,deportes y aventuras,pais vasco,bizkaia,99446.5,1714.0
ES,30,2024,2,paisaje naturaleza,actividades,deportes y aventuras,region de murcia,murcia,455.0,2275.0
ES,23,2024,2,comida y bebida,actividades,gastronomia,andalucia,jaen,2100.0,150.0
ES,29,2024,2,comida y bebida,actividades,gastronomia,andalucia,malaga,165876.5,764.5
ES,41,2024,2,comida y bebida,actividades,gastronomia,andalucia,sevilla,9714.0,1531.0
ES,50,2024,2,comida y bebida,actividades,gastronomia,aragon,zaragoza,3520.0,110.0
ES,35,2024,2,comida y bebida,actividades,gastronomia,canarias,las palmas,650.0,650.0
ES,02,2024,2,comida y bebida,actividades,gastronomia,castilla - la mancha,albacete,80738.0,1022.0
ES,47,2024,2,comida y bebida,actividades,gastronomia,castilla y leon,valladolid,375.0,125.0
ES,08,2024,2,comida y bebida,actividades,gastronomia,cataluna,barcelona,248579.5,1277.5
ES,28,2024,2,comida y bebida,actividades,gastronomia,comunidad de madrid,madrid,217366.0,1639.0
ES,10,2024,2,comida y bebida,actividades,gastronomia,extremadura,caceres,9042.0,822.0
ES,07,2024,2,comida y bebida,actividades,gastronomia,illes balears,illes balears,280220.33,2781.0
ES,41,2024,2,vida nocturna,espectaculos,cine,andalucia,sevilla,123453.0,473.0
ES,22,2024,2,vida nocturna,espectaculos,cine,aragon,huesca,175732.0,1467.5
ES,50,2024,2,vida nocturna,espectaculos,cine,aragon,zaragoza,2821.5,319.0
ES,02,2024,2,vida nocturna,espectaculos,cine,castilla - la mancha,albacete,288.0,32.0
ES,08,2024,2,vida nocturna,espectaculos,cine,cataluna,barcelona,40368.0,696.0
ES,17,2024,2,vida nocturna,espectaculos,cine,cataluna,girona,4203.0,467.0
ES,25,2024,2,vida nocturna,espectaculos,cine,cataluna,lleida,1600.0,200.0
ES,28,2024,2,vida nocturna,espectaculos,cine,comunidad de madrid,madrid,407056.0,1957.0
ES,03,2024,2,vida nocturna,espectaculos,cine,comunitat valenciana,alicante/alacant,3677.5,92.5
ES,07,2024,2,vida nocturna,espectaculos,cine,illes balears,illes balears,14811.33,258.33
ES,20,2024,2,vida nocturna,espectaculos,cine,pais vasco,gipuzkoa,26702.4,261.0
ES,30,2024,2,vida nocturna,espectaculos,cine,region de murcia,murcia,14497.0,665.0
ES,14,2024,2,otros,espectaculos,conferencias,andalucia,cordoba,12400.0,200.0
ES,29,2024,2,otros,espectaculos,conferencias,andalucia,malaga,72827.0,3833.0
ES,37,2024,2,otros,espectaculos,conferencias,castilla y leon,salamanca,35328.0,1536.0
ES,47,2024,2,otros,espectaculos,conferencias,castilla y leon,valladolid,525.0,525.0
ES,08,2024,2,otros,espectaculos,conferencias,cataluna,barcelona,1726.5,301.5
ES,28,2024,2,otros,espectaculos,conferencias,comunidad de madrid,madrid,1006281.0,2762.5
ES,31,2024,2,otros,espectaculos,conferencias,comunidad foral de navarra,navarra,306.0,306.0
ES,03,2024,2,otros,espectaculos,conferencias,comunitat valenciana,alicante/alacant,14768.0,923.0
ES,07,2024,2,otros,espectaculos,conferencias,illes balears,illes balears,21458.5,2960.0
ES,48,2024,2,otros,espectaculos,conferencias,pais vasco,bizkaia,8125.0,125.0
ES,04,2024,2,paisaje urbano,espectaculos,"cultura, teatro y danza",andalucia,almeria,218899.0,1383.75
ES,11,2024,2,paisaje urbano,espectaculos,"cultura, teatro y danza",andalucia,cadiz,117198.5,772.0
ES,14,2024,2,paisaje urbano,espectaculos,"cultura, teatro y danza",andalucia,cordoba,227824.0,1107.5
ES,18,2024,2,paisaje urbano,espectaculos,"cultura, teatro y danza",andalucia,granada,302469.0,1067.0
ES,21,2024,2,paisaje urbano,espectaculos,"cultura, teatro y danza",andalucia,huelva,32130.0,119.0
ES,23,2024,2,paisaje urbano,espectaculos,"cultura, teatro y danza",andalucia,jaen,34958.0,1106.0
ES,29,2024,2,paisaje urbano,espectaculos,"cultura, teatro y danza",andalucia,malaga,37489.4,701.6
ES,41,2024,2,paisaje urbano,espectaculos,"cultura, teatro y danza",andalucia,sevilla,3941172.5,2144.5
ES,22,2024,2,paisaje urbano,espectaculos,"cultura, teatro y danza",aragon,huesca,214064.0,787.0
ES,50,2024,2,paisaje urbano,espectaculos,"cultura, teatro y danza",aragon,zaragoza,397729.5,833.25
ES,35,2024,2,paisaje urbano,espectaculos,"cultura, teatro y danza",canarias,las palmas,448856.29,757.43
ES,38,2024,2,paisaje urbano,espectaculos,"cultura, teatro y danza",canarias,santa cruz de tenerife,233196.8,1234.6
ES,39,2024,2,paisaje urbano,espectaculos,"cultura, teatro y danza",cantabria,cantabria,78812.0,122.0
ES,02,2024,2,paisaje urbano,espectaculos,"cultura, teatro y danza",castilla - la mancha,albacete,3569692.0,1058.0
ES,13,2024,2,paisaje urbano,espectaculos,"cultura, teatro y danza",castilla - la mancha,ciudad real,1155.0,165.0
ES,16,2024,2,paisaje urbano,espectaculos,"cultura, teatro y danza",castilla - la mancha,cuenca,50730.5,854.5
ES,45,2024,2,paisaje urbano,espectaculos,"cultura, teatro y danza",castilla - la mancha,toledo,173011.5,467.0
ES,37,2024,2,paisaje urbano,espectaculos,"cultura, teatro y danza",castilla y leon,salamanca,142617.33,610.67
ES,40,2024,2,paisaje urbano,espectaculos,"cultura, teatro y danza",castilla y leon,segovia,19800.0,550.0
ES,47,2024,2,paisaje urbano,espectaculos,"cultura, teatro y danza",castilla y leon,valladolid,17111.25,232.25
ES,49,2024,2,paisaje urbano,espectaculos,"cultura, teatro y danza",castilla y leon,zamora,92397.0,4863.0
ES,08,2024,2,paisaje urbano,espectaculos,"cultura, teatro y danza",cataluna,barcelona,480561.94,600.44
ES,17,2024,2,paisaje urbano,espectaculos,"cultura, teatro y danza",cataluna,girona,14807.0,954.6
ES,25,2024,2,paisaje urbano,espectaculos,"cultura, teatro y danza",cataluna,lleida,300.0,150.0
ES,43,2024,2,paisaje urbano,espectaculos,"cultura, teatro y danza",cataluna,tarragona,12995.5,589.5
ES,28,2024,2,paisaje urbano,espectaculos,"cultura, teatro y danza",comunidad de madrid,madrid,188492.11,754.33
ES,31,2024,2,paisaje urbano,espectaculos,"cultura, teatro y danza",comunidad foral de navarra,navarra,8268.0,106.0
ES,03,2024,2,paisaje urbano,espectaculos,"cultura, teatro y danza",comunitat valenciana,alicante/alacant,122967.43,1453.43
ES,12,2024,2,paisaje urbano,espectaculos,"cultura, teatro y danza",comunitat valenciana,castellon/castello,17966.0,691.0
ES,46,2024,2,paisaje urbano,espectaculos,"cultura, teatro y danza",comunitat valenciana,valencia/valencia,969408.75,1012.75
ES,06,2024,2,paisaje urbano,espectaculos,"cultura, teatro y danza",extremadura,badajoz,12140.75,238.25
ES,10,2024,2,paisaje urbano,espectaculos,"cultura, teatro y danza",extremadura,caceres,308931.0,928.5
ES,15,2024,2,paisaje urbano,espectaculos,"cultura, teatro y danza",galicia,a coruna,250046.0,986.5
ES,27,2024,2,paisaje urbano,espectaculos,"cultura, teatro y danza",galicia,lugo,17424.0,176.0
ES,36,2024,2,paisaje urbano,espectaculos,"cultura, teatro y danza",galicia,pontevedra,101326.0,370.67
ES,07,2024,2,paisaje urbano,espectaculos,"cultura, teatro y danza",illes balears,illes balears,95377.75,776.69
ES,26,2024,2,paisaje urbano,espectaculos,"cultura, teatro y danza",la rioja,la rioja,157920.0,235.0
ES,01,2024,2,paisaje urbano,espectaculos,"cultura, teatro y danza",pais vasco,araba/alava,5917.0,478.75
ES,48,2024,2,paisaje urbano,espectaculos,"cultura, teatro y danza",pais vasco,bizkaia,225231.67,1156.0
ES,20,2024,2,paisaje urbano,espectaculos,"cultura, teatro y danza",pais vasco,gipuzkoa,65470.0,745.0
ES,33,2024,2,paisaje urbano,espectaculos,"cultura, teatro y danza",principado de asturias,asturias,29407.0,593.5
ES,30,2024,2,paisaje urbano,espectaculos,"cultura, teatro y danza",region de murcia,murcia,92961.5,714.5
ES,37,2024,2,compras,espectaculos,ferias,castilla y leon,salamanca,35328.0,1536.0
ES,47,2024,2,compras,espectaculos,ferias,castilla y leon,valladolid,525.0,525.0
ES,28,2024,2,compras,espectaculos,ferias,comunidad de madrid,madrid,775047.0,2171.0
ES,03,2024,2,compras,espectaculos,ferias,comunitat valenciana,alicante/alacant,14768.0,923.0
ES,07,2024,2,compras,espectaculos,ferias,illes balears,illes balears,1250.0,250.0
ES,48,2024,2,compras,espectaculos,ferias,pais vasco,bizkaia,3150.0,50.0
ES,41,2024,2,paisaje urbano,espectaculos,museo y exposiciones,andalucia,sevilla,3315.0,130.0
ES,50,2024,2,paisaje urbano,espectaculos,museo y exposiciones,aragon,zaragoza,2600.0,260.0
ES,45,2024,2,paisaje urbano,espectaculos,museo y exposiciones,castilla - la mancha,toledo,96726.0,658.0
ES,08,2024,2,paisaje urbano,espectaculos,museo y exposiciones,cataluna,barcelona,81902.0,1321.0
ES,43,2024,2,paisaje urbano,espectaculos,museo y exposiciones,cataluna,tarragona,7182.0,2052.0
ES,46,2024,2,paisaje urbano,espectaculos,museo y exposiciones,comunitat valenciana,valencia/valencia,12653.0,643.0
ES,36,2024,2,paisaje urbano,espectaculos,museo y exposiciones,galicia,pontevedra,840.0,105.0
ES,07,2024,2,paisaje urbano,espectaculos,museo y exposiciones,illes balears,illes balears,3625.0,725.0
ES,48,2024,2,paisaje urbano,espectaculos,museo y exposiciones,pais vasco,bizkaia,271268.0,929.0
ES,04,2024,2,vida nocturna,espectaculos,musica,andalucia,almeria,577378.0,2097.4
ES,11,2024,2,vida nocturna,espectaculos,musica,andalucia,cadiz,294535.4,944.8
ES,14,2024,2,vida nocturna,espectaculos,musica,andalucia,cordoba,287208.0,786.0
ES,18,2024,2,vida nocturna,espectaculos,musica,andalucia,granada,418122.43,1275.86
ES,21,2024,2,vida nocturna,espectaculos,musica,andalucia,huelva,4464.0,558.0
ES,23,2024,2,vida nocturna,espectaculos,musica,andalucia,jaen,99871.57,881.43
ES,29,2024,2,vida nocturna,espectaculos,musica,andalucia,malaga,197546.0,1384.8
ES,41,2024,2,vida nocturna,espectaculos,musica,andalucia,sevilla,634174.38,1412.62
ES,22,2024,2,vida nocturna,espectaculos,musica,aragon,huesca,306242.0,1036.0
ES,44,2024,2,vida nocturna,espectaculos,musica,aragon,teruel,253102.5,1198.0
ES,50,2024,2,vida nocturna,espectaculos,musica,aragon,zaragoza,720544.0,1424.0
ES,35,2024,2,vida nocturna,espectaculos,musica,canarias,las palmas,975543.2,1768.2
ES,38,2024,2,vida nocturna,espectaculos,musica,canarias,santa cruz de tenerife,244359.62,1250.25
ES,39,2024,2,vida nocturna,espectaculos,musica,cantabria,cantabria,159711.33,941.0
ES,02,2024,2,vida nocturna,espectaculos,musica,castilla - la mancha,albacete,202067.33,1735.33
ES,13,2024,2,vida nocturna,espectaculos,musica,castilla - la mancha,ciudad real,94590.5,1175.5
ES,16,2024,2,vida nocturna,espectaculos,musica,castilla - la mancha,cuenca,389659.0,1182.0
ES,19,2024,2,vida nocturna,espectaculos,musica,castilla - la mancha,guadalajara,212316.0,1361.0
ES,45,2024,2,vida nocturna,espectaculos,musica,castilla - la mancha,toledo,109189.4,2615.8
ES,05,2024,2,vida nocturna,espectaculos,musica,castilla y leon,avila,32351.0,1004.0
ES,09,2024,2,vida nocturna,espectaculos,musica,castilla y leon,burgos,208376.0,1708.0
ES,24,2024,2,vida nocturna,espectaculos,musica,castilla y leon,leon,240627.0,1145.0
ES,34,2024,2,vida nocturna,espectaculos,musica,castilla y leon,palencia,89828.0,1321.0
ES,37,2024,2,vida nocturna,espectaculos,musica,castilla y leon,salamanca,627792.0,1276.0
ES,40,2024,2,vida nocturna,espectaculos,musica,castilla y leon,segovia,38506.0,1748.0
ES,42,2024,2,vida nocturna,espectaculos,musica,castilla y leon,soria,120737.0,978.0
ES,47,2024,2,vida nocturna,espectaculos,musica,castilla y leon,valladolid,52743.25,890.25
ES,49,2024,2,vida nocturna,espectaculos,musica,castilla y leon,zamora,326584.0,1163.0
ES,08,2024,2,vida nocturna,espectaculos,musica,cataluna,barcelona,1072096.4,1194.14
ES,17,2024,2,vida nocturna,espectaculos,musica,cataluna,girona,93181.45,1327.0
ES,25,2024,2,vida nocturna,espectaculos,musica,cataluna,lleida,203858.75,1217.0
ES,43,2024,2,vida nocturna,espectaculos,musica,cataluna,tarragona,303814.0,1352.5
ES,28,2024,2,vida nocturna,espectaculos,musica,comunidad de madrid,madrid,2183308.44,1013.67
ES,31,2024,2,vida nocturna,espectaculos,musica,comunidad foral de navarra,navarra,1962870.14,2646.86
ES,03,2024,2,vida nocturna,espectaculos,musica,comunitat valenciana,alicante/alacant,341132.47,1446.35
ES,12,2024,2,vida nocturna,espectaculos,musica,comunitat valenciana,castellon/castello,308686.5,1297.5
ES,46,2024,2,vida nocturna,espectaculos,musica,comunitat valenciana,valencia/valencia,536110.54,1285.92
ES,06,2024,2,vida nocturna,espectaculos,musica,extremadura,badajoz,135971.5,1084.5
ES,10,2024,2,vida nocturna,espectaculos,musica,extremadura,caceres,69443.5,1101.0
ES,15,2024,2,vida nocturna,espectaculos,musica,galicia,a coruna,401059.86,1099.29
ES,27,2024,2,vida nocturna,espectaculos,musica,galicia,lugo,14697.5,829.5
ES,32,2024,2,vida nocturna,espectaculos,musica,galicia,ourense,155052.0,1062.0
ES,36,2024,2,vida nocturna,espectaculos,musica,galicia,pontevedra,39110.0,413.0
ES,07,2024,2,vida nocturna,espectaculos,musica,illes balears,illes balears,1037851.93,1377.7
ES,26,2024,2,vida nocturna,espectaculos,musica,la rioja,la rioja,141028.0,1250.75
ES,01,2024,2,vida nocturna,espectaculos,musica,pais vasco,araba/alava,43709.0,487.5
ES,48,2024,2,vida nocturna,espectaculos,musica,pais vasco,bizkaia,93954.33,801.56
ES,20,2024,2,vida nocturna,espectaculos,musica,pais vasco,gipuzkoa,224365.75,968.12
ES,33,2024,2,vida nocturna,espectaculos,musica,principado de asturias,asturias,239856.29,844.29
ES,30,2024,2,vida nocturna,espectaculos,musica,region de murcia,murcia,701696.8,1347.2
ES,04,2024,2,vida nocturna,espectaculos,musicales,andalucia,almeria,58087.0,967.5
ES,11,2024,2,vida nocturna,espectaculos,musicales,andalucia,cadiz,461402.0,1642.0
ES,14,2024,2,vida nocturna,espectaculos,musicales,andalucia,cordoba,3173.5,572.0
ES,18,2024,2,vida nocturna,espectaculos,musicales,andalucia,granada,1740.0,258.0
ES,29,2024,2,vida nocturna,espectaculos,musicales,andalucia,malaga,7792.33,352.33
ES,50,2024,2,vida nocturna,espectaculos,musicales,aragon,zaragoza,462941.0,1013.0
ES,35,2024,2,vida nocturna,espectaculos,musicales,canarias,las palmas,8112.0,118.0
ES,38,2024,2,vida nocturna,espectaculos,musicales,canarias,santa cruz de tenerife,47413.0,469.0
ES,02,2024,2,vida nocturna,espectaculos,musicales,castilla - la mancha,albacete,548418.0,178.0
ES,37,2024,2,vida nocturna,espectaculos,musicales,castilla y leon,salamanca,445836.0,2103.0
ES,47,2024,2,vida nocturna,espectaculos,musicales,castilla y leon,valladolid,6721.0,260.0
ES,08,2024,2,vida nocturna,espectaculos,musicales,cataluna,barcelona,84226.2,883.6
ES,43,2024,2,vida nocturna,espectaculos,musicales,cataluna,tarragona,44154.0,198.0
ES,28,2024,2,vida nocturna,espectaculos,musicales,comunidad de madrid,madrid,76479.29,646.57
ES,03,2024,2,vida nocturna,espectaculos,musicales,comunitat valenciana,alicante/alacant,98153.0,959.0
ES,46,2024,2,vida nocturna,espectaculos,musicales,comunitat valenciana,valencia/valencia,1093492.0,922.0
ES,06,2024,2,vida nocturna,espectaculos,musicales,extremadura,badajoz,30528.0,192.0
ES,10,2024,2,vida nocturna,espectaculos,musicales,extremadura,caceres,356664.0,1149.5
ES,27,2024,2,vida nocturna,espectaculos,musicales,galicia,lugo,17424.0,176.0
ES,36,2024,2,vida nocturna,espectaculos,musicales,galicia,pontevedra,12096.0,432.0
ES,07,2024,2,vida nocturna,espectaculos,musicales,illes balears,illes balears,71296.5,907.0
ES,30,2024,2,vida nocturna,espectaculos,musicales,region de murcia,murcia,74853.5,1107.0
ES,04,2024,3,paisaje naturaleza,actividades,actividades infantiles,andalucia,almeria,1040.0,260.0
ES,11,2024,3,paisaje naturaleza,actividades,actividades infantiles,andalucia,cadiz,205838.5,1050.5
ES,14,2024,3,paisaje naturaleza,actividades,actividades infantiles,andalucia,cordoba,154845.0,999.0
ES,18,2024,3,paisaje naturaleza,actividades,actividades infantiles,andalucia,granada,370622.0,2111.0
ES,23,2024,3,paisaje naturaleza,actividades,actividades infantiles,andalucia,jaen,1602.0,2043.0
ES,29,2024,3,paisaje naturaleza,actividades,actividades infantiles,andalucia,malaga,62594.2,1062.4
ES,41,2024,3,paisaje naturaleza,actividades,actividades infantiles,andalucia,sevilla,12622.0,1427.5
ES,44,2024,3,paisaje naturaleza,actividades,actividades infantiles,aragon,teruel,2120.0,40.0
ES,50,2024,3,paisaje naturaleza,actividades,actividades infantiles,aragon,zaragoza,225510.0,310.0
ES,35,2024,3,paisaje naturaleza,actividades,actividades infantiles,canarias,las palmas,26032.2,177.4
ES,38,2024,3,paisaje naturaleza,actividades,actividades infantiles,canarias,santa cruz de tenerife,22348.0,302.0
ES,39,2024,3,paisaje naturaleza,actividades,actividades infantiles,cantabria,cantabria,37833.0,476.5
ES,02,2024,3,paisaje naturaleza,actividades,actividades infantiles,castilla - la mancha,albacete,24992.0,176.0
ES,19,2024,3,paisaje naturaleza,actividades,actividades infantiles,castilla - la mancha,guadalajara,27506.0,809.0
ES,45,2024,3,paisaje naturaleza,actividades,actividades infantiles,castilla - la mancha,toledo,54187.5,487.5
ES,24,2024,3,paisaje naturaleza,actividades,actividades infantiles,castilla y leon,leon,924.0,924.0
ES,37,2024,3,paisaje naturaleza,actividades,actividades infantiles,castilla y leon,salamanca,183676.0,1954.0
ES,47,2024,3,paisaje naturaleza,actividades,actividades infantiles,castilla y leon,valladolid,28133.67,671.67
ES,49,2024,3,paisaje naturaleza,actividades,actividades infantiles,castilla y leon,zamora,52503.0,2838.0
ES,08,2024,3,paisaje naturaleza,actividades,actividades infantiles,cataluna,barcelona,286207.73,953.09
ES,17,2024,3,paisaje naturaleza,actividades,actividades infantiles,cataluna,girona,134368.5,1187.5
ES,25,2024,3,paisaje naturaleza,actividades,actividades infantiles,cataluna,lleida,58986.0,2034.0
ES,43,2024,3,paisaje naturaleza,actividades,actividades infantiles,cataluna,tarragona,36549.75,1134.5
ES,28,2024,3,paisaje naturaleza,actividades,actividades infantiles,comunidad de madrid,madrid,140622.62,890.25
ES,31,2024,3,paisaje naturaleza,actividades,actividades infantiles,comunidad foral de navarra,navarra,548060.5,2306.0
ES,03,2024,3,paisaje naturaleza,actividades,actividades infantiles,comunitat valenciana,alicante/alacant,1195.0,75.0
ES,12,2024,3,paisaje naturaleza,actividades,actividades infantiles,comunitat valenciana,castellon/castello,1680.0,120.0
ES,46,2024,3,paisaje naturaleza,actividades,actividades infantiles,comunitat valenciana,valencia/valencia,1553916.0,871.0
ES,06,2024,3,paisaje naturaleza,actividades,actividades infantiles,extremadura,badajoz,23408.0,176.0
ES,10,2024,3,paisaje naturaleza,actividades,actividades infantiles,extremadura,caceres,30294.0,170.5
ES,15,2024,3,paisaje naturaleza,actividades,actividades infantiles,galicia,a coruna,53056.0,389.0
ES,27,2024,3,paisaje naturaleza,actividades,actividades infantiles,galicia,lugo,8800.0,176.0
ES,07,2024,3,paisaje naturaleza,actividades,actividades infantiles,illes balears,illes balears,793533.1,1035.1
ES,01,2024,3,paisaje naturaleza,actividades,actividades infantiles,pais vasco,araba/alava,156121.0,612.5
ES,48,2024,3,paisaje naturaleza,actividades,actividades infantiles,pais vasco,bizkaia,151155.0,3459.5
ES,20,2024,3,paisaje naturaleza,actividades,actividades infantiles,pais vasco,gipuzkoa,4156.0,314.0
ES,33,2024,3,paisaje naturaleza,actividades,actividades infantiles,principado de asturias,asturias,57591.0,711.0
ES,30,2024,3,paisaje naturaleza,actividades,actividades infantiles,region de murcia,murcia,7274.0,771.33
ES,11,2024,3,servicios,actividades,cursos,andalucia,cadiz,1365.0,195.0
ES,18,2024,3,servicios,actividades,cursos,andalucia,granada,1430.0,130.0
ES,23,2024,3,servicios,actividades,cursos,andalucia,jaen,1962.0,981.0
ES,29,2024,3,servicios,actividades,cursos,andalucia,malaga,1102029.0,12667.0
ES,41,2024,3,servicios,actividades,cursos,andalucia,sevilla,245772.0,6827.0
ES,35,2024,3,servicios,actividades,cursos,canarias,las palmas,3400.0,680.0
ES,38,2024,3,servicios,actividades,cursos,canarias,santa cruz de tenerife,4796.0,2398.0
ES,08,2024,3,servicios,actividades,cursos,cataluna,barcelona,199000.4,5138.0
ES,17,2024,3,servicios,actividades,cursos,cataluna,girona,56284.0,2434.5
ES,43,2024,3,servicios,actividades,cursos,cataluna,tarragona,3360.0,626.0
ES,28,2024,3,servicios,actividades,cursos,comunidad de madrid,madrid,2575054.67,6317.0
ES,03,2024,3,servicios,actividades,cursos,comunitat valenciana,alicante/alacant,11305.0,770.0
ES,46,2024,3,servicios,actividades,cursos,comunitat valenciana,valencia/valencia,68400.0,3600.0
ES,27,2024,3,servicios,actividades,cursos,galicia,lugo,6188.0,1547.0
ES,07,2024,3,servicios,actividades,cursos,illes balears,illes balears,110782.0,3298.2
ES,48,2024,3,servicios,actividades,cursos,pais vasco,bizkaia,76035.0,3810.75
ES,20,2024,3,servicios,actividades,cursos,pais vasco,gipuzkoa,750.0,750.0
ES,30,2024,3,servicios,actividades,cursos,region de murcia,murcia,22875.0,2055.0
ES,29,2024,3,paisaje naturaleza,actividades,deportes y aventuras,andalucia,malaga,59551.5,2248.0
ES,41,2024,3,paisaje naturaleza,actividades,deportes y aventuras,andalucia,sevilla,29568.0,528.0
ES,50,2024,3,paisaje naturaleza,actividades,deportes y aventuras,aragon,zaragoza,36697.5,1255.5
ES,35,2024,3,paisaje naturaleza,actividades,deportes y aventuras,canarias,las palmas,5098.0,372.0
ES,38,2024,3,paisaje naturaleza,actividades,deportes y aventuras,canarias,santa cruz de tenerife,3010.0,70.0
ES,08,2024,3,paisaje naturaleza,actividades,deportes y aventuras,cataluna,barcelona,571537.0,1555.33
ES,28,2024,3,paisaje naturaleza,actividades,deportes y aventuras,comunidad de madrid,madrid,34874.0,388.25
ES,31,2024,3,paisaje naturaleza,actividades,deportes y aventuras,comunidad foral de navarra,navarra,239736.0,4281.0
ES,03,2024,3,paisaje naturaleza,actividades,deportes y aventuras,comunitat valenciana,alicante/alacant,2667.0,2667.0
ES,46,2024,3,paisaje naturaleza,actividades,deportes y aventuras,comunitat valenciana,valencia/valencia,900.0,100.0
ES,06,2024,3,paisaje naturaleza,actividades,deportes y aventuras,extremadura,badajoz,27114.67,857.33
ES,10,2024,3,paisaje naturaleza,actividades,deportes y aventuras,extremadura,caceres,17604.0,1304.0
ES,15,2024,3,paisaje naturaleza,actividades,deportes y aventuras,galicia,a coruna,97485.0,1005.0
ES,07,2024,3,paisaje naturaleza,actividades,deportes y aventuras,illes balears,illes balears,145577.0,2717.0
ES,01,2024,3,paisaje naturaleza,actividades,deportes y aventuras,pais vasco,araba/alava,3468.0,515.5
ES,48,2024,3,paisaje naturaleza,actividades,deportes y aventuras,pais vasco,bizkaia,386712.67,518.0
ES,30,2024,3,paisaje naturaleza,actividades,deportes y aventuras,region de murcia,murcia,1395.0,155.0
ES,23,2024,3,comida y bebida,actividades,gastronomia,andalucia,jaen,500.0,250.0
ES,29,2024,3,comida y bebida,actividades,gastronomia,andalucia,malaga,26028.0,1446.0
ES,41,2024,3,comida y bebida,actividades,gastronomia,andalucia,sevilla,17730.0,713.0
ES,35,2024,3,comida y bebida,actividades,gastronomia,canarias,las palmas,3250.0,390.0
ES,02,2024,3,comida y bebida,actividades,gastronomia,castilla - la mancha,albacete,9527.5,656.5
ES,37,2024,3,comida y bebida,actividades,gastronomia,castilla y leon,salamanca,14053.0,1495.0
ES,08,2024,3,comida y bebida,actividades,gastronomia,cataluna,barcelona,184362.0,1856.25
ES,43,2024,3,comida y bebida,actividades,gastronomia,cataluna,tarragona,20419.5,1155.0
ES,28,2024,3,comida y bebida,actividades,gastronomia,comunidad de madrid,madrid,13538.0,1934.0
ES,03,2024,3,comida y bebida,actividades,gastronomia,comunitat valenciana,alicante/alacant,55144.5,758.5
ES,10,2024,3,comida y bebida,actividades,gastronomia,extremadura,caceres,648.0,162.0
ES,07,2024,3,comida y bebida,actividades,gastronomia,illes balears,illes balears,243699.0,1704.33
ES,01,2024,3,comida y bebida,actividades,gastronomia,pais vasco,araba/alava,810.0,30.0
ES,22,2024,3,vida nocturna,espectaculos,cine,aragon,huesca,59325.33,909.67
ES,50,2024,3,vida nocturna,espectaculos,cine,aragon,zaragoza,28371.0,579.0
ES,02,2024,3,vida nocturna,espectaculos,cine,castilla - la mancha,albacete,648.0,27.0
ES,08,2024,3,vida nocturna,espectaculos,cine,cataluna,barcelona,108485.67,479.33
ES,17,2024,3,vida nocturna,espectaculos,cine,cataluna,girona,360.0,45.0
ES,25,2024,3,vida nocturna,espectaculos,cine,cataluna,lleida,21593.0,143.0
ES,28,2024,3,vida nocturna,espectaculos,cine,comunidad de madrid,madrid,266228.0,1178.0
ES,03,2024,3,vida nocturna,espectaculos,cine,comunitat valenciana,alicante/alacant,454532.0,1054.25
ES,07,2024,3,vida nocturna,espectaculos,cine,illes balears,illes balears,1789.0,337.0
ES,20,2024,3,vida nocturna,espectaculos,cine,pais vasco,gipuzkoa,25871.5,373.75
ES,30,2024,3,vida nocturna,espectaculos,cine,region de murcia,murcia,347578.0,671.0
ES,14,2024,3,otros,espectaculos,conferencias,andalucia,cordoba,8600.0,100.0
ES,29,2024,3,otros,espectaculos,conferencias,andalucia,malaga,548158.0,1454.0
ES,50,2024,3,otros,espectaculos,conferencias,aragon,zaragoza,26016.0,813.0
ES,35,2024,3,otros,espectaculos,conferencias,canarias,las palmas,6240.0,160.0
ES,37,2024,3,otros,espectaculos,conferencias,castilla y leon,salamanca,5643.0,1254.0
ES,47,2024,3,otros,espectaculos,conferencias,castilla y leon,valladolid,2625.0,525.0
ES,08,2024,3,otros,espectaculos,conferencias,cataluna,barcelona,4950.0,190.0
ES,43,2024,3,otros,espectaculos,conferencias,cataluna,tarragona,92399.0,2106.5
ES,28,2024,3,otros,espectaculos,conferencias,comunidad de madrid,madrid,7530.0,6275.0
ES,46,2024,3,otros,espectaculos,conferencias,comunitat valenciana,valencia/valencia,114308.5,851.5
ES,07,2024,3,otros,espectaculos,conferencias,illes balears,illes balears,283435.0,1706.33
ES,48,2024,3,otros,espectaculos,conferencias,pais vasco,bizkaia,93996.0,2238.0
ES,33,2024,3,otros,espectaculos,conferencias,principado de asturias,asturias,27076.0,6769.0
ES,04,2024,3,paisaje urbano,espectaculos,"cultura, teatro y danza",andalucia,almeria,180097.67,1137.67
ES,11,2024,3,paisaje urbano,espectaculos,"cultura, teatro y danza",andalucia,cadiz,127365.75,1713.25
ES,14,2024,3,paisaje urbano,espectaculos,"cultura, teatro y danza",andalucia,cordoba,310470.5,1262.5
ES,18,2024,3,paisaje urbano,espectaculos,"cultura, teatro y danza",andalucia,granada,706484.0,956.0
ES,23,2024,3,paisaje urbano,espectaculos,"cultura, teatro y danza",andalucia,jaen,9105.0,1214.0
ES,29,2024,3,paisaje urbano,espectaculos,"cultura, teatro y danza",andalucia,malaga,48854.33,1411.67
ES,41,2024,3,paisaje urbano,espectaculos,"cultura, teatro y danza",andalucia,sevilla,193932.25,1443.5
ES,22,2024,3,paisaje urbano,espectaculos,"cultura, teatro y danza",aragon,huesca,1876068.0,1044.0
ES,44,2024,3,paisaje urbano,espectaculos,"cultura, teatro y danza",aragon,teruel,2120.0,40.0
ES,50,2024,3,paisaje urbano,espectaculos,"cultura, teatro y danza",aragon,zaragoza,110270.33,829.33
ES,35,2024,3,paisaje urbano,espectaculos,"cultura, teatro y danza",canarias,las palmas,390566.25,668.25
ES,38,2024,3,paisaje urbano,espectaculos,"cultura, teatro y danza",canarias,santa cruz de tenerife,334999.4,1257.6
ES,39,2024,3,paisaje urbano,espectaculos,"cultura, teatro y danza",cantabria,cantabria,422685.0,1395.0
ES,02,2024,3,paisaje urbano,espectaculos,"cultura, teatro y danza",castilla - la mancha,albacete,143577.0,1113.0
ES,16,2024,3,paisaje urbano,espectaculos,"cultura, teatro y danza",castilla - la mancha,cuenca,6335.0,377.0
ES,45,2024,3,paisaje urbano,espectaculos,"cultura, teatro y danza",castilla - la mancha,toledo,68476.0,374.25
ES,09,2024,3,paisaje urbano,espectaculos,"cultura, teatro y danza",castilla y leon,burgos,264.0,132.0
ES,34,2024,3,paisaje urbano,espectaculos,"cultura, teatro y danza",castilla y leon,palencia,720.0,120.0
ES,37,2024,3,paisaje urbano,espectaculos,"cultura, teatro y danza",castilla y leon,salamanca,150111.0,552.33
ES,47,2024,3,paisaje urbano,espectaculos,"cultura, teatro y danza",castilla y leon,valladolid,65933.67,743.83
ES,49,2024,3,paisaje urbano,espectaculos,"cultura, teatro y danza",castilla y leon,zamora,65996.0,4714.0
ES,08,2024,3,paisaje urbano,espectaculos,"cultura, teatro y danza",cataluna,barcelona,721553.48,675.05
ES,17,2024,3,paisaje urbano,espectaculos,"cultura, teatro y danza",cataluna,girona,8373.5,921.5
ES,25,2024,3,paisaje urbano,espectaculos,"cultura, teatro y danza",cataluna,lleida,65568.0,782.0
ES,43,2024,3,paisaje urbano,espectaculos,"cultura, teatro y danza",cataluna,tarragona,135933.75,1287.5
ES,28,2024,3,paisaje urbano,espectaculos,"cultura, teatro y danza",comunidad de madrid,madrid,2018677.5,665.0
ES,31,2024,3,paisaje urbano,espectaculos,"cultura, teatro y danza",comunidad foral de navarra,navarra,661362.0,10842.0
ES,03,2024,3,paisaje urbano,espectaculos,"cultura, teatro y danza",comunitat valenciana,alicante/alacant,186751.2,2133.6
ES,12,2024,3,paisaje urbano,espectaculos,"cultura, teatro y danza",comunitat valenciana,castellon/castello,27809.5,678.0
ES,46,2024,3,paisaje urbano,espectaculos,"cultura, teatro y danza",comunitat valenciana,valencia/valencia,1164024.0,812.5
ES,06,2024,3,paisaje urbano,espectaculos,"cultura, teatro y danza",extremadura,badajoz,16108.75,91.25
ES,10,2024,3,paisaje urbano,espectaculos,"cultura, teatro y danza",extremadura,caceres,298759.5,897.0
ES,15,2024,3,paisaje urbano,espectaculos,"cultura, teatro y danza",galicia,a coruna,81472.5,523.5
ES,27,2024,3,paisaje urbano,espectaculos,"cultura, teatro y danza",galicia,lugo,17653.33,839.0
ES,36,2024,3,paisaje urbano,espectaculos,"cultura, teatro y danza",galicia,pontevedra,172692.0,702.0
ES,07,2024,3,paisaje urbano,espectaculos,"cultura, teatro y danza",illes balears,illes balears,63445.89,652.78
ES,26,2024,3,paisaje urbano,espectaculos,"cultura, teatro y danza",la rioja,la rioja,32940.0,2196.0
ES,01,2024,3,paisaje urbano,espectaculos,"cultura, teatro y danza",pais vasco,araba/alava,155697.25,671.5
ES,48,2024,3,paisaje urbano,espectaculos,"cultura, teatro y danza",pais vasco,bizkaia,147907.75,726.25
ES,20,2024,3,paisaje urbano,espectaculos,"cultura, teatro y danza",pais vasco,gipuzkoa,94594.4,489.4
ES,33,2024,3,paisaje urbano,espectaculos,"cultura, teatro y danza",principado de asturias,asturias,67788.0,807.0
ES,30,2024,3,paisaje urbano,espectaculos,"cultura, teatro y danza",region de murcia,murcia,55223.75,718.0
ES,50,2024,3,compras,espectaculos,ferias,aragon,zaragoza,26016.0,813.0
ES,37,2024,3,compras,espectaculos,ferias,castilla y leon,salamanca,5643.0,1254.0
ES,47,2024,3,compras,espectaculos,ferias,castilla y leon,valladolid,2625.0,525.0
ES,43,2024,3,compras,espectaculos,ferias,cataluna,tarragona,200.0,200.0
ES,07,2024,3,compras,espectaculos,ferias,illes balears,illes balears,598332.0,2514.0
ES,41,2024,3,paisaje urbano,espectaculos,museo y exposiciones,andalucia,sevilla,6778.67,294.33
ES,50,2024,3,paisaje urbano,espectaculos,museo y exposiciones,aragon,zaragoza,73568.0,352.0
ES,45,2024,3,paisaje urbano,espectaculos,museo y exposiciones,castilla - la mancha,toledo,103275.0,675.0
ES,37,2024,3,paisaje urbano,espectaculos,museo y exposiciones,castilla y leon,salamanca,100224.0,288.0
ES,08,2024,3,paisaje urbano,espectaculos,museo y exposiciones,cataluna,barcelona,113724.0,1404.0
ES,43,2024,3,paisaje urbano,espectaculos,museo y exposiciones,cataluna,tarragona,60812.0,1322.0
ES,46,2024,3,paisaje urbano,espectaculos,museo y exposiciones,comunitat valenciana,valencia/valencia,1256.0,1256.0
ES,07,2024,3,paisaje urbano,espectaculos,museo y exposiciones,illes balears,illes balears,1554.0,777.0
ES,01,2024,3,paisaje urbano,espectaculos,museo y exposiciones,pais vasco,araba/alava,29448.0,2454.0
ES,48,2024,3,paisaje urbano,espectaculos,museo y exposiciones,pais vasco,bizkaia,169926.0,892.0
ES,04,2024,3,vida nocturna,espectaculos,musica,andalucia,almeria,906827.4,1342.4
ES,11,2024,3,vida nocturna,espectaculos,musica,andalucia,cadiz,165310.88,987.75
ES,14,2024,3,vida nocturna,espectaculos,musica,andalucia,cordoba,27642.0,771.0
ES,18,2024,3,vida nocturna,espectaculos,musica,andalucia,granada,470282.67,1283.78
ES,21,2024,3,vida nocturna,espectaculos,musica,andalucia,huelva,6902.0,632.0
ES,23,2024,3,vida nocturna,espectaculos,musica,andalucia,jaen,123032.0,1191.57
ES,29,2024,3,vida nocturna,espectaculos,musica,andalucia,malaga,1589873.25,1250.25
ES,41,2024,3,vida nocturna,espectaculos,musica,andalucia,sevilla,727563.0,777.8
ES,22,2024,3,vida nocturna,espectaculos,musica,aragon,huesca,181816.5,1118.25
ES,44,2024,3,vida nocturna,espectaculos,musica,aragon,teruel,374767.33,1503.67
ES,50,2024,3,vida nocturna,espectaculos,musica,aragon,zaragoza,704411.0,1385.0
ES,35,2024,3,vida nocturna,espectaculos,musica,canarias,las palmas,243985.0,764.67
ES,38,2024,3,vida nocturna,espectaculos,musica,canarias,santa cruz de tenerife,325877.86,1443.86
ES,39,2024,3,vida nocturna,espectaculos,musica,cantabria,cantabria,222205.0,887.67
ES,02,2024,3,vida nocturna,espectaculos,musica,castilla - la mancha,albacete,44803.0,1499.0
ES,13,2024,3,vida nocturna,espectaculos,musica,castilla - la mancha,ciudad real,27876.67,834.67
ES,16,2024,3,vida nocturna,espectaculos,musica,castilla - la mancha,cuenca,459982.5,1507.0
ES,19,2024,3,vida nocturna,espectaculos,musica,castilla - la mancha,guadalajara,23223.5,1133.0
ES,45,2024,3,vida nocturna,espectaculos,musica,castilla - la mancha,toledo,37380.4,978.0
ES,05,2024,3,vida nocturna,espectaculos,musica,castilla y leon,avila,15312.0,638.0
ES,09,2024,3,vida nocturna,espectaculos,musica,castilla y leon,burgos,14580.0,1024.5
ES,24,2024,3,vida nocturna,espectaculos,musica,castilla y leon,leon,54955.33,506.0
ES,34,2024,3,vida nocturna,espectaculos,musica,castilla y leon,palencia,132048.0,1179.0
ES,37,2024,3,vida nocturna,espectaculos,musica,castilla y leon,salamanca,461071.0,1223.0
ES,40,2024,3,vida nocturna,espectaculos,musica,castilla y leon,segovia,240759.0,999.0
ES,42,2024,3,vida nocturna,espectaculos,musica,castilla y leon,soria,298664.5,854.5
ES,47,2024,3,vida nocturna,espectaculos,musica,castilla y leon,valladolid,146647.57,1057.0
ES,49,2024,3,vida nocturna,espectaculos,musica,castilla y leon,zamora,1128816.0,1742.0
ES,08,2024,3,vida nocturna,espectaculos,musica,cataluna,barcelona,1009616.11,900.39
ES,17,2024,3,vida nocturna,espectaculos,musica,cataluna,girona,164335.5,1425.71
ES,25,2024,3,vida nocturna,espectaculos,musica,cataluna,lleida,277455.0,1595.0
ES,43,2024,3,vida nocturna,espectaculos,musica,cataluna,tarragona,296217.5,1198.42
ES,51,2024,3,vida nocturna,espectaculos,musica,ceuta,ceuta,22829.0,617.0
ES,28,2024,3,vida nocturna,espectaculos,musica,comunidad de madrid,madrid,418905.35,882.2
ES,31,2024,3,vida nocturna,espectaculos,musica,comunidad foral de navarra,navarra,1421693.12,2059.25
ES,03,2024,3,vida nocturna,espectaculos,musica,comunitat valenciana,alicante/alacant,297587.33,1552.39
ES,12,2024,3,vida nocturna,espectaculos,musica,comunitat valenciana,castellon/castello,47267.0,701.0
ES,46,2024,3,vida nocturna,espectaculos,musica,comunitat valenciana,valencia/valencia,418757.08,1574.31
ES,06,2024,3,vida nocturna,espectaculos,musica,extremadura,badajoz,100276.33,1272.33
ES,10,2024,3,vida nocturna,espectaculos,musica,extremadura,caceres,156800.67,1054.67
ES,15,2024,3,vida nocturna,espectaculos,musica,galicia,a coruna,298838.44,944.78
ES,27,2024,3,vida nocturna,espectaculos,musica,galicia,lugo,37075.5,1693.0
ES,32,2024,3,vida nocturna,espectaculos,musica,galicia,ourense,281799.0,1323.0
ES,36,2024,3,vida nocturna,espectaculos,musica,galicia,pontevedra,285096.14,1235.43
ES,07,2024,3,vida nocturna,espectaculos,musica,illes balears,illes balears,984190.89,1116.63
ES,26,2024,3,vida nocturna,espectaculos,musica,la rioja,la rioja,150527.25,1848.75
ES,01,2024,3,vida nocturna,espectaculos,musica,pais vasco,araba/alava,12493.0,887.0
ES,48,2024,3,vida nocturna,espectaculos,musica,pais vasco,bizkaia,102013.71,1163.14
ES,20,2024,3,vida nocturna,espectaculos,musica,pais vasco,gipuzkoa,179515.5,967.0
ES,33,2024,3,vida nocturna,espectaculos,musica,principado de asturias,asturias,289598.83,1468.33
ES,30,2024,3,vida nocturna,espectaculos,musica,region de murcia,murcia,66608.2,609.6
ES,04,2024,3,vida nocturna,espectaculos,musicales,andalucia,almeria,72082.0,1567.0
ES,11,2024,3,vida nocturna,espectaculos,musicales,andalucia,cadiz,321584.0,1592.0
ES,14,2024,3,vida nocturna,espectaculos,musicales,andalucia,cordoba,67043.0,542.0
ES,18,2024,3,vida nocturna,espectaculos,musicales,andalucia,granada,740.0,148.0
ES,29,2024,3,vida nocturna,espectaculos,musicales,andalucia,malaga,61354.67,746.33
ES,50,2024,3,vida nocturna,espectaculos,musicales,aragon,zaragoza,836.0,836.0
ES,35,2024,3,vida nocturna,espectaculos,musicales,canarias,las palmas,66372.5,526.5
ES,38,2024,3,vida nocturna,espectaculos,musicales,canarias,santa cruz de tenerife,7015.0,305.0
ES,02,2024,3,vida nocturna,espectaculos,musicales,castilla - la mancha,albacete,1537143.0,1637.0
ES,37,2024,3,vida nocturna,espectaculos,musicales,castilla y leon,salamanca,415425.0,2175.0
ES,47,2024,3,vida nocturna,espectaculos,musicales,castilla y leon,valladolid,7661.5,305.0
ES,08,2024,3,vida nocturna,espectaculos,musicales,cataluna,barcelona,93488.5,631.5
ES,17,2024,3,vida nocturna,espectaculos,musicales,cataluna,girona,4998.0,833.0
ES,43,2024,3,vida nocturna,espectaculos,musicales,cataluna,tarragona,46332.0,198.0
ES,28,2024,3,vida nocturna,espectaculos,musicales,comunidad de madrid,madrid,496616.4,781.2
ES,03,2024,3,vida nocturna,espectaculos,musicales,comunitat valenciana,alicante/alacant,14509.0,1319.0
ES,46,2024,3,vida nocturna,espectaculos,musicales,comunitat valenciana,valencia/valencia,757596.0,1049.0
ES,06,2024,3,vida nocturna,espectaculos,musicales,extremadura,badajoz,61295.0,205.0
ES,10,2024,3,vida nocturna,espectaculos,musicales,extremadura,caceres,356994.0,1171.5
ES,27,2024,3,vida nocturna,espectaculos,musicales,galicia,lugo,8800.0,176.0
ES,07,2024,3,vida nocturna,espectaculos,musicales,illes balears,illes balears,84363.0,1263.67
ES,30,2024,3,vida nocturna,espectaculos,musicales,region de murcia,murcia,24577.0,925.67
ES,04,2024,4,paisaje naturaleza,actividades,actividades infantiles,andalucia,almeria,1920.0,160.0
ES,11,2024,4,paisaje naturaleza,actividades,actividades infantiles,andalucia,cadiz,440726.0,1541.0
ES,14,2024,4,paisaje naturaleza,actividades,actividades infantiles,andalucia,cordoba,3198.0,78.0
ES,18,2024,4,paisaje naturaleza,actividades,actividades infantiles,andalucia,granada,26080.0,853.0
ES,23,2024,4,paisaje naturaleza,actividades,actividades infantiles,andalucia,jaen,86352.0,3084.0
ES,29,2024,4,paisaje naturaleza,actividades,actividades infantiles,andalucia,malaga,345720.5,1000.0
ES,41,2024,4,paisaje naturaleza,actividades,actividades infantiles,andalucia,sevilla,370.0,185.0
ES,50,2024,4,paisaje naturaleza,actividades,actividades infantiles,aragon,zaragoza,38772.0,54.0
ES,35,2024,4,paisaje naturaleza,actividades,actividades infantiles,canarias,las palmas,22830.2,94.6
ES,38,2024,4,paisaje naturaleza,actividades,actividades infantiles,canarias,santa cruz de tenerife,17966.33,434.33
ES,39,2024,4,paisaje naturaleza,actividades,actividades infantiles,cantabria,cantabria,316415.0,523.0
ES,02,2024,4,paisaje naturaleza,actividades,actividades infantiles,castilla - la mancha,albacete,4906.0,588.5
ES,13,2024,4,paisaje naturaleza,actividades,actividades infantiles,castilla - la mancha,ciudad real,130.0,130.0
ES,45,2024,4,paisaje naturaleza,actividades,actividades infantiles,castilla - la mancha,toledo,104676.5,1460.5
ES,24,2024,4,paisaje naturaleza,actividades,actividades infantiles,castilla y leon,leon,30168.0,1257.0
ES,37,2024,4,paisaje naturaleza,actividades,actividades infantiles,castilla y leon,salamanca,298809.0,1953.0
ES,47,2024,4,paisaje naturaleza,actividades,actividades infantiles,castilla y leon,valladolid,71785.5,1333.5
ES,49,2024,4,paisaje naturaleza,actividades,actividades infantiles,castilla y leon,zamora,845012.0,2884.0
ES,08,2024,4,paisaje naturaleza,actividades,actividades infantiles,cataluna,barcelona,1545725.62,1096.5
ES,17,2024,4,paisaje naturaleza,actividades,actividades infantiles,cataluna,girona,54123.5,2314.5
ES,25,2024,4,paisaje naturaleza,actividades,actividades infantiles,cataluna,lleida,71298.0,2097.0
ES,43,2024,4,paisaje naturaleza,actividades,actividades infantiles,cataluna,tarragona,201510.0,1268.0
ES,28,2024,4,paisaje naturaleza,actividades,actividades infantiles,comunidad de madrid,madrid,211068.0,556.9
ES,31,2024,4,paisaje naturaleza,actividades,actividades infantiles,comunidad foral de navarra,navarra,888174.0,3339.0
ES,03,2024,4,paisaje naturaleza,actividades,actividades infantiles,comunitat valenciana,alicante/alacant,14799.5,436.5
ES,12,2024,4,paisaje naturaleza,actividades,actividades infantiles,comunitat valenciana,castellon/castello,334893.0,1209.0
ES,46,2024,4,paisaje naturaleza,actividades,actividades infantiles,comunitat valenciana,valencia/valencia,804829.5,476.0
ES,10,2024,4,paisaje naturaleza,actividades,actividades infantiles,extremadura,caceres,12646.33,258.33
ES,15,2024,4,paisaje naturaleza,actividades,actividades infantiles,galicia,a coruna,124292.0,644.0
ES,27,2024,4,paisaje naturaleza,actividades,actividades infantiles,galicia,lugo,19360.0,176.0
ES,07,2024,4,paisaje naturaleza,actividades,actividades infantiles,illes balears,illes balears,91505.38,1293.25
ES,26,2024,4,paisaje naturaleza,actividades,actividades infantiles,la rioja,la rioja,133265.0,2423.0
ES,01,2024,4,paisaje naturaleza,actividades,actividades infantiles,pais vasco,araba/alava,5466.0,627.0
ES,48,2024,4,paisaje naturaleza,actividades,actividades infantiles,pais vasco,bizkaia,269112.0,2943.2
ES,20,2024,4,paisaje naturaleza,actividades,actividades infantiles,pais vasco,gipuzkoa,620.0,155.0
ES,33,2024,4,paisaje naturaleza,actividades,actividades infantiles,principado de asturias,asturias,22372.0,799.0
ES,30,2024,4,paisaje naturaleza,actividades,actividades infantiles,region de murcia,murcia,17391.0,93.0
ES,11,2024,4,servicios,actividades,cursos,andalucia,cadiz,1479.0,2673.0
ES,14,2024,4,servicios,actividades,cursos,andalucia,cordoba,12075.0,105.0
ES,23,2024,4,servicios,actividades,cursos,andalucia,jaen,1300.0,100.0
ES,29,2024,4,servicios,actividades,cursos,andalucia,malaga,1163041.0,4597.0
ES,41,2024,4,servicios,actividades,cursos,andalucia,sevilla,416884.0,8017.0
ES,50,2024,4,servicios,actividades,cursos,aragon,zaragoza,600.0,200.0
ES,35,2024,4,servicios,actividades,cursos,canarias,las palmas,3037.0,3494.0
ES,38,2024,4,servicios,actividades,cursos,canarias,santa cruz de tenerife,5203.5,1439.5
ES,08,2024,4,servicios,actividades,cursos,cataluna,barcelona,1798171.8,4559.2
ES,17,2024,4,servicios,actividades,cursos,cataluna,girona,5024.67,1293.67
ES,43,2024,4,servicios,actividades,cursos,cataluna,tarragona,34356.0,2454.0
ES,28,2024,4,servicios,actividades,cursos,comunidad de madrid,madrid,1276912.0,4996.5
ES,03,2024,4,servicios,actividades,cursos,comunitat valenciana,alicante/alacant,10084.5,426.5
ES,46,2024,4,servicios,actividades,cursos,comunitat valenciana,valencia/valencia,3164148.0,20283.0
ES,27,2024,4,servicios,actividades,cursos,galicia,lugo,17056.0,1066.0
ES,07,2024,4,servicios,actividades,cursos,illes balears,illes balears,63068.17,1759.83
ES,48,2024,4,servicios,actividades,cursos,pais vasco,bizkaia,14595.0,1186.25
ES,20,2024,4,servicios,actividades,cursos,pais vasco,gipuzkoa,5850.0,450.0
ES,30,2024,4,servicios,actividades,cursos,region de murcia,murcia,251750.5,17288.5
ES,29,2024,4,paisaje naturaleza,actividades,deportes y aventuras,andalucia,malaga,108211.5,1670.5
ES,41,2024,4,paisaje naturaleza,actividades,deportes y aventuras,andalucia,sevilla,44547.0,479.0
ES,50,2024,4,paisaje naturaleza,actividades,deportes y aventuras,aragon,zaragoza,33193.0,1166.0
ES,35,2024,4,paisaje naturaleza,actividades,deportes y aventuras,canarias,las palmas,38592.0,804.0
ES,38,2024,4,paisaje naturaleza,actividades,deportes y aventuras,canarias,santa cruz de tenerife,117367.5,549.5
ES,19,2024,4,paisaje naturaleza,actividades,deportes y aventuras,castilla - la mancha,guadalajara,275.0,25.0
ES,08,2024,4,paisaje naturaleza,actividades,deportes y aventuras,cataluna,barcelona,599748.5,1627.67
ES,17,2024,4,paisaje naturaleza,actividades,deportes y aventuras,cataluna,girona,1640.0,40.0
ES,43,2024,4,paisaje naturaleza,actividades,deportes y aventuras,cataluna,tarragona,21441.0,3063.0
ES,28,2024,4,paisaje naturaleza,actividades,deportes y aventuras,comunidad de madrid,madrid,385505.33,566.0
ES,31,2024,4,paisaje naturaleza,actividades,deportes y aventuras,comunidad foral de navarra,navarra,333545.0,3511.0
ES,03,2024,4,paisaje naturaleza,actividades,deportes y aventuras,comunitat valenciana,alicante/alacant,3334.0,1667.0
ES,12,2024,4,paisaje naturaleza,actividades,deportes y aventuras,comunitat valenciana,castellon/castello,5940.0,1485.0
ES,46,2024,4,paisaje naturaleza,actividades,deportes y aventuras,comunitat valenciana,valencia/valencia,12420.5,350.5
ES,06,2024,4,paisaje naturaleza,actividades,deportes y aventuras,extremadura,badajoz,5919.0,1033.5
ES,10,2024,4,paisaje naturaleza,actividades,deportes y aventuras,extremadura,caceres,22135.0,1165.0
ES,07,2024,4,paisaje naturaleza,actividades,deportes y aventuras,illes balears,illes balears,24481.25,1419.75
ES,26,2024,4,paisaje naturaleza,actividades,deportes y aventuras,la rioja,la rioja,100152.0,936.0
ES,01,2024,4,paisaje naturaleza,actividades,deportes y aventuras,pais vasco,araba/alava,4905.0,981.0
ES,48,2024,4,paisaje naturaleza,actividades,deportes y aventuras,pais vasco,bizkaia,20453.0,485.0
ES,20,2024,4,paisaje naturaleza,actividades,deportes y aventuras,pais vasco,gipuzkoa,79740.0,2440.0
ES,33,2024,4,paisaje naturaleza,actividades,deportes y aventuras,principado de asturias,asturias,1159366.0,1586.0
ES,30,2024,4,paisaje naturaleza,actividades,deportes y aventuras,region de murcia,murcia,13328.0,1666.0
ES,11,2024,4,comida y bebida,actividades,gastronomia,andalucia,cadiz,1573.0,143.0
ES,23,2024,4,comida y bebida,actividades,gastronomia,andalucia,jaen,1300.0,100.0
ES,29,2024,4,comida y bebida,actividades,gastronomia,andalucia,malaga,185362.5,764.5
ES,41,2024,4,comida y bebida,actividades,gastronomia,andalucia,sevilla,47348.0,1246.0
ES,50,2024,4,comida y bebida,actividades,gastronomia,aragon,zaragoza,1430.0,65.0
ES,35,2024,4,comida y bebida,actividades,gastronomia,canarias,las palmas,27393.0,3958.0
ES,38,2024,4,comida y bebida,actividades,gastronomia,canarias,santa cruz de tenerife,7848.0,1308.0
ES,02,2024,4,comida y bebida,actividades,gastronomia,castilla - la mancha,albacete,194.5,522.5
ES,37,2024,4,comida y bebida,actividades,gastronomia,castilla y leon,salamanca,224024.0,1366.0
ES,08,2024,4,comida y bebida,actividades,gastronomia,cataluna,barcelona,293456.67,1851.67
ES,17,2024,4,comida y bebida,actividades,gastronomia,cataluna,girona,865.0,520.0
ES,43,2024,4,comida y bebida,actividades,gastronomia,cataluna,tarragona,34356.0,2454.0
ES,28,2024,4,comida y bebida,actividades,gastronomia,comunidad de madrid,madrid,291607.0,1789.0
ES,03,2024,4,comida y bebida,actividades,gastronomia,comunitat valenciana,alicante/alacant,120857.5,2326.0
ES,10,2024,4,comida y bebida,actividades,gastronomia,extremadura,caceres,24315.0,1621.0
ES,07,2024,4,comida y bebida,actividades,gastronomia,illes balears,illes balears,108891.4,2320.8
ES,01,2024,4,comida y bebida,actividades,gastronomia,pais vasco,araba/alava,180.0,30.0
ES,29,2024,4,vida nocturna,espectaculos,cine,andalucia,malaga,243784.0,1966.0
ES,22,2024,4,vida nocturna,espectaculos,cine,aragon,huesca,6900.0,50.0
ES,50,2024,4,vida nocturna,espectaculos,cine,aragon,zaragoza,5175.0,575.0
ES,35,2024,4,vida nocturna,espectaculos,cine,canarias,las palmas,1672.0,44.0
ES,02,2024,4,vida nocturna,espectaculos,cine,castilla - la mancha,albacete,19698.0,294.0
ES,37,2024,4,vida nocturna,espectaculos,cine,castilla y leon,salamanca,150.0,30.0
ES,08,2024,4,vida nocturna,espectaculos,cine,cataluna,barcelona,14786.0,567.5
ES,17,2024,4,vida nocturna,espectaculos,cine,cataluna,girona,225.0,45.0
ES,28,2024,4,vida nocturna,espectaculos,cine,comunidad de madrid,madrid,126074.0,746.0
ES,03,2024,4,vida nocturna,espectaculos,cine,comunitat valenciana,alicante/alacant,168721.33,917.67
ES,36,2024,4,vida nocturna,espectaculos,cine,galicia,pontevedra,17001.0,1889.0
ES,07,2024,4,vida nocturna,espectaculos,cine,illes balears,illes balears,2824.0,174.5
ES,20,2024,4,vida nocturna,espectaculos,cine,pais vasco,gipuzkoa,12576.0,216.0
ES,14,2024,4,otros,espectaculos,conferencias,andalucia,cordoba,7595.0,775.0
ES,29,2024,4,otros,espectaculos,conferencias,andalucia,malaga,837212.0,1244.0
ES,50,2024,4,otros,espectaculos,conferencias,aragon,zaragoza,14706.0,817.0
ES,35,2024,4,otros,espectaculos,conferencias,canarias,las palmas,305522.0,973.0
ES,47,2024,4,otros,espectaculos,conferencias,castilla y leon,valladolid,2052648.0,387.0
ES,43,2024,4,otros,espectaculos,conferencias,cataluna,tarragona,15700.0,300.0
ES,28,2024,4,otros,espectaculos,conferencias,comunidad de madrid,madrid,12320.0,440.0
ES,46,2024,4,otros,espectaculos,conferencias,comunitat valenciana,valencia/valencia,856602.0,1641.0
ES,36,2024,4,otros,espectaculos,conferencias,galicia,pontevedra,5346.0,198.0
ES,07,2024,4,otros,espectaculos,conferencias,illes balears,illes balears,23415.5,2501.0
ES,48,2024,4,otros,espectaculos,conferencias,pais vasco,bizkaia,800.0,200.0
ES,33,2024,4,otros,espectaculos,conferencias,principado de asturias,asturias,492765.0,4693.0
ES,04,2024,4,paisaje urbano,espectaculos,"cultura, teatro y danza",andalucia,almeria,105113.67,1092.0
ES,11,2024,4,paisaje urbano,espectaculos,"cultura, teatro y danza",andalucia,cadiz,117328.2,800.2
ES,14,2024,4,paisaje urbano,espectaculos,"cultura, teatro y danza",andalucia,cordoba,44891.0,121.0
ES,18,2024,4,paisaje urbano,espectaculos,"cultura, teatro y danza",andalucia,granada,374198.0,803.0
ES,23,2024,4,paisaje urbano,espectaculos,"cultura, teatro y danza",andalucia,jaen,1068.5,76.5
ES,29,2024,4,paisaje urbano,espectaculos,"cultura, teatro y danza",andalucia,malaga,520918.5,1436.5
ES,41,2024,4,paisaje urbano,espectaculos,"cultura, teatro y danza",andalucia,sevilla,883877.5,650.0
ES,50,2024,4,paisaje urbano,espectaculos,"cultura, teatro y danza",aragon,zaragoza,108241.0,702.5
ES,35,2024,4,paisaje urbano,espectaculos,"cultura, teatro y danza",canarias,las palmas,396191.78,693.78
ES,38,2024,4,paisaje urbano,espectaculos,"cultura, teatro y danza",canarias,santa cruz de tenerife,188986.8,1221.8
ES,39,2024,4,paisaje urbano,espectaculos,"cultura, teatro y danza",cantabria,cantabria,262282.0,1318.0
ES,02,2024,4,paisaje urbano,espectaculos,"cultura, teatro y danza",castilla - la mancha,albacete,508784.5,1015.0
ES,13,2024,4,paisaje urbano,espectaculos,"cultura, teatro y danza",castilla - la mancha,ciudad real,1500.0,150.0
ES,16,2024,4,paisaje urbano,espectaculos,"cultura, teatro y danza",castilla - la mancha,cuenca,594.0,132.0
ES,45,2024,4,paisaje urbano,espectaculos,"cultura, teatro y danza",castilla - la mancha,toledo,37921.0,366.0
ES,09,2024,4,paisaje urbano,espectaculos,"cultura, teatro y danza",castilla y leon,burgos,660.0,132.0
ES,34,2024,4,paisaje urbano,espectaculos,"cultura, teatro y danza",castilla y leon,palencia,20519.0,1207.0
ES,37,2024,4,paisaje urbano,espectaculos,"cultura, teatro y danza",castilla y leon,salamanca,124152.25,483.5
ES,47,2024,4,paisaje urbano,espectaculos,"cultura, teatro y danza",castilla y leon,valladolid,93904.43,774.71
ES,49,2024,4,paisaje urbano,espectaculos,"cultura, teatro y danza",castilla y leon,zamora,10560.0,480.0
ES,08,2024,4,paisaje urbano,espectaculos,"cultura, teatro y danza",cataluna,barcelona,428884.48,861.17
ES,17,2024,4,paisaje urbano,espectaculos,"cultura, teatro y danza",cataluna,girona,9248.33,413.33
ES,43,2024,4,paisaje urbano,espectaculos,"cultura, teatro y danza",cataluna,tarragona,137217.83,1865.5
ES,51,2024,4,paisaje urbano,espectaculos,"cultura, teatro y danza",ceuta,ceuta,2850.0,75.0
ES,28,2024,4,paisaje urbano,espectaculos,"cultura, teatro y danza",comunidad de madrid,madrid,1865174.78,819.44
ES,31,2024,4,paisaje urbano,espectaculos,"cultura, teatro y danza",comunidad foral de navarra,navarra,2417766.0,10842.0
ES,03,2024,4,paisaje urbano,espectaculos,"cultura, teatro y danza",comunitat valenciana,alicante/alacant,463705.83,2073.83
ES,12,2024,4,paisaje urbano,espectaculos,"cultura, teatro y danza",comunitat valenciana,castellon/castello,9891.33,458.33
ES,46,2024,4,paisaje urbano,espectaculos,"cultura, teatro y danza",comunitat valenciana,valencia/valencia,2479228.0,1048.75
ES,06,2024,4,paisaje urbano,espectaculos,"cultura, teatro y danza",extremadura,badajoz,10989.33,674.33
ES,10,2024,4,paisaje urbano,espectaculos,"cultura, teatro y danza",extremadura,caceres,59786.0,590.5
ES,15,2024,4,paisaje urbano,espectaculos,"cultura, teatro y danza",galicia,a coruna,14904.0,72.0
ES,27,2024,4,paisaje urbano,espectaculos,"cultura, teatro y danza",galicia,lugo,22118.0,1321.5
ES,36,2024,4,paisaje urbano,espectaculos,"cultura, teatro y danza",galicia,pontevedra,220571.0,893.0
ES,07,2024,4,paisaje urbano,espectaculos,"cultura, teatro y danza",illes balears,illes balears,75025.22,750.89
ES,26,2024,4,paisaje urbano,espectaculos,"cultura, teatro y danza",la rioja,la rioja,405991.67,2865.33
ES,01,2024,4,paisaje urbano,espectaculos,"cultura, teatro y danza",pais vasco,araba/alava,13107.5,63.0
ES,48,2024,4,paisaje urbano,espectaculos,"cultura, teatro y danza",pais vasco,bizkaia,298954.0,697.25
ES,20,2024,4,paisaje urbano,espectaculos,"cultura, teatro y danza",pais vasco,gipuzkoa,101911.4,652.0
ES,33,2024,4,paisaje urbano,espectaculos,"cultura, teatro y danza",principado de asturias,asturias,27712.0,866.0
ES,30,2024,4,paisaje urbano,espectaculos,"cultura, teatro y danza",region de murcia,murcia,164530.25,1059.5
ES,43,2024,4,compras,espectaculos,ferias,cataluna,tarragona,1800.0,200.0
ES,28,2024,4,compras,espectaculos,ferias,comunidad de madrid,madrid,12320.0,440.0
ES,46,2024,4,compras,espectaculos,ferias,comunitat valenciana,valencia/valencia,73080.0,210.0
ES,41,2024,4,paisaje urbano,espectaculos,museo y exposiciones,andalucia,sevilla,29762.0,694.5
ES,50,2024,4,paisaje urbano,espectaculos,museo y exposiciones,aragon,zaragoza,104794.0,347.0
ES,02,2024,4,paisaje urbano,espectaculos,museo y exposiciones,castilla - la mancha,albacete,4004.0,1001.0
ES,45,2024,4,paisaje urbano,espectaculos,museo y exposiciones,castilla - la mancha,toledo,15145.0,65.0
ES,37,2024,4,paisaje urbano,espectaculos,museo y exposiciones,castilla y leon,salamanca,72594.0,218.0
ES,08,2024,4,paisaje urbano,espectaculos,museo y exposiciones,cataluna,barcelona,64906.0,1411.0
ES,43,2024,4,paisaje urbano,espectaculos,museo y exposiciones,cataluna,tarragona,101815.0,2909.0
ES,46,2024,4,paisaje urbano,espectaculos,museo y exposiciones,comunitat valenciana,valencia/valencia,9981.0,787.0
ES,07,2024,4,paisaje urbano,espectaculos,museo y exposiciones,illes balears,illes balears,794.33,728.67
ES,01,2024,4,paisaje urbano,espectaculos,museo y exposiciones,pais vasco,araba/alava,4908.0,2454.0
ES,48,2024,4,paisaje urbano,espectaculos,museo y exposiciones,pais vasco,bizkaia,756778.0,902.0
ES,04,2024,4,vida nocturna,espectaculos,musica,andalucia,almeria,1045920.57,1645.29
ES,11,2024,4,vida nocturna,espectaculos,musica,andalucia,cadiz,205457.86,1226.71
ES,14,2024,4,vida nocturna,espectaculos,musica,andalucia,cordoba,105179.5,1360.0
ES,18,2024,4,vida nocturna,espectaculos,musica,andalucia,granada,274124.33,946.56
ES,21,2024,4,vida nocturna,espectaculos,musica,andalucia,huelva,15813.0,1506.0
ES,23,2024,4,vida nocturna,espectaculos,musica,andalucia,jaen,126329.88,1083.25
ES,29,2024,4,vida nocturna,espectaculos,musica,andalucia,malaga,1230023.57,1774.29
ES,41,2024,4,vida nocturna,espectaculos,musica,andalucia,sevilla,64833.8,631.6
ES,22,2024,4,vida nocturna,espectaculos,musica,aragon,huesca,120969.0,1370.33
ES,44,2024,4,vida nocturna,espectaculos,musica,aragon,teruel,137866.75,1110.0
ES,50,2024,4,vida nocturna,espectaculos,musica,aragon,zaragoza,1559949.25,390.25
ES,35,2024,4,vida nocturna,espectaculos,musica,canarias,las palmas,1021763.33,1900.33
ES,38,2024,4,vida nocturna,espectaculos,musica,canarias,santa cruz de tenerife,510544.5,1245.17
ES,39,2024,4,vida nocturna,espectaculos,musica,cantabria,cantabria,324557.33,758.67
ES,02,2024,4,vida nocturna,espectaculos,musica,castilla - la mancha,albacete,183303.5,1847.75
ES,13,2024,4,vida nocturna,espectaculos,musica,castilla - la mancha,ciudad real,82135.0,1271.75
ES,16,2024,4,vida nocturna,espectaculos,musica,castilla - la mancha,cuenca,410870.33,1438.33
ES,19,2024,4,vida nocturna,espectaculos,musica,castilla - la mancha,guadalajara,5315.0,1063.0
ES,45,2024,4,vida nocturna,espectaculos,musica,castilla - la mancha,toledo,63109.8,1228.8
ES,05,2024,4,vida nocturna,espectaculos,musica,castilla y leon,avila,84132.0,1026.0
ES,09,2024,4,vida nocturna,espectaculos,musica,castilla y leon,burgos,331702.0,1634.0
ES,24,2024,4,vida nocturna,espectaculos,musica,castilla y leon,leon,237820.5,1202.0
ES,34,2024,4,vida nocturna,espectaculos,musica,castilla y leon,palencia,7644.0,1176.0
ES,37,2024,4,vida nocturna,espectaculos,musica,castilla y leon,salamanca,790736.0,1168.0
ES,40,2024,4,vida nocturna,espectaculos,musica,castilla y leon,segovia,70195.0,903.5
ES,42,2024,4,vida nocturna,espectaculos,musica,castilla y leon,soria,51877.5,1354.0
ES,47,2024,4,vida nocturna,espectaculos,musica,castilla y leon,valladolid,304539.0,931.0
ES,49,2024,4,vida nocturna,espectaculos,musica,castilla y leon,zamora,340359.33,901.33
ES,08,2024,4,vida nocturna,espectaculos,musica,cataluna,barcelona,1099012.35,1027.1
ES,17,2024,4,vida nocturna,espectaculos,musica,cataluna,girona,153044.94,1239.31
ES,25,2024,4,vida nocturna,espectaculos,musica,cataluna,lleida,246066.5,874.0
ES,43,2024,4,vida nocturna,espectaculos,musica,cataluna,tarragona,328682.27,1075.47
ES,51,2024,4,vida nocturna,espectaculos,musica,ceuta,ceuta,32338.0,703.0
ES,28,2024,4,vida nocturna,espectaculos,musica,comunidad de madrid,madrid,2178417.68,1089.47
ES,31,2024,4,vida nocturna,espectaculos,musica,comunidad foral de navarra,navarra,828950.0,1442.29
ES,03,2024,4,vida nocturna,espectaculos,musica,comunitat valenciana,alicante/alacant,232377.62,1416.69
ES,12,2024,4,vida nocturna,espectaculos,musica,comunitat valenciana,castellon/castello,158625.5,1100.5
ES,46,2024,4,vida nocturna,espectaculos,musica,comunitat valenciana,valencia/valencia,329071.07,1486.87
ES,06,2024,4,vida nocturna,espectaculos,musica,extremadura,badajoz,25891.0,1023.6
ES,10,2024,4,vida nocturna,espectaculos,musica,extremadura,caceres,9890.0,930.67
ES,15,2024,4,vida nocturna,espectaculos,musica,galicia,a coruna,214373.0,1066.33
ES,27,2024,4,vida nocturna,espectaculos,musica,galicia,lugo,18395.0,1873.5
ES,32,2024,4,vida nocturna,espectaculos,musica,galicia,ourense,281232.0,1488.0
ES,36,2024,4,vida nocturna,espectaculos,musica,galicia,pontevedra,482442.0,1312.4
ES,07,2024,4,vida nocturna,espectaculos,musica,illes balears,illes balears,466845.23,1456.9
ES,26,2024,4,vida nocturna,espectaculos,musica,la rioja,la rioja,150766.75,1128.25
ES,01,2024,4,vida nocturna,espectaculos,musica,pais vasco,araba/alava,188946.0,789.0
ES,48,2024,4,vida nocturna,espectaculos,musica,pais vasco,bizkaia,808450.38,1186.62
ES,20,2024,4,vida nocturna,espectaculos,musica,pais vasco,gipuzkoa,88340.88,931.88
ES,33,2024,4,vida nocturna,espectaculos,musica,principado de asturias,asturias,253439.0,1165.0
ES,30,2024,4,vida nocturna,espectaculos,musica,region de murcia,murcia,1382196.0,1154.33
ES,04,2024,4,vida nocturna,espectaculos,musicales,andalucia,almeria,58968.0,1404.0
ES,11,2024,4,vida nocturna,espectaculos,musicales,andalucia,cadiz,222427.0,1286.5
ES,18,2024,4,vida nocturna,espectaculos,musicales,andalucia,granada,4401.0,1467.0
ES,29,2024,4,vida nocturna,espectaculos,musicales,andalucia,malaga,114935.0,635.0
ES,41,2024,4,vida nocturna,espectaculos,musicales,andalucia,sevilla,140.0,70.0
ES,50,2024,4,vida nocturna,espectaculos,musicales,aragon,zaragoza,54002.0,871.0
ES,35,2024,4,vida nocturna,espectaculos,musicales,canarias,las palmas,103025.5,529.5
ES,38,2024,4,vida nocturna,espectaculos,musicales,canarias,santa cruz de tenerife,8496.0,531.0
ES,02,2024,4,vida nocturna,espectaculos,musicales,castilla - la mancha,albacete,5808.0,176.0
ES,37,2024,4,vida nocturna,espectaculos,musicales,castilla y leon,salamanca,374129.0,1843.0
ES,47,2024,4,vida nocturna,espectaculos,musicales,castilla y leon,valladolid,4465.5,101.5
ES,08,2024,4,vida nocturna,espectaculos,musicales,cataluna,barcelona,287090.6,1034.4
ES,17,2024,4,vida nocturna,espectaculos,musicales,cataluna,girona,26496.0,1152.0
ES,43,2024,4,vida nocturna,espectaculos,musicales,cataluna,tarragona,287222.0,1405.0
ES,28,2024,4,vida nocturna,espectaculos,musicales,comunidad de madrid,madrid,1106778.2,1213.0
ES,03,2024,4,vida nocturna,espectaculos,musicales,comunitat valenciana,alicante/alacant,42741.0,1583.0
ES,46,2024,4,vida nocturna,espectaculos,musicales,comunitat valenciana,valencia/valencia,27571.0,79.0
ES,06,2024,4,vida nocturna,espectaculos,musicales,extremadura,badajoz,31408.0,1963.0
ES,10,2024,4,vida nocturna,espectaculos,musicales,extremadura,caceres,13047.67,135.0
ES,27,2024,4,vida nocturna,espectaculos,musicales,galicia,lugo,19360.0,176.0
ES,07,2024,4,vida nocturna,espectaculos,musicales,illes balears,illes balears,24106.0,709.0
ES,30,2024,4,vida nocturna,espectaculos,musicales,region de murcia,murcia,48585.0,856.33
ES,29,2024,4,paisaje naturaleza,espectaculos,parques tematicos,andalucia,malaga,61272.0,2553.0
ES,04,2024,5,paisaje naturaleza,actividades,actividades infantiles,andalucia,almeria,3116.0,441.5
ES,11,2024,5,paisaje naturaleza,actividades,actividades infantiles,andalucia,cadiz,56566.33,1259.33
ES,14,2024,5,paisaje naturaleza,actividades,actividades infantiles,andalucia,cordoba,95438.0,802.0
ES,18,2024,5,paisaje naturaleza,actividades,actividades infantiles,andalucia,granada,26509.67,1147.67
ES,23,2024,5,paisaje naturaleza,actividades,actividades infantiles,andalucia,jaen,12261.0,4087.0
ES,29,2024,5,paisaje naturaleza,actividades,actividades infantiles,andalucia,malaga,461881.5,1114.5
ES,41,2024,5,paisaje naturaleza,actividades,actividades infantiles,andalucia,sevilla,277864.0,1478.0
ES,50,2024,5,paisaje naturaleza,actividades,actividades infantiles,aragon,zaragoza,597195.0,577.0
ES,35,2024,5,paisaje naturaleza,actividades,actividades infantiles,canarias,las palmas,78503.0,303.67
ES,38,2024,5,paisaje naturaleza,actividades,actividades infantiles,canarias,santa cruz de tenerife,3492.0,342.0
ES,02,2024,5,paisaje naturaleza,actividades,actividades infantiles,castilla - la mancha,albacete,7568.0,176.0
ES,13,2024,5,paisaje naturaleza,actividades,actividades infantiles,castilla - la mancha,ciudad real,650.0,130.0
ES,45,2024,5,paisaje naturaleza,actividades,actividades infantiles,castilla - la mancha,toledo,74682.5,1878.5
ES,24,2024,5,paisaje naturaleza,actividades,actividades infantiles,castilla y leon,leon,66304.0,896.0
ES,47,2024,5,paisaje naturaleza,actividades,actividades infantiles,castilla y leon,valladolid,29535.0,140.0
ES,49,2024,5,paisaje naturaleza,actividades,actividades infantiles,castilla y leon,zamora,144239.0,2974.0
ES,08,2024,5,paisaje naturaleza,actividades,actividades infantiles,cataluna,barcelona,33614.36,669.79
ES,17,2024,5,paisaje naturaleza,actividades,actividades infantiles,cataluna,girona,70051.33,1074.33
ES,25,2024,5,paisaje naturaleza,actividades,actividades infantiles,cataluna,lleida,55287.0,1126.5
ES,43,2024,5,paisaje naturaleza,actividades,actividades infantiles,cataluna,tarragona,237111.0,1219.25
ES,28,2024,5,paisaje naturaleza,actividades,actividades infantiles,comunidad de madrid,madrid,145898.88,356.25
ES,31,2024,5,paisaje naturaleza,actividades,actividades infantiles,comunidad foral de navarra,navarra,528890.5,1844.0
ES,03,2024,5,paisaje naturaleza,actividades,actividades infantiles,comunitat valenciana,alicante/alacant,14944.5,1259.0
ES,12,2024,5,paisaje naturaleza,actividades,actividades infantiles,comunitat valenciana,castellon/castello,19552.0,1222.0
ES,46,2024,5,paisaje naturaleza,actividades,actividades infantiles,comunitat valenciana,valencia/valencia,999062.0,671.67
ES,10,2024,5,paisaje naturaleza,actividades,actividades infantiles,extremadura,caceres,5896.0,176.0
ES,15,2024,5,paisaje naturaleza,actividades,actividades infantiles,galicia,a coruna,7572.0,631.0
ES,27,2024,5,paisaje naturaleza,actividades,actividades infantiles,galicia,lugo,5456.0,176.0
ES,07,2024,5,paisaje naturaleza,actividades,actividades infantiles,illes balears,illes balears,464248.5,1689.38
ES,26,2024,5,paisaje naturaleza,actividades,actividades infantiles,la rioja,la rioja,1250.0,250.0
ES,01,2024,5,paisaje naturaleza,actividades,actividades infantiles,pais vasco,araba/alava,4294.0,318.5
ES,48,2024,5,paisaje naturaleza,actividades,actividades infantiles,pais vasco,bizkaia,326529.6,3830.4
ES,20,2024,5,paisaje naturaleza,actividades,actividades infantiles,pais vasco,gipuzkoa,9876.0,824.5
ES,30,2024,5,paisaje naturaleza,actividades,actividades infantiles,region de murcia,murcia,40376.0,103.0
ES,11,2024,5,servicios,actividades,cursos,andalucia,cadiz,26295.0,5259.0
ES,29,2024,5,servicios,actividades,cursos,andalucia,malaga,214008.0,2892.0
ES,41,2024,5,servicios,actividades,cursos,andalucia,sevilla,43708.0,3122.0
ES,50,2024,5,servicios,actividades,cursos,aragon,zaragoza,442182.0,5669.0
ES,35,2024,5,servicios,actividades,cursos,canarias,las palmas,343376.0,3902.0
ES,38,2024,5,servicios,actividades,cursos,canarias,santa cruz de tenerife,513.0,404.0
ES,08,2024,5,servicios,actividades,cursos,cataluna,barcelona,1569562.0,4142.67
ES,17,2024,5,servicios,actividades,cursos,cataluna,girona,450.0,150.0
ES,43,2024,5,servicios,actividades,cursos,cataluna,tarragona,10311.0,3437.0
ES,28,2024,5,servicios,actividades,cursos,comunidad de madrid,madrid,591265.67,6819.0
ES,31,2024,5,servicios,actividades,cursos,comunidad foral de navarra,navarra,300.0,150.0
ES,46,2024,5,servicios,actividades,cursos,comunitat valenciana,valencia/valencia,2231628.0,17997.0
ES,27,2024,5,servicios,actividades,cursos,galicia,lugo,2475.0,825.0
ES,07,2024,5,servicios,actividades,cursos,illes balears,illes balears,71893.5,1413.38
ES,26,2024,5,servicios,actividades,cursos,la rioja,la rioja,36144.0,3012.0
ES,48,2024,5,servicios,actividades,cursos,pais vasco,bizkaia,158639.5,2669.5
ES,20,2024,5,servicios,actividades,cursos,pais vasco,gipuzkoa,750.0,750.0
ES,33,2024,5,servicios,actividades,cursos,principado de asturias,asturias,800.0,400.0
ES,30,2024,5,servicios,actividades,cursos,region de murcia,murcia,132225.0,3075.0
ES,29,2024,5,paisaje naturaleza,actividades,deportes y aventuras,andalucia,malaga,442711.5,1816.5
ES,50,2024,5,paisaje naturaleza,actividades,deportes y aventuras,aragon,zaragoza,66304.0,1184.0
ES,19,2024,5,paisaje naturaleza,actividades,deportes y aventuras,castilla - la mancha,guadalajara,1250.0,25.0
ES,47,2024,5,paisaje naturaleza,actividades,deportes y aventuras,castilla y leon,valladolid,490.0,245.0
ES,08,2024,5,paisaje naturaleza,actividades,deportes y aventuras,cataluna,barcelona,525010.29,720.14
ES,17,2024,5,paisaje naturaleza,actividades,deportes y aventuras,cataluna,girona,12440.0,40.0
ES,43,2024,5,paisaje naturaleza,actividades,deportes y aventuras,cataluna,tarragona,4300.0,50.0
ES,28,2024,5,paisaje naturaleza,actividades,deportes y aventuras,comunidad de madrid,madrid,352621.0,515.0
ES,31,2024,5,paisaje naturaleza,actividades,deportes y aventuras,comunidad foral de navarra,navarra,394348.0,2562.0
ES,03,2024,5,paisaje naturaleza,actividades,deportes y aventuras,comunitat valenciana,alicante/alacant,1715.33,342.33
ES,12,2024,5,paisaje naturaleza,actividades,deportes y aventuras,comunitat valenciana,castellon/castello,76194.0,1494.0
ES,46,2024,5,paisaje naturaleza,actividades,deportes y aventuras,comunitat valenciana,valencia/valencia,2160.0,60.0
ES,06,2024,5,paisaje naturaleza,actividades,deportes y aventuras,extremadura,badajoz,2835.0,105.0
ES,10,2024,5,paisaje naturaleza,actividades,deportes y aventuras,extremadura,caceres,181203.0,969.0
ES,36,2024,5,paisaje naturaleza,actividades,deportes y aventuras,galicia,pontevedra,500.0,250.0
ES,07,2024,5,paisaje naturaleza,actividades,deportes y aventuras,illes balears,illes balears,112820.0,948.5
ES,26,2024,5,paisaje naturaleza,actividades,deportes y aventuras,la rioja,la rioja,151294.0,1058.0
ES,01,2024,5,paisaje naturaleza,actividades,deportes y aventuras,pais vasco,araba/alava,18858.0,449.0
ES,48,2024,5,paisaje naturaleza,actividades,deportes y aventuras,pais vasco,bizkaia,1877577.33,831.0
ES,20,2024,5,paisaje naturaleza,actividades,deportes y aventuras,pais vasco,gipuzkoa,406515.5,2870.5
ES,33,2024,5,paisaje naturaleza,actividades,deportes y aventuras,principado de asturias,asturias,18664.0,9332.0
ES,11,2024,5,comida y bebida,actividades,gastronomia,andalucia,cadiz,211900.5,4015.5
ES,29,2024,5,comida y bebida,actividades,gastronomia,andalucia,malaga,146437.0,761.5
ES,41,2024,5,comida y bebida,actividades,gastronomia,andalucia,sevilla,15504.0,114.0
ES,50,2024,5,comida y bebida,actividades,gastronomia,aragon,zaragoza,11375.0,65.0
ES,35,2024,5,comida y bebida,actividades,gastronomia,canarias,las palmas,16468.0,895.0
ES,38,2024,5,comida y bebida,actividades,gastronomia,canarias,santa cruz de tenerife,17556.0,154.0
ES,02,2024,5,comida y bebida,actividades,gastronomia,castilla - la mancha,albacete,189.0,945.0
ES,08,2024,5,comida y bebida,actividades,gastronomia,cataluna,barcelona,166858.67,1605.17
ES,17,2024,5,comida y bebida,actividades,gastronomia,cataluna,girona,103983.0,1321.5
ES,28,2024,5,comida y bebida,actividades,gastronomia,comunidad de madrid,madrid,148896.0,2068.0
ES,03,2024,5,comida y bebida,actividades,gastronomia,comunitat valenciana,alicante/alacant,96408.0,824.0
ES,46,2024,5,comida y bebida,actividades,gastronomia,comunitat valenciana,valencia/valencia,92370.0,532.0
ES,07,2024,5,comida y bebida,actividades,gastronomia,illes balears,illes balears,168433.8,3975.8
ES,26,2024,5,comida y bebida,actividades,gastronomia,la rioja,la rioja,36144.0,3012.0
ES,04,2024,5,vida nocturna,espectaculos,cine,andalucia,almeria,4768.0,596.0
ES,11,2024,5,vida nocturna,espectaculos,cine,andalucia,cadiz,10980.0,305.0
ES,41,2024,5,vida nocturna,espectaculos,cine,andalucia,sevilla,11280.0,60.0
ES,08,2024,5,vida nocturna,espectaculos,cine,cataluna,barcelona,108333.5,398.5
ES,17,2024,5,vida nocturna,espectaculos,cine,cataluna,girona,120.0,40.0
ES,28,2024,5,vida nocturna,espectaculos,cine,comunidad de madrid,madrid,124218.0,618.0
ES,03,2024,5,vida nocturna,espectaculos,cine,comunitat valenciana,alicante/alacant,1000.0,50.0
ES,36,2024,5,vida nocturna,espectaculos,cine,galicia,pontevedra,8001.0,2667.0
ES,07,2024,5,vida nocturna,espectaculos,cine,illes balears,illes balears,59894.33,973.33
ES,20,2024,5,vida nocturna,espectaculos,cine,pais vasco,gipuzkoa,15501.25,403.25
ES,33,2024,5,vida nocturna,espectaculos,cine,principado de asturias,asturias,582.0,97.0
ES,14,2024,5,otros,espectaculos,conferencias,andalucia,cordoba,18260.0,55.0
ES,29,2024,5,otros,espectaculos,conferencias,andalucia,malaga,306832.0,1016.0
ES,41,2024,5,otros,espectaculos,conferencias,andalucia,sevilla,14856.0,619.0
ES,50,2024,5,otros,espectaculos,conferencias,aragon,zaragoza,96947.0,3343.0
ES,35,2024,5,otros,espectaculos,conferencias,canarias,las palmas,171142.5,618.5
ES,08,2024,5,otros,espectaculos,conferencias,cataluna,barcelona,26378.0,1199.0
ES,43,2024,5,otros,espectaculos,conferencias,cataluna,tarragona,6400.0,400.0
ES,28,2024,5,otros,espectaculos,conferencias,comunidad de madrid,madrid,217464.0,4264.0
ES,46,2024,5,otros,espectaculos,conferencias,comunitat valenciana,valencia/valencia,652014.0,2442.0
ES,07,2024,5,otros,espectaculos,conferencias,illes balears,illes balears,7245.0,63.0
ES,33,2024,5,otros,espectaculos,conferencias,principado de asturias,asturias,3200.0,100.0
ES,04,2024,5,paisaje urbano,espectaculos,"cultura, teatro y danza",andalucia,almeria,191052.5,691.25
ES,11,2024,5,paisaje urbano,espectaculos,"cultura, teatro y danza",andalucia,cadiz,48366.17,775.67
ES,14,2024,5,paisaje urbano,espectaculos,"cultura, teatro y danza",andalucia,cordoba,50116.5,469.5
ES,18,2024,5,paisaje urbano,espectaculos,"cultura, teatro y danza",andalucia,granada,176897.0,443.0
ES,23,2024,5,paisaje urbano,espectaculos,"cultura, teatro y danza",andalucia,jaen,34658.0,1333.0
ES,29,2024,5,paisaje urbano,espectaculos,"cultura, teatro y danza",andalucia,malaga,78965.0,2577.5
ES,41,2024,5,paisaje urbano,espectaculos,"cultura, teatro y danza",andalucia,sevilla,839421.67,543.67
ES,22,2024,5,paisaje urbano,espectaculos,"cultura, teatro y danza",aragon,huesca,387045.0,549.0
ES,50,2024,5,paisaje urbano,espectaculos,"cultura, teatro y danza",aragon,zaragoza,1457437.5,1336.0
ES,35,2024,5,paisaje urbano,espectaculos,"cultura, teatro y danza",canarias,las palmas,242314.67,660.89
ES,38,2024,5,paisaje urbano,espectaculos,"cultura, teatro y danza",canarias,santa cruz de tenerife,231603.67,1177.33
ES,39,2024,5,paisaje urbano,espectaculos,"cultura, teatro y danza",cantabria,cantabria,20152.0,1145.0
ES,02,2024,5,paisaje urbano,espectaculos,"cultura, teatro y danza",castilla - la mancha,albacete,135405.0,1188.5
ES,16,2024,5,paisaje urbano,espectaculos,"cultura, teatro y danza",castilla - la mancha,cuenca,5390.0,770.0
ES,45,2024,5,paisaje urbano,espectaculos,"cultura, teatro y danza",castilla - la mancha,toledo,43591.33,689.67
ES,24,2024,5,paisaje urbano,espectaculos,"cultura, teatro y danza",castilla y leon,leon,440.0,220.0
ES,34,2024,5,paisaje urbano,espectaculos,"cultura, teatro y danza",castilla y leon,palencia,4048.0,1265.0
ES,37,2024,5,paisaje urbano,espectaculos,"cultura, teatro y danza",castilla y leon,salamanca,114651.33,492.0
ES,47,2024,5,paisaje urbano,espectaculos,"cultura, teatro y danza",castilla y leon,valladolid,142549.4,713.8
ES,49,2024,5,paisaje urbano,espectaculos,"cultura, teatro y danza",castilla y leon,zamora,241824.0,2748.0
ES,08,2024,5,paisaje urbano,espectaculos,"cultura, teatro y danza",cataluna,barcelona,547319.82,642.41
ES,17,2024,5,paisaje urbano,espectaculos,"cultura, teatro y danza",cataluna,girona,120412.4,729.2
ES,25,2024,5,paisaje urbano,espectaculos,"cultura, teatro y danza",cataluna,lleida,3435.0,75.0
ES,43,2024,5,paisaje urbano,espectaculos,"cultura, teatro y danza",cataluna,tarragona,141287.17,1241.5
ES,51,2024,5,paisaje urbano,espectaculos,"cultura, teatro y danza",ceuta,ceuta,101052.0,802.0
ES,28,2024,5,paisaje urbano,espectaculos,"cultura, teatro y danza",comunidad de madrid,madrid,2418043.0,757.86
ES,31,2024,5,paisaje urbano,espectaculos,"cultura, teatro y danza",comunidad foral de navarra,navarra,103149.0,1413.0
ES,03,2024,5,paisaje urbano,espectaculos,"cultura, teatro y danza",comunitat valenciana,alicante/alacant,274782.33,1096.0
ES,12,2024,5,paisaje urbano,espectaculos,"cultura, teatro y danza",comunitat valenciana,castellon/castello,44692.0,842.0
ES,46,2024,5,paisaje urbano,espectaculos,"cultura, teatro y danza",comunitat valenciana,valencia/valencia,954172.2,793.0
ES,06,2024,5,paisaje urbano,espectaculos,"cultura, teatro y danza",extremadura,badajoz,25877.5,117.5
ES,10,2024,5,paisaje urbano,espectaculos,"cultura, teatro y danza",extremadura,caceres,5392.25,325.0
ES,15,2024,5,paisaje urbano,espectaculos,"cultura, teatro y danza",galicia,a coruna,72186.0,681.0
ES,27,2024,5,paisaje urbano,espectaculos,"cultura, teatro y danza",galicia,lugo,5228.0,1338.0
ES,36,2024,5,paisaje urbano,espectaculos,"cultura, teatro y danza",galicia,pontevedra,33853.0,97.0
ES,07,2024,5,paisaje urbano,espectaculos,"cultura, teatro y danza",illes balears,illes balears,142122.06,797.5
ES,26,2024,5,paisaje urbano,espectaculos,"cultura, teatro y danza",la rioja,la rioja,154484.67,2079.0
ES,01,2024,5,paisaje urbano,espectaculos,"cultura, teatro y danza",pais vasco,araba/alava,334611.0,729.0
ES,48,2024,5,paisaje urbano,espectaculos,"cultura, teatro y danza",pais vasco,bizkaia,76028.0,931.5
ES,20,2024,5,paisaje urbano,espectaculos,"cultura, teatro y danza",pais vasco,gipuzkoa,35694.83,583.67
ES,33,2024,5,paisaje urbano,espectaculos,"cultura, teatro y danza",principado de asturias,asturias,4650.0,150.0
ES,30,2024,5,paisaje urbano,espectaculos,"cultura, teatro y danza",region de murcia,murcia,30191.75,1200.25
ES,50,2024,5,compras,espectaculos,ferias,aragon,zaragoza,96768.0,4608.0
ES,28,2024,5,compras,espectaculos,ferias,comunidad de madrid,madrid,217464.0,4264.0
ES,46,2024,5,compras,espectaculos,ferias,comunitat valenciana,valencia/valencia,399552.0,4162.0
ES,18,2024,5,paisaje urbano,espectaculos,museo y exposiciones,andalucia,granada,1200.0,120.0
ES,41,2024,5,paisaje urbano,espectaculos,museo y exposiciones,andalucia,sevilla,1920.0,702.5
ES,50,2024,5,paisaje urbano,espectaculos,museo y exposiciones,aragon,zaragoza,92916.0,348.0
ES,45,2024,5,paisaje urbano,espectaculos,museo y exposiciones,castilla - la mancha,toledo,122176.0,736.0
ES,37,2024,5,paisaje urbano,espectaculos,museo y exposiciones,castilla y leon,salamanca,134068.0,277.0
ES,08,2024,5,paisaje urbano,espectaculos,museo y exposiciones,cataluna,barcelona,78706.0,1334.0
ES,43,2024,5,paisaje urbano,espectaculos,museo y exposiciones,cataluna,tarragona,94428.0,1548.0
ES,46,2024,5,paisaje urbano,espectaculos,museo y exposiciones,comunitat valenciana,valencia/valencia,100.0,100.0
ES,07,2024,5,paisaje urbano,espectaculos,museo y exposiciones,illes balears,illes balears,7770.0,518.0
ES,48,2024,5,paisaje urbano,espectaculos,museo y exposiciones,pais vasco,bizkaia,34595.0,935.0
ES,04,2024,5,vida nocturna,espectaculos,musica,andalucia,almeria,123170.5,748.0
ES,11,2024,5,vida nocturna,espectaculos,musica,andalucia,cadiz,205583.33,734.78
ES,14,2024,5,vida nocturna,espectaculos,musica,andalucia,cordoba,208425.0,1191.0
ES,18,2024,5,vida nocturna,espectaculos,musica,andalucia,granada,87644.71,1005.29
ES,21,2024,5,vida nocturna,espectaculos,musica,andalucia,huelva,230706.0,1831.0
ES,23,2024,5,vida nocturna,espectaculos,musica,andalucia,jaen,124583.5,1284.75
ES,29,2024,5,vida nocturna,espectaculos,musica,andalucia,malaga,1272655.71,1863.86
ES,41,2024,5,vida nocturna,espectaculos,musica,andalucia,sevilla,962684.0,1000.4
ES,22,2024,5,vida nocturna,espectaculos,musica,aragon,huesca,69673.0,572.5
ES,44,2024,5,vida nocturna,espectaculos,musica,aragon,teruel,81638.67,2070.0
ES,50,2024,5,vida nocturna,espectaculos,musica,aragon,zaragoza,150329.75,691.0
ES,35,2024,5,vida nocturna,espectaculos,musica,canarias,las palmas,546690.3,1365.9
ES,38,2024,5,vida nocturna,espectaculos,musica,canarias,santa cruz de tenerife,188626.44,1983.33
ES,39,2024,5,vida nocturna,espectaculos,musica,cantabria,cantabria,401353.0,811.67
ES,02,2024,5,vida nocturna,espectaculos,musica,castilla - la mancha,albacete,156401.5,2609.0
ES,13,2024,5,vida nocturna,espectaculos,musica,castilla - la mancha,ciudad real,19057.6,1270.0
ES,16,2024,5,vida nocturna,espectaculos,musica,castilla - la mancha,cuenca,663804.5,1401.5
ES,45,2024,5,vida nocturna,espectaculos,musica,castilla - la mancha,toledo,72789.67,3716.67
ES,09,2024,5,vida nocturna,espectaculos,musica,castilla y leon,burgos,35178.0,940.5
ES,24,2024,5,vida nocturna,espectaculos,musica,castilla y leon,leon,79019.5,1221.5
ES,34,2024,5,vida nocturna,espectaculos,musica,castilla y leon,palencia,3470.5,756.0
ES,37,2024,5,vida nocturna,espectaculos,musica,castilla y leon,salamanca,211065.0,1036.0
ES,40,2024,5,vida nocturna,espectaculos,musica,castilla y leon,segovia,12298.5,849.5
ES,42,2024,5,vida nocturna,espectaculos,musica,castilla y leon,soria,7758.0,1293.0
ES,47,2024,5,vida nocturna,espectaculos,musica,castilla y leon,valladolid,30689.29,870.86
ES,49,2024,5,vida nocturna,espectaculos,musica,castilla y leon,zamora,169320.33,1249.0
ES,08,2024,5,vida nocturna,espectaculos,musica,cataluna,barcelona,983190.43,1174.76
ES,17,2024,5,vida nocturna,espectaculos,musica,cataluna,girona,66608.62,1264.81
ES,25,2024,5,vida nocturna,espectaculos,musica,cataluna,lleida,96575.12,849.12
ES,43,2024,5,vida nocturna,espectaculos,musica,cataluna,tarragona,136898.93,1403.57
ES,51,2024,5,vida nocturna,espectaculos,musica,ceuta,ceuta,15564.0,1297.0
ES,28,2024,5,vida nocturna,espectaculos,musica,comunidad de madrid,madrid,2526615.25,766.35
ES,31,2024,5,vida nocturna,espectaculos,musica,comunidad foral de navarra,navarra,2319596.6,1805.4
ES,03,2024,5,vida nocturna,espectaculos,musica,comunitat valenciana,alicante/alacant,327354.94,1724.31
ES,12,2024,5,vida nocturna,espectaculos,musica,comunitat valenciana,castellon/castello,118636.6,1296.4
ES,46,2024,5,vida nocturna,espectaculos,musica,comunitat valenciana,valencia/valencia,320515.94,1608.81
ES,06,2024,5,vida nocturna,espectaculos,musica,extremadura,badajoz,200784.2,500.0
ES,10,2024,5,vida nocturna,espectaculos,musica,extremadura,caceres,5758.67,658.0
ES,15,2024,5,vida nocturna,espectaculos,musica,galicia,a coruna,386137.0,1097.0
ES,27,2024,5,vida nocturna,espectaculos,musica,galicia,lugo,33942.2,1324.2
ES,32,2024,5,vida nocturna,espectaculos,musica,galicia,ourense,71995.0,1309.0
ES,36,2024,5,vida nocturna,espectaculos,musica,galicia,pontevedra,279840.5,643.25
ES,07,2024,5,vida nocturna,espectaculos,musica,illes balears,illes balears,816501.6,1549.88
ES,26,2024,5,vida nocturna,espectaculos,musica,la rioja,la rioja,145615.25,1678.25
ES,01,2024,5,vida nocturna,espectaculos,musica,pais vasco,araba/alava,243528.0,1112.0
ES,48,2024,5,vida nocturna,espectaculos,musica,pais vasco,bizkaia,611263.0,1052.25
ES,20,2024,5,vida nocturna,espectaculos,musica,pais vasco,gipuzkoa,135200.1,827.4
ES,33,2024,5,vida nocturna,espectaculos,musica,principado de asturias,asturias,227407.86,1221.29
ES,30,2024,5,vida nocturna,espectaculos,musica,region de murcia,murcia,41633.75,1081.25
ES,11,2024,5,vida nocturna,espectaculos,musicales,andalucia,cadiz,87455.0,1325.0
ES,14,2024,5,vida nocturna,espectaculos,musicales,andalucia,cordoba,95438.0,802.0
ES,18,2024,5,vida nocturna,espectaculos,musicales,andalucia,granada,1632.0,96.0
ES,29,2024,5,vida nocturna,espectaculos,musicales,andalucia,malaga,1140.0,57.0
ES,41,2024,5,vida nocturna,espectaculos,musicales,andalucia,sevilla,71568.0,504.0
ES,22,2024,5,vida nocturna,espectaculos,musicales,aragon,huesca,387045.0,549.0
ES,50,2024,5,vida nocturna,espectaculos,musicales,aragon,zaragoza,546271.0,937.0
ES,35,2024,5,vida nocturna,espectaculos,musicales,canarias,las palmas,251835.5,458.5
ES,38,2024,5,vida nocturna,espectaculos,musicales,canarias,santa cruz de tenerife,33308.0,757.0
ES,02,2024,5,vida nocturna,espectaculos,musicales,castilla - la mancha,albacete,7568.0,176.0
ES,24,2024,5,vida nocturna,espectaculos,musicales,castilla y leon,leon,440.0,220.0
ES,37,2024,5,vida nocturna,espectaculos,musicales,castilla y leon,salamanca,139545.0,1329.0
ES,47,2024,5,vida nocturna,espectaculos,musicales,castilla y leon,valladolid,1400.0,100.0
ES,08,2024,5,vida nocturna,espectaculos,musicales,cataluna,barcelona,336117.71,577.0
ES,43,2024,5,vida nocturna,espectaculos,musicales,cataluna,tarragona,619812.0,1913.0
ES,28,2024,5,vida nocturna,espectaculos,musicales,comunidad de madrid,madrid,591496.5,536.25
ES,03,2024,5,vida nocturna,espectaculos,musicales,comunitat valenciana,alicante/alacant,46480.0,70.0
ES,46,2024,5,vida nocturna,espectaculos,musicales,comunitat valenciana,valencia/valencia,190092.0,1022.0
ES,06,2024,5,vida nocturna,espectaculos,musicales,extremadura,badajoz,51675.0,195.0
ES,10,2024,5,vida nocturna,espectaculos,musicales,extremadura,caceres,4040.67,127.33
ES,27,2024,5,vida nocturna,espectaculos,musicales,galicia,lugo,5456.0,176.0
ES,07,2024,5,vida nocturna,espectaculos,musicales,illes balears,illes balears,30044.0,1073.0
ES,30,2024,5,vida nocturna,espectaculos,musicales,region de murcia,murcia,23720.0,1073.0
ES,04,2024,6,paisaje naturaleza,actividades,actividades infantiles,andalucia,almeria,13539.0,455.5
ES,11,2024,6,paisaje naturaleza,actividades,actividades infantiles,andalucia,cadiz,1678.0,191.33
ES,14,2024,6,paisaje naturaleza,actividades,actividades infantiles,andalucia,cordoba,2900.0,58.0
ES,18,2024,6,paisaje naturaleza,actividades,actividades infantiles,andalucia,granada,38094.5,1739.0
ES,21,2024,6,paisaje naturaleza,actividades,actividades infantiles,andalucia,huelva,400.0,200.0
ES,23,2024,6,paisaje naturaleza,actividades,actividades infantiles,andalucia,jaen,62784.0,3488.0
ES,29,2024,6,paisaje naturaleza,actividades,actividades infantiles,andalucia,malaga,58077.0,717.0
ES,41,2024,6,paisaje naturaleza,actividades,actividades infantiles,andalucia,sevilla,220988.0,2188.0
ES,22,2024,6,paisaje naturaleza,actividades,actividades infantiles,aragon,huesca,12208.0,838.0
ES,50,2024,6,paisaje naturaleza,actividades,actividades infantiles,aragon,zaragoza,14194.0,604.0
ES,35,2024,6,paisaje naturaleza,actividades,actividades infantiles,canarias,las palmas,4937.5,64.5
ES,38,2024,6,paisaje naturaleza,actividades,actividades infantiles,canarias,santa cruz de tenerife,720.0,30.0
ES,39,2024,6,paisaje naturaleza,actividades,actividades infantiles,cantabria,cantabria,1964.0,982.0
ES,02,2024,6,paisaje naturaleza,actividades,actividades infantiles,castilla - la mancha,albacete,31018.0,138.0
ES,13,2024,6,paisaje naturaleza,actividades,actividades infantiles,castilla - la mancha,ciudad real,1560.0,130.0
ES,45,2024,6,paisaje naturaleza,actividades,actividades infantiles,castilla - la mancha,toledo,96955.33,999.67
ES,24,2024,6,paisaje naturaleza,actividades,actividades infantiles,castilla y leon,leon,21022.0,847.33
ES,34,2024,6,paisaje naturaleza,actividades,actividades infantiles,castilla y leon,palencia,2880.0,45.0
ES,42,2024,6,paisaje naturaleza,actividades,actividades infantiles,castilla y leon,soria,3534.0,1178.0
ES,47,2024,6,paisaje naturaleza,actividades,actividades infantiles,castilla y leon,valladolid,112627.25,2079.0
ES,49,2024,6,paisaje naturaleza,actividades,actividades infantiles,castilla y leon,zamora,8177.0,2405.0
ES,08,2024,6,paisaje naturaleza,actividades,actividades infantiles,cataluna,barcelona,191595.4,960.53
ES,17,2024,6,paisaje naturaleza,actividades,actividades infantiles,cataluna,girona,83827.33,1066.33
ES,25,2024,6,paisaje naturaleza,actividades,actividades infantiles,cataluna,lleida,37988.5,277.0
ES,43,2024,6,paisaje naturaleza,actividades,actividades infantiles,cataluna,tarragona,306684.5,586.0
ES,28,2024,6,paisaje naturaleza,actividades,actividades infantiles,comunidad de madrid,madrid,61143.25,1151.62
ES,31,2024,6,paisaje naturaleza,actividades,actividades infantiles,comunidad foral de navarra,navarra,903431.5,2732.0
ES,03,2024,6,paisaje naturaleza,actividades,actividades infantiles,comunitat valenciana,alicante/alacant,6103.33,1643.67
ES,46,2024,6,paisaje naturaleza,actividades,actividades infantiles,comunitat valenciana,valencia/valencia,185017.5,719.5
ES,10,2024,6,paisaje naturaleza,actividades,actividades infantiles,extremadura,caceres,4517.33,264.0
ES,15,2024,6,paisaje naturaleza,actividades,actividades infantiles,galicia,a coruna,122529.0,1551.0
ES,27,2024,6,paisaje naturaleza,actividades,actividades infantiles,galicia,lugo,549024.0,1204.0
ES,32,2024,6,paisaje naturaleza,actividades,actividades infantiles,galicia,ourense,3534.0,1178.0
ES,07,2024,6,paisaje naturaleza,actividades,actividades infantiles,illes balears,illes balears,150359.78,946.78
ES,26,2024,6,paisaje naturaleza,actividades,actividades infantiles,la rioja,la rioja,7520.0,80.0
ES,01,2024,6,paisaje naturaleza,actividades,actividades infantiles,pais vasco,araba/alava,18805.0,386.67
ES,48,2024,6,paisaje naturaleza,actividades,actividades infantiles,pais vasco,bizkaia,247278.33,5108.0
ES,20,2024,6,paisaje naturaleza,actividades,actividades infantiles,pais vasco,gipuzkoa,51919.0,461.67
ES,33,2024,6,paisaje naturaleza,actividades,actividades infantiles,principado de asturias,asturias,1060.0,1325.0
ES,30,2024,6,paisaje naturaleza,actividades,actividades infantiles,region de murcia,murcia,52632.0,1032.0
ES,11,2024,6,servicios,actividades,cursos,andalucia,cadiz,800.0,400.0
ES,29,2024,6,servicios,actividades,cursos,andalucia,malaga,64592.0,2936.0
ES,35,2024,6,servicios,actividades,cursos,canarias,las palmas,54945.5,663.5
ES,38,2024,6,servicios,actividades,cursos,canarias,santa cruz de tenerife,13626.0,4542.0
ES,08,2024,6,servicios,actividades,cursos,cataluna,barcelona,78180.33,2420.67
ES,17,2024,6,servicios,actividades,cursos,cataluna,girona,7605.0,1521.0
ES,43,2024,6,servicios,actividades,cursos,cataluna,tarragona,6089.0,6089.0
ES,28,2024,6,servicios,actividades,cursos,comunidad de madrid,madrid,417846.2,2755.0
ES,46,2024,6,servicios,actividades,cursos,comunitat valenciana,valencia/valencia,9057.0,811.0
ES,36,2024,6,servicios,actividades,cursos,galicia,pontevedra,590.0,590.0
ES,07,2024,6,servicios,actividades,cursos,illes balears,illes balears,60154.5,1683.5
ES,01,2024,6,servicios,actividades,cursos,pais vasco,araba/alava,7056.0,588.0
ES,48,2024,6,servicios,actividades,cursos,pais vasco,bizkaia,13966.0,1206.5
ES,30,2024,6,servicios,actividades,cursos,region de murcia,murcia,157915.0,31583.0
ES,21,2024,6,paisaje naturaleza,actividades,deportes y aventuras,andalucia,huelva,200.0,200.0
ES,50,2024,6,paisaje naturaleza,actividades,deportes y aventuras,aragon,zaragoza,28242.0,2092.0
ES,35,2024,6,paisaje naturaleza,actividades,deportes y aventuras,canarias,las palmas,5500.0,500.0
ES,38,2024,6,paisaje naturaleza,actividades,deportes y aventuras,canarias,santa cruz de tenerife,90000.0,150.0
ES,16,2024,6,paisaje naturaleza,actividades,deportes y aventuras,castilla - la mancha,cuenca,5500.0,500.0
ES,19,2024,6,paisaje naturaleza,actividades,deportes y aventuras,castilla - la mancha,guadalajara,28302.0,267.0
ES,05,2024,6,paisaje naturaleza,actividades,deportes y aventuras,castilla y leon,avila,3719.0,7438.0
ES,37,2024,6,paisaje naturaleza,actividades,deportes y aventuras,castilla y leon,salamanca,990.0,110.0
ES,47,2024,6,paisaje naturaleza,actividades,deportes y aventuras,castilla y leon,valladolid,20150.0,3437.5
ES,08,2024,6,paisaje naturaleza,actividades,deportes y aventuras,cataluna,barcelona,1206.67,605.0
ES,17,2024,6,paisaje naturaleza,actividades,deportes y aventuras,cataluna,girona,72765.0,3465.0
ES,43,2024,6,paisaje naturaleza,actividades,deportes y aventuras,cataluna,tarragona,41370.67,862.67
ES,28,2024,6,paisaje naturaleza,actividades,deportes y aventuras,comunidad de madrid,madrid,82318.8,1672.2
ES,31,2024,6,paisaje naturaleza,actividades,deportes y aventuras,comunidad foral de navarra,navarra,214907.5,2825.0
ES,06,2024,6,paisaje naturaleza,actividades,deportes y aventuras,extremadura,badajoz,72946.0,738.5
ES,10,2024,6,paisaje naturaleza,actividades,deportes y aventuras,extremadura,caceres,348722.0,1441.0
ES,07,2024,6,paisaje naturaleza,actividades,deportes y aventuras,illes balears,illes balears,46154.5,1090.5
ES,01,2024,6,paisaje naturaleza,actividades,deportes y aventuras,pais vasco,araba/alava,53901.0,477.0
ES,48,2024,6,paisaje naturaleza,actividades,deportes y aventuras,pais vasco,bizkaia,125040.0,1563.0
ES,20,2024,6,paisaje naturaleza,actividades,deportes y aventuras,pais vasco,gipuzkoa,446986.33,2131.33
ES,33,2024,6,paisaje naturaleza,actividades,deportes y aventuras,principado de asturias,asturias,76659.0,3333.0
ES,11,2024,6,comida y bebida,actividades,gastronomia,andalucia,cadiz,96506.0,661.0
ES,29,2024,6,comida y bebida,actividades,gastronomia,andalucia,malaga,215156.0,1444.0
ES,41,2024,6,comida y bebida,actividades,gastronomia,andalucia,sevilla,1041.0,1041.0
ES,22,2024,6,comida y bebida,actividades,gastronomia,aragon,huesca,20416.0,1276.0
ES,50,2024,6,comida y bebida,actividades,gastronomia,aragon,zaragoza,4200.0,350.0
ES,35,2024,6,comida y bebida,actividades,gastronomia,canarias,las palmas,106358.0,994.0
ES,38,2024,6,comida y bebida,actividades,gastronomia,canarias,santa cruz de tenerife,1056.0,132.0
ES,39,2024,6,comida y bebida,actividades,gastronomia,cantabria,cantabria,1964.0,982.0
ES,24,2024,6,comida y bebida,actividades,gastronomia,castilla y leon,leon,5829.0,1092.5
ES,42,2024,6,comida y bebida,actividades,gastronomia,castilla y leon,soria,3534.0,1178.0
ES,08,2024,6,comida y bebida,actividades,gastronomia,cataluna,barcelona,128577.17,1058.33
ES,17,2024,6,comida y bebida,actividades,gastronomia,cataluna,girona,125103.0,2207.0
ES,43,2024,6,comida y bebida,actividades,gastronomia,cataluna,tarragona,18500.0,500.0
ES,28,2024,6,comida y bebida,actividades,gastronomia,comunidad de madrid,madrid,211562.0,2054.0
ES,31,2024,6,comida y bebida,actividades,gastronomia,comunidad foral de navarra,navarra,160.0,80.0
ES,03,2024,6,comida y bebida,actividades,gastronomia,comunitat valenciana,alicante/alacant,26187.0,903.0
ES,12,2024,6,comida y bebida,actividades,gastronomia,comunitat valenciana,castellon/castello,5802.0,967.0
ES,46,2024,6,comida y bebida,actividades,gastronomia,comunitat valenciana,valencia/valencia,24341.0,390.5
ES,15,2024,6,comida y bebida,actividades,gastronomia,galicia,a coruna,1800.0,120.0
ES,32,2024,6,comida y bebida,actividades,gastronomia,galicia,ourense,3534.0,1178.0
ES,07,2024,6,comida y bebida,actividades,gastronomia,illes balears,illes balears,419001.75,3609.25
ES,01,2024,6,comida y bebida,actividades,gastronomia,pais vasco,araba/alava,55335.0,1085.0
ES,33,2024,6,comida y bebida,actividades,gastronomia,principado de asturias,asturias,854.0,716.5
ES,30,2024,6,comida y bebida,actividades,gastronomia,region de murcia,murcia,23856.0,497.0
ES,04,2024,6,vida nocturna,espectaculos,cine,andalucia,almeria,34336.0,592.0
ES,11,2024,6,vida nocturna,espectaculos,cine,andalucia,cadiz,2936.0,367.0
ES,41,2024,6,vida nocturna,espectaculos,cine,andalucia,sevilla,106128.0,603.0
ES,22,2024,6,vida nocturna,espectaculos,cine,aragon,huesca,4000.0,400.0
ES,45,2024,6,vida nocturna,espectaculos,cine,castilla - la mancha,toledo,2356.0,1178.0
ES,47,2024,6,vida nocturna,espectaculos,cine,castilla y leon,valladolid,16268.5,556.5
ES,08,2024,6,vida nocturna,espectaculos,cine,cataluna,barcelona,31240.0,653.0
ES,17,2024,6,vida nocturna,espectaculos,cine,cataluna,girona,3458.0,494.0
ES,28,2024,6,vida nocturna,espectaculos,cine,comunidad de madrid,madrid,91653.0,450.5
ES,03,2024,6,vida nocturna,espectaculos,cine,comunitat valenciana,alicante/alacant,1547.5,102.5
ES,07,2024,6,vida nocturna,espectaculos,cine,illes balears,illes balears,18930.0,347.0
ES,20,2024,6,vida nocturna,espectaculos,cine,pais vasco,gipuzkoa,610.5,312.5
ES,14,2024,6,otros,espectaculos,conferencias,andalucia,cordoba,15290.0,55.0
ES,18,2024,6,otros,espectaculos,conferencias,andalucia,granada,55080.0,680.0
ES,29,2024,6,otros,espectaculos,conferencias,andalucia,malaga,29000.0,14500.0
ES,41,2024,6,otros,espectaculos,conferencias,andalucia,sevilla,10523.0,619.0
ES,50,2024,6,otros,espectaculos,conferencias,aragon,zaragoza,557916.0,4894.0
ES,35,2024,6,otros,espectaculos,conferencias,canarias,las palmas,12576.0,262.0
ES,08,2024,6,otros,espectaculos,conferencias,cataluna,barcelona,8327.0,827.0
ES,28,2024,6,otros,espectaculos,conferencias,comunidad de madrid,madrid,117779.5,503.5
ES,46,2024,6,otros,espectaculos,conferencias,comunitat valenciana,valencia/valencia,368144.0,2422.0
ES,36,2024,6,otros,espectaculos,conferencias,galicia,pontevedra,12978.0,63.0
ES,30,2024,6,otros,espectaculos,conferencias,region de murcia,murcia,13600.0,100.0
ES,04,2024,6,paisaje urbano,espectaculos,"cultura, teatro y danza",andalucia,almeria,194772.25,1312.0
ES,11,2024,6,paisaje urbano,espectaculos,"cultura, teatro y danza",andalucia,cadiz,87628.5,1791.0
ES,14,2024,6,paisaje urbano,espectaculos,"cultura, teatro y danza",andalucia,cordoba,23835.0,105.0
ES,18,2024,6,paisaje urbano,espectaculos,"cultura, teatro y danza",andalucia,granada,38187.0,344.0
ES,29,2024,6,paisaje urbano,espectaculos,"cultura, teatro y danza",andalucia,malaga,51508.0,470.0
ES,41,2024,6,paisaje urbano,espectaculos,"cultura, teatro y danza",andalucia,sevilla,782747.67,560.33
ES,22,2024,6,paisaje urbano,espectaculos,"cultura, teatro y danza",aragon,huesca,165558.0,1346.0
ES,50,2024,6,paisaje urbano,espectaculos,"cultura, teatro y danza",aragon,zaragoza,531553.0,1601.0
ES,35,2024,6,paisaje urbano,espectaculos,"cultura, teatro y danza",canarias,las palmas,286778.14,648.86
ES,38,2024,6,paisaje urbano,espectaculos,"cultura, teatro y danza",canarias,santa cruz de tenerife,135049.0,1051.67
ES,39,2024,6,paisaje urbano,espectaculos,"cultura, teatro y danza",cantabria,cantabria,95557.0,1309.0
ES,02,2024,6,paisaje urbano,espectaculos,"cultura, teatro y danza",castilla - la mancha,albacete,40932.0,1137.0
ES,19,2024,6,paisaje urbano,espectaculos,"cultura, teatro y danza",castilla - la mancha,guadalajara,127214.0,265.5
ES,45,2024,6,paisaje urbano,espectaculos,"cultura, teatro y danza",castilla - la mancha,toledo,225638.0,1589.0
ES,24,2024,6,paisaje urbano,espectaculos,"cultura, teatro y danza",castilla y leon,leon,40975.0,1639.0
ES,37,2024,6,paisaje urbano,espectaculos,"cultura, teatro y danza",castilla y leon,salamanca,26339.0,835.0
ES,47,2024,6,paisaje urbano,espectaculos,"cultura, teatro y danza",castilla y leon,valladolid,75181.75,1232.25
ES,49,2024,6,paisaje urbano,espectaculos,"cultura, teatro y danza",castilla y leon,zamora,219414.0,2262.0
ES,08,2024,6,paisaje urbano,espectaculos,"cultura, teatro y danza",cataluna,barcelona,618567.71,687.29
ES,17,2024,6,paisaje urbano,espectaculos,"cultura, teatro y danza",cataluna,girona,82003.5,376.5
ES,25,2024,6,paisaje urbano,espectaculos,"cultura, teatro y danza",cataluna,lleida,42899.33,884.0
ES,43,2024,6,paisaje urbano,espectaculos,"cultura, teatro y danza",cataluna,tarragona,34056.67,690.83
ES,51,2024,6,paisaje urbano,espectaculos,"cultura, teatro y danza",ceuta,ceuta,29596.0,604.0
ES,28,2024,6,paisaje urbano,espectaculos,"cultura, teatro y danza",comunidad de madrid,madrid,200901.6,617.6
ES,03,2024,6,paisaje urbano,espectaculos,"cultura, teatro y danza",comunitat valenciana,alicante/alacant,273877.17,1528.17
ES,12,2024,6,paisaje urbano,espectaculos,"cultura, teatro y danza",comunitat valenciana,castellon/castello,279.0,31.0
ES,46,2024,6,paisaje urbano,espectaculos,"cultura, teatro y danza",comunitat valenciana,valencia/valencia,892195.0,929.33
ES,06,2024,6,paisaje urbano,espectaculos,"cultura, teatro y danza",extremadura,badajoz,351890.67,1840.33
ES,10,2024,6,paisaje urbano,espectaculos,"cultura, teatro y danza",extremadura,caceres,43369.0,589.0
ES,15,2024,6,paisaje urbano,espectaculos,"cultura, teatro y danza",galicia,a coruna,39168.0,544.0
ES,27,2024,6,paisaje urbano,espectaculos,"cultura, teatro y danza",galicia,lugo,7500.0,2500.0
ES,36,2024,6,paisaje urbano,espectaculos,"cultura, teatro y danza",galicia,pontevedra,1406235.33,1167.33
ES,07,2024,6,paisaje urbano,espectaculos,"cultura, teatro y danza",illes balears,illes balears,216520.25,882.75
ES,26,2024,6,paisaje urbano,espectaculos,"cultura, teatro y danza",la rioja,la rioja,126380.4,4991.6
ES,01,2024,6,paisaje urbano,espectaculos,"cultura, teatro y danza",pais vasco,araba/alava,130815.0,869.0
ES,48,2024,6,paisaje urbano,espectaculos,"cultura, teatro y danza",pais vasco,bizkaia,91336.25,315.75
ES,20,2024,6,paisaje urbano,espectaculos,"cultura, teatro y danza",pais vasco,gipuzkoa,62645.0,448.5
ES,33,2024,6,paisaje urbano,espectaculos,"cultura, teatro y danza",principado de asturias,asturias,600.0,100.0
ES,30,2024,6,paisaje urbano,espectaculos,"cultura, teatro y danza",region de murcia,murcia,36924.67,495.0
ES,50,2024,6,compras,espectaculos,ferias,aragon,zaragoza,557916.0,4894.0
ES,28,2024,6,compras,espectaculos,ferias,comunidad de madrid,madrid,224775.0,333.0
ES,46,2024,6,compras,espectaculos,ferias,comunitat valenciana,valencia/valencia,152514.0,4122.0
ES,04,2024,6,paisaje urbano,espectaculos,museo y exposiciones,andalucia,almeria,1760.0,440.0
ES,18,2024,6,paisaje urbano,espectaculos,museo y exposiciones,andalucia,granada,28158.0,114.0
ES,41,2024,6,paisaje urbano,espectaculos,museo y exposiciones,andalucia,sevilla,2730.0,130.0
ES,50,2024,6,paisaje urbano,espectaculos,museo y exposiciones,aragon,zaragoza,4550.0,364.0
ES,45,2024,6,paisaje urbano,espectaculos,museo y exposiciones,castilla - la mancha,toledo,9506.0,679.0
ES,37,2024,6,paisaje urbano,espectaculos,museo y exposiciones,castilla y leon,salamanca,7366.0,254.0
ES,08,2024,6,paisaje urbano,espectaculos,museo y exposiciones,cataluna,barcelona,5128.0,1282.0
ES,43,2024,6,paisaje urbano,espectaculos,museo y exposiciones,cataluna,tarragona,4257.0,129.0
ES,48,2024,6,paisaje urbano,espectaculos,museo y exposiciones,pais vasco,bizkaia,356076.0,942.0
ES,04,2024,6,vida nocturna,espectaculos,musica,andalucia,almeria,92391.75,2382.0
ES,11,2024,6,vida nocturna,espectaculos,musica,andalucia,cadiz,404865.14,1564.86
ES,14,2024,6,vida nocturna,espectaculos,musica,andalucia,cordoba,24027.5,677.5
ES,18,2024,6,vida nocturna,espectaculos,musica,andalucia,granada,66410.0,1207.38
ES,21,2024,6,vida nocturna,espectaculos,musica,andalucia,huelva,3614.0,1807.0
ES,23,2024,6,vida nocturna,espectaculos,musica,andalucia,jaen,132085.8,1866.4
ES,29,2024,6,vida nocturna,espectaculos,musica,andalucia,malaga,290297.33,1064.33
ES,41,2024,6,vida nocturna,espectaculos,musica,andalucia,sevilla,1074937.33,1242.67
ES,22,2024,6,vida nocturna,espectaculos,musica,aragon,huesca,942744.33,2463.0
ES,44,2024,6,vida nocturna,espectaculos,musica,aragon,teruel,807160.5,2640.5
ES,50,2024,6,vida nocturna,espectaculos,musica,aragon,zaragoza,61096.57,601.0
ES,35,2024,6,vida nocturna,espectaculos,musica,canarias,las palmas,413863.38,1702.62
ES,38,2024,6,vida nocturna,espectaculos,musica,canarias,santa cruz de tenerife,157216.4,1375.4
ES,39,2024,6,vida nocturna,espectaculos,musica,cantabria,cantabria,137349.0,1081.0
ES,02,2024,6,vida nocturna,espectaculos,musica,castilla - la mancha,albacete,160859.0,2158.0
ES,13,2024,6,vida nocturna,espectaculos,musica,castilla - la mancha,ciudad real,86741.33,456.67
ES,16,2024,6,vida nocturna,espectaculos,musica,castilla - la mancha,cuenca,1304212.5,1898.5
ES,19,2024,6,vida nocturna,espectaculos,musica,castilla - la mancha,guadalajara,3348.0,237.0
ES,45,2024,6,vida nocturna,espectaculos,musica,castilla - la mancha,toledo,98895.25,3174.75
ES,09,2024,6,vida nocturna,espectaculos,musica,castilla y leon,burgos,35359.0,1365.0
ES,24,2024,6,vida nocturna,espectaculos,musica,castilla y leon,leon,4082.75,869.0
ES,34,2024,6,vida nocturna,espectaculos,musica,castilla y leon,palencia,24839.0,849.0
ES,37,2024,6,vida nocturna,espectaculos,musica,castilla y leon,salamanca,771131.5,806.0
ES,40,2024,6,vida nocturna,espectaculos,musica,castilla y leon,segovia,14340.0,478.0
ES,42,2024,6,vida nocturna,espectaculos,musica,castilla y leon,soria,124075.33,822.67
ES,47,2024,6,vida nocturna,espectaculos,musica,castilla y leon,valladolid,819057.0,1963.0
ES,49,2024,6,vida nocturna,espectaculos,musica,castilla y leon,zamora,1113282.0,1461.0
ES,08,2024,6,vida nocturna,espectaculos,musica,cataluna,barcelona,710836.4,1208.08
ES,17,2024,6,vida nocturna,espectaculos,musica,cataluna,girona,153795.81,1371.76
ES,25,2024,6,vida nocturna,espectaculos,musica,cataluna,lleida,143224.0,939.38
ES,43,2024,6,vida nocturna,espectaculos,musica,cataluna,tarragona,198730.38,1675.54
ES,51,2024,6,vida nocturna,espectaculos,musica,ceuta,ceuta,97204.0,1279.0
ES,28,2024,6,vida nocturna,espectaculos,musica,comunidad de madrid,madrid,1979742.06,1425.82
ES,31,2024,6,vida nocturna,espectaculos,musica,comunidad foral de navarra,navarra,1447776.6,2010.4
ES,03,2024,6,vida nocturna,espectaculos,musica,comunitat valenciana,alicante/alacant,452010.92,1737.69
ES,12,2024,6,vida nocturna,espectaculos,musica,comunitat valenciana,castellon/castello,58038.5,1779.0
ES,46,2024,6,vida nocturna,espectaculos,musica,comunitat valenciana,valencia/valencia,427227.45,1550.09
ES,06,2024,6,vida nocturna,espectaculos,musica,extremadura,badajoz,89395.0,941.0
ES,10,2024,6,vida nocturna,espectaculos,musica,extremadura,caceres,115506.0,558.0
ES,15,2024,6,vida nocturna,espectaculos,musica,galicia,a coruna,369602.33,1112.67
ES,27,2024,6,vida nocturna,espectaculos,musica,galicia,lugo,301666.33,1062.33
ES,32,2024,6,vida nocturna,espectaculos,musica,galicia,ourense,1954.5,626.5
ES,36,2024,6,vida nocturna,espectaculos,musica,galicia,pontevedra,270204.6,536.4
ES,07,2024,6,vida nocturna,espectaculos,musica,illes balears,illes balears,741999.13,1709.33
ES,26,2024,6,vida nocturna,espectaculos,musica,la rioja,la rioja,126915.5,1997.75
ES,01,2024,6,vida nocturna,espectaculos,musica,pais vasco,araba/alava,30674.0,972.0
ES,48,2024,6,vida nocturna,espectaculos,musica,pais vasco,bizkaia,276232.33,959.17
ES,20,2024,6,vida nocturna,espectaculos,musica,pais vasco,gipuzkoa,154719.5,1070.17
ES,33,2024,6,vida nocturna,espectaculos,musica,principado de asturias,asturias,88518.0,903.0
ES,30,2024,6,vida nocturna,espectaculos,musica,region de murcia,murcia,345506.0,1487.33
ES,04,2024,6,vida nocturna,espectaculos,musicales,andalucia,almeria,240.0,120.0
ES,18,2024,6,vida nocturna,espectaculos,musicales,andalucia,granada,117528.0,708.0
ES,41,2024,6,vida nocturna,espectaculos,musicales,andalucia,sevilla,2220.0,30.0
ES,50,2024,6,vida nocturna,espectaculos,musicales,aragon,zaragoza,36729.0,954.0
ES,35,2024,6,vida nocturna,espectaculos,musicales,canarias,las palmas,73425.0,979.0
ES,02,2024,6,vida nocturna,espectaculos,musicales,castilla - la mancha,albacete,1936.0,176.0
ES,24,2024,6,vida nocturna,espectaculos,musicales,castilla y leon,leon,40975.0,1639.0
ES,37,2024,6,vida nocturna,espectaculos,musicales,castilla y leon,salamanca,45312.0,1416.0
ES,47,2024,6,vida nocturna,espectaculos,musicales,castilla y leon,valladolid,37333.0,1009.0
ES,08,2024,6,vida nocturna,espectaculos,musicales,cataluna,barcelona,145492.4,361.0
ES,43,2024,6,vida nocturna,espectaculos,musicales,cataluna,tarragona,7436.0,1859.0
ES,28,2024,6,vida nocturna,espectaculos,musicales,comunidad de madrid,madrid,8706.0,411.33
ES,03,2024,6,vida nocturna,espectaculos,musicales,comunitat valenciana,alicante/alacant,11123.0,387.0
ES,46,2024,6,vida nocturna,espectaculos,musicales,comunitat valenciana,valencia/valencia,694458.0,941.0
ES,06,2024,6,vida nocturna,espectaculos,musicales,extremadura,badajoz,443102.0,1831.0
ES,10,2024,6,vida nocturna,espectaculos,musicales,extremadura,caceres,4576.0,176.0
ES,15,2024,6,vida nocturna,espectaculos,musicales,galicia,a coruna,20736.0,432.0
ES,36,2024,6,vida nocturna,espectaculos,musicales,galicia,pontevedra,728.0,728.0
ES,07,2024,6,vida nocturna,espectaculos,musicales,illes balears,illes balears,52578.5,2007.5
ES,30,2024,6,vida nocturna,espectaculos,musicales,region de murcia,murcia,84542.0,1031.0
ES,07,2024,6,paisaje naturaleza,espectaculos,parques tematicos,illes balears,illes balears,88165.0,1145.0
ES,04,2024,7,paisaje naturaleza,actividades,actividades infantiles,andalucia,almeria,4194.67,293.67
ES,11,2024,7,paisaje naturaleza,actividades,actividades infantiles,andalucia,cadiz,15773.5,729.5
ES,14,2024,7,paisaje naturaleza,actividades,actividades infantiles,andalucia,cordoba,686.0,98.0
ES,18,2024,7,paisaje naturaleza,actividades,actividades infantiles,andalucia,granada,80094.0,1907.0
ES,23,2024,7,paisaje naturaleza,actividades,actividades infantiles,andalucia,jaen,28031.0,1693.0
ES,29,2024,7,paisaje naturaleza,actividades,actividades infantiles,andalucia,malaga,35332.0,803.0
ES,41,2024,7,paisaje naturaleza,actividades,actividades infantiles,andalucia,sevilla,18252.0,108.0
ES,22,2024,7,paisaje naturaleza,actividades,actividades infantiles,aragon,huesca,6891.5,647.0
ES,50,2024,7,paisaje naturaleza,actividades,actividades infantiles,aragon,zaragoza,360.0,120.0
ES,39,2024,7,paisaje naturaleza,actividades,actividades infantiles,cantabria,cantabria,39508.0,560.5
ES,02,2024,7,paisaje naturaleza,actividades,actividades infantiles,castilla - la mancha,albacete,13734.0,981.0
ES,13,2024,7,paisaje naturaleza,actividades,actividades infantiles,castilla - la mancha,ciudad real,65271.5,1006.0
ES,16,2024,7,paisaje naturaleza,actividades,actividades infantiles,castilla - la mancha,cuenca,480.0,80.0
ES,45,2024,7,paisaje naturaleza,actividades,actividades infantiles,castilla - la mancha,toledo,450810.5,920.5
ES,09,2024,7,paisaje naturaleza,actividades,actividades infantiles,castilla y leon,burgos,2356.0,1178.0
ES,24,2024,7,paisaje naturaleza,actividades,actividades infantiles,castilla y leon,leon,20793.5,1049.5
ES,42,2024,7,paisaje naturaleza,actividades,actividades infantiles,castilla y leon,soria,23936.0,1088.0
ES,47,2024,7,paisaje naturaleza,actividades,actividades infantiles,castilla y leon,valladolid,47952.75,900.25
ES,08,2024,7,paisaje naturaleza,actividades,actividades infantiles,cataluna,barcelona,47000.55,896.82
ES,17,2024,7,paisaje naturaleza,actividades,actividades infantiles,cataluna,girona,208692.0,2046.0
ES,43,2024,7,paisaje naturaleza,actividades,actividades infantiles,cataluna,tarragona,97856.0,1529.0
ES,28,2024,7,paisaje naturaleza,actividades,actividades infantiles,comunidad de madrid,madrid,138577.0,2343.0
ES,31,2024,7,paisaje naturaleza,actividades,actividades infantiles,comunidad foral de navarra,navarra,508612.5,3309.5
ES,03,2024,7,paisaje naturaleza,actividades,actividades infantiles,comunitat valenciana,alicante/alacant,10107.0,219.0
ES,46,2024,7,paisaje naturaleza,actividades,actividades infantiles,comunitat valenciana,valencia/valencia,1317186.0,1521.0
ES,10,2024,7,paisaje naturaleza,actividades,actividades infantiles,extremadura,caceres,54570.0,1516.33
ES,32,2024,7,paisaje naturaleza,actividades,actividades infantiles,galicia,ourense,2156.0,1078.0
ES,07,2024,7,paisaje naturaleza,actividades,actividades infantiles,illes balears,illes balears,42230.0,1479.5
ES,26,2024,7,paisaje naturaleza,actividades,actividades infantiles,la rioja,la rioja,110588.5,601.5
ES,01,2024,7,paisaje naturaleza,actividades,actividades infantiles,pais vasco,araba/alava,11765.5,252.5
ES,48,2024,7,paisaje naturaleza,actividades,actividades infantiles,pais vasco,bizkaia,137162.33,12343.0
ES,20,2024,7,paisaje naturaleza,actividades,actividades infantiles,pais vasco,gipuzkoa,30027.5,660.5
ES,33,2024,7,paisaje naturaleza,actividades,actividades infantiles,principado de asturias,asturias,14466.0,1115.0
ES,30,2024,7,paisaje naturaleza,actividades,actividades infantiles,region de murcia,murcia,27214.0,1237.0
ES,11,2024,7,servicios,actividades,cursos,andalucia,cadiz,7544.0,4715.0
ES,29,2024,7,servicios,actividades,cursos,andalucia,malaga,900.0,450.0
ES,50,2024,7,servicios,actividades,cursos,aragon,zaragoza,443632.0,15844.0
ES,35,2024,7,servicios,actividades,cursos,canarias,las palmas,800.0,50.0
ES,38,2024,7,servicios,actividades,cursos,canarias,santa cruz de tenerife,12240.0,3825.0
ES,08,2024,7,servicios,actividades,cursos,cataluna,barcelona,143749.67,2698.67
ES,43,2024,7,servicios,actividades,cursos,cataluna,tarragona,16941.0,4763.0
ES,28,2024,7,servicios,actividades,cursos,comunidad de madrid,madrid,193143.75,3444.0
ES,46,2024,7,servicios,actividades,cursos,comunitat valenciana,valencia/valencia,42688.0,1472.0
ES,07,2024,7,servicios,actividades,cursos,illes balears,illes balears,39593.8,1686.8
ES,20,2024,7,servicios,actividades,cursos,pais vasco,gipuzkoa,825.0,275.0
ES,30,2024,7,servicios,actividades,cursos,region de murcia,murcia,4900.0,2450.0
ES,11,2024,7,paisaje naturaleza,actividades,deportes y aventuras,andalucia,cadiz,650.0,650.0
ES,29,2024,7,paisaje naturaleza,actividades,deportes y aventuras,andalucia,malaga,50.0,50.0
ES,41,2024,7,paisaje naturaleza,actividades,deportes y aventuras,andalucia,sevilla,347072.0,493.0
ES,50,2024,7,paisaje naturaleza,actividades,deportes y aventuras,aragon,zaragoza,21252.0,231.0
ES,38,2024,7,paisaje naturaleza,actividades,deportes y aventuras,canarias,santa cruz de tenerife,184746.0,1502.0
ES,02,2024,7,paisaje naturaleza,actividades,deportes y aventuras,castilla - la mancha,albacete,57797.0,1993.0
ES,19,2024,7,paisaje naturaleza,actividades,deportes y aventuras,castilla - la mancha,guadalajara,46324.0,313.0
ES,05,2024,7,paisaje naturaleza,actividades,deportes y aventuras,castilla y leon,avila,78588.0,4366.0
ES,37,2024,7,paisaje naturaleza,actividades,deportes y aventuras,castilla y leon,salamanca,1540.0,55.0
ES,40,2024,7,paisaje naturaleza,actividades,deportes y aventuras,castilla y leon,segovia,206045.0,1421.0
ES,47,2024,7,paisaje naturaleza,actividades,deportes y aventuras,castilla y leon,valladolid,13600.0,400.0
ES,08,2024,7,paisaje naturaleza,actividades,deportes y aventuras,cataluna,barcelona,30916.0,941.0
ES,17,2024,7,paisaje naturaleza,actividades,deportes y aventuras,cataluna,girona,160725.0,1488.0
ES,43,2024,7,paisaje naturaleza,actividades,deportes y aventuras,cataluna,tarragona,4640.0,320.0
ES,28,2024,7,paisaje naturaleza,actividades,deportes y aventuras,comunidad de madrid,madrid,16352.5,2007.0
ES,31,2024,7,paisaje naturaleza,actividades,deportes y aventuras,comunidad foral de navarra,navarra,659643.0,2431.5
ES,03,2024,7,paisaje naturaleza,actividades,deportes y aventuras,comunitat valenciana,alicante/alacant,400.0,200.0
ES,06,2024,7,paisaje naturaleza,actividades,deportes y aventuras,extremadura,badajoz,4812.5,80.0
ES,10,2024,7,paisaje naturaleza,actividades,deportes y aventuras,extremadura,caceres,425488.0,1834.0
ES,07,2024,7,paisaje naturaleza,actividades,deportes y aventuras,illes balears,illes balears,13181.0,1345.0
ES,20,2024,7,paisaje naturaleza,actividades,deportes y aventuras,pais vasco,gipuzkoa,27434.0,946.0
ES,33,2024,7,paisaje naturaleza,actividades,deportes y aventuras,principado de asturias,asturias,130648.0,9332.0
ES,11,2024,7,comida y bebida,actividades,gastronomia,andalucia,cadiz,403196.5,3366.5
ES,18,2024,7,comida y bebida,actividades,gastronomia,andalucia,granada,78475.0,1825.0
ES,29,2024,7,comida y bebida,actividades,gastronomia,andalucia,malaga,260544.0,1416.0
ES,22,2024,7,comida y bebida,actividades,gastronomia,aragon,huesca,7833.0,1119.0
ES,50,2024,7,comida y bebida,actividades,gastronomia,aragon,zaragoza,14700.0,350.0
ES,35,2024,7,comida y bebida,actividades,gastronomia,canarias,las palmas,2445.0,978.0
ES,38,2024,7,comida y bebida,actividades,gastronomia,canarias,santa cruz de tenerife,2652.0,1326.0
ES,39,2024,7,comida y bebida,actividades,gastronomia,cantabria,cantabria,39508.0,560.5
ES,16,2024,7,comida y bebida,actividades,gastronomia,castilla - la mancha,cuenca,2026.0,1013.0
ES,09,2024,7,comida y bebida,actividades,gastronomia,castilla y leon,burgos,2356.0,1178.0
ES,24,2024,7,comida y bebida,actividades,gastronomia,castilla y leon,leon,20793.5,1049.5
ES,42,2024,7,comida y bebida,actividades,gastronomia,castilla y leon,soria,23936.0,1088.0
ES,08,2024,7,comida y bebida,actividades,gastronomia,cataluna,barcelona,38813.0,931.0
ES,17,2024,7,comida y bebida,actividades,gastronomia,cataluna,girona,126605.0,1725.33
ES,43,2024,7,comida y bebida,actividades,gastronomia,cataluna,tarragona,9000.0,500.0
ES,28,2024,7,comida y bebida,actividades,gastronomia,comunidad de madrid,madrid,270921.0,1843.0
ES,03,2024,7,comida y bebida,actividades,gastronomia,comunitat valenciana,alicante/alacant,130424.0,952.0
ES,46,2024,7,comida y bebida,actividades,gastronomia,comunitat valenciana,valencia/valencia,10698.0,5349.0
ES,32,2024,7,comida y bebida,actividades,gastronomia,galicia,ourense,2156.0,1078.0
ES,07,2024,7,comida y bebida,actividades,gastronomia,illes balears,illes balears,52659.6,2075.4
ES,26,2024,7,comida y bebida,actividades,gastronomia,la rioja,la rioja,201017.0,1123.0
ES,01,2024,7,comida y bebida,actividades,gastronomia,pais vasco,araba/alava,19153.0,107.0
ES,33,2024,7,comida y bebida,actividades,gastronomia,principado de asturias,asturias,10625.0,779.67
ES,30,2024,7,comida y bebida,actividades,gastronomia,region de murcia,murcia,3276.0,504.0
ES,04,2024,7,vida nocturna,espectaculos,cine,andalucia,almeria,10064.0,629.0
ES,41,2024,7,vida nocturna,espectaculos,cine,andalucia,sevilla,125788.0,533.0
ES,22,2024,7,vida nocturna,espectaculos,cine,aragon,huesca,75981.0,1333.0
ES,38,2024,7,vida nocturna,espectaculos,cine,canarias,santa cruz de tenerife,109.0,545.0
ES,02,2024,7,vida nocturna,espectaculos,cine,castilla - la mancha,albacete,120268.0,428.0
ES,45,2024,7,vida nocturna,espectaculos,cine,castilla - la mancha,toledo,898226.0,1162.0
ES,47,2024,7,vida nocturna,espectaculos,cine,castilla y leon,valladolid,27538.0,562.0
ES,08,2024,7,vida nocturna,espectaculos,cine,cataluna,barcelona,18524.67,756.33
ES,28,2024,7,vida nocturna,espectaculos,cine,comunidad de madrid,madrid,119945.0,745.0
ES,03,2024,7,vida nocturna,espectaculos,cine,comunitat valenciana,alicante/alacant,6120.0,180.0
ES,07,2024,7,vida nocturna,espectaculos,cine,illes balears,illes balears,28504.0,509.0
ES,41,2024,7,otros,espectaculos,conferencias,andalucia,sevilla,13091.0,689.0
ES,35,2024,7,otros,espectaculos,conferencias,canarias,las palmas,15982.0,262.0
ES,08,2024,7,otros,espectaculos,conferencias,cataluna,barcelona,19123.33,7325.33
ES,28,2024,7,otros,espectaculos,conferencias,comunidad de madrid,madrid,12744.0,708.0
ES,36,2024,7,otros,espectaculos,conferencias,galicia,pontevedra,1770.0,59.0
ES,07,2024,7,otros,espectaculos,conferencias,illes balears,illes balears,28294.0,1097.0
ES,04,2024,7,paisaje urbano,espectaculos,"cultura, teatro y danza",andalucia,almeria,152079.33,1366.33
ES,11,2024,7,paisaje urbano,espectaculos,"cultura, teatro y danza",andalucia,cadiz,87353.33,1280.0
ES,14,2024,7,paisaje urbano,espectaculos,"cultura, teatro y danza",andalucia,cordoba,12303.0,1367.0
ES,18,2024,7,paisaje urbano,espectaculos,"cultura, teatro y danza",andalucia,granada,157122.67,933.0
ES,29,2024,7,paisaje urbano,espectaculos,"cultura, teatro y danza",andalucia,malaga,3733088.0,1376.0
ES,41,2024,7,paisaje urbano,espectaculos,"cultura, teatro y danza",andalucia,sevilla,66552.0,1128.0
ES,22,2024,7,paisaje urbano,espectaculos,"cultura, teatro y danza",aragon,huesca,61880.0,130.0
ES,44,2024,7,paisaje urbano,espectaculos,"cultura, teatro y danza",aragon,teruel,12470.33,1306.33
ES,50,2024,7,paisaje urbano,espectaculos,"cultura, teatro y danza",aragon,zaragoza,79217.0,1124.0
ES,35,2024,7,paisaje urbano,espectaculos,"cultura, teatro y danza",canarias,las palmas,166708.8,440.6
ES,38,2024,7,paisaje urbano,espectaculos,"cultura, teatro y danza",canarias,santa cruz de tenerife,8411.0,734.2
ES,39,2024,7,paisaje urbano,espectaculos,"cultura, teatro y danza",cantabria,cantabria,40192.0,1256.0
ES,02,2024,7,paisaje urbano,espectaculos,"cultura, teatro y danza",castilla - la mancha,albacete,9452.5,546.5
ES,13,2024,7,paisaje urbano,espectaculos,"cultura, teatro y danza",castilla - la mancha,ciudad real,735.0,245.0
ES,16,2024,7,paisaje urbano,espectaculos,"cultura, teatro y danza",castilla - la mancha,cuenca,480.0,80.0
ES,19,2024,7,paisaje urbano,espectaculos,"cultura, teatro y danza",castilla - la mancha,guadalajara,722016.0,368.0
ES,45,2024,7,paisaje urbano,espectaculos,"cultura, teatro y danza",castilla - la mancha,toledo,3395.0,679.0
ES,37,2024,7,paisaje urbano,espectaculos,"cultura, teatro y danza",castilla y leon,salamanca,66005.0,396.67
ES,47,2024,7,paisaje urbano,espectaculos,"cultura, teatro y danza",castilla y leon,valladolid,87442.8,845.0
ES,49,2024,7,paisaje urbano,espectaculos,"cultura, teatro y danza",castilla y leon,zamora,13522.0,354.5
ES,08,2024,7,paisaje urbano,espectaculos,"cultura, teatro y danza",cataluna,barcelona,484236.23,580.08
ES,17,2024,7,paisaje urbano,espectaculos,"cultura, teatro y danza",cataluna,girona,7056.33,625.0
ES,25,2024,7,paisaje urbano,espectaculos,"cultura, teatro y danza",cataluna,lleida,16533.0,576.0
ES,43,2024,7,paisaje urbano,espectaculos,"cultura, teatro y danza",cataluna,tarragona,169022.33,1185.33
ES,51,2024,7,paisaje urbano,espectaculos,"cultura, teatro y danza",ceuta,ceuta,13376.0,608.0
ES,28,2024,7,paisaje urbano,espectaculos,"cultura, teatro y danza",comunidad de madrid,madrid,493060.75,549.75
ES,03,2024,7,paisaje urbano,espectaculos,"cultura, teatro y danza",comunitat valenciana,alicante/alacant,79919.0,653.4
ES,46,2024,7,paisaje urbano,espectaculos,"cultura, teatro y danza",comunitat valenciana,valencia/valencia,3696427.0,3799.0
ES,06,2024,7,paisaje urbano,espectaculos,"cultura, teatro y danza",extremadura,badajoz,20344.0,138.5
ES,10,2024,7,paisaje urbano,espectaculos,"cultura, teatro y danza",extremadura,caceres,4156.67,430.67
ES,36,2024,7,paisaje urbano,espectaculos,"cultura, teatro y danza",galicia,pontevedra,212105.33,844.67
ES,07,2024,7,paisaje urbano,espectaculos,"cultura, teatro y danza",illes balears,illes balears,122801.0,929.11
ES,26,2024,7,paisaje urbano,espectaculos,"cultura, teatro y danza",la rioja,la rioja,101213.4,1114.6
ES,01,2024,7,paisaje urbano,espectaculos,"cultura, teatro y danza",pais vasco,araba/alava,337714.0,806.0
ES,48,2024,7,paisaje urbano,espectaculos,"cultura, teatro y danza",pais vasco,bizkaia,663283.33,743.0
ES,20,2024,7,paisaje urbano,espectaculos,"cultura, teatro y danza",pais vasco,gipuzkoa,30027.5,660.5
ES,30,2024,7,paisaje urbano,espectaculos,"cultura, teatro y danza",region de murcia,murcia,3276.0,504.0
ES,41,2024,7,compras,espectaculos,ferias,andalucia,sevilla,13091.0,689.0
ES,08,2024,7,compras,espectaculos,ferias,cataluna,barcelona,15192.0,3798.0
ES,07,2024,7,compras,espectaculos,ferias,illes balears,illes balears,2300.0,1150.0
ES,04,2024,7,paisaje urbano,espectaculos,museo y exposiciones,andalucia,almeria,880.0,440.0
ES,18,2024,7,paisaje urbano,espectaculos,museo y exposiciones,andalucia,granada,303506.0,1141.0
ES,41,2024,7,paisaje urbano,espectaculos,museo y exposiciones,andalucia,sevilla,4266.0,1185.0
ES,45,2024,7,paisaje urbano,espectaculos,museo y exposiciones,castilla - la mancha,toledo,3395.0,679.0
ES,37,2024,7,paisaje urbano,espectaculos,museo y exposiciones,castilla y leon,salamanca,188955.0,285.0
ES,08,2024,7,paisaje urbano,espectaculos,museo y exposiciones,cataluna,barcelona,8277.0,1335.0
ES,43,2024,7,paisaje urbano,espectaculos,museo y exposiciones,cataluna,tarragona,97856.0,1529.0
ES,07,2024,7,paisaje urbano,espectaculos,museo y exposiciones,illes balears,illes balears,2072.0,518.0
ES,01,2024,7,paisaje urbano,espectaculos,museo y exposiciones,pais vasco,araba/alava,1280.0,512.0
ES,48,2024,7,paisaje urbano,espectaculos,museo y exposiciones,pais vasco,bizkaia,96255.0,93.0
ES,04,2024,7,vida nocturna,espectaculos,musica,andalucia,almeria,349346.83,1645.33
ES,11,2024,7,vida nocturna,espectaculos,musica,andalucia,cadiz,873709.88,2667.62
ES,14,2024,7,vida nocturna,espectaculos,musica,andalucia,cordoba,59683.0,1785.0
ES,18,2024,7,vida nocturna,espectaculos,musica,andalucia,granada,68519.89,931.78
ES,21,2024,7,vida nocturna,espectaculos,musica,andalucia,huelva,7680.0,120.0
ES,23,2024,7,vida nocturna,espectaculos,musica,andalucia,jaen,146234.0,1575.83
ES,29,2024,7,vida nocturna,espectaculos,musica,andalucia,malaga,244189.62,1176.0
ES,41,2024,7,vida nocturna,espectaculos,musica,andalucia,sevilla,686081.33,1198.0
ES,22,2024,7,vida nocturna,espectaculos,musica,aragon,huesca,303644.75,2494.25
ES,44,2024,7,vida nocturna,espectaculos,musica,aragon,teruel,90178.67,1606.67
ES,50,2024,7,vida nocturna,espectaculos,musica,aragon,zaragoza,412993.6,1220.0
ES,35,2024,7,vida nocturna,espectaculos,musica,canarias,las palmas,66888.33,1880.0
ES,38,2024,7,vida nocturna,espectaculos,musica,canarias,santa cruz de tenerife,310202.1,1762.7
ES,39,2024,7,vida nocturna,espectaculos,musica,cantabria,cantabria,166136.75,888.5
ES,02,2024,7,vida nocturna,espectaculos,musica,castilla - la mancha,albacete,23902.0,2122.75
ES,13,2024,7,vida nocturna,espectaculos,musica,castilla - la mancha,ciudad real,454411.8,1394.2
ES,16,2024,7,vida nocturna,espectaculos,musica,castilla - la mancha,cuenca,359564.0,1578.5
ES,19,2024,7,vida nocturna,espectaculos,musica,castilla - la mancha,guadalajara,245036.5,1269.0
ES,45,2024,7,vida nocturna,espectaculos,musica,castilla - la mancha,toledo,130794.5,5338.5
ES,09,2024,7,vida nocturna,espectaculos,musica,castilla y leon,burgos,72341.33,1371.33
ES,24,2024,7,vida nocturna,espectaculos,musica,castilla y leon,leon,14463.25,842.0
ES,34,2024,7,vida nocturna,espectaculos,musica,castilla y leon,palencia,392208.0,1072.0
ES,37,2024,7,vida nocturna,espectaculos,musica,castilla y leon,salamanca,2165246.0,573.5
ES,40,2024,7,vida nocturna,espectaculos,musica,castilla y leon,segovia,148331.0,1023.0
ES,42,2024,7,vida nocturna,espectaculos,musica,castilla y leon,soria,286301.33,1165.0
ES,47,2024,7,vida nocturna,espectaculos,musica,castilla y leon,valladolid,278165.67,1492.0
ES,49,2024,7,vida nocturna,espectaculos,musica,castilla y leon,zamora,204723.0,989.0
ES,08,2024,7,vida nocturna,espectaculos,musica,cataluna,barcelona,211040.44,1346.29
ES,17,2024,7,vida nocturna,espectaculos,musica,cataluna,girona,312563.53,1371.71
ES,25,2024,7,vida nocturna,espectaculos,musica,cataluna,lleida,85677.88,1264.12
ES,43,2024,7,vida nocturna,espectaculos,musica,cataluna,tarragona,147186.71,1506.88
ES,28,2024,7,vida nocturna,espectaculos,musica,comunidad de madrid,madrid,425076.8,2453.9
ES,31,2024,7,vida nocturna,espectaculos,musica,comunidad foral de navarra,navarra,208124.0,1771.33
ES,03,2024,7,vida nocturna,espectaculos,musica,comunitat valenciana,alicante/alacant,451373.92,1565.92
ES,12,2024,7,vida nocturna,espectaculos,musica,comunitat valenciana,castellon/castello,116811.4,1195.8
ES,46,2024,7,vida nocturna,espectaculos,musica,comunitat valenciana,valencia/valencia,254909.89,875.22
ES,06,2024,7,vida nocturna,espectaculos,musica,extremadura,badajoz,3942.0,106.5
ES,10,2024,7,vida nocturna,espectaculos,musica,extremadura,caceres,414993.0,334.0
ES,15,2024,7,vida nocturna,espectaculos,musica,galicia,a coruna,189189.2,1297.4
ES,27,2024,7,vida nocturna,espectaculos,musica,galicia,lugo,289690.0,964.67
ES,32,2024,7,vida nocturna,espectaculos,musica,galicia,ourense,1998.0,579.0
ES,36,2024,7,vida nocturna,espectaculos,musica,galicia,pontevedra,26299.0,1115.2
ES,07,2024,7,vida nocturna,espectaculos,musica,illes balears,illes balears,1364768.14,1666.66
ES,26,2024,7,vida nocturna,espectaculos,musica,la rioja,la rioja,118499.25,1313.25
ES,01,2024,7,vida nocturna,espectaculos,musica,pais vasco,araba/alava,146483.67,1157.67
ES,48,2024,7,vida nocturna,espectaculos,musica,pais vasco,bizkaia,337865.8,851.0
ES,20,2024,7,vida nocturna,espectaculos,musica,pais vasco,gipuzkoa,76569.71,856.86
ES,33,2024,7,vida nocturna,espectaculos,musica,principado de asturias,asturias,54813.0,900.86
ES,30,2024,7,vida nocturna,espectaculos,musica,region de murcia,murcia,270695.0,1055.67
ES,04,2024,7,vida nocturna,espectaculos,musicales,andalucia,almeria,1080.0,120.0
ES,18,2024,7,vida nocturna,espectaculos,musicales,andalucia,granada,3003.5,100.5
ES,44,2024,7,vida nocturna,espectaculos,musicales,aragon,teruel,16038.0,729.0
ES,35,2024,7,vida nocturna,espectaculos,musicales,canarias,las palmas,13846.5,608.5
ES,38,2024,7,vida nocturna,espectaculos,musicales,canarias,santa cruz de tenerife,42627.0,1093.0
ES,39,2024,7,vida nocturna,espectaculos,musicales,cantabria,cantabria,400.0,100.0
ES,08,2024,7,vida nocturna,espectaculos,musicales,cataluna,barcelona,51875.0,69.5
ES,28,2024,7,vida nocturna,espectaculos,musicales,comunidad de madrid,madrid,6069.0,498.0
ES,46,2024,7,vida nocturna,espectaculos,musicales,comunitat valenciana,valencia/valencia,465.0,93.0
ES,10,2024,7,vida nocturna,espectaculos,musicales,extremadura,caceres,2112.0,176.0
ES,07,2024,7,vida nocturna,espectaculos,musicales,illes balears,illes balears,258274.0,1769.0
ES,07,2024,7,paisaje naturaleza,espectaculos,parques tematicos,illes balears,illes balears,13181.0,1345.0
ES,04,2024,8,paisaje naturaleza,actividades,actividades infantiles,andalucia,almeria,1083.5,552.5
ES,11,2024,8,paisaje naturaleza,actividades,actividades infantiles,andalucia,cadiz,1718.0,1718.0
ES,18,2024,8,paisaje naturaleza,actividades,actividades infantiles,andalucia,granada,3230.0,190.0
ES,23,2024,8,paisaje naturaleza,actividades,actividades infantiles,andalucia,jaen,2020.0,808.0
ES,41,2024,8,paisaje naturaleza,actividades,actividades infantiles,andalucia,sevilla,354816.0,1232.0
ES,22,2024,8,paisaje naturaleza,actividades,actividades infantiles,aragon,huesca,59489.0,624.5
ES,50,2024,8,paisaje naturaleza,actividades,actividades infantiles,aragon,zaragoza,6714.5,784.5
ES,35,2024,8,paisaje naturaleza,actividades,actividades infantiles,canarias,las palmas,66022.5,556.5
ES,38,2024,8,paisaje naturaleza,actividades,actividades infantiles,canarias,santa cruz de tenerife,35742.0,1003.0
ES,39,2024,8,paisaje naturaleza,actividades,actividades infantiles,cantabria,cantabria,312245.5,1087.0
ES,16,2024,8,paisaje naturaleza,actividades,actividades infantiles,castilla - la mancha,cuenca,4186.0,805.0
ES,45,2024,8,paisaje naturaleza,actividades,actividades infantiles,castilla - la mancha,toledo,49658.0,859.0
ES,09,2024,8,paisaje naturaleza,actividades,actividades infantiles,castilla y leon,burgos,14532.0,568.0
ES,24,2024,8,paisaje naturaleza,actividades,actividades infantiles,castilla y leon,leon,77151.0,1136.5
ES,42,2024,8,paisaje naturaleza,actividades,actividades infantiles,castilla y leon,soria,159296.0,1048.0
ES,47,2024,8,paisaje naturaleza,actividades,actividades infantiles,castilla y leon,valladolid,3711.0,1237.0
ES,08,2024,8,paisaje naturaleza,actividades,actividades infantiles,cataluna,barcelona,84782.25,1186.12
ES,17,2024,8,paisaje naturaleza,actividades,actividades infantiles,cataluna,girona,121817.0,1997.0
ES,43,2024,8,paisaje naturaleza,actividades,actividades infantiles,cataluna,tarragona,47514.0,561.0
ES,28,2024,8,paisaje naturaleza,actividades,actividades infantiles,comunidad de madrid,madrid,617799.0,1209.0
ES,31,2024,8,paisaje naturaleza,actividades,actividades infantiles,comunidad foral de navarra,navarra,417530.0,1989.5
ES,03,2024,8,paisaje naturaleza,actividades,actividades infantiles,comunitat valenciana,alicante/alacant,8338.0,4169.0
ES,46,2024,8,paisaje naturaleza,actividades,actividades infantiles,comunitat valenciana,valencia/valencia,10240.5,663.5
ES,06,2024,8,paisaje naturaleza,actividades,actividades infantiles,extremadura,badajoz,3904.0,128.0
ES,10,2024,8,paisaje naturaleza,actividades,actividades infantiles,extremadura,caceres,15850.67,981.33
ES,32,2024,8,paisaje naturaleza,actividades,actividades infantiles,galicia,ourense,42845.0,1045.0
ES,36,2024,8,paisaje naturaleza,actividades,actividades infantiles,galicia,pontevedra,1480.0,740.0
ES,07,2024,8,paisaje naturaleza,actividades,actividades infantiles,illes balears,illes balears,335973.11,1409.33
ES,26,2024,8,paisaje naturaleza,actividades,actividades infantiles,la rioja,la rioja,177096.0,1128.0
ES,01,2024,8,paisaje naturaleza,actividades,actividades infantiles,pais vasco,araba/alava,41590.0,769.0
ES,48,2024,8,paisaje naturaleza,actividades,actividades infantiles,pais vasco,bizkaia,7616485.0,6218.67
ES,20,2024,8,paisaje naturaleza,actividades,actividades infantiles,pais vasco,gipuzkoa,6300.0,75.0
ES,33,2024,8,paisaje naturaleza,actividades,actividades infantiles,principado de asturias,asturias,76359.5,599.5
ES,30,2024,8,paisaje naturaleza,actividades,actividades infantiles,region de murcia,murcia,6185.0,1237.0
ES,41,2024,8,servicios,actividades,cursos,andalucia,sevilla,9882.0,2883.0
ES,50,2024,8,servicios,actividades,cursos,aragon,zaragoza,102632.0,12829.0
ES,35,2024,8,servicios,actividades,cursos,canarias,las palmas,1920.0,195.0
ES,08,2024,8,servicios,actividades,cursos,cataluna,barcelona,155306.33,3032.0
ES,28,2024,8,servicios,actividades,cursos,comunidad de madrid,madrid,1820964.0,3529.0
ES,46,2024,8,servicios,actividades,cursos,comunitat valenciana,valencia/valencia,35328.0,1472.0
ES,07,2024,8,servicios,actividades,cursos,illes balears,illes balears,27700.0,2278.0
ES,20,2024,8,servicios,actividades,cursos,pais vasco,gipuzkoa,380.0,475.0
ES,29,2024,8,paisaje naturaleza,actividades,deportes y aventuras,andalucia,malaga,11209.5,454.5
ES,50,2024,8,paisaje naturaleza,actividades,deportes y aventuras,aragon,zaragoza,1150.0,230.0
ES,35,2024,8,paisaje naturaleza,actividades,deportes y aventuras,canarias,las palmas,4340.0,110.0
ES,38,2024,8,paisaje naturaleza,actividades,deportes y aventuras,canarias,santa cruz de tenerife,177255.0,1515.0
ES,02,2024,8,paisaje naturaleza,actividades,deportes y aventuras,castilla - la mancha,albacete,37696.0,1178.0
ES,16,2024,8,paisaje naturaleza,actividades,deportes y aventuras,castilla - la mancha,cuenca,1600.0,100.0
ES,05,2024,8,paisaje naturaleza,actividades,deportes y aventuras,castilla y leon,avila,650.0,325.0
ES,37,2024,8,paisaje naturaleza,actividades,deportes y aventuras,castilla y leon,salamanca,12099.0,327.0
ES,42,2024,8,paisaje naturaleza,actividades,deportes y aventuras,castilla y leon,soria,210255.0,655.0
ES,08,2024,8,paisaje naturaleza,actividades,deportes y aventuras,cataluna,barcelona,6860.25,1132.5
ES,43,2024,8,paisaje naturaleza,actividades,deportes y aventuras,cataluna,tarragona,46580.0,340.0
ES,28,2024,8,paisaje naturaleza,actividades,deportes y aventuras,comunidad de madrid,madrid,47036.0,1069.0
ES,31,2024,8,paisaje naturaleza,actividades,deportes y aventuras,comunidad foral de navarra,navarra,9345.0,3738.0
ES,06,2024,8,paisaje naturaleza,actividades,deportes y aventuras,extremadura,badajoz,7268.0,224.0
ES,10,2024,8,paisaje naturaleza,actividades,deportes y aventuras,extremadura,caceres,145627.0,1361.0
ES,36,2024,8,paisaje naturaleza,actividades,deportes y aventuras,galicia,pontevedra,1480.0,740.0
ES,07,2024,8,paisaje naturaleza,actividades,deportes y aventuras,illes balears,illes balears,258358.0,1279.0
ES,48,2024,8,paisaje naturaleza,actividades,deportes y aventuras,pais vasco,bizkaia,187938.0,1119.5
ES,20,2024,8,paisaje naturaleza,actividades,deportes y aventuras,pais vasco,gipuzkoa,57346.0,2164.0
ES,33,2024,8,paisaje naturaleza,actividades,deportes y aventuras,principado de asturias,asturias,55992.0,9332.0
ES,11,2024,8,comida y bebida,actividades,gastronomia,andalucia,cadiz,108543.5,3438.5
ES,29,2024,8,comida y bebida,actividades,gastronomia,andalucia,malaga,55195.0,1577.0
ES,22,2024,8,comida y bebida,actividades,gastronomia,aragon,huesca,77328.0,1074.0
ES,35,2024,8,comida y bebida,actividades,gastronomia,canarias,las palmas,109772.0,614.5
ES,39,2024,8,comida y bebida,actividades,gastronomia,cantabria,cantabria,312245.5,1087.0
ES,02,2024,8,comida y bebida,actividades,gastronomia,castilla - la mancha,albacete,480.0,120.0
ES,09,2024,8,comida y bebida,actividades,gastronomia,castilla y leon,burgos,26064.0,1086.0
ES,24,2024,8,comida y bebida,actividades,gastronomia,castilla y leon,leon,77151.0,1136.5
ES,42,2024,8,comida y bebida,actividades,gastronomia,castilla y leon,soria,159296.0,1048.0
ES,08,2024,8,comida y bebida,actividades,gastronomia,cataluna,barcelona,207092.5,1122.5
ES,17,2024,8,comida y bebida,actividades,gastronomia,cataluna,girona,84460.5,1781.0
ES,28,2024,8,comida y bebida,actividades,gastronomia,comunidad de madrid,madrid,1025617.0,2039.0
ES,03,2024,8,comida y bebida,actividades,gastronomia,comunitat valenciana,alicante/alacant,180369.0,1227.0
ES,06,2024,8,comida y bebida,actividades,gastronomia,extremadura,badajoz,240.0,80.0
ES,32,2024,8,comida y bebida,actividades,gastronomia,galicia,ourense,42845.0,1045.0
ES,07,2024,8,comida y bebida,actividades,gastronomia,illes balears,illes balears,32025.0,3412.5
ES,26,2024,8,comida y bebida,actividades,gastronomia,la rioja,la rioja,177096.0,1128.0
ES,01,2024,8,comida y bebida,actividades,gastronomia,pais vasco,araba/alava,25001.0,1087.0
ES,48,2024,8,comida y bebida,actividades,gastronomia,pais vasco,bizkaia,4105.0,821.0
ES,33,2024,8,comida y bebida,actividades,gastronomia,principado de asturias,asturias,57903.67,741.0
ES,18,2024,8,vida nocturna,espectaculos,cine,andalucia,granada,3195.0,639.0
ES,41,2024,8,vida nocturna,espectaculos,cine,andalucia,sevilla,202515.0,587.0
ES,22,2024,8,vida nocturna,espectaculos,cine,aragon,huesca,563296.0,1214.0
ES,08,2024,8,vida nocturna,espectaculos,cine,cataluna,barcelona,2835.0,441.33
ES,28,2024,8,vida nocturna,espectaculos,cine,comunidad de madrid,madrid,2720.0,85.0
ES,20,2024,8,vida nocturna,espectaculos,cine,pais vasco,gipuzkoa,17052.0,588.0
ES,41,2024,8,otros,espectaculos,conferencias,andalucia,sevilla,9996.0,714.0
ES,35,2024,8,otros,espectaculos,conferencias,canarias,las palmas,21212.0,365.5
ES,08,2024,8,otros,espectaculos,conferencias,cataluna,barcelona,15347.5,14266.0
ES,36,2024,8,otros,espectaculos,conferencias,galicia,pontevedra,45494.0,529.0
ES,07,2024,8,otros,espectaculos,conferencias,illes balears,illes balears,12650.0,1150.0
ES,04,2024,8,paisaje urbano,espectaculos,"cultura, teatro y danza",andalucia,almeria,839879.0,1866.5
ES,11,2024,8,paisaje urbano,espectaculos,"cultura, teatro y danza",andalucia,cadiz,85664.33,1417.0
ES,14,2024,8,paisaje urbano,espectaculos,"cultura, teatro y danza",andalucia,cordoba,653901.0,1591.0
ES,18,2024,8,paisaje urbano,espectaculos,"cultura, teatro y danza",andalucia,granada,399098.0,930.0
ES,23,2024,8,paisaje urbano,espectaculos,"cultura, teatro y danza",andalucia,jaen,13752.0,3438.0
ES,29,2024,8,paisaje urbano,espectaculos,"cultura, teatro y danza",andalucia,malaga,135289.5,875.5
ES,41,2024,8,paisaje urbano,espectaculos,"cultura, teatro y danza",andalucia,sevilla,24124.0,1304.0
ES,22,2024,8,paisaje urbano,espectaculos,"cultura, teatro y danza",aragon,huesca,64673.5,576.0
ES,44,2024,8,paisaje urbano,espectaculos,"cultura, teatro y danza",aragon,teruel,35809.33,1294.33
ES,50,2024,8,paisaje urbano,espectaculos,"cultura, teatro y danza",aragon,zaragoza,27557.5,536.5
ES,35,2024,8,paisaje urbano,espectaculos,"cultura, teatro y danza",canarias,las palmas,540335.2,568.2
ES,38,2024,8,paisaje urbano,espectaculos,"cultura, teatro y danza",canarias,santa cruz de tenerife,96813.88,1335.88
ES,02,2024,8,paisaje urbano,espectaculos,"cultura, teatro y danza",castilla - la mancha,albacete,83664.5,933.5
ES,13,2024,8,paisaje urbano,espectaculos,"cultura, teatro y danza",castilla - la mancha,ciudad real,210.0,525.0
ES,16,2024,8,paisaje urbano,espectaculos,"cultura, teatro y danza",castilla - la mancha,cuenca,4186.0,805.0
ES,45,2024,8,paisaje urbano,espectaculos,"cultura, teatro y danza",castilla - la mancha,toledo,99076.0,1598.0
ES,09,2024,8,paisaje urbano,espectaculos,"cultura, teatro y danza",castilla y leon,burgos,76934.0,538.0
ES,37,2024,8,paisaje urbano,espectaculos,"cultura, teatro y danza",castilla y leon,salamanca,1965516.67,571.0
ES,47,2024,8,paisaje urbano,espectaculos,"cultura, teatro y danza",castilla y leon,valladolid,2238565.6,882.4
ES,49,2024,8,paisaje urbano,espectaculos,"cultura, teatro y danza",castilla y leon,zamora,27736.38,442.38
ES,08,2024,8,paisaje urbano,espectaculos,"cultura, teatro y danza",cataluna,barcelona,48181.09,477.45
ES,17,2024,8,paisaje urbano,espectaculos,"cultura, teatro y danza",cataluna,girona,3576.25,647.5
ES,25,2024,8,paisaje urbano,espectaculos,"cultura, teatro y danza",cataluna,lleida,324.0,162.0
ES,43,2024,8,paisaje urbano,espectaculos,"cultura, teatro y danza",cataluna,tarragona,7817.0,131.5
ES,51,2024,8,paisaje urbano,espectaculos,"cultura, teatro y danza",ceuta,ceuta,858.0,715.0
ES,28,2024,8,paisaje urbano,espectaculos,"cultura, teatro y danza",comunidad de madrid,madrid,16139.33,402.33
ES,03,2024,8,paisaje urbano,espectaculos,"cultura, teatro y danza",comunitat valenciana,alicante/alacant,24684.75,2023.0
ES,46,2024,8,paisaje urbano,espectaculos,"cultura, teatro y danza",comunitat valenciana,valencia/valencia,103680.0,2802.0
ES,06,2024,8,paisaje urbano,espectaculos,"cultura, teatro y danza",extremadura,badajoz,49204.67,656.67
ES,10,2024,8,paisaje urbano,espectaculos,"cultura, teatro y danza",extremadura,caceres,5632.0,176.0
ES,15,2024,8,paisaje urbano,espectaculos,"cultura, teatro y danza",galicia,a coruna,50.0,50.0
ES,32,2024,8,paisaje urbano,espectaculos,"cultura, teatro y danza",galicia,ourense,24200.0,1100.0
ES,36,2024,8,paisaje urbano,espectaculos,"cultura, teatro y danza",galicia,pontevedra,6709.5,991.5
ES,07,2024,8,paisaje urbano,espectaculos,"cultura, teatro y danza",illes balears,illes balears,104367.55,789.0
ES,26,2024,8,paisaje urbano,espectaculos,"cultura, teatro y danza",la rioja,la rioja,281291.67,1181.67
ES,01,2024,8,paisaje urbano,espectaculos,"cultura, teatro y danza",pais vasco,araba/alava,146369.0,465.5
ES,48,2024,8,paisaje urbano,espectaculos,"cultura, teatro y danza",pais vasco,bizkaia,573799.0,1021.0
ES,20,2024,8,paisaje urbano,espectaculos,"cultura, teatro y danza",pais vasco,gipuzkoa,54924.0,597.0
ES,30,2024,8,paisaje urbano,espectaculos,"cultura, teatro y danza",region de murcia,murcia,85231.25,2011.0
ES,41,2024,8,compras,espectaculos,ferias,andalucia,sevilla,9996.0,714.0
ES,35,2024,8,compras,espectaculos,ferias,canarias,las palmas,22512.0,469.0
ES,07,2024,8,compras,espectaculos,ferias,illes balears,illes balears,12650.0,1150.0
ES,04,2024,8,paisaje urbano,espectaculos,museo y exposiciones,andalucia,almeria,1320.0,440.0
ES,18,2024,8,paisaje urbano,espectaculos,museo y exposiciones,andalucia,granada,530056.0,1123.0
ES,41,2024,8,paisaje urbano,espectaculos,museo y exposiciones,andalucia,sevilla,2600.0,130.0
ES,38,2024,8,paisaje urbano,espectaculos,museo y exposiciones,canarias,santa cruz de tenerife,5089.5,1118.5
ES,45,2024,8,paisaje urbano,espectaculos,museo y exposiciones,castilla - la mancha,toledo,3480.0,696.0
ES,37,2024,8,paisaje urbano,espectaculos,museo y exposiciones,castilla y leon,salamanca,19840.0,31.0
ES,08,2024,8,paisaje urbano,espectaculos,museo y exposiciones,cataluna,barcelona,116112.0,944.0
ES,43,2024,8,paisaje urbano,espectaculos,museo y exposiciones,cataluna,tarragona,14274.0,183.0
ES,07,2024,8,paisaje urbano,espectaculos,museo y exposiciones,illes balears,illes balears,1036.0,518.0
ES,01,2024,8,paisaje urbano,espectaculos,museo y exposiciones,pais vasco,araba/alava,480.0,32.0
ES,48,2024,8,paisaje urbano,espectaculos,museo y exposiciones,pais vasco,bizkaia,137765.0,934.0
ES,04,2024,8,vida nocturna,espectaculos,musica,andalucia,almeria,369855.0,894.57
ES,11,2024,8,vida nocturna,espectaculos,musica,andalucia,cadiz,331379.89,1824.22
ES,14,2024,8,vida nocturna,espectaculos,musica,andalucia,cordoba,14890.5,724.5
ES,18,2024,8,vida nocturna,espectaculos,musica,andalucia,granada,101776.9,1357.3
ES,23,2024,8,vida nocturna,espectaculos,musica,andalucia,jaen,163679.17,1088.5
ES,29,2024,8,vida nocturna,espectaculos,musica,andalucia,malaga,438530.14,1778.29
ES,41,2024,8,vida nocturna,espectaculos,musica,andalucia,sevilla,104526.5,1193.0
ES,22,2024,8,vida nocturna,espectaculos,musica,aragon,huesca,328660.75,2501.5
ES,44,2024,8,vida nocturna,espectaculos,musica,aragon,teruel,127796.4,2237.0
ES,50,2024,8,vida nocturna,espectaculos,musica,aragon,zaragoza,722461.5,1262.25
ES,35,2024,8,vida nocturna,espectaculos,musica,canarias,las palmas,122704.5,997.25
ES,38,2024,8,vida nocturna,espectaculos,musica,canarias,santa cruz de tenerife,260442.08,1109.83
ES,39,2024,8,vida nocturna,espectaculos,musica,cantabria,cantabria,140102.4,1036.4
ES,02,2024,8,vida nocturna,espectaculos,musica,castilla - la mancha,albacete,48523.5,1597.5
ES,13,2024,8,vida nocturna,espectaculos,musica,castilla - la mancha,ciudad real,20330.8,846.8
ES,16,2024,8,vida nocturna,espectaculos,musica,castilla - la mancha,cuenca,88641.0,603.0
ES,19,2024,8,vida nocturna,espectaculos,musica,castilla - la mancha,guadalajara,23970.0,3995.0
ES,45,2024,8,vida nocturna,espectaculos,musica,castilla - la mancha,toledo,28779.0,4821.5
ES,09,2024,8,vida nocturna,espectaculos,musica,castilla y leon,burgos,244490.5,1298.0
ES,24,2024,8,vida nocturna,espectaculos,musica,castilla y leon,leon,100314.4,1116.6
ES,34,2024,8,vida nocturna,espectaculos,musica,castilla y leon,palencia,7317.0,201.5
ES,37,2024,8,vida nocturna,espectaculos,musica,castilla y leon,salamanca,52162.0,688.0
ES,40,2024,8,vida nocturna,espectaculos,musica,castilla y leon,segovia,66988.0,919.0
ES,42,2024,8,vida nocturna,espectaculos,musica,castilla y leon,soria,393689.75,1554.5
ES,47,2024,8,vida nocturna,espectaculos,musica,castilla y leon,valladolid,209959.5,909.0
ES,49,2024,8,vida nocturna,espectaculos,musica,castilla y leon,zamora,575456.0,1468.0
ES,08,2024,8,vida nocturna,espectaculos,musica,cataluna,barcelona,459071.81,1443.23
ES,17,2024,8,vida nocturna,espectaculos,musica,cataluna,girona,218677.0,1399.47
ES,25,2024,8,vida nocturna,espectaculos,musica,cataluna,lleida,191114.83,1740.33
ES,43,2024,8,vida nocturna,espectaculos,musica,cataluna,tarragona,113764.31,687.0
ES,51,2024,8,vida nocturna,espectaculos,musica,ceuta,ceuta,6754.0,614.0
ES,28,2024,8,vida nocturna,espectaculos,musica,comunidad de madrid,madrid,1554389.38,1896.46
ES,31,2024,8,vida nocturna,espectaculos,musica,comunidad foral de navarra,navarra,333653.2,1922.6
ES,03,2024,8,vida nocturna,espectaculos,musica,comunitat valenciana,alicante/alacant,375779.67,1139.5
ES,12,2024,8,vida nocturna,espectaculos,musica,comunitat valenciana,castellon/castello,214399.33,1313.67
ES,46,2024,8,vida nocturna,espectaculos,musica,comunitat valenciana,valencia/valencia,73209.67,1218.67
ES,06,2024,8,vida nocturna,espectaculos,musica,extremadura,badajoz,44632.5,660.5
ES,10,2024,8,vida nocturna,espectaculos,musica,extremadura,caceres,194665.5,334.5
ES,15,2024,8,vida nocturna,espectaculos,musica,galicia,a coruna,416840.6,1193.2
ES,27,2024,8,vida nocturna,espectaculos,musica,galicia,lugo,8357.5,782.5
ES,32,2024,8,vida nocturna,espectaculos,musica,galicia,ourense,42845.0,1045.0
ES,36,2024,8,vida nocturna,espectaculos,musica,galicia,pontevedra,166868.0,1880.0
ES,07,2024,8,vida nocturna,espectaculos,musica,illes balears,illes balears,1007262.26,1598.86
ES,26,2024,8,vida nocturna,espectaculos,musica,la rioja,la rioja,83518.6,528.8
ES,01,2024,8,vida nocturna,espectaculos,musica,pais vasco,araba/alava,20530.5,598.5
ES,48,2024,8,vida nocturna,espectaculos,musica,pais vasco,bizkaia,297580.67,1064.67
ES,20,2024,8,vida nocturna,espectaculos,musica,pais vasco,gipuzkoa,9292.29,706.29
ES,33,2024,8,vida nocturna,espectaculos,musica,principado de asturias,asturias,97422.88,1087.25
ES,30,2024,8,vida nocturna,espectaculos,musica,region de murcia,murcia,355359.33,1448.0
ES,04,2024,8,vida nocturna,espectaculos,musicales,andalucia,almeria,240.0,120.0
ES,18,2024,8,vida nocturna,espectaculos,musicales,andalucia,granada,72527.0,675.5
ES,22,2024,8,vida nocturna,espectaculos,musicales,aragon,huesca,2368.0,592.0
ES,44,2024,8,vida nocturna,espectaculos,musicales,aragon,teruel,103353.0,733.0
ES,35,2024,8,vida nocturna,espectaculos,musicales,canarias,las palmas,91698.0,899.0
ES,38,2024,8,vida nocturna,espectaculos,musicales,canarias,santa cruz de tenerife,20313.0,1098.0
ES,02,2024,8,vida nocturna,espectaculos,musicales,castilla - la mancha,albacete,2150.0,50.0
ES,13,2024,8,vida nocturna,espectaculos,musicales,castilla - la mancha,ciudad real,210.0,525.0
ES,08,2024,8,vida nocturna,espectaculos,musicales,cataluna,barcelona,175065.0,1061.0
ES,28,2024,8,vida nocturna,espectaculos,musicales,comunidad de madrid,madrid,1720.0,215.0
ES,46,2024,8,vida nocturna,espectaculos,musicales,comunitat valenciana,valencia/valencia,1767.0,93.0
ES,06,2024,8,vida nocturna,espectaculos,musicales,extremadura,badajoz,7568.0,176.0
ES,10,2024,8,vida nocturna,espectaculos,musicales,extremadura,caceres,5632.0,176.0
ES,07,2024,8,vida nocturna,espectaculos,musicales,illes balears,illes balears,33792.0,2048.0
ES,30,2024,8,vida nocturna,espectaculos,musicales,region de murcia,murcia,52635.0,957.0
ES,07,2024,8,paisaje naturaleza,espectaculos,parques tematicos,illes balears,illes balears,258358.0,1279.0
ES,04,2024,9,paisaje naturaleza,actividades,actividades infantiles,andalucia,almeria,960.0,160.0
ES,11,2024,9,paisaje naturaleza,actividades,actividades infantiles,andalucia,cadiz,29344.0,1256.0
ES,14,2024,9,paisaje naturaleza,actividades,actividades infantiles,andalucia,cordoba,278334.0,987.0
ES,18,2024,9,paisaje naturaleza,actividades,actividades infantiles,andalucia,granada,2705.0,1115.5
ES,29,2024,9,paisaje naturaleza,actividades,actividades infantiles,andalucia,malaga,44923.0,918.5
ES,41,2024,9,paisaje naturaleza,actividades,actividades infantiles,andalucia,sevilla,34656.0,1216.0
ES,50,2024,9,paisaje naturaleza,actividades,actividades infantiles,aragon,zaragoza,1246968.0,1004.0
ES,35,2024,9,paisaje naturaleza,actividades,actividades infantiles,canarias,las palmas,64494.67,632.33
ES,38,2024,9,paisaje naturaleza,actividades,actividades infantiles,canarias,santa cruz de tenerife,65979.83,576.67
ES,39,2024,9,paisaje naturaleza,actividades,actividades infantiles,cantabria,cantabria,770.0,70.0
ES,02,2024,9,paisaje naturaleza,actividades,actividades infantiles,castilla - la mancha,albacete,13200.0,165.0
ES,45,2024,9,paisaje naturaleza,actividades,actividades infantiles,castilla - la mancha,toledo,38192.5,1601.5
ES,09,2024,9,paisaje naturaleza,actividades,actividades infantiles,castilla y leon,burgos,2772.0,504.0
ES,37,2024,9,paisaje naturaleza,actividades,actividades infantiles,castilla y leon,salamanca,9152.0,176.0
ES,47,2024,9,paisaje naturaleza,actividades,actividades infantiles,castilla y leon,valladolid,13545.5,479.5
ES,49,2024,9,paisaje naturaleza,actividades,actividades infantiles,castilla y leon,zamora,1350.0,50.0
ES,08,2024,9,paisaje naturaleza,actividades,actividades infantiles,cataluna,barcelona,532375.5,1602.3
ES,17,2024,9,paisaje naturaleza,actividades,actividades infantiles,cataluna,girona,340974.0,1994.0
ES,43,2024,9,paisaje naturaleza,actividades,actividades infantiles,cataluna,tarragona,56906.33,963.0
ES,28,2024,9,paisaje naturaleza,actividades,actividades infantiles,comunidad de madrid,madrid,65250.0,505.33
ES,31,2024,9,paisaje naturaleza,actividades,actividades infantiles,comunidad foral de navarra,navarra,1617048.0,2664.0
ES,03,2024,9,paisaje naturaleza,actividades,actividades infantiles,comunitat valenciana,alicante/alacant,43654.0,2510.5
ES,46,2024,9,paisaje naturaleza,actividades,actividades infantiles,comunitat valenciana,valencia/valencia,734177.75,1049.25
ES,06,2024,9,paisaje naturaleza,actividades,actividades infantiles,extremadura,badajoz,4224.0,176.0
ES,10,2024,9,paisaje naturaleza,actividades,actividades infantiles,extremadura,caceres,179201.0,962.5
ES,15,2024,9,paisaje naturaleza,actividades,actividades infantiles,galicia,a coruna,60009.5,375.5
ES,36,2024,9,paisaje naturaleza,actividades,actividades infantiles,galicia,pontevedra,3500.0,35.0
ES,07,2024,9,paisaje naturaleza,actividades,actividades infantiles,illes balears,illes balears,290845.42,1162.83
ES,01,2024,9,paisaje naturaleza,actividades,actividades infantiles,pais vasco,araba/alava,6207.0,613.0
ES,48,2024,9,paisaje naturaleza,actividades,actividades infantiles,pais vasco,bizkaia,138319.0,1294.0
ES,20,2024,9,paisaje naturaleza,actividades,actividades infantiles,pais vasco,gipuzkoa,90258.0,560.0
ES,33,2024,9,paisaje naturaleza,actividades,actividades infantiles,principado de asturias,asturias,13072.0,817.0
ES,30,2024,9,paisaje naturaleza,actividades,actividades infantiles,region de murcia,murcia,42688.0,1472.0
ES,04,2024,9,servicios,actividades,cursos,andalucia,almeria,552.0,69.0
ES,29,2024,9,servicios,actividades,cursos,andalucia,malaga,550.0,110.0
ES,41,2024,9,servicios,actividades,cursos,andalucia,sevilla,2700.0,287.5
ES,35,2024,9,servicios,actividades,cursos,canarias,las palmas,55637.0,2419.0
ES,38,2024,9,servicios,actividades,cursos,canarias,santa cruz de tenerife,1302.0,31.0
ES,47,2024,9,servicios,actividades,cursos,castilla y leon,valladolid,157135.0,14285.0
ES,08,2024,9,servicios,actividades,cursos,cataluna,barcelona,105866.0,4013.0
ES,17,2024,9,servicios,actividades,cursos,cataluna,girona,300.0,100.0
ES,28,2024,9,servicios,actividades,cursos,comunidad de madrid,madrid,428786.33,1236.33
ES,46,2024,9,servicios,actividades,cursos,comunitat valenciana,valencia/valencia,2250.0,250.0
ES,07,2024,9,servicios,actividades,cursos,illes balears,illes balears,186042.4,4101.6
ES,20,2024,9,servicios,actividades,cursos,pais vasco,gipuzkoa,96084.0,2669.0
ES,30,2024,9,servicios,actividades,cursos,region de murcia,murcia,250.0,250.0
ES,29,2024,9,paisaje naturaleza,actividades,deportes y aventuras,andalucia,malaga,25691.5,184.5
ES,35,2024,9,paisaje naturaleza,actividades,deportes y aventuras,canarias,las palmas,62539.0,229.0
ES,16,2024,9,paisaje naturaleza,actividades,deportes y aventuras,castilla - la mancha,cuenca,1000.0,100.0
ES,05,2024,9,paisaje naturaleza,actividades,deportes y aventuras,castilla y leon,avila,217782.0,1962.0
ES,24,2024,9,paisaje naturaleza,actividades,deportes y aventuras,castilla y leon,leon,4900.0,100.0
ES,37,2024,9,paisaje naturaleza,actividades,deportes y aventuras,castilla y leon,salamanca,8788.0,338.0
ES,08,2024,9,paisaje naturaleza,actividades,deportes y aventuras,cataluna,barcelona,67462.09,806.45
ES,17,2024,9,paisaje naturaleza,actividades,deportes y aventuras,cataluna,girona,32436.0,954.0
ES,43,2024,9,paisaje naturaleza,actividades,deportes y aventuras,cataluna,tarragona,47940.0,340.0
ES,28,2024,9,paisaje naturaleza,actividades,deportes y aventuras,comunidad de madrid,madrid,192683.0,1103.0
ES,31,2024,9,paisaje naturaleza,actividades,deportes y aventuras,comunidad foral de navarra,navarra,1175983.0,3389.0
ES,03,2024,9,paisaje naturaleza,actividades,deportes y aventuras,comunitat valenciana,alicante/alacant,26694.75,3748.0
ES,06,2024,9,paisaje naturaleza,actividades,deportes y aventuras,extremadura,badajoz,7334.0,221.5
ES,10,2024,9,paisaje naturaleza,actividades,deportes y aventuras,extremadura,caceres,11542.0,796.0
ES,15,2024,9,paisaje naturaleza,actividades,deportes y aventuras,galicia,a coruna,500.0,50.0
ES,07,2024,9,paisaje naturaleza,actividades,deportes y aventuras,illes balears,illes balears,9327.0,3109.0
ES,48,2024,9,paisaje naturaleza,actividades,deportes y aventuras,pais vasco,bizkaia,25921.0,2645.0
ES,20,2024,9,paisaje naturaleza,actividades,deportes y aventuras,pais vasco,gipuzkoa,812174.0,2546.0
ES,33,2024,9,paisaje naturaleza,actividades,deportes y aventuras,principado de asturias,asturias,18664.0,9332.0
ES,11,2024,9,comida y bebida,actividades,gastronomia,andalucia,cadiz,31256.0,582.0
ES,29,2024,9,comida y bebida,actividades,gastronomia,andalucia,malaga,361215.0,1745.0
ES,41,2024,9,comida y bebida,actividades,gastronomia,andalucia,sevilla,37224.0,517.0
ES,35,2024,9,comida y bebida,actividades,gastronomia,canarias,las palmas,19687.0,561.5
ES,02,2024,9,comida y bebida,actividades,gastronomia,castilla - la mancha,albacete,1800.0,120.0
ES,08,2024,9,comida y bebida,actividades,gastronomia,cataluna,barcelona,54127.5,171.0
ES,17,2024,9,comida y bebida,actividades,gastronomia,cataluna,girona,1050.0,150.0
ES,28,2024,9,comida y bebida,actividades,gastronomia,comunidad de madrid,madrid,109478.0,1634.0
ES,31,2024,9,comida y bebida,actividades,gastronomia,comunidad foral de navarra,navarra,332.0,83.0
ES,03,2024,9,comida y bebida,actividades,gastronomia,comunitat valenciana,alicante/alacant,98571.0,1471.5
ES,15,2024,9,comida y bebida,actividades,gastronomia,galicia,a coruna,80.0,80.0
ES,07,2024,9,comida y bebida,actividades,gastronomia,illes balears,illes balears,120106.25,2535.0
ES,48,2024,9,comida y bebida,actividades,gastronomia,pais vasco,bizkaia,12315.0,821.0
ES,30,2024,9,comida y bebida,actividades,gastronomia,region de murcia,murcia,600.0,60.0
ES,18,2024,9,vida nocturna,espectaculos,cine,andalucia,granada,19581.0,107.0
ES,29,2024,9,vida nocturna,espectaculos,cine,andalucia,malaga,25890.0,1726.0
ES,41,2024,9,vida nocturna,espectaculos,cine,andalucia,sevilla,19261.0,374.0
ES,08,2024,9,vida nocturna,espectaculos,cine,cataluna,barcelona,38158.25,730.25
ES,17,2024,9,vida nocturna,espectaculos,cine,cataluna,girona,267.0,445.0
ES,28,2024,9,vida nocturna,espectaculos,cine,comunidad de madrid,madrid,186993.0,711.0
ES,03,2024,9,vida nocturna,espectaculos,cine,comunitat valenciana,alicante/alacant,85771.5,668.25
ES,36,2024,9,vida nocturna,espectaculos,cine,galicia,pontevedra,3500.0,35.0
ES,07,2024,9,vida nocturna,espectaculos,cine,illes balears,illes balears,4465.0,235.0
ES,20,2024,9,vida nocturna,espectaculos,cine,pais vasco,gipuzkoa,28851.5,446.5
ES,04,2024,9,otros,espectaculos,conferencias,andalucia,almeria,6600.0,300.0
ES,18,2024,9,otros,espectaculos,conferencias,andalucia,granada,1545.0,515.0
ES,41,2024,9,otros,espectaculos,conferencias,andalucia,sevilla,9072.0,144.0
ES,35,2024,9,otros,espectaculos,conferencias,canarias,las palmas,14834.0,383.0
ES,08,2024,9,otros,espectaculos,conferencias,cataluna,barcelona,20655.0,5732.67
ES,28,2024,9,otros,espectaculos,conferencias,comunidad de madrid,madrid,19045.0,1394.0
ES,36,2024,9,otros,espectaculos,conferencias,galicia,pontevedra,102608.0,583.0
ES,07,2024,9,otros,espectaculos,conferencias,illes balears,illes balears,25100.0,1255.0
ES,26,2024,9,otros,espectaculos,conferencias,la rioja,la rioja,75008.0,4688.0
ES,04,2024,9,paisaje urbano,espectaculos,"cultura, teatro y danza",andalucia,almeria,196899.4,1092.2
ES,11,2024,9,paisaje urbano,espectaculos,"cultura, teatro y danza",andalucia,cadiz,84630.25,786.25
ES,14,2024,9,paisaje urbano,espectaculos,"cultura, teatro y danza",andalucia,cordoba,1457946.0,1421.0
ES,18,2024,9,paisaje urbano,espectaculos,"cultura, teatro y danza",andalucia,granada,211948.0,1164.75
ES,23,2024,9,paisaje urbano,espectaculos,"cultura, teatro y danza",andalucia,jaen,3714.0,619.0
ES,29,2024,9,paisaje urbano,espectaculos,"cultura, teatro y danza",andalucia,malaga,67385.75,720.75
ES,41,2024,9,paisaje urbano,espectaculos,"cultura, teatro y danza",andalucia,sevilla,2167808.0,1168.0
ES,22,2024,9,paisaje urbano,espectaculos,"cultura, teatro y danza",aragon,huesca,261144.0,1209.0
ES,50,2024,9,paisaje urbano,espectaculos,"cultura, teatro y danza",aragon,zaragoza,921006.0,1216.5
ES,35,2024,9,paisaje urbano,espectaculos,"cultura, teatro y danza",canarias,las palmas,594320.38,846.25
ES,38,2024,9,paisaje urbano,espectaculos,"cultura, teatro y danza",canarias,santa cruz de tenerife,197216.0,659.11
ES,39,2024,9,paisaje urbano,espectaculos,"cultura, teatro y danza",cantabria,cantabria,112914.0,1107.0
ES,02,2024,9,paisaje urbano,espectaculos,"cultura, teatro y danza",castilla - la mancha,albacete,434426.5,565.0
ES,13,2024,9,paisaje urbano,espectaculos,"cultura, teatro y danza",castilla - la mancha,ciudad real,3048.0,508.0
ES,45,2024,9,paisaje urbano,espectaculos,"cultura, teatro y danza",castilla - la mancha,toledo,46666.5,687.5
ES,09,2024,9,paisaje urbano,espectaculos,"cultura, teatro y danza",castilla y leon,burgos,45616.5,369.5
ES,37,2024,9,paisaje urbano,espectaculos,"cultura, teatro y danza",castilla y leon,salamanca,103448.0,719.0
ES,42,2024,9,paisaje urbano,espectaculos,"cultura, teatro y danza",castilla y leon,soria,337845.0,1515.0
ES,47,2024,9,paisaje urbano,espectaculos,"cultura, teatro y danza",castilla y leon,valladolid,107737.2,969.8
ES,49,2024,9,paisaje urbano,espectaculos,"cultura, teatro y danza",castilla y leon,zamora,1560.0,40.0
ES,08,2024,9,paisaje urbano,espectaculos,"cultura, teatro y danza",cataluna,barcelona,98776.53,943.6
ES,17,2024,9,paisaje urbano,espectaculos,"cultura, teatro y danza",cataluna,girona,11150.0,1721.33
ES,25,2024,9,paisaje urbano,espectaculos,"cultura, teatro y danza",cataluna,lleida,8372.0,644.0
ES,43,2024,9,paisaje urbano,espectaculos,"cultura, teatro y danza",cataluna,tarragona,46602.33,1070.33
ES,51,2024,9,paisaje urbano,espectaculos,"cultura, teatro y danza",ceuta,ceuta,72821.0,707.0
ES,28,2024,9,paisaje urbano,espectaculos,"cultura, teatro y danza",comunidad de madrid,madrid,489279.44,481.56
ES,31,2024,9,paisaje urbano,espectaculos,"cultura, teatro y danza",comunidad foral de navarra,navarra,58000.0,250.0
ES,03,2024,9,paisaje urbano,espectaculos,"cultura, teatro y danza",comunitat valenciana,alicante/alacant,210242.8,1942.8
ES,46,2024,9,paisaje urbano,espectaculos,"cultura, teatro y danza",comunitat valenciana,valencia/valencia,118655.5,475.0
ES,06,2024,9,paisaje urbano,espectaculos,"cultura, teatro y danza",extremadura,badajoz,3728.25,136.75
ES,10,2024,9,paisaje urbano,espectaculos,"cultura, teatro y danza",extremadura,caceres,10618.0,125.33
ES,15,2024,9,paisaje urbano,espectaculos,"cultura, teatro y danza",galicia,a coruna,48675.5,587.25
ES,36,2024,9,paisaje urbano,espectaculos,"cultura, teatro y danza",galicia,pontevedra,17955.0,855.0
ES,07,2024,9,paisaje urbano,espectaculos,"cultura, teatro y danza",illes balears,illes balears,235066.67,723.83
ES,26,2024,9,paisaje urbano,espectaculos,"cultura, teatro y danza",la rioja,la rioja,910534.0,2311.0
ES,01,2024,9,paisaje urbano,espectaculos,"cultura, teatro y danza",pais vasco,araba/alava,123460.0,530.0
ES,48,2024,9,paisaje urbano,espectaculos,"cultura, teatro y danza",pais vasco,bizkaia,181451.33,1037.67
ES,20,2024,9,paisaje urbano,espectaculos,"cultura, teatro y danza",pais vasco,gipuzkoa,72900.75,320.75
ES,33,2024,9,paisaje urbano,espectaculos,"cultura, teatro y danza",principado de asturias,asturias,5280.0,110.0
ES,30,2024,9,paisaje urbano,espectaculos,"cultura, teatro y danza",region de murcia,murcia,137089.0,2419.5
ES,04,2024,9,compras,espectaculos,ferias,andalucia,almeria,6600.0,300.0
ES,41,2024,9,compras,espectaculos,ferias,andalucia,sevilla,9072.0,144.0
ES,35,2024,9,compras,espectaculos,ferias,canarias,las palmas,5040.0,504.0
ES,08,2024,9,compras,espectaculos,ferias,cataluna,barcelona,29004.0,2417.0
ES,07,2024,9,compras,espectaculos,ferias,illes balears,illes balears,25100.0,1255.0
ES,26,2024,9,compras,espectaculos,ferias,la rioja,la rioja,75008.0,4688.0
ES,18,2024,9,paisaje urbano,espectaculos,museo y exposiciones,andalucia,granada,13179.0,1146.0
ES,29,2024,9,paisaje urbano,espectaculos,museo y exposiciones,andalucia,malaga,2400.0,400.0
ES,41,2024,9,paisaje urbano,espectaculos,museo y exposiciones,andalucia,sevilla,3180.0,1325.0
ES,45,2024,9,paisaje urbano,espectaculos,museo y exposiciones,castilla - la mancha,toledo,71517.0,769.0
ES,37,2024,9,paisaje urbano,espectaculos,museo y exposiciones,castilla y leon,salamanca,122944.0,272.0
ES,08,2024,9,paisaje urbano,espectaculos,museo y exposiciones,cataluna,barcelona,87156.0,1076.0
ES,43,2024,9,paisaje urbano,espectaculos,museo y exposiciones,cataluna,tarragona,55404.0,1458.0
ES,07,2024,9,paisaje urbano,espectaculos,museo y exposiciones,illes balears,illes balears,1554.0,518.0
ES,01,2024,9,paisaje urbano,espectaculos,museo y exposiciones,pais vasco,araba/alava,7362.0,2454.0
ES,48,2024,9,paisaje urbano,espectaculos,museo y exposiciones,pais vasco,bizkaia,395514.0,903.0
ES,04,2024,9,vida nocturna,espectaculos,musica,andalucia,almeria,92118.8,980.4
ES,11,2024,9,vida nocturna,espectaculos,musica,andalucia,cadiz,210283.4,835.0
ES,14,2024,9,vida nocturna,espectaculos,musica,andalucia,cordoba,58917.5,1946.5
ES,18,2024,9,vida nocturna,espectaculos,musica,andalucia,granada,411657.17,719.0
ES,23,2024,9,vida nocturna,espectaculos,musica,andalucia,jaen,172628.5,1269.5
ES,29,2024,9,vida nocturna,espectaculos,musica,andalucia,malaga,113636.89,1167.33
ES,41,2024,9,vida nocturna,espectaculos,musica,andalucia,sevilla,1259745.0,1110.25
ES,22,2024,9,vida nocturna,espectaculos,musica,aragon,huesca,318558.67,3429.33
ES,44,2024,9,vida nocturna,espectaculos,musica,aragon,teruel,110722.33,1289.33
ES,50,2024,9,vida nocturna,espectaculos,musica,aragon,zaragoza,553208.33,1281.0
ES,35,2024,9,vida nocturna,espectaculos,musica,canarias,las palmas,2946277.71,1309.0
ES,38,2024,9,vida nocturna,espectaculos,musica,canarias,santa cruz de tenerife,584060.22,1456.44
ES,39,2024,9,vida nocturna,espectaculos,musica,cantabria,cantabria,31588.33,608.67
ES,02,2024,9,vida nocturna,espectaculos,musica,castilla - la mancha,albacete,43586.33,881.33
ES,13,2024,9,vida nocturna,espectaculos,musica,castilla - la mancha,ciudad real,50591.8,1531.4
ES,16,2024,9,vida nocturna,espectaculos,musica,castilla - la mancha,cuenca,9279.0,1031.0
ES,19,2024,9,vida nocturna,espectaculos,musica,castilla - la mancha,guadalajara,14745.0,618.33
ES,45,2024,9,vida nocturna,espectaculos,musica,castilla - la mancha,toledo,29298.67,3571.0
ES,09,2024,9,vida nocturna,espectaculos,musica,castilla y leon,burgos,9062.0,752.5
ES,24,2024,9,vida nocturna,espectaculos,musica,castilla y leon,leon,19102.0,693.5
ES,34,2024,9,vida nocturna,espectaculos,musica,castilla y leon,palencia,29624.0,1058.0
ES,37,2024,9,vida nocturna,espectaculos,musica,castilla y leon,salamanca,249800.0,829.0
ES,40,2024,9,vida nocturna,espectaculos,musica,castilla y leon,segovia,240.0,120.0
ES,42,2024,9,vida nocturna,espectaculos,musica,castilla y leon,soria,14623.5,1292.0
ES,47,2024,9,vida nocturna,espectaculos,musica,castilla y leon,valladolid,1169496.0,1332.0
ES,49,2024,9,vida nocturna,espectaculos,musica,castilla y leon,zamora,15898.0,1402.5
ES,08,2024,9,vida nocturna,espectaculos,musica,cataluna,barcelona,794480.24,1251.73
ES,17,2024,9,vida nocturna,espectaculos,musica,cataluna,girona,68117.06,1535.06
ES,25,2024,9,vida nocturna,espectaculos,musica,cataluna,lleida,69861.0,622.25
ES,43,2024,9,vida nocturna,espectaculos,musica,cataluna,tarragona,143074.0,798.36
ES,28,2024,9,vida nocturna,espectaculos,musica,comunidad de madrid,madrid,2832860.94,1794.5
ES,31,2024,9,vida nocturna,espectaculos,musica,comunidad foral de navarra,navarra,1359948.2,1793.2
ES,03,2024,9,vida nocturna,espectaculos,musica,comunitat valenciana,alicante/alacant,439467.85,2035.31
ES,12,2024,9,vida nocturna,espectaculos,musica,comunitat valenciana,castellon/castello,68261.5,1321.5
ES,46,2024,9,vida nocturna,espectaculos,musica,comunitat valenciana,valencia/valencia,426864.75,1341.62
ES,06,2024,9,vida nocturna,espectaculos,musica,extremadura,badajoz,156757.0,857.67
ES,10,2024,9,vida nocturna,espectaculos,musica,extremadura,caceres,3872.0,242.0
ES,15,2024,9,vida nocturna,espectaculos,musica,galicia,a coruna,266842.86,807.43
ES,27,2024,9,vida nocturna,espectaculos,musica,galicia,lugo,21693.0,1033.0
ES,32,2024,9,vida nocturna,espectaculos,musica,galicia,ourense,1312.0,1312.0
ES,36,2024,9,vida nocturna,espectaculos,musica,galicia,pontevedra,372584.33,985.0
ES,07,2024,9,vida nocturna,espectaculos,musica,illes balears,illes balears,723482.29,1586.0
ES,26,2024,9,vida nocturna,espectaculos,musica,la rioja,la rioja,172104.75,1529.75
ES,01,2024,9,vida nocturna,espectaculos,musica,pais vasco,araba/alava,21630.0,105.0
ES,48,2024,9,vida nocturna,espectaculos,musica,pais vasco,bizkaia,613644.83,1447.17
ES,20,2024,9,vida nocturna,espectaculos,musica,pais vasco,gipuzkoa,258566.0,1064.57
ES,33,2024,9,vida nocturna,espectaculos,musica,principado de asturias,asturias,62248.0,827.0
ES,30,2024,9,vida nocturna,espectaculos,musica,region de murcia,murcia,725604.0,1157.0
ES,04,2024,9,vida nocturna,espectaculos,musicales,andalucia,almeria,13563.0,1233.0
ES,14,2024,9,vida nocturna,espectaculos,musicales,andalucia,cordoba,25000.0,100.0
ES,18,2024,9,vida nocturna,espectaculos,musicales,andalucia,granada,7443.0,827.0
ES,41,2024,9,vida nocturna,espectaculos,musicales,andalucia,sevilla,316224.0,1952.0
ES,50,2024,9,vida nocturna,espectaculos,musicales,aragon,zaragoza,123838.0,866.0
ES,35,2024,9,vida nocturna,espectaculos,musicales,canarias,las palmas,261576.0,1211.0
ES,38,2024,9,vida nocturna,espectaculos,musicales,canarias,santa cruz de tenerife,90416.0,484.5
ES,02,2024,9,vida nocturna,espectaculos,musicales,castilla - la mancha,albacete,35607.0,1079.0
ES,13,2024,9,vida nocturna,espectaculos,musicales,castilla - la mancha,ciudad real,3048.0,508.0
ES,37,2024,9,vida nocturna,espectaculos,musicales,castilla y leon,salamanca,9152.0,176.0
ES,08,2024,9,vida nocturna,espectaculos,musicales,cataluna,barcelona,1237006.0,1087.0
ES,28,2024,9,vida nocturna,espectaculos,musicales,comunidad de madrid,madrid,34875.4,375.6
ES,03,2024,9,vida nocturna,espectaculos,musicales,comunitat valenciana,alicante/alacant,1607.0,261.0
ES,46,2024,9,vida nocturna,espectaculos,musicales,comunitat valenciana,valencia/valencia,63017.5,615.5
ES,06,2024,9,vida nocturna,espectaculos,musicales,extremadura,badajoz,4741.0,172.33
ES,10,2024,9,vida nocturna,espectaculos,musicales,extremadura,caceres,179201.0,962.5
ES,15,2024,9,vida nocturna,espectaculos,musicales,galicia,a coruna,54948.0,723.0
ES,07,2024,9,vida nocturna,espectaculos,musicales,illes balears,illes balears,13888.0,217.0
ES,30,2024,9,vida nocturna,espectaculos,musicales,region de murcia,murcia,7007.0,1078.0
ES,04,2024,10,paisaje naturaleza,actividades,actividades infantiles,andalucia,almeria,17064.0,2133.0
ES,11,2024,10,paisaje naturaleza,actividades,actividades infantiles,andalucia,cadiz,15919.5,1180.5
ES,14,2024,10,paisaje naturaleza,actividades,actividades infantiles,andalucia,cordoba,7676.0,101.0
ES,18,2024,10,paisaje naturaleza,actividades,actividades infantiles,andalucia,granada,809319.5,895.5
ES,29,2024,10,paisaje naturaleza,actividades,actividades infantiles,andalucia,malaga,70396.5,313.25
ES,41,2024,10,paisaje naturaleza,actividades,actividades infantiles,andalucia,sevilla,450123.0,1038.0
ES,50,2024,10,paisaje naturaleza,actividades,actividades infantiles,aragon,zaragoza,1199538.0,618.0
ES,35,2024,10,paisaje naturaleza,actividades,actividades infantiles,canarias,las palmas,35701.33,138.5
ES,38,2024,10,paisaje naturaleza,actividades,actividades infantiles,canarias,santa cruz de tenerife,70208.67,669.0
ES,39,2024,10,paisaje naturaleza,actividades,actividades infantiles,cantabria,cantabria,8580.0,66.0
ES,02,2024,10,paisaje naturaleza,actividades,actividades infantiles,castilla - la mancha,albacete,27720.0,165.0
ES,19,2024,10,paisaje naturaleza,actividades,actividades infantiles,castilla - la mancha,guadalajara,240.0,80.0
ES,45,2024,10,paisaje naturaleza,actividades,actividades infantiles,castilla - la mancha,toledo,31178.0,1424.5
ES,24,2024,10,paisaje naturaleza,actividades,actividades infantiles,castilla y leon,leon,24544.0,767.0
ES,37,2024,10,paisaje naturaleza,actividades,actividades infantiles,castilla y leon,salamanca,14608.0,176.0
ES,47,2024,10,paisaje naturaleza,actividades,actividades infantiles,castilla y leon,valladolid,2822.0,356.5
ES,49,2024,10,paisaje naturaleza,actividades,actividades infantiles,castilla y leon,zamora,2100.0,50.0
ES,08,2024,10,paisaje naturaleza,actividades,actividades infantiles,cataluna,barcelona,636816.75,1163.0
ES,17,2024,10,paisaje naturaleza,actividades,actividades infantiles,cataluna,girona,34710.5,1244.5
ES,25,2024,10,paisaje naturaleza,actividades,actividades infantiles,cataluna,lleida,306204.0,1501.0
ES,43,2024,10,paisaje naturaleza,actividades,actividades infantiles,cataluna,tarragona,36388.67,1141.0
ES,28,2024,10,paisaje naturaleza,actividades,actividades infantiles,comunidad de madrid,madrid,59520.25,257.38
ES,03,2024,10,paisaje naturaleza,actividades,actividades infantiles,comunitat valenciana,alicante/alacant,147631.0,1641.8
ES,46,2024,10,paisaje naturaleza,actividades,actividades infantiles,comunitat valenciana,valencia/valencia,1163423.5,1777.25
ES,06,2024,10,paisaje naturaleza,actividades,actividades infantiles,extremadura,badajoz,3498.67,144.0
ES,10,2024,10,paisaje naturaleza,actividades,actividades infantiles,extremadura,caceres,16240.0,643.67
ES,15,2024,10,paisaje naturaleza,actividades,actividades infantiles,galicia,a coruna,152768.0,682.0
ES,07,2024,10,paisaje naturaleza,actividades,actividades infantiles,illes balears,illes balears,226666.73,1280.73
ES,01,2024,10,paisaje naturaleza,actividades,actividades infantiles,pais vasco,araba/alava,13027.5,257.5
ES,48,2024,10,paisaje naturaleza,actividades,actividades infantiles,pais vasco,bizkaia,37010.0,520.67
ES,20,2024,10,paisaje naturaleza,actividades,actividades infantiles,pais vasco,gipuzkoa,372842.0,554.0
ES,33,2024,10,paisaje naturaleza,actividades,actividades infantiles,principado de asturias,asturias,108406.0,809.0
ES,30,2024,10,paisaje naturaleza,actividades,actividades infantiles,region de murcia,murcia,75284.0,1058.0
ES,18,2024,10,servicios,actividades,cursos,andalucia,granada,1076.0,538.0
ES,23,2024,10,servicios,actividades,cursos,andalucia,jaen,3500.0,500.0
ES,29,2024,10,servicios,actividades,cursos,andalucia,malaga,2466.0,1233.0
ES,41,2024,10,servicios,actividades,cursos,andalucia,sevilla,35824.5,1544.0
ES,22,2024,10,servicios,actividades,cursos,aragon,huesca,400.0,100.0
ES,35,2024,10,servicios,actividades,cursos,canarias,las palmas,540.0,90.0
ES,38,2024,10,servicios,actividades,cursos,canarias,santa cruz de tenerife,2316.0,403.5
ES,47,2024,10,servicios,actividades,cursos,castilla y leon,valladolid,38793.5,13651.5
ES,08,2024,10,servicios,actividades,cursos,cataluna,barcelona,261212.0,1638.25
ES,17,2024,10,servicios,actividades,cursos,cataluna,girona,100.0,100.0
ES,28,2024,10,servicios,actividades,cursos,comunidad de madrid,madrid,653292.33,1737.0
ES,03,2024,10,servicios,actividades,cursos,comunitat valenciana,alicante/alacant,400.0,100.0
ES,46,2024,10,servicios,actividades,cursos,comunitat valenciana,valencia/valencia,2322.0,258.0
ES,36,2024,10,servicios,actividades,cursos,galicia,pontevedra,45685.0,9137.0
ES,07,2024,10,servicios,actividades,cursos,illes balears,illes balears,346083.0,3504.2
ES,48,2024,10,servicios,actividades,cursos,pais vasco,bizkaia,2509.5,275.5
ES,20,2024,10,servicios,actividades,cursos,pais vasco,gipuzkoa,9499.0,1357.0
ES,30,2024,10,servicios,actividades,cursos,region de murcia,murcia,500.0,250.0
ES,04,2024,10,paisaje naturaleza,actividades,deportes y aventuras,andalucia,almeria,250.0,250.0
ES,11,2024,10,paisaje naturaleza,actividades,deportes y aventuras,andalucia,cadiz,111102.0,1102.0
ES,18,2024,10,paisaje naturaleza,actividades,deportes y aventuras,andalucia,granada,2649.5,2649.5
ES,29,2024,10,paisaje naturaleza,actividades,deportes y aventuras,andalucia,malaga,8246.0,1178.0
ES,41,2024,10,paisaje naturaleza,actividades,deportes y aventuras,andalucia,sevilla,1685.5,363.5
ES,50,2024,10,paisaje naturaleza,actividades,deportes y aventuras,aragon,zaragoza,114816.0,2944.0
ES,35,2024,10,paisaje naturaleza,actividades,deportes y aventuras,canarias,las palmas,151270.5,265.5
ES,38,2024,10,paisaje naturaleza,actividades,deportes y aventuras,canarias,santa cruz de tenerife,56589.0,1451.0
ES,02,2024,10,paisaje naturaleza,actividades,deportes y aventuras,castilla - la mancha,albacete,70831.0,2252.5
ES,16,2024,10,paisaje naturaleza,actividades,deportes y aventuras,castilla - la mancha,cuenca,1440.0,30.0
ES,24,2024,10,paisaje naturaleza,actividades,deportes y aventuras,castilla y leon,leon,177354.0,1002.0
ES,37,2024,10,paisaje naturaleza,actividades,deportes y aventuras,castilla y leon,salamanca,1320.0,825.0
ES,08,2024,10,paisaje naturaleza,actividades,deportes y aventuras,cataluna,barcelona,170968.67,1668.17
ES,17,2024,10,paisaje naturaleza,actividades,deportes y aventuras,cataluna,girona,3300.0,150.0
ES,43,2024,10,paisaje naturaleza,actividades,deportes y aventuras,cataluna,tarragona,4931.33,1210.33
ES,28,2024,10,paisaje naturaleza,actividades,deportes y aventuras,comunidad de madrid,madrid,187870.0,532.33
ES,31,2024,10,paisaje naturaleza,actividades,deportes y aventuras,comunidad foral de navarra,navarra,1030161.0,1643.0
ES,03,2024,10,paisaje naturaleza,actividades,deportes y aventuras,comunitat valenciana,alicante/alacant,225080.25,1623.0
ES,46,2024,10,paisaje naturaleza,actividades,deportes y aventuras,comunitat valenciana,valencia/valencia,24273.0,4185.0
ES,06,2024,10,paisaje naturaleza,actividades,deportes y aventuras,extremadura,badajoz,12360.0,410.0
ES,10,2024,10,paisaje naturaleza,actividades,deportes y aventuras,extremadura,caceres,279202.0,1078.0
ES,15,2024,10,paisaje naturaleza,actividades,deportes y aventuras,galicia,a coruna,2250.0,50.0
ES,07,2024,10,paisaje naturaleza,actividades,deportes y aventuras,illes balears,illes balears,65470.0,1369.5
ES,01,2024,10,paisaje naturaleza,actividades,deportes y aventuras,pais vasco,araba/alava,16677.0,981.0
ES,48,2024,10,paisaje naturaleza,actividades,deportes y aventuras,pais vasco,bizkaia,330401.0,1714.5
ES,20,2024,10,paisaje naturaleza,actividades,deportes y aventuras,pais vasco,gipuzkoa,521808.0,3106.0
ES,30,2024,10,paisaje naturaleza,actividades,deportes y aventuras,region de murcia,murcia,17003.33,1136.67
ES,11,2024,10,comida y bebida,actividades,gastronomia,andalucia,cadiz,1300.0,100.0
ES,29,2024,10,comida y bebida,actividades,gastronomia,andalucia,malaga,510645.0,1731.0
ES,41,2024,10,comida y bebida,actividades,gastronomia,andalucia,sevilla,98745.0,681.0
ES,50,2024,10,comida y bebida,actividades,gastronomia,aragon,zaragoza,13625.0,125.0
ES,38,2024,10,comida y bebida,actividades,gastronomia,canarias,santa cruz de tenerife,4251.0,490.5
ES,02,2024,10,comida y bebida,actividades,gastronomia,castilla - la mancha,albacete,105357.0,1211.0
ES,08,2024,10,comida y bebida,actividades,gastronomia,cataluna,barcelona,31127.0,1177.67
ES,17,2024,10,comida y bebida,actividades,gastronomia,cataluna,girona,22623.5,2027.0
ES,28,2024,10,comida y bebida,actividades,gastronomia,comunidad de madrid,madrid,186529.5,2430.5
ES,03,2024,10,comida y bebida,actividades,gastronomia,comunitat valenciana,alicante/alacant,41760.0,1795.33
ES,06,2024,10,comida y bebida,actividades,gastronomia,extremadura,badajoz,1520.0,80.0
ES,15,2024,10,comida y bebida,actividades,gastronomia,galicia,a coruna,972.0,81.0
ES,07,2024,10,comida y bebida,actividades,gastronomia,illes balears,illes balears,34149.5,199.0
ES,33,2024,10,comida y bebida,actividades,gastronomia,principado de asturias,asturias,480.0,80.0
ES,18,2024,10,vida nocturna,espectaculos,cine,andalucia,granada,100634.0,1502.0
ES,29,2024,10,vida nocturna,espectaculos,cine,andalucia,malaga,464448.0,1968.0
ES,41,2024,10,vida nocturna,espectaculos,cine,andalucia,sevilla,196413.0,597.0
ES,50,2024,10,vida nocturna,espectaculos,cine,aragon,zaragoza,25542.0,774.0
ES,35,2024,10,vida nocturna,espectaculos,cine,canarias,las palmas,3950.0,50.0
ES,38,2024,10,vida nocturna,espectaculos,cine,canarias,santa cruz de tenerife,4840.0,110.0
ES,02,2024,10,vida nocturna,espectaculos,cine,castilla - la mancha,albacete,10212.0,222.0
ES,47,2024,10,vida nocturna,espectaculos,cine,castilla y leon,valladolid,918.0,612.0
ES,08,2024,10,vida nocturna,espectaculos,cine,cataluna,barcelona,103415.0,560.33
ES,17,2024,10,vida nocturna,espectaculos,cine,cataluna,girona,810.0,45.0
ES,28,2024,10,vida nocturna,espectaculos,cine,comunidad de madrid,madrid,17342.0,754.0
ES,03,2024,10,vida nocturna,espectaculos,cine,comunitat valenciana,alicante/alacant,99247.8,611.2
ES,07,2024,10,vida nocturna,espectaculos,cine,illes balears,illes balears,6617.0,509.0
ES,26,2024,10,vida nocturna,espectaculos,cine,la rioja,la rioja,1300.0,50.0
ES,20,2024,10,vida nocturna,espectaculos,cine,pais vasco,gipuzkoa,5586.0,296.67
ES,11,2024,10,otros,espectaculos,conferencias,andalucia,cadiz,200.0,100.0
ES,29,2024,10,otros,espectaculos,conferencias,andalucia,malaga,31850.0,650.0
ES,41,2024,10,otros,espectaculos,conferencias,andalucia,sevilla,188568.0,1164.0
ES,50,2024,10,otros,espectaculos,conferencias,aragon,zaragoza,300903.0,5279.0
ES,35,2024,10,otros,espectaculos,conferencias,canarias,las palmas,29868.0,262.0
ES,13,2024,10,otros,espectaculos,conferencias,castilla - la mancha,ciudad real,342798.0,6014.0
ES,40,2024,10,otros,espectaculos,conferencias,castilla y leon,segovia,539.0,49.0
ES,08,2024,10,otros,espectaculos,conferencias,cataluna,barcelona,167847.5,2065.0
ES,25,2024,10,otros,espectaculos,conferencias,cataluna,lleida,3040.0,380.0
ES,36,2024,10,otros,espectaculos,conferencias,galicia,pontevedra,849518.0,466.0
ES,26,2024,10,otros,espectaculos,conferencias,la rioja,la rioja,252224.0,3941.0
ES,04,2024,10,paisaje urbano,espectaculos,"cultura, teatro y danza",andalucia,almeria,307882.0,1888.25
ES,11,2024,10,paisaje urbano,espectaculos,"cultura, teatro y danza",andalucia,cadiz,47702.0,655.0
ES,14,2024,10,paisaje urbano,espectaculos,"cultura, teatro y danza",andalucia,cordoba,1141746.0,1369.0
ES,18,2024,10,paisaje urbano,espectaculos,"cultura, teatro y danza",andalucia,granada,579417.33,960.67
ES,23,2024,10,paisaje urbano,espectaculos,"cultura, teatro y danza",andalucia,jaen,4947.0,696.0
ES,29,2024,10,paisaje urbano,espectaculos,"cultura, teatro y danza",andalucia,malaga,631342.86,724.14
ES,41,2024,10,paisaje urbano,espectaculos,"cultura, teatro y danza",andalucia,sevilla,100252.0,456.75
ES,22,2024,10,paisaje urbano,espectaculos,"cultura, teatro y danza",aragon,huesca,19138.5,1057.0
ES,50,2024,10,paisaje urbano,espectaculos,"cultura, teatro y danza",aragon,zaragoza,1173300.0,641.0
ES,35,2024,10,paisaje urbano,espectaculos,"cultura, teatro y danza",canarias,las palmas,129507.45,760.91
ES,38,2024,10,paisaje urbano,espectaculos,"cultura, teatro y danza",canarias,santa cruz de tenerife,135232.12,800.38
ES,39,2024,10,paisaje urbano,espectaculos,"cultura, teatro y danza",cantabria,cantabria,31288.5,316.5
ES,02,2024,10,paisaje urbano,espectaculos,"cultura, teatro y danza",castilla - la mancha,albacete,488700.5,1024.5
ES,19,2024,10,paisaje urbano,espectaculos,"cultura, teatro y danza",castilla - la mancha,guadalajara,240.0,80.0
ES,45,2024,10,paisaje urbano,espectaculos,"cultura, teatro y danza",castilla - la mancha,toledo,209938.75,694.5
ES,05,2024,10,paisaje urbano,espectaculos,"cultura, teatro y danza",castilla y leon,avila,200.0,100.0
ES,24,2024,10,paisaje urbano,espectaculos,"cultura, teatro y danza",castilla y leon,leon,750.0,250.0
ES,37,2024,10,paisaje urbano,espectaculos,"cultura, teatro y danza",castilla y leon,salamanca,87210.33,537.33
ES,42,2024,10,paisaje urbano,espectaculos,"cultura, teatro y danza",castilla y leon,soria,2640.0,165.0
ES,47,2024,10,paisaje urbano,espectaculos,"cultura, teatro y danza",castilla y leon,valladolid,57195.12,719.88
ES,49,2024,10,paisaje urbano,espectaculos,"cultura, teatro y danza",castilla y leon,zamora,120.0,40.0
ES,08,2024,10,paisaje urbano,espectaculos,"cultura, teatro y danza",cataluna,barcelona,143720.62,906.88
ES,17,2024,10,paisaje urbano,espectaculos,"cultura, teatro y danza",cataluna,girona,21458.5,1168.5
ES,25,2024,10,paisaje urbano,espectaculos,"cultura, teatro y danza",cataluna,lleida,96156.0,550.5
ES,43,2024,10,paisaje urbano,espectaculos,"cultura, teatro y danza",cataluna,tarragona,289799.6,813.4
ES,28,2024,10,paisaje urbano,espectaculos,"cultura, teatro y danza",comunidad de madrid,madrid,44885.58,465.25
ES,03,2024,10,paisaje urbano,espectaculos,"cultura, teatro y danza",comunitat valenciana,alicante/alacant,108490.67,469.17
ES,12,2024,10,paisaje urbano,espectaculos,"cultura, teatro y danza",comunitat valenciana,castellon/castello,31834.0,1447.0
ES,46,2024,10,paisaje urbano,espectaculos,"cultura, teatro y danza",comunitat valenciana,valencia/valencia,3744193.17,1280.0
ES,06,2024,10,paisaje urbano,espectaculos,"cultura, teatro y danza",extremadura,badajoz,19704.2,364.0
ES,10,2024,10,paisaje urbano,espectaculos,"cultura, teatro y danza",extremadura,caceres,177765.0,726.0
ES,15,2024,10,paisaje urbano,espectaculos,"cultura, teatro y danza",galicia,a coruna,47192.75,563.25
ES,27,2024,10,paisaje urbano,espectaculos,"cultura, teatro y danza",galicia,lugo,1860.0,620.0
ES,36,2024,10,paisaje urbano,espectaculos,"cultura, teatro y danza",galicia,pontevedra,203742.0,882.0
ES,07,2024,10,paisaje urbano,espectaculos,"cultura, teatro y danza",illes balears,illes balears,172816.4,707.4
ES,26,2024,10,paisaje urbano,espectaculos,"cultura, teatro y danza",la rioja,la rioja,1516722.0,2694.0
ES,01,2024,10,paisaje urbano,espectaculos,"cultura, teatro y danza",pais vasco,araba/alava,202386.0,605.0
ES,48,2024,10,paisaje urbano,espectaculos,"cultura, teatro y danza",pais vasco,bizkaia,39996.67,890.33
ES,20,2024,10,paisaje urbano,espectaculos,"cultura, teatro y danza",pais vasco,gipuzkoa,27922.5,309.67
ES,33,2024,10,paisaje urbano,espectaculos,"cultura, teatro y danza",principado de asturias,asturias,120096.0,864.0
ES,30,2024,10,paisaje urbano,espectaculos,"cultura, teatro y danza",region de murcia,murcia,202681.33,1458.67
ES,41,2024,10,compras,espectaculos,ferias,andalucia,sevilla,6980.0,1396.0
ES,50,2024,10,compras,espectaculos,ferias,aragon,zaragoza,109193.0,5747.0
ES,40,2024,10,compras,espectaculos,ferias,castilla y leon,segovia,539.0,49.0
ES,25,2024,10,compras,espectaculos,ferias,cataluna,lleida,3040.0,380.0
ES,26,2024,10,compras,espectaculos,ferias,la rioja,la rioja,252224.0,3941.0
ES,18,2024,10,paisaje urbano,espectaculos,museo y exposiciones,andalucia,granada,7128.0,1188.0
ES,29,2024,10,paisaje urbano,espectaculos,museo y exposiciones,andalucia,malaga,2000.0,400.0
ES,41,2024,10,paisaje urbano,espectaculos,museo y exposiciones,andalucia,sevilla,70807.5,737.5
ES,45,2024,10,paisaje urbano,espectaculos,museo y exposiciones,castilla - la mancha,toledo,53872.0,728.0
ES,37,2024,10,paisaje urbano,espectaculos,museo y exposiciones,castilla y leon,salamanca,6400.0,25.0
ES,08,2024,10,paisaje urbano,espectaculos,museo y exposiciones,cataluna,barcelona,109284.0,1301.0
ES,43,2024,10,paisaje urbano,espectaculos,museo y exposiciones,cataluna,tarragona,41744.0,2609.0
ES,07,2024,10,paisaje urbano,espectaculos,museo y exposiciones,illes balears,illes balears,1036.0,518.0
ES,48,2024,10,paisaje urbano,espectaculos,museo y exposiciones,pais vasco,bizkaia,80556.0,98.0
ES,04,2024,10,vida nocturna,espectaculos,musica,andalucia,almeria,1310934.75,2599.75
ES,11,2024,10,vida nocturna,espectaculos,musica,andalucia,cadiz,229223.14,1342.57
ES,14,2024,10,vida nocturna,espectaculos,musica,andalucia,cordoba,258645.5,1289.0
ES,18,2024,10,vida nocturna,espectaculos,musica,andalucia,granada,410400.89,1125.89
ES,21,2024,10,vida nocturna,espectaculos,musica,andalucia,huelva,6588.0,540.0
ES,23,2024,10,vida nocturna,espectaculos,musica,andalucia,jaen,17753.33,1278.33
ES,29,2024,10,vida nocturna,espectaculos,musica,andalucia,malaga,205378.33,1181.67
ES,41,2024,10,vida nocturna,espectaculos,musica,andalucia,sevilla,127271.17,842.33
ES,22,2024,10,vida nocturna,espectaculos,musica,aragon,huesca,212031.67,982.67
ES,44,2024,10,vida nocturna,espectaculos,musica,aragon,teruel,240913.25,1178.5
ES,50,2024,10,vida nocturna,espectaculos,musica,aragon,zaragoza,4026800.0,645.0
ES,35,2024,10,vida nocturna,espectaculos,musica,canarias,las palmas,456237.38,1255.75
ES,38,2024,10,vida nocturna,espectaculos,musica,canarias,santa cruz de tenerife,892247.78,1124.89
ES,39,2024,10,vida nocturna,espectaculos,musica,cantabria,cantabria,13064.75,443.0
ES,02,2024,10,vida nocturna,espectaculos,musica,castilla - la mancha,albacete,408724.5,1179.0
ES,13,2024,10,vida nocturna,espectaculos,musica,castilla - la mancha,ciudad real,76105.75,699.75
ES,16,2024,10,vida nocturna,espectaculos,musica,castilla - la mancha,cuenca,192491.0,871.0
ES,19,2024,10,vida nocturna,espectaculos,musica,castilla - la mancha,guadalajara,2815.67,617.67
ES,45,2024,10,vida nocturna,espectaculos,musica,castilla - la mancha,toledo,40924.0,3359.33
ES,09,2024,10,vida nocturna,espectaculos,musica,castilla y leon,burgos,251672.0,1643.0
ES,24,2024,10,vida nocturna,espectaculos,musica,castilla y leon,leon,374774.0,1090.33
ES,34,2024,10,vida nocturna,espectaculos,musica,castilla y leon,palencia,65018.0,1102.0
ES,37,2024,10,vida nocturna,espectaculos,musica,castilla y leon,salamanca,352215.0,1186.5
ES,40,2024,10,vida nocturna,espectaculos,musica,castilla y leon,segovia,1560.0,260.0
ES,42,2024,10,vida nocturna,espectaculos,musica,castilla y leon,soria,269880.0,858.0
ES,47,2024,10,vida nocturna,espectaculos,musica,castilla y leon,valladolid,156646.0,134.0
ES,49,2024,10,vida nocturna,espectaculos,musica,castilla y leon,zamora,140439.0,1230.5
ES,08,2024,10,vida nocturna,espectaculos,musica,cataluna,barcelona,819012.74,984.43
ES,17,2024,10,vida nocturna,espectaculos,musica,cataluna,girona,98054.85,1525.38
ES,25,2024,10,vida nocturna,espectaculos,musica,cataluna,lleida,326598.5,1141.75
ES,43,2024,10,vida nocturna,espectaculos,musica,cataluna,tarragona,137374.44,1021.81
ES,51,2024,10,vida nocturna,espectaculos,musica,ceuta,ceuta,53192.0,872.0
ES,28,2024,10,vida nocturna,espectaculos,musica,comunidad de madrid,madrid,3051809.11,1155.74
ES,31,2024,10,vida nocturna,espectaculos,musica,comunidad foral de navarra,navarra,384300.0,1992.0
ES,03,2024,10,vida nocturna,espectaculos,musica,comunitat valenciana,alicante/alacant,310379.78,1625.39
ES,12,2024,10,vida nocturna,espectaculos,musica,comunitat valenciana,castellon/castello,77013.5,1349.0
ES,46,2024,10,vida nocturna,espectaculos,musica,comunitat valenciana,valencia/valencia,656478.33,1154.44
ES,06,2024,10,vida nocturna,espectaculos,musica,extremadura,badajoz,78867.33,782.0
ES,10,2024,10,vida nocturna,espectaculos,musica,extremadura,caceres,24056.5,673.5
ES,15,2024,10,vida nocturna,espectaculos,musica,galicia,a coruna,222543.86,806.57
ES,27,2024,10,vida nocturna,espectaculos,musica,galicia,lugo,66045.0,1295.0
ES,32,2024,10,vida nocturna,espectaculos,musica,galicia,ourense,3438.0,1146.0
ES,36,2024,10,vida nocturna,espectaculos,musica,galicia,pontevedra,33146.33,848.33
ES,07,2024,10,vida nocturna,espectaculos,musica,illes balears,illes balears,836620.94,1336.24
ES,26,2024,10,vida nocturna,espectaculos,musica,la rioja,la rioja,183016.0,1617.0
ES,01,2024,10,vida nocturna,espectaculos,musica,pais vasco,araba/alava,158929.0,1543.0
ES,48,2024,10,vida nocturna,espectaculos,musica,pais vasco,bizkaia,803863.5,1022.75
ES,20,2024,10,vida nocturna,espectaculos,musica,pais vasco,gipuzkoa,241209.88,973.75
ES,33,2024,10,vida nocturna,espectaculos,musica,principado de asturias,asturias,245515.71,1118.86
ES,30,2024,10,vida nocturna,espectaculos,musica,region de murcia,murcia,1014110.5,623.5
ES,04,2024,10,vida nocturna,espectaculos,musicales,andalucia,almeria,36455.0,1129.0
ES,11,2024,10,vida nocturna,espectaculos,musicales,andalucia,cadiz,28545.0,165.0
ES,14,2024,10,vida nocturna,espectaculos,musicales,andalucia,cordoba,2750.0,110.0
ES,18,2024,10,vida nocturna,espectaculos,musicales,andalucia,granada,101162.5,903.5
ES,41,2024,10,vida nocturna,espectaculos,musicales,andalucia,sevilla,87375.0,1165.0
ES,50,2024,10,vida nocturna,espectaculos,musicales,aragon,zaragoza,25704.0,612.0
ES,35,2024,10,vida nocturna,espectaculos,musicales,canarias,las palmas,172501.33,551.33
ES,38,2024,10,vida nocturna,espectaculos,musicales,canarias,santa cruz de tenerife,81521.2,917.8
ES,02,2024,10,vida nocturna,espectaculos,musicales,castilla - la mancha,albacete,319424.0,1426.0
ES,19,2024,10,vida nocturna,espectaculos,musicales,castilla - la mancha,guadalajara,240.0,80.0
ES,45,2024,10,vida nocturna,espectaculos,musicales,castilla - la mancha,toledo,483678.0,477.0
ES,37,2024,10,vida nocturna,espectaculos,musicales,castilla y leon,salamanca,14608.0,176.0
ES,47,2024,10,vida nocturna,espectaculos,musicales,castilla y leon,valladolid,129709.0,859.0
ES,08,2024,10,vida nocturna,espectaculos,musicales,cataluna,barcelona,510449.0,842.25
ES,25,2024,10,vida nocturna,espectaculos,musicales,cataluna,lleida,62328.0,424.0
ES,28,2024,10,vida nocturna,espectaculos,musicales,comunidad de madrid,madrid,30321.8,450.6
ES,03,2024,10,vida nocturna,espectaculos,musicales,comunitat valenciana,alicante/alacant,35337.5,491.5
ES,46,2024,10,vida nocturna,espectaculos,musicales,comunitat valenciana,valencia/valencia,108708.5,671.0
ES,06,2024,10,vida nocturna,espectaculos,musicales,extremadura,badajoz,5192.0,172.33
ES,10,2024,10,vida nocturna,espectaculos,musicales,extremadura,caceres,22385.0,940.5
ES,15,2024,10,vida nocturna,espectaculos,musicales,galicia,a coruna,6498.0,722.0
ES,07,2024,10,vida nocturna,espectaculos,musicales,illes balears,illes balears,3040.0,1216.0
ES,30,2024,10,vida nocturna,espectaculos,musicales,region de murcia,murcia,12123.0,898.0
ES,03,2024,10,paisaje naturaleza,espectaculos,parques tematicos,comunitat valenciana,alicante/alacant,706706.0,1001.0
ES,04,2024,11,paisaje naturaleza,actividades,actividades infantiles,andalucia,almeria,93102.5,475.5
ES,11,2024,11,paisaje naturaleza,actividades,actividades infantiles,andalucia,cadiz,102043.0,2730.5
ES,14,2024,11,paisaje naturaleza,actividades,actividades infantiles,andalucia,cordoba,8844.0,1005.0
ES,18,2024,11,paisaje naturaleza,actividades,actividades infantiles,andalucia,granada,869492.0,812.0
ES,21,2024,11,paisaje naturaleza,actividades,actividades infantiles,andalucia,huelva,36267.0,471.0
ES,29,2024,11,paisaje naturaleza,actividades,actividades infantiles,andalucia,malaga,85414.0,258.0
ES,41,2024,11,paisaje naturaleza,actividades,actividades infantiles,andalucia,sevilla,43469.0,412.67
ES,22,2024,11,paisaje naturaleza,actividades,actividades infantiles,aragon,huesca,280.0,140.0
ES,50,2024,11,paisaje naturaleza,actividades,actividades infantiles,aragon,zaragoza,377629.0,302.5
ES,35,2024,11,paisaje naturaleza,actividades,actividades infantiles,canarias,las palmas,34668.4,124.8
ES,38,2024,11,paisaje naturaleza,actividades,actividades infantiles,canarias,santa cruz de tenerife,26730.8,408.6
ES,39,2024,11,paisaje naturaleza,actividades,actividades infantiles,cantabria,cantabria,9840.0,60.0
ES,02,2024,11,paisaje naturaleza,actividades,actividades infantiles,castilla - la mancha,albacete,144524.0,788.5
ES,19,2024,11,paisaje naturaleza,actividades,actividades infantiles,castilla - la mancha,guadalajara,8509.0,636.67
ES,45,2024,11,paisaje naturaleza,actividades,actividades infantiles,castilla - la mancha,toledo,8013.5,1915.0
ES,05,2024,11,paisaje naturaleza,actividades,actividades infantiles,castilla y leon,avila,15105.0,1007.0
ES,24,2024,11,paisaje naturaleza,actividades,actividades infantiles,castilla y leon,leon,174498.0,762.0
ES,37,2024,11,paisaje naturaleza,actividades,actividades infantiles,castilla y leon,salamanca,182007.0,1701.0
ES,47,2024,11,paisaje naturaleza,actividades,actividades infantiles,castilla y leon,valladolid,121320.0,700.67
ES,08,2024,11,paisaje naturaleza,actividades,actividades infantiles,cataluna,barcelona,405650.36,1339.5
ES,17,2024,11,paisaje naturaleza,actividades,actividades infantiles,cataluna,girona,46069.0,1049.5
ES,25,2024,11,paisaje naturaleza,actividades,actividades infantiles,cataluna,lleida,3915.0,1566.0
ES,43,2024,11,paisaje naturaleza,actividades,actividades infantiles,cataluna,tarragona,20730.75,762.25
ES,28,2024,11,paisaje naturaleza,actividades,actividades infantiles,comunidad de madrid,madrid,148091.75,616.62
ES,03,2024,11,paisaje naturaleza,actividades,actividades infantiles,comunitat valenciana,alicante/alacant,10613.2,136.6
ES,12,2024,11,paisaje naturaleza,actividades,actividades infantiles,comunitat valenciana,castellon/castello,68448.0,1472.0
ES,46,2024,11,paisaje naturaleza,actividades,actividades infantiles,comunitat valenciana,valencia/valencia,1118306.5,498.25
ES,06,2024,11,paisaje naturaleza,actividades,actividades infantiles,extremadura,badajoz,41894.33,646.33
ES,10,2024,11,paisaje naturaleza,actividades,actividades infantiles,extremadura,caceres,43964.75,1076.5
ES,15,2024,11,paisaje naturaleza,actividades,actividades infantiles,galicia,a coruna,178704.0,657.0
ES,27,2024,11,paisaje naturaleza,actividades,actividades infantiles,galicia,lugo,2240.0,160.0
ES,07,2024,11,paisaje naturaleza,actividades,actividades infantiles,illes balears,illes balears,142650.77,1302.0
ES,01,2024,11,paisaje naturaleza,actividades,actividades infantiles,pais vasco,araba/alava,991.5,276.0
ES,48,2024,11,paisaje naturaleza,actividades,actividades infantiles,pais vasco,bizkaia,659765.0,1039.0
ES,20,2024,11,paisaje naturaleza,actividades,actividades infantiles,pais vasco,gipuzkoa,455994.0,846.0
ES,33,2024,11,paisaje naturaleza,actividades,actividades infantiles,principado de asturias,asturias,51029.0,1187.5
ES,30,2024,11,paisaje naturaleza,actividades,actividades infantiles,region de murcia,murcia,94667.0,1532.0
ES,23,2024,11,servicios,actividades,cursos,andalucia,jaen,2500.0,500.0
ES,29,2024,11,servicios,actividades,cursos,andalucia,malaga,171618.5,1565.0
ES,41,2024,11,servicios,actividades,cursos,andalucia,sevilla,12864.0,402.0
ES,50,2024,11,servicios,actividades,cursos,aragon,zaragoza,1260082.0,4013.0
ES,35,2024,11,servicios,actividades,cursos,canarias,las palmas,6588.0,915.0
ES,38,2024,11,servicios,actividades,cursos,canarias,santa cruz de tenerife,2530.0,253.0
ES,47,2024,11,servicios,actividades,cursos,castilla y leon,valladolid,26952.67,6793.67
ES,08,2024,11,servicios,actividades,cursos,cataluna,barcelona,226257.0,2058.67
ES,43,2024,11,servicios,actividades,cursos,cataluna,tarragona,31806.0,1178.0
ES,28,2024,11,servicios,actividades,cursos,comunidad de madrid,madrid,10155.0,232.5
ES,03,2024,11,servicios,actividades,cursos,comunitat valenciana,alicante/alacant,9000.0,250.0
ES,46,2024,11,servicios,actividades,cursos,comunitat valenciana,valencia/valencia,32164.0,748.0
ES,10,2024,11,servicios,actividades,cursos,extremadura,caceres,28809.0,873.0
ES,15,2024,11,servicios,actividades,cursos,galicia,a coruna,500.0,250.0
ES,36,2024,11,servicios,actividades,cursos,galicia,pontevedra,45685.0,9137.0
ES,07,2024,11,servicios,actividades,cursos,illes balears,illes balears,319383.75,3785.25
ES,48,2024,11,servicios,actividades,cursos,pais vasco,bizkaia,17295.33,1854.0
ES,20,2024,11,servicios,actividades,cursos,pais vasco,gipuzkoa,21902.0,1548.0
ES,33,2024,11,servicios,actividades,cursos,principado de asturias,asturias,1400.0,200.0
ES,04,2024,11,paisaje naturaleza,actividades,deportes y aventuras,andalucia,almeria,5162.0,2581.0
ES,11,2024,11,paisaje naturaleza,actividades,deportes y aventuras,andalucia,cadiz,29424.0,1839.0
ES,29,2024,11,paisaje naturaleza,actividades,deportes y aventuras,andalucia,malaga,59797.0,2522.5
ES,41,2024,11,paisaje naturaleza,actividades,deportes y aventuras,andalucia,sevilla,29351.0,599.0
ES,50,2024,11,paisaje naturaleza,actividades,deportes y aventuras,aragon,zaragoza,219936.0,1264.0
ES,35,2024,11,paisaje naturaleza,actividades,deportes y aventuras,canarias,las palmas,4650.0,30.0
ES,38,2024,11,paisaje naturaleza,actividades,deportes y aventuras,canarias,santa cruz de tenerife,58512.0,1219.0
ES,02,2024,11,paisaje naturaleza,actividades,deportes y aventuras,castilla - la mancha,albacete,37168.0,2323.0
ES,16,2024,11,paisaje naturaleza,actividades,deportes y aventuras,castilla - la mancha,cuenca,4650.0,30.0
ES,37,2024,11,paisaje naturaleza,actividades,deportes y aventuras,castilla y leon,salamanca,660.0,66.0
ES,08,2024,11,paisaje naturaleza,actividades,deportes y aventuras,cataluna,barcelona,170456.0,2889.29
ES,43,2024,11,paisaje naturaleza,actividades,deportes y aventuras,cataluna,tarragona,29862.0,976.0
ES,28,2024,11,paisaje naturaleza,actividades,deportes y aventuras,comunidad de madrid,madrid,140822.0,346.0
ES,31,2024,11,paisaje naturaleza,actividades,deportes y aventuras,comunidad foral de navarra,navarra,1003168.0,2668.0
ES,03,2024,11,paisaje naturaleza,actividades,deportes y aventuras,comunitat valenciana,alicante/alacant,16029.5,1604.75
ES,06,2024,11,paisaje naturaleza,actividades,deportes y aventuras,extremadura,badajoz,105353.0,1058.0
ES,10,2024,11,paisaje naturaleza,actividades,deportes y aventuras,extremadura,caceres,84088.5,2084.0
ES,07,2024,11,paisaje naturaleza,actividades,deportes y aventuras,illes balears,illes balears,54988.0,932.0
ES,48,2024,11,paisaje naturaleza,actividades,deportes y aventuras,pais vasco,bizkaia,98069.0,1002.0
ES,20,2024,11,paisaje naturaleza,actividades,deportes y aventuras,pais vasco,gipuzkoa,234312.0,3004.0
ES,33,2024,11,paisaje naturaleza,actividades,deportes y aventuras,principado de asturias,asturias,27996.0,9332.0
ES,30,2024,11,paisaje naturaleza,actividades,deportes y aventuras,region de murcia,murcia,88294.0,458.5
ES,04,2024,11,comida y bebida,actividades,gastronomia,andalucia,almeria,16096.0,1006.0
ES,11,2024,11,comida y bebida,actividades,gastronomia,andalucia,cadiz,14970.5,660.5
ES,29,2024,11,comida y bebida,actividades,gastronomia,andalucia,malaga,274527.0,891.0
ES,41,2024,11,comida y bebida,actividades,gastronomia,andalucia,sevilla,11418.0,519.0
ES,50,2024,11,comida y bebida,actividades,gastronomia,aragon,zaragoza,5580.0,180.0
ES,35,2024,11,comida y bebida,actividades,gastronomia,canarias,las palmas,142912.0,1232.0
ES,38,2024,11,comida y bebida,actividades,gastronomia,canarias,santa cruz de tenerife,73083.5,902.5
ES,02,2024,11,comida y bebida,actividades,gastronomia,castilla - la mancha,albacete,1530.0,1275.0
ES,19,2024,11,comida y bebida,actividades,gastronomia,castilla - la mancha,guadalajara,45806.0,619.0
ES,08,2024,11,comida y bebida,actividades,gastronomia,cataluna,barcelona,450875.33,1031.0
ES,17,2024,11,comida y bebida,actividades,gastronomia,cataluna,girona,3071.0,83.0
ES,28,2024,11,comida y bebida,actividades,gastronomia,comunidad de madrid,madrid,355979.5,2255.5
ES,46,2024,11,comida y bebida,actividades,gastronomia,comunitat valenciana,valencia/valencia,300.0,100.0
ES,36,2024,11,comida y bebida,actividades,gastronomia,galicia,pontevedra,756.0,756.0
ES,07,2024,11,comida y bebida,actividades,gastronomia,illes balears,illes balears,676948.0,4078.0
ES,04,2024,11,vida nocturna,espectaculos,cine,andalucia,almeria,34216.0,611.0
ES,29,2024,11,vida nocturna,espectaculos,cine,andalucia,malaga,390576.0,1896.0
ES,41,2024,11,vida nocturna,espectaculos,cine,andalucia,sevilla,130808.0,394.0
ES,50,2024,11,vida nocturna,espectaculos,cine,aragon,zaragoza,17136.0,453.0
ES,35,2024,11,vida nocturna,espectaculos,cine,canarias,las palmas,4501.0,229.0
ES,02,2024,11,vida nocturna,espectaculos,cine,castilla - la mancha,albacete,3000.0,300.0
ES,47,2024,11,vida nocturna,espectaculos,cine,castilla y leon,valladolid,5031.0,559.0
ES,08,2024,11,vida nocturna,espectaculos,cine,cataluna,barcelona,274970.0,565.0
ES,17,2024,11,vida nocturna,espectaculos,cine,cataluna,girona,405.0,45.0
ES,28,2024,11,vida nocturna,espectaculos,cine,comunidad de madrid,madrid,120495.0,831.0
ES,03,2024,11,vida nocturna,espectaculos,cine,comunitat valenciana,alicante/alacant,76405.5,405.75
ES,07,2024,11,vida nocturna,espectaculos,cine,illes balears,illes balears,14224.0,508.0
ES,20,2024,11,vida nocturna,espectaculos,cine,pais vasco,gipuzkoa,2177.0,311.0
ES,04,2024,11,otros,espectaculos,conferencias,andalucia,almeria,2500.0,500.0
ES,11,2024,11,otros,espectaculos,conferencias,andalucia,cadiz,900.0,100.0
ES,41,2024,11,otros,espectaculos,conferencias,andalucia,sevilla,8250.0,55.0
ES,50,2024,11,otros,espectaculos,conferencias,aragon,zaragoza,447609.0,4813.0
ES,35,2024,11,otros,espectaculos,conferencias,canarias,las palmas,20436.0,262.0
ES,40,2024,11,otros,espectaculos,conferencias,castilla y leon,segovia,1984.0,496.0
ES,08,2024,11,otros,espectaculos,conferencias,cataluna,barcelona,198597.5,5519.5
ES,25,2024,11,otros,espectaculos,conferencias,cataluna,lleida,380.0,380.0
ES,28,2024,11,otros,espectaculos,conferencias,comunidad de madrid,madrid,101376.0,384.0
ES,07,2024,11,otros,espectaculos,conferencias,illes balears,illes balears,85296.0,5331.0
ES,30,2024,11,otros,espectaculos,conferencias,region de murcia,murcia,15050.0,350.0
ES,04,2024,11,paisaje urbano,espectaculos,"cultura, teatro y danza",andalucia,almeria,333540.6,1434.8
ES,11,2024,11,paisaje urbano,espectaculos,"cultura, teatro y danza",andalucia,cadiz,85799.33,1150.33
ES,14,2024,11,paisaje urbano,espectaculos,"cultura, teatro y danza",andalucia,cordoba,72909.67,707.67
ES,18,2024,11,paisaje urbano,espectaculos,"cultura, teatro y danza",andalucia,granada,683801.33,423.33
ES,21,2024,11,paisaje urbano,espectaculos,"cultura, teatro y danza",andalucia,huelva,36267.0,471.0
ES,23,2024,11,paisaje urbano,espectaculos,"cultura, teatro y danza",andalucia,jaen,14117.0,743.0
ES,29,2024,11,paisaje urbano,espectaculos,"cultura, teatro y danza",andalucia,malaga,535236.2,483.8
ES,41,2024,11,paisaje urbano,espectaculos,"cultura, teatro y danza",andalucia,sevilla,53136.75,1044.75
ES,22,2024,11,paisaje urbano,espectaculos,"cultura, teatro y danza",aragon,huesca,7476.67,720.67
ES,50,2024,11,paisaje urbano,espectaculos,"cultura, teatro y danza",aragon,zaragoza,648702.0,412.67
ES,35,2024,11,paisaje urbano,espectaculos,"cultura, teatro y danza",canarias,las palmas,208092.67,1229.89
ES,38,2024,11,paisaje urbano,espectaculos,"cultura, teatro y danza",canarias,santa cruz de tenerife,266484.56,985.89
ES,39,2024,11,paisaje urbano,espectaculos,"cultura, teatro y danza",cantabria,cantabria,323669.5,876.5
ES,02,2024,11,paisaje urbano,espectaculos,"cultura, teatro y danza",castilla - la mancha,albacete,437343.67,697.67
ES,19,2024,11,paisaje urbano,espectaculos,"cultura, teatro y danza",castilla - la mancha,guadalajara,18421.67,431.0
ES,45,2024,11,paisaje urbano,espectaculos,"cultura, teatro y danza",castilla - la mancha,toledo,190080.33,570.0
ES,05,2024,11,paisaje urbano,espectaculos,"cultura, teatro y danza",castilla y leon,avila,15105.0,1007.0
ES,09,2024,11,paisaje urbano,espectaculos,"cultura, teatro y danza",castilla y leon,burgos,700.0,50.0
ES,37,2024,11,paisaje urbano,espectaculos,"cultura, teatro y danza",castilla y leon,salamanca,99023.0,625.67
ES,42,2024,11,paisaje urbano,espectaculos,"cultura, teatro y danza",castilla y leon,soria,255718.5,835.5
ES,47,2024,11,paisaje urbano,espectaculos,"cultura, teatro y danza",castilla y leon,valladolid,218067.83,836.17
ES,49,2024,11,paisaje urbano,espectaculos,"cultura, teatro y danza",castilla y leon,zamora,2406.0,401.0
ES,08,2024,11,paisaje urbano,espectaculos,"cultura, teatro y danza",cataluna,barcelona,575079.47,688.88
ES,17,2024,11,paisaje urbano,espectaculos,"cultura, teatro y danza",cataluna,girona,3694.5,168.5
ES,25,2024,11,paisaje urbano,espectaculos,"cultura, teatro y danza",cataluna,lleida,68355.0,441.0
ES,43,2024,11,paisaje urbano,espectaculos,"cultura, teatro y danza",cataluna,tarragona,77199.0,1346.25
ES,28,2024,11,paisaje urbano,espectaculos,"cultura, teatro y danza",comunidad de madrid,madrid,415070.58,852.25
ES,03,2024,11,paisaje urbano,espectaculos,"cultura, teatro y danza",comunitat valenciana,alicante/alacant,226370.57,965.71
ES,12,2024,11,paisaje urbano,espectaculos,"cultura, teatro y danza",comunitat valenciana,castellon/castello,121475.5,1635.5
ES,46,2024,11,paisaje urbano,espectaculos,"cultura, teatro y danza",comunitat valenciana,valencia/valencia,742507.5,566.25
ES,06,2024,11,paisaje urbano,espectaculos,"cultura, teatro y danza",extremadura,badajoz,33174.0,432.4
ES,10,2024,11,paisaje urbano,espectaculos,"cultura, teatro y danza",extremadura,caceres,84948.0,485.33
ES,15,2024,11,paisaje urbano,espectaculos,"cultura, teatro y danza",galicia,a coruna,127410.75,606.25
ES,27,2024,11,paisaje urbano,espectaculos,"cultura, teatro y danza",galicia,lugo,80528.0,1211.0
ES,32,2024,11,paisaje urbano,espectaculos,"cultura, teatro y danza",galicia,ourense,32996.0,452.0
ES,36,2024,11,paisaje urbano,espectaculos,"cultura, teatro y danza",galicia,pontevedra,122090.5,780.5
ES,07,2024,11,paisaje urbano,espectaculos,"cultura, teatro y danza",illes balears,illes balears,105769.75,687.33
ES,26,2024,11,paisaje urbano,espectaculos,"cultura, teatro y danza",la rioja,la rioja,1137006.0,1465.5
ES,01,2024,11,paisaje urbano,espectaculos,"cultura, teatro y danza",pais vasco,araba/alava,65925.25,352.0
ES,48,2024,11,paisaje urbano,espectaculos,"cultura, teatro y danza",pais vasco,bizkaia,347846.67,1174.67
ES,20,2024,11,paisaje urbano,espectaculos,"cultura, teatro y danza",pais vasco,gipuzkoa,192549.83,785.17
ES,33,2024,11,paisaje urbano,espectaculos,"cultura, teatro y danza",principado de asturias,asturias,195193.5,1047.5
ES,30,2024,11,paisaje urbano,espectaculos,"cultura, teatro y danza",region de murcia,murcia,591216.0,872.0
ES,41,2024,11,compras,espectaculos,ferias,andalucia,sevilla,45714.0,401.0
ES,50,2024,11,compras,espectaculos,ferias,aragon,zaragoza,99846.0,5547.0
ES,40,2024,11,compras,espectaculos,ferias,castilla y leon,segovia,1984.0,496.0
ES,25,2024,11,compras,espectaculos,ferias,cataluna,lleida,380.0,380.0
ES,28,2024,11,compras,espectaculos,ferias,comunidad de madrid,madrid,101376.0,384.0
ES,18,2024,11,paisaje urbano,espectaculos,museo y exposiciones,andalucia,granada,360.0,120.0
ES,21,2024,11,paisaje urbano,espectaculos,museo y exposiciones,andalucia,huelva,36267.0,471.0
ES,41,2024,11,paisaje urbano,espectaculos,museo y exposiciones,andalucia,sevilla,6162.5,729.5
ES,45,2024,11,paisaje urbano,espectaculos,museo y exposiciones,castilla - la mancha,toledo,7616.0,595.0
ES,37,2024,11,paisaje urbano,espectaculos,museo y exposiciones,castilla y leon,salamanca,75573.0,243.0
ES,08,2024,11,paisaje urbano,espectaculos,museo y exposiciones,cataluna,barcelona,120493.0,1193.0
ES,43,2024,11,paisaje urbano,espectaculos,museo y exposiciones,cataluna,tarragona,48639.0,1569.0
ES,07,2024,11,paisaje urbano,espectaculos,museo y exposiciones,illes balears,illes balears,31392.0,872.0
ES,48,2024,11,paisaje urbano,espectaculos,museo y exposiciones,pais vasco,bizkaia,659765.0,1039.0
ES,04,2024,11,vida nocturna,espectaculos,musica,andalucia,almeria,1663426.33,765.0
ES,11,2024,11,vida nocturna,espectaculos,musica,andalucia,cadiz,80829.0,761.83
ES,14,2024,11,vida nocturna,espectaculos,musica,andalucia,cordoba,343083.0,1216.0
ES,18,2024,11,vida nocturna,espectaculos,musica,andalucia,granada,101118.2,1548.6
ES,21,2024,11,vida nocturna,espectaculos,musica,andalucia,huelva,1740.0,84.0
ES,23,2024,11,vida nocturna,espectaculos,musica,andalucia,jaen,279540.5,849.5
ES,29,2024,11,vida nocturna,espectaculos,musica,andalucia,malaga,521390.0,1066.25
ES,41,2024,11,vida nocturna,espectaculos,musica,andalucia,sevilla,1172827.17,861.67
ES,22,2024,11,vida nocturna,espectaculos,musica,aragon,huesca,167027.5,1174.25
ES,44,2024,11,vida nocturna,espectaculos,musica,aragon,teruel,25279.25,366.5
ES,50,2024,11,vida nocturna,espectaculos,musica,aragon,zaragoza,1802253.25,662.75
ES,35,2024,11,vida nocturna,espectaculos,musica,canarias,las palmas,203835.55,825.36
ES,38,2024,11,vida nocturna,espectaculos,musica,canarias,santa cruz de tenerife,1236760.56,1441.67
ES,39,2024,11,vida nocturna,espectaculos,musica,cantabria,cantabria,116662.0,1438.0
ES,02,2024,11,vida nocturna,espectaculos,musica,castilla - la mancha,albacete,636604.5,1192.5
ES,13,2024,11,vida nocturna,espectaculos,musica,castilla - la mancha,ciudad real,24473.71,812.57
ES,16,2024,11,vida nocturna,espectaculos,musica,castilla - la mancha,cuenca,90828.0,783.0
ES,19,2024,11,vida nocturna,espectaculos,musica,castilla - la mancha,guadalajara,215641.5,2160.5
ES,45,2024,11,vida nocturna,espectaculos,musica,castilla - la mancha,toledo,287771.67,3397.67
ES,05,2024,11,vida nocturna,espectaculos,musica,castilla y leon,avila,9198.0,1022.0
ES,09,2024,11,vida nocturna,espectaculos,musica,castilla y leon,burgos,194615.0,1544.0
ES,24,2024,11,vida nocturna,espectaculos,musica,castilla y leon,leon,199801.33,1146.67
ES,34,2024,11,vida nocturna,espectaculos,musica,castilla y leon,palencia,12541.5,596.5
ES,37,2024,11,vida nocturna,espectaculos,musica,castilla y leon,salamanca,589275.0,1215.0
ES,40,2024,11,vida nocturna,espectaculos,musica,castilla y leon,segovia,20494.5,1279.5
ES,42,2024,11,vida nocturna,espectaculos,musica,castilla y leon,soria,157589.75,897.0
ES,47,2024,11,vida nocturna,espectaculos,musica,castilla y leon,valladolid,2678298.0,1483.0
ES,49,2024,11,vida nocturna,espectaculos,musica,castilla y leon,zamora,93272.5,1157.5
ES,08,2024,11,vida nocturna,espectaculos,musica,cataluna,barcelona,890132.23,1129.79
ES,17,2024,11,vida nocturna,espectaculos,musica,cataluna,girona,51689.64,627.27
ES,25,2024,11,vida nocturna,espectaculos,musica,cataluna,lleida,231152.0,1317.67
ES,43,2024,11,vida nocturna,espectaculos,musica,cataluna,tarragona,133365.11,772.22
ES,28,2024,11,vida nocturna,espectaculos,musica,comunidad de madrid,madrid,4442438.74,1716.11
ES,31,2024,11,vida nocturna,espectaculos,musica,comunidad foral de navarra,navarra,336836.5,1289.75
ES,03,2024,11,vida nocturna,espectaculos,musica,comunitat valenciana,alicante/alacant,371248.12,1279.69
ES,12,2024,11,vida nocturna,espectaculos,musica,comunitat valenciana,castellon/castello,395199.0,754.33
ES,46,2024,11,vida nocturna,espectaculos,musica,comunitat valenciana,valencia/valencia,315842.0,959.83
ES,06,2024,11,vida nocturna,espectaculos,musica,extremadura,badajoz,78908.67,623.33
ES,10,2024,11,vida nocturna,espectaculos,musica,extremadura,caceres,23867.75,685.25
ES,15,2024,11,vida nocturna,espectaculos,musica,galicia,a coruna,396129.67,512.67
ES,27,2024,11,vida nocturna,espectaculos,musica,galicia,lugo,247598.0,1157.0
ES,32,2024,11,vida nocturna,espectaculos,musica,galicia,ourense,5250.0,150.0
ES,36,2024,11,vida nocturna,espectaculos,musica,galicia,pontevedra,236345.5,1069.5
ES,07,2024,11,vida nocturna,espectaculos,musica,illes balears,illes balears,663307.81,1282.72
ES,26,2024,11,vida nocturna,espectaculos,musica,la rioja,la rioja,217688.5,1406.5
ES,01,2024,11,vida nocturna,espectaculos,musica,pais vasco,araba/alava,10451.0,1493.0
ES,48,2024,11,vida nocturna,espectaculos,musica,pais vasco,bizkaia,149719.83,678.83
ES,20,2024,11,vida nocturna,espectaculos,musica,pais vasco,gipuzkoa,337387.88,1044.12
ES,33,2024,11,vida nocturna,espectaculos,musica,principado de asturias,asturias,251743.33,1344.5
ES,30,2024,11,vida nocturna,espectaculos,musica,region de murcia,murcia,622007.6,1023.6
ES,04,2024,11,vida nocturna,espectaculos,musicales,andalucia,almeria,21301.0,1253.0
ES,11,2024,11,vida nocturna,espectaculos,musicales,andalucia,cadiz,200214.0,1589.0
ES,14,2024,11,vida nocturna,espectaculos,musicales,andalucia,cordoba,30780.0,338.0
ES,18,2024,11,vida nocturna,espectaculos,musicales,andalucia,granada,649989.0,613.5
ES,23,2024,11,vida nocturna,espectaculos,musicales,andalucia,jaen,559.0,559.0
ES,41,2024,11,vida nocturna,espectaculos,musicales,andalucia,sevilla,20022.0,1065.0
ES,22,2024,11,vida nocturna,espectaculos,musicales,aragon,huesca,280.0,140.0
ES,50,2024,11,vida nocturna,espectaculos,musicales,aragon,zaragoza,598968.0,708.0
ES,35,2024,11,vida nocturna,espectaculos,musicales,canarias,las palmas,475426.0,964.0
ES,38,2024,11,vida nocturna,espectaculos,musicales,canarias,santa cruz de tenerife,40331.4,988.8
ES,02,2024,11,vida nocturna,espectaculos,musicales,castilla - la mancha,albacete,1303134.0,1311.0
ES,19,2024,11,vida nocturna,espectaculos,musicales,castilla - la mancha,guadalajara,1440.0,80.0
ES,45,2024,11,vida nocturna,espectaculos,musicales,castilla - la mancha,toledo,464576.0,448.0
ES,05,2024,11,vida nocturna,espectaculos,musicales,castilla y leon,avila,15105.0,1007.0
ES,37,2024,11,vida nocturna,espectaculos,musicales,castilla y leon,salamanca,182007.0,1701.0
ES,47,2024,11,vida nocturna,espectaculos,musicales,castilla y leon,valladolid,340688.0,856.0
ES,08,2024,11,vida nocturna,espectaculos,musicales,cataluna,barcelona,125239.17,950.33
ES,25,2024,11,vida nocturna,espectaculos,musicales,cataluna,lleida,68355.0,441.0
ES,28,2024,11,vida nocturna,espectaculos,musicales,comunidad de madrid,madrid,109333.33,618.67
ES,03,2024,11,vida nocturna,espectaculos,musicales,comunitat valenciana,alicante/alacant,13373.0,198.5
ES,12,2024,11,vida nocturna,espectaculos,musicales,comunitat valenciana,castellon/castello,68448.0,1472.0
ES,46,2024,11,vida nocturna,espectaculos,musicales,comunitat valenciana,valencia/valencia,1031381.0,607.5
ES,06,2024,11,vida nocturna,espectaculos,musicales,extremadura,badajoz,54082.0,656.67
ES,10,2024,11,vida nocturna,espectaculos,musicales,extremadura,caceres,35266.0,187.0
ES,15,2024,11,vida nocturna,espectaculos,musicales,galicia,a coruna,76532.0,722.0
ES,07,2024,11,vida nocturna,espectaculos,musicales,illes balears,illes balears,47932.0,521.0
ES,01,2024,11,vida nocturna,espectaculos,musicales,pais vasco,araba/alava,2842.0,406.0
ES,30,2024,11,vida nocturna,espectaculos,musicales,region de murcia,murcia,8770.0,877.0
ES,04,2024,12,paisaje naturaleza,actividades,actividades infantiles,andalucia,almeria,15656.67,413.0
ES,11,2024,12,paisaje naturaleza,actividades,actividades infantiles,andalucia,cadiz,152522.0,1716.0
ES,14,2024,12,paisaje naturaleza,actividades,actividades infantiles,andalucia,cordoba,2987.0,103.0
ES,18,2024,12,paisaje naturaleza,actividades,actividades infantiles,andalucia,granada,48656.0,1026.33
ES,21,2024,12,paisaje naturaleza,actividades,actividades infantiles,andalucia,huelva,203728.0,476.0
ES,29,2024,12,paisaje naturaleza,actividades,actividades infantiles,andalucia,malaga,188625.5,476.5
ES,41,2024,12,paisaje naturaleza,actividades,actividades infantiles,andalucia,sevilla,558226.5,968.5
ES,22,2024,12,paisaje naturaleza,actividades,actividades infantiles,aragon,huesca,100854.0,431.0
ES,50,2024,12,paisaje naturaleza,actividades,actividades infantiles,aragon,zaragoza,439838.5,693.5
ES,35,2024,12,paisaje naturaleza,actividades,actividades infantiles,canarias,las palmas,10279.0,823.75
ES,38,2024,12,paisaje naturaleza,actividades,actividades infantiles,canarias,santa cruz de tenerife,4179.0,164.5
ES,39,2024,12,paisaje naturaleza,actividades,actividades infantiles,cantabria,cantabria,177646.5,903.5
ES,02,2024,12,paisaje naturaleza,actividades,actividades infantiles,castilla - la mancha,albacete,194337.5,827.5
ES,19,2024,12,paisaje naturaleza,actividades,actividades infantiles,castilla - la mancha,guadalajara,162498.5,802.5
ES,45,2024,12,paisaje naturaleza,actividades,actividades infantiles,castilla - la mancha,toledo,64157.33,2558.67
ES,24,2024,12,paisaje naturaleza,actividades,actividades infantiles,castilla y leon,leon,803784.0,1252.0
ES,37,2024,12,paisaje naturaleza,actividades,actividades infantiles,castilla y leon,salamanca,347454.0,1746.0
ES,47,2024,12,paisaje naturaleza,actividades,actividades infantiles,castilla y leon,valladolid,1916538.75,729.0
ES,49,2024,12,paisaje naturaleza,actividades,actividades infantiles,castilla y leon,zamora,35518.0,602.0
ES,08,2024,12,paisaje naturaleza,actividades,actividades infantiles,cataluna,barcelona,319171.69,1415.23
ES,17,2024,12,paisaje naturaleza,actividades,actividades infantiles,cataluna,girona,194737.0,241.0
ES,25,2024,12,paisaje naturaleza,actividades,actividades infantiles,cataluna,lleida,618495.0,1013.0
ES,43,2024,12,paisaje naturaleza,actividades,actividades infantiles,cataluna,tarragona,172363.25,1335.0
ES,28,2024,12,paisaje naturaleza,actividades,actividades infantiles,comunidad de madrid,madrid,106687.0,782.17
ES,31,2024,12,paisaje naturaleza,actividades,actividades infantiles,comunidad foral de navarra,navarra,980.0,140.0
ES,03,2024,12,paisaje naturaleza,actividades,actividades infantiles,comunitat valenciana,alicante/alacant,41172.4,422.0
ES,12,2024,12,paisaje naturaleza,actividades,actividades infantiles,comunitat valenciana,castellon/castello,50400.0,144.0
ES,46,2024,12,paisaje naturaleza,actividades,actividades infantiles,comunitat valenciana,valencia/valencia,1057363.2,872.6
ES,06,2024,12,paisaje naturaleza,actividades,actividades infantiles,extremadura,badajoz,85049.0,940.67
ES,10,2024,12,paisaje naturaleza,actividades,actividades infantiles,extremadura,caceres,9075.0,165.0
ES,15,2024,12,paisaje naturaleza,actividades,actividades infantiles,galicia,a coruna,136172.0,577.0
ES,27,2024,12,paisaje naturaleza,actividades,actividades infantiles,galicia,lugo,139578.0,1623.0
ES,36,2024,12,paisaje naturaleza,actividades,actividades infantiles,galicia,pontevedra,225957.0,327.0
ES,07,2024,12,paisaje naturaleza,actividades,actividades infantiles,illes balears,illes balears,80411.09,951.64
ES,01,2024,12,paisaje naturaleza,actividades,actividades infantiles,pais vasco,araba/alava,120628.33,307.0
ES,48,2024,12,paisaje naturaleza,actividades,actividades infantiles,pais vasco,bizkaia,186286.0,878.25
ES,20,2024,12,paisaje naturaleza,actividades,actividades infantiles,pais vasco,gipuzkoa,21945.0,627.0
ES,33,2024,12,paisaje naturaleza,actividades,actividades infantiles,principado de asturias,asturias,4979.0,503.0
ES,30,2024,12,paisaje naturaleza,actividades,actividades infantiles,region de murcia,murcia,22463.33,1264.33
ES,29,2024,12,servicios,actividades,cursos,andalucia,malaga,500.0,125.0
ES,50,2024,12,servicios,actividades,cursos,aragon,zaragoza,1131116.0,2786.0
ES,35,2024,12,servicios,actividades,cursos,canarias,las palmas,10572.0,2643.0
ES,38,2024,12,servicios,actividades,cursos,canarias,santa cruz de tenerife,150.0,150.0
ES,08,2024,12,servicios,actividades,cursos,cataluna,barcelona,21476.0,1913.5
ES,28,2024,12,servicios,actividades,cursos,comunidad de madrid,madrid,158882.0,2590.67
ES,03,2024,12,servicios,actividades,cursos,comunitat valenciana,alicante/alacant,5499.0,1833.0
ES,10,2024,12,servicios,actividades,cursos,extremadura,caceres,5538.0,923.0
ES,07,2024,12,servicios,actividades,cursos,illes balears,illes balears,222380.0,2213.33
ES,48,2024,12,servicios,actividades,cursos,pais vasco,bizkaia,10500.0,1750.0
ES,30,2024,12,servicios,actividades,cursos,region de murcia,murcia,94962.5,5277.5
ES,04,2024,12,paisaje naturaleza,actividades,deportes y aventuras,andalucia,almeria,3430.0,49.0
ES,29,2024,12,paisaje naturaleza,actividades,deportes y aventuras,andalucia,malaga,1638.0,234.0
ES,41,2024,12,paisaje naturaleza,actividades,deportes y aventuras,andalucia,sevilla,26028.0,482.0
ES,50,2024,12,paisaje naturaleza,actividades,deportes y aventuras,aragon,zaragoza,996.0,166.0
ES,35,2024,12,paisaje naturaleza,actividades,deportes y aventuras,canarias,las palmas,800.0,800.0
ES,38,2024,12,paisaje naturaleza,actividades,deportes y aventuras,canarias,santa cruz de tenerife,71028.0,821.5
ES,45,2024,12,paisaje naturaleza,actividades,deportes y aventuras,castilla - la mancha,toledo,8541.0,2847.0
ES,37,2024,12,paisaje naturaleza,actividades,deportes y aventuras,castilla y leon,salamanca,16507.0,971.0
ES,08,2024,12,paisaje naturaleza,actividades,deportes y aventuras,cataluna,barcelona,4650.0,50.0
ES,43,2024,12,paisaje naturaleza,actividades,deportes y aventuras,cataluna,tarragona,20900.0,888.67
ES,28,2024,12,paisaje naturaleza,actividades,deportes y aventuras,comunidad de madrid,madrid,223584.0,704.0
ES,03,2024,12,paisaje naturaleza,actividades,deportes y aventuras,comunitat valenciana,alicante/alacant,15553.5,221.5
ES,06,2024,12,paisaje naturaleza,actividades,deportes y aventuras,extremadura,badajoz,11088.5,538.0
ES,10,2024,12,paisaje naturaleza,actividades,deportes y aventuras,extremadura,caceres,158404.0,796.0
ES,15,2024,12,paisaje naturaleza,actividades,deportes y aventuras,galicia,a coruna,11798.0,694.0
ES,36,2024,12,paisaje naturaleza,actividades,deportes y aventuras,galicia,pontevedra,225957.0,327.0
ES,07,2024,12,paisaje naturaleza,actividades,deportes y aventuras,illes balears,illes balears,46072.0,578.0
ES,48,2024,12,paisaje naturaleza,actividades,deportes y aventuras,pais vasco,bizkaia,480228.0,1092.0
ES,20,2024,12,paisaje naturaleza,actividades,deportes y aventuras,pais vasco,gipuzkoa,9963049.0,3097.0
ES,11,2024,12,comida y bebida,actividades,gastronomia,andalucia,cadiz,8241.0,1005.0
ES,18,2024,12,comida y bebida,actividades,gastronomia,andalucia,granada,5644.0,166.0
ES,29,2024,12,comida y bebida,actividades,gastronomia,andalucia,malaga,35731.0,1437.5
ES,35,2024,12,comida y bebida,actividades,gastronomia,canarias,las palmas,234621.0,1179.0
ES,38,2024,12,comida y bebida,actividades,gastronomia,canarias,santa cruz de tenerife,67642.0,1091.0
ES,02,2024,12,comida y bebida,actividades,gastronomia,castilla - la mancha,albacete,200.0,100.0
ES,19,2024,12,comida y bebida,actividades,gastronomia,castilla - la mancha,guadalajara,125632.0,604.0
ES,08,2024,12,comida y bebida,actividades,gastronomia,cataluna,barcelona,872309.5,2564.0
ES,28,2024,12,comida y bebida,actividades,gastronomia,comunidad de madrid,madrid,114404.0,1546.0
ES,46,2024,12,comida y bebida,actividades,gastronomia,comunitat valenciana,valencia/valencia,51759.0,833.5
ES,36,2024,12,comida y bebida,actividades,gastronomia,galicia,pontevedra,1242.0,54.0
ES,07,2024,12,comida y bebida,actividades,gastronomia,illes balears,illes balears,215912.0,2994.0
ES,33,2024,12,comida y bebida,actividades,gastronomia,principado de asturias,asturias,1344.0,84.0
ES,30,2024,12,comida y bebida,actividades,gastronomia,region de murcia,murcia,3700.0,100.0
ES,04,2024,12,vida nocturna,espectaculos,cine,andalucia,almeria,67044.0,604.0
ES,29,2024,12,vida nocturna,espectaculos,cine,andalucia,malaga,1048248.0,1899.0
ES,41,2024,12,vida nocturna,espectaculos,cine,andalucia,sevilla,7280.0,40.0
ES,50,2024,12,vida nocturna,espectaculos,cine,aragon,zaragoza,7408.5,416.0
ES,02,2024,12,vida nocturna,espectaculos,cine,castilla - la mancha,albacete,476006.0,1682.0
ES,47,2024,12,vida nocturna,espectaculos,cine,castilla y leon,valladolid,68208.0,609.0
ES,08,2024,12,vida nocturna,espectaculos,cine,cataluna,barcelona,15928.5,197.0
ES,17,2024,12,vida nocturna,espectaculos,cine,cataluna,girona,195.0,72.5
ES,28,2024,12,vida nocturna,espectaculos,cine,comunidad de madrid,madrid,7055.0,85.0
ES,03,2024,12,vida nocturna,espectaculos,cine,comunitat valenciana,alicante/alacant,76637.0,433.5
ES,07,2024,12,vida nocturna,espectaculos,cine,illes balears,illes balears,11684.0,508.0
ES,20,2024,12,vida nocturna,espectaculos,cine,pais vasco,gipuzkoa,25259.67,340.67
ES,04,2024,12,otros,espectaculos,conferencias,andalucia,almeria,2500.0,500.0
ES,29,2024,12,otros,espectaculos,conferencias,andalucia,malaga,18900.0,450.0
ES,50,2024,12,otros,espectaculos,conferencias,aragon,zaragoza,1875.0,375.0
ES,08,2024,12,otros,espectaculos,conferencias,cataluna,barcelona,3437.0,6874.0
ES,28,2024,12,otros,espectaculos,conferencias,comunidad de madrid,madrid,5347944.0,31833.0
ES,20,2024,12,otros,espectaculos,conferencias,pais vasco,gipuzkoa,142800.0,952.0
ES,04,2024,12,paisaje urbano,espectaculos,"cultura, teatro y danza",andalucia,almeria,265981.25,1470.25
ES,11,2024,12,paisaje urbano,espectaculos,"cultura, teatro y danza",andalucia,cadiz,17424.33,1386.33
ES,14,2024,12,paisaje urbano,espectaculos,"cultura, teatro y danza",andalucia,cordoba,196316.75,818.5
ES,18,2024,12,paisaje urbano,espectaculos,"cultura, teatro y danza",andalucia,granada,401375.5,1097.5
ES,21,2024,12,paisaje urbano,espectaculos,"cultura, teatro y danza",andalucia,huelva,102014.0,288.0
ES,29,2024,12,paisaje urbano,espectaculos,"cultura, teatro y danza",andalucia,malaga,1000554.67,2069.0
ES,41,2024,12,paisaje urbano,espectaculos,"cultura, teatro y danza",andalucia,sevilla,501565.5,950.5
ES,22,2024,12,paisaje urbano,espectaculos,"cultura, teatro y danza",aragon,huesca,227856.0,404.0
ES,50,2024,12,paisaje urbano,espectaculos,"cultura, teatro y danza",aragon,zaragoza,812910.0,602.67
ES,35,2024,12,paisaje urbano,espectaculos,"cultura, teatro y danza",canarias,las palmas,563230.7,1035.5
ES,38,2024,12,paisaje urbano,espectaculos,"cultura, teatro y danza",canarias,santa cruz de tenerife,203607.62,1106.88
ES,39,2024,12,paisaje urbano,espectaculos,"cultura, teatro y danza",cantabria,cantabria,326592.0,972.0
ES,02,2024,12,paisaje urbano,espectaculos,"cultura, teatro y danza",castilla - la mancha,albacete,121314.67,615.67
ES,19,2024,12,paisaje urbano,espectaculos,"cultura, teatro y danza",castilla - la mancha,guadalajara,112740.5,502.5
ES,45,2024,12,paisaje urbano,espectaculos,"cultura, teatro y danza",castilla - la mancha,toledo,85437.5,1763.5
ES,09,2024,12,paisaje urbano,espectaculos,"cultura, teatro y danza",castilla y leon,burgos,14094.0,522.0
ES,37,2024,12,paisaje urbano,espectaculos,"cultura, teatro y danza",castilla y leon,salamanca,138042.0,602.0
ES,42,2024,12,paisaje urbano,espectaculos,"cultura, teatro y danza",castilla y leon,soria,792.0,132.0
ES,47,2024,12,paisaje urbano,espectaculos,"cultura, teatro y danza",castilla y leon,valladolid,29463.71,486.0
ES,49,2024,12,paisaje urbano,espectaculos,"cultura, teatro y danza",castilla y leon,zamora,2880.0,40.0
ES,08,2024,12,paisaje urbano,espectaculos,"cultura, teatro y danza",cataluna,barcelona,622817.33,537.47
ES,17,2024,12,paisaje urbano,espectaculos,"cultura, teatro y danza",cataluna,girona,23092.0,2008.0
ES,25,2024,12,paisaje urbano,espectaculos,"cultura, teatro y danza",cataluna,lleida,1236863.0,461.0
ES,43,2024,12,paisaje urbano,espectaculos,"cultura, teatro y danza",cataluna,tarragona,3673.0,1104.0
ES,51,2024,12,paisaje urbano,espectaculos,"cultura, teatro y danza",ceuta,ceuta,1620.0,81.0
ES,28,2024,12,paisaje urbano,espectaculos,"cultura, teatro y danza",comunidad de madrid,madrid,59284.5,441.0
ES,31,2024,12,paisaje urbano,espectaculos,"cultura, teatro y danza",comunidad foral de navarra,navarra,980.0,140.0
ES,03,2024,12,paisaje urbano,espectaculos,"cultura, teatro y danza",comunitat valenciana,alicante/alacant,390640.8,484.6
ES,12,2024,12,paisaje urbano,espectaculos,"cultura, teatro y danza",comunitat valenciana,castellon/castello,50400.0,144.0
ES,46,2024,12,paisaje urbano,espectaculos,"cultura, teatro y danza",comunitat valenciana,valencia/valencia,3573537.0,1295.0
ES,06,2024,12,paisaje urbano,espectaculos,"cultura, teatro y danza",extremadura,badajoz,39160.75,614.5
ES,10,2024,12,paisaje urbano,espectaculos,"cultura, teatro y danza",extremadura,caceres,35159.67,549.67
ES,15,2024,12,paisaje urbano,espectaculos,"cultura, teatro y danza",galicia,a coruna,6721.33,595.67
ES,27,2024,12,paisaje urbano,espectaculos,"cultura, teatro y danza",galicia,lugo,248518.0,1814.0
ES,36,2024,12,paisaje urbano,espectaculos,"cultura, teatro y danza",galicia,pontevedra,89347.0,626.5
ES,07,2024,12,paisaje urbano,espectaculos,"cultura, teatro y danza",illes balears,illes balears,140454.36,986.79
ES,26,2024,12,paisaje urbano,espectaculos,"cultura, teatro y danza",la rioja,la rioja,76514.25,2390.0
ES,01,2024,12,paisaje urbano,espectaculos,"cultura, teatro y danza",pais vasco,araba/alava,51512.0,283.0
ES,48,2024,12,paisaje urbano,espectaculos,"cultura, teatro y danza",pais vasco,bizkaia,200797.25,813.5
ES,20,2024,12,paisaje urbano,espectaculos,"cultura, teatro y danza",pais vasco,gipuzkoa,178753.0,575.8
ES,33,2024,12,paisaje urbano,espectaculos,"cultura, teatro y danza",principado de asturias,asturias,9163.0,1084.33
ES,30,2024,12,paisaje urbano,espectaculos,"cultura, teatro y danza",region de murcia,murcia,202928.0,531.0
ES,18,2024,12,paisaje urbano,espectaculos,museo y exposiciones,andalucia,granada,49266.0,1173.0
ES,21,2024,12,paisaje urbano,espectaculos,museo y exposiciones,andalucia,huelva,203728.0,476.0
ES,41,2024,12,paisaje urbano,espectaculos,museo y exposiciones,andalucia,sevilla,15900.0,1325.0
ES,45,2024,12,paisaje urbano,espectaculos,museo y exposiciones,castilla - la mancha,toledo,59613.0,641.0
ES,37,2024,12,paisaje urbano,espectaculos,museo y exposiciones,castilla y leon,salamanca,89832.0,456.0
ES,08,2024,12,paisaje urbano,espectaculos,museo y exposiciones,cataluna,barcelona,70784.0,1264.0
ES,43,2024,12,paisaje urbano,espectaculos,museo y exposiciones,cataluna,tarragona,2565.0,1425.0
ES,46,2024,12,paisaje urbano,espectaculos,museo y exposiciones,comunitat valenciana,valencia/valencia,21587.0,1206.0
ES,07,2024,12,paisaje urbano,espectaculos,museo y exposiciones,illes balears,illes balears,9324.0,1036.0
ES,48,2024,12,paisaje urbano,espectaculos,museo y exposiciones,pais vasco,bizkaia,297316.0,956.0
ES,33,2024,12,paisaje urbano,espectaculos,museo y exposiciones,principado de asturias,asturias,260.0,260.0
ES,04,2024,12,vida nocturna,espectaculos,musica,andalucia,almeria,516992.75,737.75
ES,11,2024,12,vida nocturna,espectaculos,musica,andalucia,cadiz,233784.67,1162.33
ES,14,2024,12,vida nocturna,espectaculos,musica,andalucia,cordoba,183404.0,895.67
ES,18,2024,12,vida nocturna,espectaculos,musica,andalucia,granada,221297.43,1092.0
ES,21,2024,12,vida nocturna,espectaculos,musica,andalucia,huelva,173769.0,551.5
ES,23,2024,12,vida nocturna,espectaculos,musica,andalucia,jaen,140081.17,2011.17
ES,29,2024,12,vida nocturna,espectaculos,musica,andalucia,malaga,508382.29,1194.86
ES,41,2024,12,vida nocturna,espectaculos,musica,andalucia,sevilla,623959.43,1166.0
ES,22,2024,12,vida nocturna,espectaculos,musica,aragon,huesca,1106716.0,911.33
ES,44,2024,12,vida nocturna,espectaculos,musica,aragon,teruel,53148.0,258.0
ES,50,2024,12,vida nocturna,espectaculos,musica,aragon,zaragoza,3859065.0,1194.0
ES,35,2024,12,vida nocturna,espectaculos,musica,canarias,las palmas,661083.25,741.58
ES,38,2024,12,vida nocturna,espectaculos,musica,canarias,santa cruz de tenerife,928823.38,1526.38
ES,39,2024,12,vida nocturna,espectaculos,musica,cantabria,cantabria,198170.0,1398.25
ES,02,2024,12,vida nocturna,espectaculos,musica,castilla - la mancha,albacete,277232.67,2685.33
ES,13,2024,12,vida nocturna,espectaculos,musica,castilla - la mancha,ciudad real,108387.25,1037.0
ES,16,2024,12,vida nocturna,espectaculos,musica,castilla - la mancha,cuenca,483.0,2415.0
ES,19,2024,12,vida nocturna,espectaculos,musica,castilla - la mancha,guadalajara,582374.0,1723.0
ES,45,2024,12,vida nocturna,espectaculos,musica,castilla - la mancha,toledo,18383.0,3552.33
ES,05,2024,12,vida nocturna,espectaculos,musica,castilla y leon,avila,396.0,132.0
ES,09,2024,12,vida nocturna,espectaculos,musica,castilla y leon,burgos,528726.5,1134.0
ES,24,2024,12,vida nocturna,espectaculos,musica,castilla y leon,leon,72658.33,1159.0
ES,34,2024,12,vida nocturna,espectaculos,musica,castilla y leon,palencia,31308.33,965.67
ES,37,2024,12,vida nocturna,espectaculos,musica,castilla y leon,salamanca,448427.0,1363.0
ES,40,2024,12,vida nocturna,espectaculos,musica,castilla y leon,segovia,76481.33,999.67
ES,42,2024,12,vida nocturna,espectaculos,musica,castilla y leon,soria,28663.25,442.25
ES,47,2024,12,vida nocturna,espectaculos,musica,castilla y leon,valladolid,4492649.33,1670.67
ES,49,2024,12,vida nocturna,espectaculos,musica,castilla y leon,zamora,111755.0,155.0
ES,08,2024,12,vida nocturna,espectaculos,musica,cataluna,barcelona,1109587.69,1404.11
ES,17,2024,12,vida nocturna,espectaculos,musica,cataluna,girona,187140.23,1153.92
ES,25,2024,12,vida nocturna,espectaculos,musica,cataluna,lleida,214863.4,1339.6
ES,43,2024,12,vida nocturna,espectaculos,musica,cataluna,tarragona,263051.45,1295.82
ES,28,2024,12,vida nocturna,espectaculos,musica,comunidad de madrid,madrid,3357133.69,1461.75
ES,31,2024,12,vida nocturna,espectaculos,musica,comunidad foral de navarra,navarra,3198190.75,861.5
ES,03,2024,12,vida nocturna,espectaculos,musica,comunitat valenciana,alicante/alacant,425141.38,1117.08
ES,12,2024,12,vida nocturna,espectaculos,musica,comunitat valenciana,castellon/castello,712311.0,1488.0
ES,46,2024,12,vida nocturna,espectaculos,musica,comunitat valenciana,valencia/valencia,531020.12,1120.62
ES,06,2024,12,vida nocturna,espectaculos,musica,extremadura,badajoz,432905.0,1451.0
ES,10,2024,12,vida nocturna,espectaculos,musica,extremadura,caceres,4789.5,1111.0
ES,15,2024,12,vida nocturna,espectaculos,musica,galicia,a coruna,841659.0,1536.5
ES,27,2024,12,vida nocturna,espectaculos,musica,galicia,lugo,36800.0,100.0
ES,32,2024,12,vida nocturna,espectaculos,musica,galicia,ourense,7422.0,1237.0
ES,36,2024,12,vida nocturna,espectaculos,musica,galicia,pontevedra,365355.5,840.0
ES,07,2024,12,vida nocturna,espectaculos,musica,illes balears,illes balears,892638.78,1230.38
ES,26,2024,12,vida nocturna,espectaculos,musica,la rioja,la rioja,616268.33,1293.0
ES,01,2024,12,vida nocturna,espectaculos,musica,pais vasco,araba/alava,18699.0,1626.0
ES,48,2024,12,vida nocturna,espectaculos,musica,pais vasco,bizkaia,133512.6,1138.2
ES,20,2024,12,vida nocturna,espectaculos,musica,pais vasco,gipuzkoa,347340.5,1403.62
ES,33,2024,12,vida nocturna,espectaculos,musica,principado de asturias,asturias,680476.5,1582.5
ES,30,2024,12,vida nocturna,espectaculos,musica,region de murcia,murcia,502009.4,830.0
ES,04,2024,12,vida nocturna,espectaculos,musicales,andalucia,almeria,9900.0,132.0
ES,11,2024,12,vida nocturna,espectaculos,musicales,andalucia,cadiz,15860.0,1586.0
ES,14,2024,12,vida nocturna,espectaculos,musicales,andalucia,cordoba,5535.0,355.5
ES,18,2024,12,vida nocturna,espectaculos,musicales,andalucia,granada,6109.5,652.0
ES,41,2024,12,vida nocturna,espectaculos,musicales,andalucia,sevilla,145824.0,1519.0
ES,50,2024,12,vida nocturna,espectaculos,musicales,aragon,zaragoza,27594.0,1022.0
ES,35,2024,12,vida nocturna,espectaculos,musicales,canarias,las palmas,203565.5,961.5
ES,38,2024,12,vida nocturna,espectaculos,musicales,canarias,santa cruz de tenerife,69313.33,761.33
ES,02,2024,12,vida nocturna,espectaculos,musicales,castilla - la mancha,albacete,226072.0,1468.0
ES,37,2024,12,vida nocturna,espectaculos,musicales,castilla y leon,salamanca,347454.0,1746.0
ES,47,2024,12,vida nocturna,espectaculos,musicales,castilla y leon,valladolid,98383.5,499.5
ES,08,2024,12,vida nocturna,espectaculos,musicales,cataluna,barcelona,473926.0,889.8
ES,25,2024,12,vida nocturna,espectaculos,musicales,cataluna,lleida,85284.0,412.0
ES,28,2024,12,vida nocturna,espectaculos,musicales,comunidad de madrid,madrid,10674.8,454.0
ES,31,2024,12,vida nocturna,espectaculos,musicales,comunidad foral de navarra,navarra,980.0,140.0
ES,03,2024,12,vida nocturna,espectaculos,musicales,comunitat valenciana,alicante/alacant,39638.0,307.67
ES,12,2024,12,vida nocturna,espectaculos,musicales,comunitat valenciana,castellon/castello,50400.0,144.0
ES,46,2024,12,vida nocturna,espectaculos,musicales,comunitat valenciana,valencia/valencia,1203126.5,609.5
ES,06,2024,12,vida nocturna,espectaculos,musicales,extremadura,badajoz,52074.33,809.33
ES,10,2024,12,vida nocturna,espectaculos,musicales,extremadura,caceres,664789.5,1066.5
ES,30,2024,12,vida nocturna,espectaculos,musicales,region de murcia,murcia,22609.0,628.5
ES,04,2025,1,paisaje naturaleza,actividades,actividades infantiles,andalucia,almeria,4123.0,87.5
ES,11,2025,1,paisaje naturaleza,actividades,actividades infantiles,andalucia,cadiz,95390.25,2151.75
ES,14,2025,1,paisaje naturaleza,actividades,actividades infantiles,andalucia,cordoba,101559.0,1047.0
ES,18,2025,1,paisaje naturaleza,actividades,actividades infantiles,andalucia,granada,145632.0,1312.0
ES,21,2025,1,paisaje naturaleza,actividades,actividades infantiles,andalucia,huelva,15872.0,512.0
ES,29,2025,1,paisaje naturaleza,actividades,actividades infantiles,andalucia,malaga,262811.0,441.0
ES,41,2025,1,paisaje naturaleza,actividades,actividades infantiles,andalucia,sevilla,52608.0,1541.0
ES,50,2025,1,paisaje naturaleza,actividades,actividades infantiles,aragon,zaragoza,1528758.0,1103.0
ES,35,2025,1,paisaje naturaleza,actividades,actividades infantiles,canarias,las palmas,9120.0,197.33
ES,38,2025,1,paisaje naturaleza,actividades,actividades infantiles,canarias,santa cruz de tenerife,1666.0,265.0
ES,39,2025,1,paisaje naturaleza,actividades,actividades infantiles,cantabria,cantabria,11200.0,70.0
ES,02,2025,1,paisaje naturaleza,actividades,actividades infantiles,castilla - la mancha,albacete,745445.5,1367.5
ES,45,2025,1,paisaje naturaleza,actividades,actividades infantiles,castilla - la mancha,toledo,22375.67,309.67
ES,24,2025,1,paisaje naturaleza,actividades,actividades infantiles,castilla y leon,leon,2600.0,200.0
ES,37,2025,1,paisaje naturaleza,actividades,actividades infantiles,castilla y leon,salamanca,41712.0,176.0
ES,42,2025,1,paisaje naturaleza,actividades,actividades infantiles,castilla y leon,soria,1096.0,137.0
ES,47,2025,1,paisaje naturaleza,actividades,actividades infantiles,castilla y leon,valladolid,602055.67,694.0
ES,08,2025,1,paisaje naturaleza,actividades,actividades infantiles,cataluna,barcelona,388076.38,1843.62
ES,17,2025,1,paisaje naturaleza,actividades,actividades infantiles,cataluna,girona,3997.0,592.5
ES,43,2025,1,paisaje naturaleza,actividades,actividades infantiles,cataluna,tarragona,53714.5,2283.5
ES,28,2025,1,paisaje naturaleza,actividades,actividades infantiles,comunidad de madrid,madrid,164475.78,1231.33
ES,31,2025,1,paisaje naturaleza,actividades,actividades infantiles,comunidad foral de navarra,navarra,87358.0,1409.0
ES,03,2025,1,paisaje naturaleza,actividades,actividades infantiles,comunitat valenciana,alicante/alacant,403414.0,3334.0
ES,46,2025,1,paisaje naturaleza,actividades,actividades infantiles,comunitat valenciana,valencia/valencia,1251051.67,1022.67
ES,06,2025,1,paisaje naturaleza,actividades,actividades infantiles,extremadura,badajoz,29362.0,142.0
ES,10,2025,1,paisaje naturaleza,actividades,actividades infantiles,extremadura,caceres,97945.0,695.0
ES,15,2025,1,paisaje naturaleza,actividades,actividades infantiles,galicia,a coruna,99022.5,319.5
ES,27,2025,1,paisaje naturaleza,actividades,actividades infantiles,galicia,lugo,9798.0,1633.0
ES,36,2025,1,paisaje naturaleza,actividades,actividades infantiles,galicia,pontevedra,3997.0,571.0
ES,07,2025,1,paisaje naturaleza,actividades,actividades infantiles,illes balears,illes balears,176231.58,1283.58
ES,01,2025,1,paisaje naturaleza,actividades,actividades infantiles,pais vasco,araba/alava,8582.0,461.0
ES,48,2025,1,paisaje naturaleza,actividades,actividades infantiles,pais vasco,bizkaia,212073.0,1090.0
ES,20,2025,1,paisaje naturaleza,actividades,actividades infantiles,pais vasco,gipuzkoa,107082.0,1322.0
ES,33,2025,1,paisaje naturaleza,actividades,actividades infantiles,principado de asturias,asturias,16338.0,778.0
ES,30,2025,1,paisaje naturaleza,actividades,actividades infantiles,region de murcia,murcia,138642.0,1680.0
ES,11,2025,1,servicios,actividades,cursos,andalucia,cadiz,1720.0,860.0
ES,29,2025,1,servicios,actividades,cursos,andalucia,malaga,4524.0,1131.0
ES,41,2025,1,servicios,actividades,cursos,andalucia,sevilla,23822.0,554.0
ES,50,2025,1,servicios,actividades,cursos,aragon,zaragoza,1963.0,1963.0
ES,38,2025,1,servicios,actividades,cursos,canarias,santa cruz de tenerife,3006.5,556.5
ES,47,2025,1,servicios,actividades,cursos,castilla y leon,valladolid,1200.0,1200.0
ES,08,2025,1,servicios,actividades,cursos,cataluna,barcelona,328769.5,4031.5
ES,17,2025,1,servicios,actividades,cursos,cataluna,girona,150.0,150.0
ES,28,2025,1,servicios,actividades,cursos,comunidad de madrid,madrid,703189.5,3733.0
ES,03,2025,1,servicios,actividades,cursos,comunitat valenciana,alicante/alacant,750.0,250.0
ES,10,2025,1,servicios,actividades,cursos,extremadura,caceres,4125.0,825.0
ES,15,2025,1,servicios,actividades,cursos,galicia,a coruna,2334.0,1167.0
ES,36,2025,1,servicios,actividades,cursos,galicia,pontevedra,1980.0,990.0
ES,07,2025,1,servicios,actividades,cursos,illes balears,illes balears,579991.33,1915.33
ES,26,2025,1,servicios,actividades,cursos,la rioja,la rioja,14300.0,550.0
ES,20,2025,1,servicios,actividades,cursos,pais vasco,gipuzkoa,9800.0,392.0
ES,30,2025,1,servicios,actividades,cursos,region de murcia,murcia,482743.33,4008.0
ES,04,2025,1,paisaje naturaleza,actividades,deportes y aventuras,andalucia,almeria,686.0,49.0
ES,11,2025,1,paisaje naturaleza,actividades,deportes y aventuras,andalucia,cadiz,122144.0,1388.0
ES,41,2025,1,paisaje naturaleza,actividades,deportes y aventuras,andalucia,sevilla,34540.0,415.0
ES,50,2025,1,paisaje naturaleza,actividades,deportes y aventuras,aragon,zaragoza,34034.0,187.0
ES,38,2025,1,paisaje naturaleza,actividades,deportes y aventuras,canarias,santa cruz de tenerife,523916.0,1272.0
ES,19,2025,1,paisaje naturaleza,actividades,deportes y aventuras,castilla - la mancha,guadalajara,23004.0,1278.0
ES,37,2025,1,paisaje naturaleza,actividades,deportes y aventuras,castilla y leon,salamanca,14297.0,493.0
ES,08,2025,1,paisaje naturaleza,actividades,deportes y aventuras,cataluna,barcelona,49038.8,920.6
ES,28,2025,1,paisaje naturaleza,actividades,deportes y aventuras,comunidad de madrid,madrid,66129.0,73.5
ES,31,2025,1,paisaje naturaleza,actividades,deportes y aventuras,comunidad foral de navarra,navarra,2580.0,60.0
ES,03,2025,1,paisaje naturaleza,actividades,deportes y aventuras,comunitat valenciana,alicante/alacant,855.0,207.5
ES,06,2025,1,paisaje naturaleza,actividades,deportes y aventuras,extremadura,badajoz,10088.5,299.0
ES,10,2025,1,paisaje naturaleza,actividades,deportes y aventuras,extremadura,caceres,237762.0,999.0
ES,01,2025,1,paisaje naturaleza,actividades,deportes y aventuras,pais vasco,araba/alava,19875.0,1325.0
ES,48,2025,1,paisaje naturaleza,actividades,deportes y aventuras,pais vasco,bizkaia,3712.0,1856.0
ES,20,2025,1,paisaje naturaleza,actividades,deportes y aventuras,pais vasco,gipuzkoa,2976506.0,3107.0
ES,33,2025,1,paisaje naturaleza,actividades,deportes y aventuras,principado de asturias,asturias,18664.0,9332.0
ES,30,2025,1,paisaje naturaleza,actividades,deportes y aventuras,region de murcia,murcia,12300.0,150.0
ES,11,2025,1,comida y bebida,actividades,gastronomia,andalucia,cadiz,220.0,110.0
ES,29,2025,1,comida y bebida,actividades,gastronomia,andalucia,malaga,91483.0,1867.0
ES,41,2025,1,comida y bebida,actividades,gastronomia,andalucia,sevilla,46008.0,568.0
ES,35,2025,1,comida y bebida,actividades,gastronomia,canarias,las palmas,130052.0,1066.0
ES,38,2025,1,comida y bebida,actividades,gastronomia,canarias,santa cruz de tenerife,50848.0,908.0
ES,02,2025,1,comida y bebida,actividades,gastronomia,castilla - la mancha,albacete,66669.0,939.0
ES,08,2025,1,comida y bebida,actividades,gastronomia,cataluna,barcelona,988802.0,1657.0
ES,17,2025,1,comida y bebida,actividades,gastronomia,cataluna,girona,16797.0,1527.0
ES,43,2025,1,comida y bebida,actividades,gastronomia,cataluna,tarragona,3093.0,1031.0
ES,28,2025,1,comida y bebida,actividades,gastronomia,comunidad de madrid,madrid,15384.5,806.5
ES,46,2025,1,comida y bebida,actividades,gastronomia,comunitat valenciana,valencia/valencia,320.0,80.0
ES,07,2025,1,comida y bebida,actividades,gastronomia,illes balears,illes balears,443844.0,2226.5
ES,30,2025,1,comida y bebida,actividades,gastronomia,region de murcia,murcia,800.0,100.0
ES,04,2025,1,vida nocturna,espectaculos,cine,andalucia,almeria,1722.0,615.0
ES,18,2025,1,vida nocturna,espectaculos,cine,andalucia,granada,7263.0,538.0
ES,29,2025,1,vida nocturna,espectaculos,cine,andalucia,malaga,463104.0,1809.0
ES,41,2025,1,vida nocturna,espectaculos,cine,andalucia,sevilla,54579.0,483.0
ES,50,2025,1,vida nocturna,espectaculos,cine,aragon,zaragoza,9912.5,315.0
ES,38,2025,1,vida nocturna,espectaculos,cine,canarias,santa cruz de tenerife,327.0,545.0
ES,02,2025,1,vida nocturna,espectaculos,cine,castilla - la mancha,albacete,335815.0,1429.0
ES,16,2025,1,vida nocturna,espectaculos,cine,castilla - la mancha,cuenca,49.0,49.0
ES,45,2025,1,vida nocturna,espectaculos,cine,castilla - la mancha,toledo,2352.0,588.0
ES,47,2025,1,vida nocturna,espectaculos,cine,castilla y leon,valladolid,12915.0,615.0
ES,08,2025,1,vida nocturna,espectaculos,cine,cataluna,barcelona,65902.0,582.33
ES,17,2025,1,vida nocturna,espectaculos,cine,cataluna,girona,1025.0,75.0
ES,28,2025,1,vida nocturna,espectaculos,cine,comunidad de madrid,madrid,100737.0,861.0
ES,03,2025,1,vida nocturna,espectaculos,cine,comunitat valenciana,alicante/alacant,136671.0,731.0
ES,15,2025,1,vida nocturna,espectaculos,cine,galicia,a coruna,700.0,50.0
ES,07,2025,1,vida nocturna,espectaculos,cine,illes balears,illes balears,15243.33,431.33
ES,20,2025,1,vida nocturna,espectaculos,cine,pais vasco,gipuzkoa,17973.0,305.0
ES,50,2025,1,otros,espectaculos,conferencias,aragon,zaragoza,4800.0,400.0
ES,47,2025,1,otros,espectaculos,conferencias,castilla y leon,valladolid,45236.0,526.0
ES,43,2025,1,otros,espectaculos,conferencias,cataluna,tarragona,24102.0,3708.0
ES,28,2025,1,otros,espectaculos,conferencias,comunidad de madrid,madrid,2115465.0,12821.0
ES,03,2025,1,otros,espectaculos,conferencias,comunitat valenciana,alicante/alacant,8100.0,100.0
ES,15,2025,1,otros,espectaculos,conferencias,galicia,a coruna,23069.0,2714.0
ES,07,2025,1,otros,espectaculos,conferencias,illes balears,illes balears,387032.0,1916.0
ES,04,2025,1,paisaje urbano,espectaculos,"cultura, teatro y danza",andalucia,almeria,159055.0,961.5
ES,11,2025,1,paisaje urbano,espectaculos,"cultura, teatro y danza",andalucia,cadiz,97318.0,2376.25
ES,14,2025,1,paisaje urbano,espectaculos,"cultura, teatro y danza",andalucia,cordoba,44846.5,696.0
ES,18,2025,1,paisaje urbano,espectaculos,"cultura, teatro y danza",andalucia,granada,357813.67,1160.0
ES,21,2025,1,paisaje urbano,espectaculos,"cultura, teatro y danza",andalucia,huelva,15872.0,512.0
ES,29,2025,1,paisaje urbano,espectaculos,"cultura, teatro y danza",andalucia,malaga,508589.14,912.86
ES,41,2025,1,paisaje urbano,espectaculos,"cultura, teatro y danza",andalucia,sevilla,6769475.0,4825.0
ES,22,2025,1,paisaje urbano,espectaculos,"cultura, teatro y danza",aragon,huesca,51343.0,473.0
ES,50,2025,1,paisaje urbano,espectaculos,"cultura, teatro y danza",aragon,zaragoza,120475.0,883.25
ES,35,2025,1,paisaje urbano,espectaculos,"cultura, teatro y danza",canarias,las palmas,708856.88,1135.38
ES,38,2025,1,paisaje urbano,espectaculos,"cultura, teatro y danza",canarias,santa cruz de tenerife,259123.22,955.44
ES,39,2025,1,paisaje urbano,espectaculos,"cultura, teatro y danza",cantabria,cantabria,440796.0,1011.0
ES,02,2025,1,paisaje urbano,espectaculos,"cultura, teatro y danza",castilla - la mancha,albacete,56386.5,560.75
ES,13,2025,1,paisaje urbano,espectaculos,"cultura, teatro y danza",castilla - la mancha,ciudad real,16777.0,1766.0
ES,16,2025,1,paisaje urbano,espectaculos,"cultura, teatro y danza",castilla - la mancha,cuenca,107648.0,1856.0
ES,45,2025,1,paisaje urbano,espectaculos,"cultura, teatro y danza",castilla - la mancha,toledo,87077.33,659.33
ES,09,2025,1,paisaje urbano,espectaculos,"cultura, teatro y danza",castilla y leon,burgos,325.0,65.0
ES,37,2025,1,paisaje urbano,espectaculos,"cultura, teatro y danza",castilla y leon,salamanca,194583.5,575.5
ES,42,2025,1,paisaje urbano,espectaculos,"cultura, teatro y danza",castilla y leon,soria,7920.0,165.0
ES,47,2025,1,paisaje urbano,espectaculos,"cultura, teatro y danza",castilla y leon,valladolid,296900.17,1090.17
ES,49,2025,1,paisaje urbano,espectaculos,"cultura, teatro y danza",castilla y leon,zamora,19536.0,407.0
ES,08,2025,1,paisaje urbano,espectaculos,"cultura, teatro y danza",cataluna,barcelona,810279.09,936.73
ES,17,2025,1,paisaje urbano,espectaculos,"cultura, teatro y danza",cataluna,girona,3683.33,152.67
ES,25,2025,1,paisaje urbano,espectaculos,"cultura, teatro y danza",cataluna,lleida,3198.0,492.0
ES,43,2025,1,paisaje urbano,espectaculos,"cultura, teatro y danza",cataluna,tarragona,812082.0,1310.67
ES,51,2025,1,paisaje urbano,espectaculos,"cultura, teatro y danza",ceuta,ceuta,250466.0,2053.0
ES,28,2025,1,paisaje urbano,espectaculos,"cultura, teatro y danza",comunidad de madrid,madrid,107844.6,661.0
ES,31,2025,1,paisaje urbano,espectaculos,"cultura, teatro y danza",comunidad foral de navarra,navarra,87358.0,1409.0
ES,03,2025,1,paisaje urbano,espectaculos,"cultura, teatro y danza",comunitat valenciana,alicante/alacant,205696.6,761.0
ES,46,2025,1,paisaje urbano,espectaculos,"cultura, teatro y danza",comunitat valenciana,valencia/valencia,506262.5,1733.5
ES,06,2025,1,paisaje urbano,espectaculos,"cultura, teatro y danza",extremadura,badajoz,363030.5,1006.5
ES,10,2025,1,paisaje urbano,espectaculos,"cultura, teatro y danza",extremadura,caceres,38650.0,755.5
ES,15,2025,1,paisaje urbano,espectaculos,"cultura, teatro y danza",galicia,a coruna,134496.5,612.5
ES,27,2025,1,paisaje urbano,espectaculos,"cultura, teatro y danza",galicia,lugo,9798.0,1633.0
ES,36,2025,1,paisaje urbano,espectaculos,"cultura, teatro y danza",galicia,pontevedra,39995.0,95.0
ES,07,2025,1,paisaje urbano,espectaculos,"cultura, teatro y danza",illes balears,illes balears,212673.87,834.07
ES,26,2025,1,paisaje urbano,espectaculos,"cultura, teatro y danza",la rioja,la rioja,92698.0,461.0
ES,01,2025,1,paisaje urbano,espectaculos,"cultura, teatro y danza",pais vasco,araba/alava,154834.33,583.67
ES,48,2025,1,paisaje urbano,espectaculos,"cultura, teatro y danza",pais vasco,bizkaia,260311.5,1264.0
ES,20,2025,1,paisaje urbano,espectaculos,"cultura, teatro y danza",pais vasco,gipuzkoa,245242.33,717.5
ES,33,2025,1,paisaje urbano,espectaculos,"cultura, teatro y danza",principado de asturias,asturias,43065.0,957.0
ES,30,2025,1,paisaje urbano,espectaculos,"cultura, teatro y danza",region de murcia,murcia,65817.0,457.5
ES,07,2025,1,compras,espectaculos,ferias,illes balears,illes balears,387032.0,1916.0
ES,21,2025,1,paisaje urbano,espectaculos,museo y exposiciones,andalucia,huelva,15872.0,512.0
ES,41,2025,1,paisaje urbano,espectaculos,museo y exposiciones,andalucia,sevilla,126945.0,1365.0
ES,45,2025,1,paisaje urbano,espectaculos,museo y exposiciones,castilla - la mancha,toledo,60543.0,651.0
ES,08,2025,1,paisaje urbano,espectaculos,museo y exposiciones,cataluna,barcelona,8606.0,1324.0
ES,43,2025,1,paisaje urbano,espectaculos,museo y exposiciones,cataluna,tarragona,34944.0,2496.0
ES,28,2025,1,paisaje urbano,espectaculos,museo y exposiciones,comunidad de madrid,madrid,29495.0,1735.0
ES,46,2025,1,paisaje urbano,espectaculos,museo y exposiciones,comunitat valenciana,valencia/valencia,17227.5,985.5
ES,07,2025,1,paisaje urbano,espectaculos,museo y exposiciones,illes balears,illes balears,16065.0,1071.0
ES,48,2025,1,paisaje urbano,espectaculos,museo y exposiciones,pais vasco,bizkaia,212598.0,1143.0
ES,04,2025,1,vida nocturna,espectaculos,musica,andalucia,almeria,274095.75,2262.25
ES,11,2025,1,vida nocturna,espectaculos,musica,andalucia,cadiz,133978.0,1215.0
ES,14,2025,1,vida nocturna,espectaculos,musica,andalucia,cordoba,518842.0,1058.0
ES,18,2025,1,vida nocturna,espectaculos,musica,andalucia,granada,462408.75,996.75
ES,21,2025,1,vida nocturna,espectaculos,musica,andalucia,huelva,4125.0,125.0
ES,23,2025,1,vida nocturna,espectaculos,musica,andalucia,jaen,26414.83,638.5
ES,29,2025,1,vida nocturna,espectaculos,musica,andalucia,malaga,549206.33,1580.5
ES,41,2025,1,vida nocturna,espectaculos,musica,andalucia,sevilla,164568.8,947.8
ES,22,2025,1,vida nocturna,espectaculos,musica,aragon,huesca,172327.5,1139.0
ES,44,2025,1,vida nocturna,espectaculos,musica,aragon,teruel,30637.5,162.5
ES,50,2025,1,vida nocturna,espectaculos,musica,aragon,zaragoza,1898588.67,1386.67
ES,35,2025,1,vida nocturna,espectaculos,musica,canarias,las palmas,299650.0,1140.27
ES,38,2025,1,vida nocturna,espectaculos,musica,canarias,santa cruz de tenerife,332728.45,934.45
ES,39,2025,1,vida nocturna,espectaculos,musica,cantabria,cantabria,91603.33,807.67
ES,02,2025,1,vida nocturna,espectaculos,musica,castilla - la mancha,albacete,225058.0,3252.0
ES,13,2025,1,vida nocturna,espectaculos,musica,castilla - la mancha,ciudad real,144795.67,1098.33
ES,16,2025,1,vida nocturna,espectaculos,musica,castilla - la mancha,cuenca,11285.0,1525.0
ES,19,2025,1,vida nocturna,espectaculos,musica,castilla - la mancha,guadalajara,743015.0,1495.0
ES,45,2025,1,vida nocturna,espectaculos,musica,castilla - la mancha,toledo,314076.0,3631.33
ES,09,2025,1,vida nocturna,espectaculos,musica,castilla y leon,burgos,368272.5,1463.5
ES,24,2025,1,vida nocturna,espectaculos,musica,castilla y leon,leon,54921.5,937.5
ES,34,2025,1,vida nocturna,espectaculos,musica,castilla y leon,palencia,169046.33,1083.0
ES,37,2025,1,vida nocturna,espectaculos,musica,castilla y leon,salamanca,38156.5,733.0
ES,40,2025,1,vida nocturna,espectaculos,musica,castilla y leon,segovia,237389.67,1044.67
ES,42,2025,1,vida nocturna,espectaculos,musica,castilla y leon,soria,193968.0,589.33
ES,47,2025,1,vida nocturna,espectaculos,musica,castilla y leon,valladolid,1085921.67,1611.0
ES,49,2025,1,vida nocturna,espectaculos,musica,castilla y leon,zamora,720724.5,1261.0
ES,08,2025,1,vida nocturna,espectaculos,musica,cataluna,barcelona,1049093.59,1568.03
ES,17,2025,1,vida nocturna,espectaculos,musica,cataluna,girona,125066.31,4359.92
ES,25,2025,1,vida nocturna,espectaculos,musica,cataluna,lleida,211213.57,927.71
ES,43,2025,1,vida nocturna,espectaculos,musica,cataluna,tarragona,102013.75,1147.12
ES,28,2025,1,vida nocturna,espectaculos,musica,comunidad de madrid,madrid,4133429.2,1016.93
ES,31,2025,1,vida nocturna,espectaculos,musica,comunidad foral de navarra,navarra,1545609.33,1098.0
ES,03,2025,1,vida nocturna,espectaculos,musica,comunitat valenciana,alicante/alacant,222651.12,1115.82
ES,12,2025,1,vida nocturna,espectaculos,musica,comunitat valenciana,castellon/castello,320711.67,1388.33
ES,46,2025,1,vida nocturna,espectaculos,musica,comunitat valenciana,valencia/valencia,707800.71,1389.0
ES,06,2025,1,vida nocturna,espectaculos,musica,extremadura,badajoz,117140.0,1245.33
ES,10,2025,1,vida nocturna,espectaculos,musica,extremadura,caceres,7065.75,646.25
ES,15,2025,1,vida nocturna,espectaculos,musica,galicia,a coruna,183161.5,1329.17
ES,27,2025,1,vida nocturna,espectaculos,musica,galicia,lugo,58995.0,1035.0
ES,32,2025,1,vida nocturna,espectaculos,musica,galicia,ourense,388944.0,1314.0
ES,36,2025,1,vida nocturna,espectaculos,musica,galicia,pontevedra,68443.25,641.0
ES,07,2025,1,vida nocturna,espectaculos,musica,illes balears,illes balears,569228.25,1271.18
ES,26,2025,1,vida nocturna,espectaculos,musica,la rioja,la rioja,11481.67,1269.33
ES,01,2025,1,vida nocturna,espectaculos,musica,pais vasco,araba/alava,362141.0,1157.0
ES,48,2025,1,vida nocturna,espectaculos,musica,pais vasco,bizkaia,117058.8,979.2
ES,20,2025,1,vida nocturna,espectaculos,musica,pais vasco,gipuzkoa,235634.75,1034.12
ES,33,2025,1,vida nocturna,espectaculos,musica,principado de asturias,asturias,460955.2,1700.6
ES,30,2025,1,vida nocturna,espectaculos,musica,region de murcia,murcia,430436.2,928.8
ES,04,2025,1,vida nocturna,espectaculos,musicales,andalucia,almeria,13815.0,490.33
ES,11,2025,1,vida nocturna,espectaculos,musicales,andalucia,cadiz,169719.0,1529.0
ES,18,2025,1,vida nocturna,espectaculos,musicales,andalucia,granada,108936.0,801.0
ES,29,2025,1,vida nocturna,espectaculos,musicales,andalucia,malaga,50537.0,1042.0
ES,41,2025,1,vida nocturna,espectaculos,musicales,andalucia,sevilla,123462.0,1083.0
ES,50,2025,1,vida nocturna,espectaculos,musicales,aragon,zaragoza,720744.0,1018.0
ES,35,2025,1,vida nocturna,espectaculos,musicales,canarias,las palmas,129186.33,629.0
ES,38,2025,1,vida nocturna,espectaculos,musicales,canarias,santa cruz de tenerife,11362.75,562.0
ES,02,2025,1,vida nocturna,espectaculos,musicales,castilla - la mancha,albacete,1560258.0,1281.0
ES,45,2025,1,vida nocturna,espectaculos,musicales,castilla - la mancha,toledo,200.0,50.0
ES,37,2025,1,vida nocturna,espectaculos,musicales,castilla y leon,salamanca,383904.0,1488.0
ES,47,2025,1,vida nocturna,espectaculos,musicales,castilla y leon,valladolid,345632.0,1543.0
ES,08,2025,1,vida nocturna,espectaculos,musicales,cataluna,barcelona,1437408.0,1449.0
ES,17,2025,1,vida nocturna,espectaculos,musicales,cataluna,girona,9000.0,100.0
ES,25,2025,1,vida nocturna,espectaculos,musicales,cataluna,lleida,3198.0,492.0
ES,28,2025,1,vida nocturna,espectaculos,musicales,comunidad de madrid,madrid,429828.0,588.0
ES,31,2025,1,vida nocturna,espectaculos,musicales,comunidad foral de navarra,navarra,87358.0,1409.0
ES,03,2025,1,vida nocturna,espectaculos,musicales,comunitat valenciana,alicante/alacant,388944.0,797.0
ES,46,2025,1,vida nocturna,espectaculos,musicales,comunitat valenciana,valencia/valencia,642281.5,1067.0
ES,06,2025,1,vida nocturna,espectaculos,musicales,extremadura,badajoz,483980.67,1332.0
ES,10,2025,1,vida nocturna,espectaculos,musicales,extremadura,caceres,385394.0,904.0
ES,15,2025,1,vida nocturna,espectaculos,musicales,galicia,a coruna,28158.0,722.0
ES,36,2025,1,vida nocturna,espectaculos,musicales,galicia,pontevedra,3997.0,571.0
ES,07,2025,1,vida nocturna,espectaculos,musicales,illes balears,illes balears,156213.0,721.67
ES,30,2025,1,vida nocturna,espectaculos,musicales,region de murcia,murcia,51119.5,883.0
ES,04,2025,2,paisaje naturaleza,actividades,actividades infantiles,andalucia,almeria,9324.0,126.0
ES,11,2025,2,paisaje naturaleza,actividades,actividades infantiles,andalucia,cadiz,51810.5,2214.0
ES,14,2025,2,paisaje naturaleza,actividades,actividades infantiles,andalucia,cordoba,52992.0,1104.0
ES,18,2025,2,paisaje naturaleza,actividades,actividades infantiles,andalucia,granada,197873.0,1735.0
ES,29,2025,2,paisaje naturaleza,actividades,actividades infantiles,andalucia,malaga,61355.25,775.75
ES,41,2025,2,paisaje naturaleza,actividades,actividades infantiles,andalucia,sevilla,43935.67,1135.33
ES,22,2025,2,paisaje naturaleza,actividades,actividades infantiles,aragon,huesca,55554.0,394.0
ES,50,2025,2,paisaje naturaleza,actividades,actividades infantiles,aragon,zaragoza,1793176.0,902.0
ES,35,2025,2,paisaje naturaleza,actividades,actividades infantiles,canarias,las palmas,6290.67,177.33
ES,38,2025,2,paisaje naturaleza,actividades,actividades infantiles,canarias,santa cruz de tenerife,5449.33,229.67
ES,39,2025,2,paisaje naturaleza,actividades,actividades infantiles,cantabria,cantabria,6790.0,70.0
ES,02,2025,2,paisaje naturaleza,actividades,actividades infantiles,castilla - la mancha,albacete,160612.0,578.0
ES,45,2025,2,paisaje naturaleza,actividades,actividades infantiles,castilla - la mancha,toledo,45176.0,1838.0
ES,24,2025,2,paisaje naturaleza,actividades,actividades infantiles,castilla y leon,leon,44396.0,2018.0
ES,42,2025,2,paisaje naturaleza,actividades,actividades infantiles,castilla y leon,soria,70941.0,1391.0
ES,47,2025,2,paisaje naturaleza,actividades,actividades infantiles,castilla y leon,valladolid,2446594.5,870.5
ES,08,2025,2,paisaje naturaleza,actividades,actividades infantiles,cataluna,barcelona,385437.1,2330.7
ES,17,2025,2,paisaje naturaleza,actividades,actividades infantiles,cataluna,girona,9620.0,303.0
ES,43,2025,2,paisaje naturaleza,actividades,actividades infantiles,cataluna,tarragona,49971.0,2178.0
ES,28,2025,2,paisaje naturaleza,actividades,actividades infantiles,comunidad de madrid,madrid,115936.5,790.67
ES,31,2025,2,paisaje naturaleza,actividades,actividades infantiles,comunidad foral de navarra,navarra,77825.0,1415.0
ES,03,2025,2,paisaje naturaleza,actividades,actividades infantiles,comunitat valenciana,alicante/alacant,18418.67,1170.33
ES,46,2025,2,paisaje naturaleza,actividades,actividades infantiles,comunitat valenciana,valencia/valencia,105032.33,317.0
ES,06,2025,2,paisaje naturaleza,actividades,actividades infantiles,extremadura,badajoz,17655.5,514.5
ES,10,2025,2,paisaje naturaleza,actividades,actividades infantiles,extremadura,caceres,37635.0,695.0
ES,15,2025,2,paisaje naturaleza,actividades,actividades infantiles,galicia,a coruna,11306.0,527.5
ES,27,2025,2,paisaje naturaleza,actividades,actividades infantiles,galicia,lugo,303156.0,1604.0
ES,07,2025,2,paisaje naturaleza,actividades,actividades infantiles,illes balears,illes balears,146817.09,1089.73
ES,01,2025,2,paisaje naturaleza,actividades,actividades infantiles,pais vasco,araba/alava,10617.67,370.33
ES,48,2025,2,paisaje naturaleza,actividades,actividades infantiles,pais vasco,bizkaia,404444.67,1150.33
ES,20,2025,2,paisaje naturaleza,actividades,actividades infantiles,pais vasco,gipuzkoa,21144.33,199.67
ES,33,2025,2,paisaje naturaleza,actividades,actividades infantiles,principado de asturias,asturias,31296.0,1304.0
ES,30,2025,2,paisaje naturaleza,actividades,actividades infantiles,region de murcia,murcia,13529.0,477.0
ES,11,2025,2,servicios,actividades,cursos,andalucia,cadiz,17205.0,1147.0
ES,29,2025,2,servicios,actividades,cursos,andalucia,malaga,23707.5,1327.5
ES,41,2025,2,servicios,actividades,cursos,andalucia,sevilla,900.0,150.0
ES,35,2025,2,servicios,actividades,cursos,canarias,las palmas,16800.0,175.0
ES,38,2025,2,servicios,actividades,cursos,canarias,santa cruz de tenerife,12364.5,4071.5
ES,47,2025,2,servicios,actividades,cursos,castilla y leon,valladolid,13395.0,705.0
ES,08,2025,2,servicios,actividades,cursos,cataluna,barcelona,161213.4,1120.2
ES,17,2025,2,servicios,actividades,cursos,cataluna,girona,1350.0,150.0
ES,28,2025,2,servicios,actividades,cursos,comunidad de madrid,madrid,305271.67,3414.67
ES,15,2025,2,servicios,actividades,cursos,galicia,a coruna,3192.0,152.0
ES,36,2025,2,servicios,actividades,cursos,galicia,pontevedra,1030.0,1030.0
ES,07,2025,2,servicios,actividades,cursos,illes balears,illes balears,449200.33,2376.33
ES,48,2025,2,servicios,actividades,cursos,pais vasco,bizkaia,5564.5,2021.5
ES,20,2025,2,servicios,actividades,cursos,pais vasco,gipuzkoa,13328.0,1666.0
ES,33,2025,2,servicios,actividades,cursos,principado de asturias,asturias,350.0,350.0
ES,30,2025,2,servicios,actividades,cursos,region de murcia,murcia,173005.33,3685.67
ES,11,2025,2,paisaje naturaleza,actividades,deportes y aventuras,andalucia,cadiz,4466.0,1595.0
ES,29,2025,2,paisaje naturaleza,actividades,deportes y aventuras,andalucia,malaga,7469.0,2134.0
ES,41,2025,2,paisaje naturaleza,actividades,deportes y aventuras,andalucia,sevilla,6169.5,559.0
ES,50,2025,2,paisaje naturaleza,actividades,deportes y aventuras,aragon,zaragoza,338131.0,1889.0
ES,35,2025,2,paisaje naturaleza,actividades,deportes y aventuras,canarias,las palmas,1100.0,550.0
ES,38,2025,2,paisaje naturaleza,actividades,deportes y aventuras,canarias,santa cruz de tenerife,2319.0,773.0
ES,19,2025,2,paisaje naturaleza,actividades,deportes y aventuras,castilla - la mancha,guadalajara,15552.5,1102.5
ES,37,2025,2,paisaje naturaleza,actividades,deportes y aventuras,castilla y leon,salamanca,880.0,40.0
ES,08,2025,2,paisaje naturaleza,actividades,deportes y aventuras,cataluna,barcelona,95379.67,1124.5
ES,17,2025,2,paisaje naturaleza,actividades,deportes y aventuras,cataluna,girona,13201.0,307.0
ES,28,2025,2,paisaje naturaleza,actividades,deportes y aventuras,comunidad de madrid,madrid,658136.67,639.33
ES,03,2025,2,paisaje naturaleza,actividades,deportes y aventuras,comunitat valenciana,alicante/alacant,27641.67,2994.0
ES,46,2025,2,paisaje naturaleza,actividades,deportes y aventuras,comunitat valenciana,valencia/valencia,4214.0,49.0
ES,06,2025,2,paisaje naturaleza,actividades,deportes y aventuras,extremadura,badajoz,4640.0,72.5
ES,10,2025,2,paisaje naturaleza,actividades,deportes y aventuras,extremadura,caceres,25662.0,1092.0
ES,07,2025,2,paisaje naturaleza,actividades,deportes y aventuras,illes balears,illes balears,5086.5,1495.5
ES,01,2025,2,paisaje naturaleza,actividades,deportes y aventuras,pais vasco,araba/alava,270.0,30.0
ES,33,2025,2,paisaje naturaleza,actividades,deportes y aventuras,principado de asturias,asturias,9332.0,9332.0
ES,30,2025,2,paisaje naturaleza,actividades,deportes y aventuras,region de murcia,murcia,252668.0,875.5
ES,18,2025,2,comida y bebida,actividades,gastronomia,andalucia,granada,9888.0,1236.0
ES,29,2025,2,comida y bebida,actividades,gastronomia,andalucia,malaga,43641.0,1865.0
ES,41,2025,2,comida y bebida,actividades,gastronomia,andalucia,sevilla,75628.0,518.0
ES,35,2025,2,comida y bebida,actividades,gastronomia,canarias,las palmas,140664.0,635.5
ES,38,2025,2,comida y bebida,actividades,gastronomia,canarias,santa cruz de tenerife,218.0,109.0
ES,02,2025,2,comida y bebida,actividades,gastronomia,castilla - la mancha,albacete,199296.0,1152.0
ES,08,2025,2,comida y bebida,actividades,gastronomia,cataluna,barcelona,42672.0,1114.67
ES,43,2025,2,comida y bebida,actividades,gastronomia,cataluna,tarragona,187154.0,1034.0
ES,28,2025,2,comida y bebida,actividades,gastronomia,comunidad de madrid,madrid,43430.0,846.0
ES,03,2025,2,comida y bebida,actividades,gastronomia,comunitat valenciana,alicante/alacant,5156.67,173.33
ES,46,2025,2,comida y bebida,actividades,gastronomia,comunitat valenciana,valencia/valencia,14602.0,576.0
ES,06,2025,2,comida y bebida,actividades,gastronomia,extremadura,badajoz,1000.0,40.0
ES,10,2025,2,comida y bebida,actividades,gastronomia,extremadura,caceres,16952.0,1304.0
ES,07,2025,2,comida y bebida,actividades,gastronomia,illes balears,illes balears,273522.67,1701.33
ES,04,2025,2,vida nocturna,espectaculos,cine,andalucia,almeria,18976.0,593.0
ES,29,2025,2,vida nocturna,espectaculos,cine,andalucia,malaga,783481.0,1861.0
ES,41,2025,2,vida nocturna,espectaculos,cine,andalucia,sevilla,90024.0,484.0
ES,22,2025,2,vida nocturna,espectaculos,cine,aragon,huesca,250.0,50.0
ES,50,2025,2,vida nocturna,espectaculos,cine,aragon,zaragoza,16521.0,318.5
ES,38,2025,2,vida nocturna,espectaculos,cine,canarias,santa cruz de tenerife,5995.0,545.0
ES,02,2025,2,vida nocturna,espectaculos,cine,castilla - la mancha,albacete,200.0,100.0
ES,16,2025,2,vida nocturna,espectaculos,cine,castilla - la mancha,cuenca,2793.0,49.0
ES,47,2025,2,vida nocturna,espectaculos,cine,castilla y leon,valladolid,3075.0,615.0
ES,08,2025,2,vida nocturna,espectaculos,cine,cataluna,barcelona,116604.67,394.33
ES,17,2025,2,vida nocturna,espectaculos,cine,cataluna,girona,3737.5,262.5
ES,28,2025,2,vida nocturna,espectaculos,cine,comunidad de madrid,madrid,100171.0,919.0
ES,03,2025,2,vida nocturna,espectaculos,cine,comunitat valenciana,alicante/alacant,166880.0,748.0
ES,15,2025,2,vida nocturna,espectaculos,cine,galicia,a coruna,350.0,50.0
ES,07,2025,2,vida nocturna,espectaculos,cine,illes balears,illes balears,46635.0,598.0
ES,01,2025,2,vida nocturna,espectaculos,cine,pais vasco,araba/alava,1440.0,45.0
ES,48,2025,2,vida nocturna,espectaculos,cine,pais vasco,bizkaia,1450.0,50.0
ES,20,2025,2,vida nocturna,espectaculos,cine,pais vasco,gipuzkoa,21343.0,385.33
ES,30,2025,2,vida nocturna,espectaculos,cine,region de murcia,murcia,342171.0,667.0
ES,18,2025,2,otros,espectaculos,conferencias,andalucia,granada,223554.0,3922.0
ES,24,2025,2,otros,espectaculos,conferencias,castilla y leon,leon,307344.0,5392.0
ES,47,2025,2,otros,espectaculos,conferencias,castilla y leon,valladolid,102942.0,2451.0
ES,08,2025,2,otros,espectaculos,conferencias,cataluna,barcelona,3250.0,250.0
ES,25,2025,2,otros,espectaculos,conferencias,cataluna,lleida,280.0,280.0
ES,43,2025,2,otros,espectaculos,conferencias,cataluna,tarragona,700.0,350.0
ES,28,2025,2,otros,espectaculos,conferencias,comunidad de madrid,madrid,2777112.0,7912.0
ES,12,2025,2,otros,espectaculos,conferencias,comunitat valenciana,castellon/castello,119119.0,1001.0
ES,15,2025,2,otros,espectaculos,conferencias,galicia,a coruna,1020.0,340.0
ES,07,2025,2,otros,espectaculos,conferencias,illes balears,illes balears,2821.0,1007.0
ES,04,2025,2,paisaje urbano,espectaculos,"cultura, teatro y danza",andalucia,almeria,169150.0,903.0
ES,11,2025,2,paisaje urbano,espectaculos,"cultura, teatro y danza",andalucia,cadiz,67489.2,1880.0
ES,14,2025,2,paisaje urbano,espectaculos,"cultura, teatro y danza",andalucia,cordoba,195017.33,875.33
ES,18,2025,2,paisaje urbano,espectaculos,"cultura, teatro y danza",andalucia,granada,247945.75,684.5
ES,29,2025,2,paisaje urbano,espectaculos,"cultura, teatro y danza",andalucia,malaga,203911.5,886.0
ES,41,2025,2,paisaje urbano,espectaculos,"cultura, teatro y danza",andalucia,sevilla,300665.33,1069.33
ES,22,2025,2,paisaje urbano,espectaculos,"cultura, teatro y danza",aragon,huesca,28354.5,235.5
ES,50,2025,2,paisaje urbano,espectaculos,"cultura, teatro y danza",aragon,zaragoza,334895.0,642.0
ES,35,2025,2,paisaje urbano,espectaculos,"cultura, teatro y danza",canarias,las palmas,886900.78,1268.78
ES,38,2025,2,paisaje urbano,espectaculos,"cultura, teatro y danza",canarias,santa cruz de tenerife,255386.38,1039.75
ES,39,2025,2,paisaje urbano,espectaculos,"cultura, teatro y danza",cantabria,cantabria,208924.0,569.0
ES,02,2025,2,paisaje urbano,espectaculos,"cultura, teatro y danza",castilla - la mancha,albacete,53172.5,794.25
ES,13,2025,2,paisaje urbano,espectaculos,"cultura, teatro y danza",castilla - la mancha,ciudad real,102508.0,1186.0
ES,16,2025,2,paisaje urbano,espectaculos,"cultura, teatro y danza",castilla - la mancha,cuenca,43424.0,1888.0
ES,45,2025,2,paisaje urbano,espectaculos,"cultura, teatro y danza",castilla - la mancha,toledo,133760.67,597.33
ES,37,2025,2,paisaje urbano,espectaculos,"cultura, teatro y danza",castilla y leon,salamanca,34251.33,403.33
ES,42,2025,2,paisaje urbano,espectaculos,"cultura, teatro y danza",castilla y leon,soria,174299.0,866.5
ES,47,2025,2,paisaje urbano,espectaculos,"cultura, teatro y danza",castilla y leon,valladolid,527469.0,1638.33
ES,49,2025,2,paisaje urbano,espectaculos,"cultura, teatro y danza",castilla y leon,zamora,1120.0,40.0
ES,08,2025,2,paisaje urbano,espectaculos,"cultura, teatro y danza",cataluna,barcelona,751568.1,913.3
ES,17,2025,2,paisaje urbano,espectaculos,"cultura, teatro y danza",cataluna,girona,7829.5,301.0
ES,43,2025,2,paisaje urbano,espectaculos,"cultura, teatro y danza",cataluna,tarragona,27902.25,2604.5
ES,51,2025,2,paisaje urbano,espectaculos,"cultura, teatro y danza",ceuta,ceuta,104958.0,2058.0
ES,28,2025,2,paisaje urbano,espectaculos,"cultura, teatro y danza",comunidad de madrid,madrid,664416.86,524.0
ES,31,2025,2,paisaje urbano,espectaculos,"cultura, teatro y danza",comunidad foral de navarra,navarra,77825.0,1415.0
ES,03,2025,2,paisaje urbano,espectaculos,"cultura, teatro y danza",comunitat valenciana,alicante/alacant,132952.8,1513.2
ES,12,2025,2,paisaje urbano,espectaculos,"cultura, teatro y danza",comunitat valenciana,castellon/castello,90168.0,2312.0
ES,46,2025,2,paisaje urbano,espectaculos,"cultura, teatro y danza",comunitat valenciana,valencia/valencia,807773.67,645.33
ES,06,2025,2,paisaje urbano,espectaculos,"cultura, teatro y danza",extremadura,badajoz,7131.5,113.0
ES,10,2025,2,paisaje urbano,espectaculos,"cultura, teatro y danza",extremadura,caceres,39394.0,137.0
ES,15,2025,2,paisaje urbano,espectaculos,"cultura, teatro y danza",galicia,a coruna,214248.0,678.0
ES,27,2025,2,paisaje urbano,espectaculos,"cultura, teatro y danza",galicia,lugo,303156.0,1604.0
ES,36,2025,2,paisaje urbano,espectaculos,"cultura, teatro y danza",galicia,pontevedra,327152.0,1016.0
ES,07,2025,2,paisaje urbano,espectaculos,"cultura, teatro y danza",illes balears,illes balears,201358.5,849.64
ES,26,2025,2,paisaje urbano,espectaculos,"cultura, teatro y danza",la rioja,la rioja,161568.0,7344.0
ES,01,2025,2,paisaje urbano,espectaculos,"cultura, teatro y danza",pais vasco,araba/alava,90605.33,482.67
ES,48,2025,2,paisaje urbano,espectaculos,"cultura, teatro y danza",pais vasco,bizkaia,151095.2,647.2
ES,20,2025,2,paisaje urbano,espectaculos,"cultura, teatro y danza",pais vasco,gipuzkoa,87464.8,614.4
ES,33,2025,2,paisaje urbano,espectaculos,"cultura, teatro y danza",principado de asturias,asturias,21816.5,1039.0
ES,30,2025,2,paisaje urbano,espectaculos,"cultura, teatro y danza",region de murcia,murcia,173749.67,887.67
ES,43,2025,2,compras,espectaculos,ferias,cataluna,tarragona,700.0,350.0
ES,28,2025,2,compras,espectaculos,ferias,comunidad de madrid,madrid,2198.0,314.0
ES,41,2025,2,paisaje urbano,espectaculos,museo y exposiciones,andalucia,sevilla,95996.5,1344.0
ES,50,2025,2,paisaje urbano,espectaculos,museo y exposiciones,aragon,zaragoza,3024.0,336.0
ES,45,2025,2,paisaje urbano,espectaculos,museo y exposiciones,castilla - la mancha,toledo,11754.0,653.0
ES,37,2025,2,paisaje urbano,espectaculos,museo y exposiciones,castilla y leon,salamanca,88722.0,318.0
ES,47,2025,2,paisaje urbano,espectaculos,museo y exposiciones,castilla y leon,valladolid,3000.0,150.0
ES,08,2025,2,paisaje urbano,espectaculos,museo y exposiciones,cataluna,barcelona,9072.0,112.0
ES,43,2025,2,paisaje urbano,espectaculos,museo y exposiciones,cataluna,tarragona,21144.0,2643.0
ES,28,2025,2,paisaje urbano,espectaculos,museo y exposiciones,comunidad de madrid,madrid,360.0,120.0
ES,46,2025,2,paisaje urbano,espectaculos,museo y exposiciones,comunitat valenciana,valencia/valencia,12507.5,1091.5
ES,07,2025,2,paisaje urbano,espectaculos,museo y exposiciones,illes balears,illes balears,1192.0,1192.0
ES,01,2025,2,paisaje urbano,espectaculos,museo y exposiciones,pais vasco,araba/alava,60.0,60.0
ES,48,2025,2,paisaje urbano,espectaculos,museo y exposiciones,pais vasco,bizkaia,375081.0,1011.0
ES,04,2025,2,vida nocturna,espectaculos,musica,andalucia,almeria,1426306.33,1096.33
ES,11,2025,2,vida nocturna,espectaculos,musica,andalucia,cadiz,133733.14,578.29
ES,14,2025,2,vida nocturna,espectaculos,musica,andalucia,cordoba,325404.0,594.0
ES,18,2025,2,vida nocturna,espectaculos,musica,andalucia,granada,477465.14,1716.57
ES,21,2025,2,vida nocturna,espectaculos,musica,andalucia,huelva,1350.0,150.0
ES,23,2025,2,vida nocturna,espectaculos,musica,andalucia,jaen,87680.8,1202.4
ES,29,2025,2,vida nocturna,espectaculos,musica,andalucia,malaga,677817.29,1230.14
ES,41,2025,2,vida nocturna,espectaculos,musica,andalucia,sevilla,1240048.5,595.75
ES,22,2025,2,vida nocturna,espectaculos,musica,aragon,huesca,374461.0,1002.0
ES,44,2025,2,vida nocturna,espectaculos,musica,aragon,teruel,149964.67,1832.0
ES,50,2025,2,vida nocturna,espectaculos,musica,aragon,zaragoza,3401470.5,886.5
ES,35,2025,2,vida nocturna,espectaculos,musica,canarias,las palmas,190120.11,956.89
ES,38,2025,2,vida nocturna,espectaculos,musica,canarias,santa cruz de tenerife,179886.78,866.22
ES,39,2025,2,vida nocturna,espectaculos,musica,cantabria,cantabria,150486.0,1316.33
ES,02,2025,2,vida nocturna,espectaculos,musica,castilla - la mancha,albacete,246774.0,1406.75
ES,13,2025,2,vida nocturna,espectaculos,musica,castilla - la mancha,ciudad real,71689.0,1243.25
ES,16,2025,2,vida nocturna,espectaculos,musica,castilla - la mancha,cuenca,1339.5,502.5
ES,19,2025,2,vida nocturna,espectaculos,musica,castilla - la mancha,guadalajara,95589.0,1677.0
ES,45,2025,2,vida nocturna,espectaculos,musica,castilla - la mancha,toledo,45738.25,1289.5
ES,05,2025,2,vida nocturna,espectaculos,musica,castilla y leon,avila,40052.0,86.0
ES,09,2025,2,vida nocturna,espectaculos,musica,castilla y leon,burgos,365241.5,1541.5
ES,24,2025,2,vida nocturna,espectaculos,musica,castilla y leon,leon,345158.0,1122.33
ES,34,2025,2,vida nocturna,espectaculos,musica,castilla y leon,palencia,62844.0,1481.33
ES,37,2025,2,vida nocturna,espectaculos,musica,castilla y leon,salamanca,57146.67,561.67
ES,40,2025,2,vida nocturna,espectaculos,musica,castilla y leon,segovia,470919.0,2583.5
ES,42,2025,2,vida nocturna,espectaculos,musica,castilla y leon,soria,186376.0,1350.0
ES,47,2025,2,vida nocturna,espectaculos,musica,castilla y leon,valladolid,53862.5,1482.67
ES,49,2025,2,vida nocturna,espectaculos,musica,castilla y leon,zamora,467036.0,1309.0
ES,08,2025,2,vida nocturna,espectaculos,musica,cataluna,barcelona,252220.0,1382.63
ES,17,2025,2,vida nocturna,espectaculos,musica,cataluna,girona,41234.0,4336.31
ES,25,2025,2,vida nocturna,espectaculos,musica,cataluna,lleida,206459.2,1146.2
ES,43,2025,2,vida nocturna,espectaculos,musica,cataluna,tarragona,159449.88,957.5
ES,51,2025,2,vida nocturna,espectaculos,musica,ceuta,ceuta,14472.0,804.0
ES,28,2025,2,vida nocturna,espectaculos,musica,comunidad de madrid,madrid,2736700.0,1151.59
ES,31,2025,2,vida nocturna,espectaculos,musica,comunidad foral de navarra,navarra,1224255.5,1807.0
ES,03,2025,2,vida nocturna,espectaculos,musica,comunitat valenciana,alicante/alacant,65234.24,938.59
ES,12,2025,2,vida nocturna,espectaculos,musica,comunitat valenciana,castellon/castello,394882.75,1592.75
ES,46,2025,2,vida nocturna,espectaculos,musica,comunitat valenciana,valencia/valencia,734035.44,1273.56
ES,06,2025,2,vida nocturna,espectaculos,musica,extremadura,badajoz,179633.0,1225.33
ES,10,2025,2,vida nocturna,espectaculos,musica,extremadura,caceres,19257.5,592.5
ES,15,2025,2,vida nocturna,espectaculos,musica,galicia,a coruna,353156.57,1101.57
ES,27,2025,2,vida nocturna,espectaculos,musica,galicia,lugo,4284.0,1071.0
ES,32,2025,2,vida nocturna,espectaculos,musica,galicia,ourense,44988.0,1304.0
ES,36,2025,2,vida nocturna,espectaculos,musica,galicia,pontevedra,112851.22,802.56
ES,07,2025,2,vida nocturna,espectaculos,musica,illes balears,illes balears,301993.48,1171.68
ES,26,2025,2,vida nocturna,espectaculos,musica,la rioja,la rioja,37500.5,621.5
ES,01,2025,2,vida nocturna,espectaculos,musica,pais vasco,araba/alava,75579.0,657.0
ES,48,2025,2,vida nocturna,espectaculos,musica,pais vasco,bizkaia,90760.83,520.5
ES,20,2025,2,vida nocturna,espectaculos,musica,pais vasco,gipuzkoa,241176.78,1392.78
ES,33,2025,2,vida nocturna,espectaculos,musica,principado de asturias,asturias,301993.2,1795.8
ES,30,2025,2,vida nocturna,espectaculos,musica,region de murcia,murcia,875602.4,1000.8
ES,04,2025,2,vida nocturna,espectaculos,musicales,andalucia,almeria,9460.33,497.33
ES,18,2025,2,vida nocturna,espectaculos,musicales,andalucia,granada,12604.0,685.0
ES,29,2025,2,vida nocturna,espectaculos,musicales,andalucia,malaga,184728.0,1032.0
ES,41,2025,2,vida nocturna,espectaculos,musicales,andalucia,sevilla,2880.0,60.0
ES,50,2025,2,vida nocturna,espectaculos,musicales,aragon,zaragoza,3225.0,75.0
ES,35,2025,2,vida nocturna,espectaculos,musicales,canarias,las palmas,33905.0,477.75
ES,38,2025,2,vida nocturna,espectaculos,musicales,canarias,santa cruz de tenerife,3242.67,335.67
ES,02,2025,2,vida nocturna,espectaculos,musicales,castilla - la mancha,albacete,385592.0,1256.0
ES,37,2025,2,vida nocturna,espectaculos,musicales,castilla y leon,salamanca,75457.0,1237.0
ES,47,2025,2,vida nocturna,espectaculos,musicales,castilla y leon,valladolid,174159.0,1569.0
ES,08,2025,2,vida nocturna,espectaculos,musicales,cataluna,barcelona,95799.67,1488.67
ES,17,2025,2,vida nocturna,espectaculos,musicales,cataluna,girona,13400.0,100.0
ES,28,2025,2,vida nocturna,espectaculos,musicales,comunidad de madrid,madrid,96753.25,563.75
ES,31,2025,2,vida nocturna,espectaculos,musicales,comunidad foral de navarra,navarra,77825.0,1415.0
ES,03,2025,2,vida nocturna,espectaculos,musicales,comunitat valenciana,alicante/alacant,11737.5,793.5
ES,46,2025,2,vida nocturna,espectaculos,musicales,comunitat valenciana,valencia/valencia,581847.5,999.5
ES,06,2025,2,vida nocturna,espectaculos,musicales,extremadura,badajoz,3608.0,176.0
ES,10,2025,2,vida nocturna,espectaculos,musicales,extremadura,caceres,41460.0,795.0
ES,15,2025,2,vida nocturna,espectaculos,musicales,galicia,a coruna,101802.0,722.0
ES,27,2025,2,vida nocturna,espectaculos,musicales,galicia,lugo,303156.0,1604.0
ES,07,2025,2,vida nocturna,espectaculos,musicales,illes balears,illes balears,66146.75,868.75
ES,48,2025,2,vida nocturna,espectaculos,musicales,pais vasco,bizkaia,5877.0,1306.0
ES,30,2025,2,vida nocturna,espectaculos,musicales,region de murcia,murcia,76227.67,877.0
ES,04,2025,3,paisaje naturaleza,actividades,actividades infantiles,andalucia,almeria,3088.5,381.0
ES,11,2025,3,paisaje naturaleza,actividades,actividades infantiles,andalucia,cadiz,30457.0,1337.5
ES,14,2025,3,paisaje naturaleza,actividades,actividades infantiles,andalucia,cordoba,66176.0,1034.0
ES,18,2025,3,paisaje naturaleza,actividades,actividades infantiles,andalucia,granada,323648.5,1820.0
ES,23,2025,3,paisaje naturaleza,actividades,actividades infantiles,andalucia,jaen,6522.0,1087.0
ES,29,2025,3,paisaje naturaleza,actividades,actividades infantiles,andalucia,malaga,98279.33,712.67
ES,41,2025,3,paisaje naturaleza,actividades,actividades infantiles,andalucia,sevilla,84505.75,1041.25
ES,50,2025,3,paisaje naturaleza,actividades,actividades infantiles,aragon,zaragoza,1772784.0,624.0
ES,35,2025,3,paisaje naturaleza,actividades,actividades infantiles,canarias,las palmas,11721.5,178.5
ES,38,2025,3,paisaje naturaleza,actividades,actividades infantiles,canarias,santa cruz de tenerife,43747.67,2138.0
ES,39,2025,3,paisaje naturaleza,actividades,actividades infantiles,cantabria,cantabria,65894.0,701.0
ES,02,2025,3,paisaje naturaleza,actividades,actividades infantiles,castilla - la mancha,albacete,10789.33,714.67
ES,45,2025,3,paisaje naturaleza,actividades,actividades infantiles,castilla - la mancha,toledo,120618.0,1877.5
ES,24,2025,3,paisaje naturaleza,actividades,actividades infantiles,castilla y leon,leon,2600.0,200.0
ES,37,2025,3,paisaje naturaleza,actividades,actividades infantiles,castilla y leon,salamanca,4968.0,138.0
ES,47,2025,3,paisaje naturaleza,actividades,actividades infantiles,castilla y leon,valladolid,19737.0,1161.0
ES,49,2025,3,paisaje naturaleza,actividades,actividades infantiles,castilla y leon,zamora,1320.0,220.0
ES,08,2025,3,paisaje naturaleza,actividades,actividades infantiles,cataluna,barcelona,283868.36,1603.73
ES,17,2025,3,paisaje naturaleza,actividades,actividades infantiles,cataluna,girona,160784.5,1245.0
ES,43,2025,3,paisaje naturaleza,actividades,actividades infantiles,cataluna,tarragona,154564.0,2273.0
ES,28,2025,3,paisaje naturaleza,actividades,actividades infantiles,comunidad de madrid,madrid,95205.62,813.75
ES,03,2025,3,paisaje naturaleza,actividades,actividades infantiles,comunitat valenciana,alicante/alacant,100107.5,456.5
ES,46,2025,3,paisaje naturaleza,actividades,actividades infantiles,comunitat valenciana,valencia/valencia,753961.5,1171.5
ES,06,2025,3,paisaje naturaleza,actividades,actividades infantiles,extremadura,badajoz,2042.0,118.0
ES,10,2025,3,paisaje naturaleza,actividades,actividades infantiles,extremadura,caceres,2601.0,765.0
ES,15,2025,3,paisaje naturaleza,actividades,actividades infantiles,galicia,a coruna,100088.0,523.0
ES,27,2025,3,paisaje naturaleza,actividades,actividades infantiles,galicia,lugo,173664.0,1608.0
ES,07,2025,3,paisaje naturaleza,actividades,actividades infantiles,illes balears,illes balears,97948.18,1176.27
ES,01,2025,3,paisaje naturaleza,actividades,actividades infantiles,pais vasco,araba/alava,99819.0,196.0
ES,48,2025,3,paisaje naturaleza,actividades,actividades infantiles,pais vasco,bizkaia,193694.8,6280.0
ES,20,2025,3,paisaje naturaleza,actividades,actividades infantiles,pais vasco,gipuzkoa,169990.0,555.5
ES,33,2025,3,paisaje naturaleza,actividades,actividades infantiles,principado de asturias,asturias,143325.0,1225.0
ES,30,2025,3,paisaje naturaleza,actividades,actividades infantiles,region de murcia,murcia,9085.67,412.0
ES,11,2025,3,servicios,actividades,cursos,andalucia,cadiz,1980.0,110.0
ES,29,2025,3,servicios,actividades,cursos,andalucia,malaga,39369.0,1193.0
ES,41,2025,3,servicios,actividades,cursos,andalucia,sevilla,7928.0,4955.0
ES,35,2025,3,servicios,actividades,cursos,canarias,las palmas,22608.0,942.0
ES,38,2025,3,servicios,actividades,cursos,canarias,santa cruz de tenerife,4500.0,50.0
ES,16,2025,3,servicios,actividades,cursos,castilla - la mancha,cuenca,11706.0,9755.0
ES,47,2025,3,servicios,actividades,cursos,castilla y leon,valladolid,3321.0,81.0
ES,08,2025,3,servicios,actividades,cursos,cataluna,barcelona,155153.5,1243.33
ES,17,2025,3,servicios,actividades,cursos,cataluna,girona,6380.0,110.0
ES,28,2025,3,servicios,actividades,cursos,comunidad de madrid,madrid,1434286.67,5516.67
ES,03,2025,3,servicios,actividades,cursos,comunitat valenciana,alicante/alacant,8432.0,2108.0
ES,15,2025,3,servicios,actividades,cursos,galicia,a coruna,5124.0,183.0
ES,36,2025,3,servicios,actividades,cursos,galicia,pontevedra,2060.0,1030.0
ES,07,2025,3,servicios,actividades,cursos,illes balears,illes balears,74420.0,1896.0
ES,01,2025,3,servicios,actividades,cursos,pais vasco,araba/alava,5502.0,917.0
ES,48,2025,3,servicios,actividades,cursos,pais vasco,bizkaia,19581.33,1814.33
ES,20,2025,3,servicios,actividades,cursos,pais vasco,gipuzkoa,1600.0,200.0
ES,30,2025,3,servicios,actividades,cursos,region de murcia,murcia,358512.33,1998.33
ES,11,2025,3,paisaje naturaleza,actividades,deportes y aventuras,andalucia,cadiz,44274.0,2355.0
ES,18,2025,3,paisaje naturaleza,actividades,deportes y aventuras,andalucia,granada,98.0,98.0
ES,29,2025,3,paisaje naturaleza,actividades,deportes y aventuras,andalucia,malaga,110432.0,952.0
ES,41,2025,3,paisaje naturaleza,actividades,deportes y aventuras,andalucia,sevilla,27448.0,584.0
ES,50,2025,3,paisaje naturaleza,actividades,deportes y aventuras,aragon,zaragoza,18462.0,2172.0
ES,38,2025,3,paisaje naturaleza,actividades,deportes y aventuras,canarias,santa cruz de tenerife,11631.5,331.0
ES,19,2025,3,paisaje naturaleza,actividades,deportes y aventuras,castilla - la mancha,guadalajara,506612.0,2941.0
ES,05,2025,3,paisaje naturaleza,actividades,deportes y aventuras,castilla y leon,avila,7100.0,50.0
ES,37,2025,3,paisaje naturaleza,actividades,deportes y aventuras,castilla y leon,salamanca,990.0,45.0
ES,08,2025,3,paisaje naturaleza,actividades,deportes y aventuras,cataluna,barcelona,303580.4,2481.4
ES,17,2025,3,paisaje naturaleza,actividades,deportes y aventuras,cataluna,girona,307748.0,1737.0
ES,43,2025,3,paisaje naturaleza,actividades,deportes y aventuras,cataluna,tarragona,10506.0,309.0
ES,28,2025,3,paisaje naturaleza,actividades,deportes y aventuras,comunidad de madrid,madrid,255647.0,307.67
ES,03,2025,3,paisaje naturaleza,actividades,deportes y aventuras,comunitat valenciana,alicante/alacant,10719.0,1924.0
ES,46,2025,3,paisaje naturaleza,actividades,deportes y aventuras,comunitat valenciana,valencia/valencia,6616.0,827.0
ES,06,2025,3,paisaje naturaleza,actividades,deportes y aventuras,extremadura,badajoz,2205.0,217.5
ES,10,2025,3,paisaje naturaleza,actividades,deportes y aventuras,extremadura,caceres,269538.0,1002.0
ES,15,2025,3,paisaje naturaleza,actividades,deportes y aventuras,galicia,a coruna,600.0,60.0
ES,07,2025,3,paisaje naturaleza,actividades,deportes y aventuras,illes balears,illes balears,34549.0,1433.0
ES,01,2025,3,paisaje naturaleza,actividades,deportes y aventuras,pais vasco,araba/alava,21184.0,1324.0
ES,48,2025,3,paisaje naturaleza,actividades,deportes y aventuras,pais vasco,bizkaia,381030.0,1954.0
ES,33,2025,3,paisaje naturaleza,actividades,deportes y aventuras,principado de asturias,asturias,65324.0,9332.0
ES,30,2025,3,paisaje naturaleza,actividades,deportes y aventuras,region de murcia,murcia,62582.5,2162.0
ES,11,2025,3,comida y bebida,actividades,gastronomia,andalucia,cadiz,3216.0,1005.0
ES,18,2025,3,comida y bebida,actividades,gastronomia,andalucia,granada,30534.0,1454.0
ES,29,2025,3,comida y bebida,actividades,gastronomia,andalucia,malaga,202177.0,2349.5
ES,41,2025,3,comida y bebida,actividades,gastronomia,andalucia,sevilla,115514.0,518.0
ES,35,2025,3,comida y bebida,actividades,gastronomia,canarias,las palmas,46706.0,869.0
ES,38,2025,3,comida y bebida,actividades,gastronomia,canarias,santa cruz de tenerife,4500.0,50.0
ES,02,2025,3,comida y bebida,actividades,gastronomia,castilla - la mancha,albacete,66368.0,136.0
ES,08,2025,3,comida y bebida,actividades,gastronomia,cataluna,barcelona,140656.0,298.0
ES,17,2025,3,comida y bebida,actividades,gastronomia,cataluna,girona,2225.0,212.5
ES,28,2025,3,comida y bebida,actividades,gastronomia,comunidad de madrid,madrid,135089.0,856.0
ES,03,2025,3,comida y bebida,actividades,gastronomia,comunitat valenciana,alicante/alacant,17820.0,220.0
ES,46,2025,3,comida y bebida,actividades,gastronomia,comunitat valenciana,valencia/valencia,44249.5,582.5
ES,06,2025,3,comida y bebida,actividades,gastronomia,extremadura,badajoz,1040.0,40.0
ES,36,2025,3,comida y bebida,actividades,gastronomia,galicia,pontevedra,378.0,54.0
ES,07,2025,3,comida y bebida,actividades,gastronomia,illes balears,illes balears,78594.33,1590.0
ES,04,2025,3,vida nocturna,espectaculos,cine,andalucia,almeria,1230.0,615.0
ES,29,2025,3,vida nocturna,espectaculos,cine,andalucia,malaga,77196.0,1838.0
ES,41,2025,3,vida nocturna,espectaculos,cine,andalucia,sevilla,12141.0,426.0
ES,22,2025,3,vida nocturna,espectaculos,cine,aragon,huesca,8766.0,487.0
ES,50,2025,3,vida nocturna,espectaculos,cine,aragon,zaragoza,19394.0,354.5
ES,35,2025,3,vida nocturna,espectaculos,cine,canarias,las palmas,14850.0,55.0
ES,02,2025,3,vida nocturna,espectaculos,cine,castilla - la mancha,albacete,400.0,400.0
ES,47,2025,3,vida nocturna,espectaculos,cine,castilla y leon,valladolid,23751.0,609.0
ES,08,2025,3,vida nocturna,espectaculos,cine,cataluna,barcelona,18333.0,548.5
ES,17,2025,3,vida nocturna,espectaculos,cine,cataluna,girona,8075.0,475.0
ES,25,2025,3,vida nocturna,espectaculos,cine,cataluna,lleida,52644.0,854.0
ES,43,2025,3,vida nocturna,espectaculos,cine,cataluna,tarragona,720.0,120.0
ES,28,2025,3,vida nocturna,espectaculos,cine,comunidad de madrid,madrid,7030.0,95.0
ES,03,2025,3,vida nocturna,espectaculos,cine,comunitat valenciana,alicante/alacant,4660.0,110.0
ES,07,2025,3,vida nocturna,espectaculos,cine,illes balears,illes balears,2827.33,358.67
ES,01,2025,3,vida nocturna,espectaculos,cine,pais vasco,araba/alava,1530.0,45.0
ES,20,2025,3,vida nocturna,espectaculos,cine,pais vasco,gipuzkoa,32582.67,320.67
ES,30,2025,3,vida nocturna,espectaculos,cine,region de murcia,murcia,442134.0,609.0
ES,50,2025,3,otros,espectaculos,conferencias,aragon,zaragoza,196.0,98.0
ES,24,2025,3,otros,espectaculos,conferencias,castilla y leon,leon,29656.0,5392.0
ES,49,2025,3,otros,espectaculos,conferencias,castilla y leon,zamora,65156.0,716.0
ES,08,2025,3,otros,espectaculos,conferencias,cataluna,barcelona,9517.0,301.0
ES,25,2025,3,otros,espectaculos,conferencias,cataluna,lleida,1700.0,340.0
ES,43,2025,3,otros,espectaculos,conferencias,cataluna,tarragona,115005.0,3485.0
ES,28,2025,3,otros,espectaculos,conferencias,comunidad de madrid,madrid,419052.0,1475.5
ES,03,2025,3,otros,espectaculos,conferencias,comunitat valenciana,alicante/alacant,528979.5,3128.5
ES,12,2025,3,otros,espectaculos,conferencias,comunitat valenciana,castellon/castello,3000.0,100.0
ES,46,2025,3,otros,espectaculos,conferencias,comunitat valenciana,valencia/valencia,6272.0,98.0
ES,07,2025,3,otros,espectaculos,conferencias,illes balears,illes balears,31754.75,1362.75
ES,04,2025,3,paisaje urbano,espectaculos,"cultura, teatro y danza",andalucia,almeria,247360.33,1221.67
ES,11,2025,3,paisaje urbano,espectaculos,"cultura, teatro y danza",andalucia,cadiz,111226.0,2368.0
ES,14,2025,3,paisaje urbano,espectaculos,"cultura, teatro y danza",andalucia,cordoba,38800.33,1152.33
ES,18,2025,3,paisaje urbano,espectaculos,"cultura, teatro y danza",andalucia,granada,398273.67,938.67
ES,21,2025,3,paisaje urbano,espectaculos,"cultura, teatro y danza",andalucia,huelva,1900.0,100.0
ES,23,2025,3,paisaje urbano,espectaculos,"cultura, teatro y danza",andalucia,jaen,565956.0,1791.0
ES,29,2025,3,paisaje urbano,espectaculos,"cultura, teatro y danza",andalucia,malaga,572341.4,1290.6
ES,41,2025,3,paisaje urbano,espectaculos,"cultura, teatro y danza",andalucia,sevilla,3465555.67,1913.67
ES,22,2025,3,paisaje urbano,espectaculos,"cultura, teatro y danza",aragon,huesca,59816.0,917.0
ES,50,2025,3,paisaje urbano,espectaculos,"cultura, teatro y danza",aragon,zaragoza,503078.67,447.33
ES,35,2025,3,paisaje urbano,espectaculos,"cultura, teatro y danza",canarias,las palmas,285864.38,949.0
ES,38,2025,3,paisaje urbano,espectaculos,"cultura, teatro y danza",canarias,santa cruz de tenerife,353586.86,1209.14
ES,39,2025,3,paisaje urbano,espectaculos,"cultura, teatro y danza",cantabria,cantabria,296042.0,689.0
ES,02,2025,3,paisaje urbano,espectaculos,"cultura, teatro y danza",castilla - la mancha,albacete,194722.33,1164.67
ES,13,2025,3,paisaje urbano,espectaculos,"cultura, teatro y danza",castilla - la mancha,ciudad real,182748.67,1175.33
ES,16,2025,3,paisaje urbano,espectaculos,"cultura, teatro y danza",castilla - la mancha,cuenca,376272.0,1872.0
ES,45,2025,3,paisaje urbano,espectaculos,"cultura, teatro y danza",castilla - la mancha,toledo,320638.0,559.0
ES,37,2025,3,paisaje urbano,espectaculos,"cultura, teatro y danza",castilla y leon,salamanca,66668.0,474.0
ES,42,2025,3,paisaje urbano,espectaculos,"cultura, teatro y danza",castilla y leon,soria,8976.0,176.0
ES,47,2025,3,paisaje urbano,espectaculos,"cultura, teatro y danza",castilla y leon,valladolid,274128.0,2438.0
ES,49,2025,3,paisaje urbano,espectaculos,"cultura, teatro y danza",castilla y leon,zamora,2320.0,40.0
ES,08,2025,3,paisaje urbano,espectaculos,"cultura, teatro y danza",cataluna,barcelona,155153.88,865.88
ES,17,2025,3,paisaje urbano,espectaculos,"cultura, teatro y danza",cataluna,girona,27564.8,541.4
ES,25,2025,3,paisaje urbano,espectaculos,"cultura, teatro y danza",cataluna,lleida,21402.0,738.0
ES,43,2025,3,paisaje urbano,espectaculos,"cultura, teatro y danza",cataluna,tarragona,13979.83,853.83
ES,51,2025,3,paisaje urbano,espectaculos,"cultura, teatro y danza",ceuta,ceuta,18084.0,822.0
ES,28,2025,3,paisaje urbano,espectaculos,"cultura, teatro y danza",comunidad de madrid,madrid,479871.5,714.42
ES,03,2025,3,paisaje urbano,espectaculos,"cultura, teatro y danza",comunitat valenciana,alicante/alacant,252245.4,1180.2
ES,12,2025,3,paisaje urbano,espectaculos,"cultura, teatro y danza",comunitat valenciana,castellon/castello,34188.0,1221.0
ES,46,2025,3,paisaje urbano,espectaculos,"cultura, teatro y danza",comunitat valenciana,valencia/valencia,1439141.0,624.29
ES,06,2025,3,paisaje urbano,espectaculos,"cultura, teatro y danza",extremadura,badajoz,1247.0,103.0
ES,10,2025,3,paisaje urbano,espectaculos,"cultura, teatro y danza",extremadura,caceres,6237.0,891.0
ES,15,2025,3,paisaje urbano,espectaculos,"cultura, teatro y danza",galicia,a coruna,14878.0,692.0
ES,27,2025,3,paisaje urbano,espectaculos,"cultura, teatro y danza",galicia,lugo,173664.0,1608.0
ES,36,2025,3,paisaje urbano,espectaculos,"cultura, teatro y danza",galicia,pontevedra,263048.0,1004.0
ES,07,2025,3,paisaje urbano,espectaculos,"cultura, teatro y danza",illes balears,illes balears,150167.53,890.76
ES,26,2025,3,paisaje urbano,espectaculos,"cultura, teatro y danza",la rioja,la rioja,1281989.0,3571.0
ES,01,2025,3,paisaje urbano,espectaculos,"cultura, teatro y danza",pais vasco,araba/alava,120788.33,717.33
ES,48,2025,3,paisaje urbano,espectaculos,"cultura, teatro y danza",pais vasco,bizkaia,214066.67,998.0
ES,20,2025,3,paisaje urbano,espectaculos,"cultura, teatro y danza",pais vasco,gipuzkoa,77929.17,660.5
ES,33,2025,3,paisaje urbano,espectaculos,"cultura, teatro y danza",principado de asturias,asturias,83808.0,557.0
ES,30,2025,3,paisaje urbano,espectaculos,"cultura, teatro y danza",region de murcia,murcia,162815.25,502.0
ES,49,2025,3,compras,espectaculos,ferias,castilla y leon,zamora,65156.0,716.0
ES,08,2025,3,compras,espectaculos,ferias,cataluna,barcelona,8528.0,252.0
ES,43,2025,3,compras,espectaculos,ferias,cataluna,tarragona,115005.0,3485.0
ES,28,2025,3,compras,espectaculos,ferias,comunidad de madrid,madrid,304471.0,2027.0
ES,03,2025,3,compras,espectaculos,ferias,comunitat valenciana,alicante/alacant,65540.0,580.0
ES,41,2025,3,paisaje urbano,espectaculos,museo y exposiciones,andalucia,sevilla,49212.5,1286.5
ES,50,2025,3,paisaje urbano,espectaculos,museo y exposiciones,aragon,zaragoza,20292.0,356.0
ES,45,2025,3,paisaje urbano,espectaculos,museo y exposiciones,castilla - la mancha,toledo,59752.0,679.0
ES,47,2025,3,paisaje urbano,espectaculos,museo y exposiciones,castilla y leon,valladolid,18544.5,293.5
ES,08,2025,3,paisaje urbano,espectaculos,museo y exposiciones,cataluna,barcelona,3274.0,566.5
ES,46,2025,3,paisaje urbano,espectaculos,museo y exposiciones,comunitat valenciana,valencia/valencia,2593.0,324.0
ES,07,2025,3,paisaje urbano,espectaculos,museo y exposiciones,illes balears,illes balears,13209.0,518.0
ES,48,2025,3,paisaje urbano,espectaculos,museo y exposiciones,pais vasco,bizkaia,362824.0,1064.0
ES,04,2025,3,vida nocturna,espectaculos,musica,andalucia,almeria,67346.0,1535.33
ES,11,2025,3,vida nocturna,espectaculos,musica,andalucia,cadiz,62560.6,578.2
ES,14,2025,3,vida nocturna,espectaculos,musica,andalucia,cordoba,2018367.5,904.5
ES,18,2025,3,vida nocturna,espectaculos,musica,andalucia,granada,251589.55,1200.91
ES,21,2025,3,vida nocturna,espectaculos,musica,andalucia,huelva,1500.0,60.0
ES,23,2025,3,vida nocturna,espectaculos,musica,andalucia,jaen,205459.83,1212.33
ES,29,2025,3,vida nocturna,espectaculos,musica,andalucia,malaga,248324.88,1349.25
ES,41,2025,3,vida nocturna,espectaculos,musica,andalucia,sevilla,482097.14,1428.57
ES,22,2025,3,vida nocturna,espectaculos,musica,aragon,huesca,192448.5,1129.5
ES,44,2025,3,vida nocturna,espectaculos,musica,aragon,teruel,103732.0,1979.0
ES,50,2025,3,vida nocturna,espectaculos,musica,aragon,zaragoza,3221315.0,969.0
ES,35,2025,3,vida nocturna,espectaculos,musica,canarias,las palmas,547980.5,1528.1
ES,38,2025,3,vida nocturna,espectaculos,musica,canarias,santa cruz de tenerife,384233.82,1999.64
ES,39,2025,3,vida nocturna,espectaculos,musica,cantabria,cantabria,12223.67,588.67
ES,02,2025,3,vida nocturna,espectaculos,musica,castilla - la mancha,albacete,171765.5,1028.5
ES,13,2025,3,vida nocturna,espectaculos,musica,castilla - la mancha,ciudad real,65863.75,988.5
ES,16,2025,3,vida nocturna,espectaculos,musica,castilla - la mancha,cuenca,16705.67,490.33
ES,19,2025,3,vida nocturna,espectaculos,musica,castilla - la mancha,guadalajara,65317.0,2107.0
ES,45,2025,3,vida nocturna,espectaculos,musica,castilla - la mancha,toledo,90315.0,1737.67
ES,05,2025,3,vida nocturna,espectaculos,musica,castilla y leon,avila,5434.0,1235.0
ES,09,2025,3,vida nocturna,espectaculos,musica,castilla y leon,burgos,232643.67,2624.0
ES,24,2025,3,vida nocturna,espectaculos,musica,castilla y leon,leon,131815.5,1654.5
ES,34,2025,3,vida nocturna,espectaculos,musica,castilla y leon,palencia,61614.75,1762.5
ES,37,2025,3,vida nocturna,espectaculos,musica,castilla y leon,salamanca,384905.0,1343.0
ES,40,2025,3,vida nocturna,espectaculos,musica,castilla y leon,segovia,263691.33,2032.0
ES,42,2025,3,vida nocturna,espectaculos,musica,castilla y leon,soria,208725.67,580.0
ES,47,2025,3,vida nocturna,espectaculos,musica,castilla y leon,valladolid,78389.0,1970.5
ES,49,2025,3,vida nocturna,espectaculos,musica,castilla y leon,zamora,828389.5,1336.0
ES,08,2025,3,vida nocturna,espectaculos,musica,cataluna,barcelona,245787.52,1352.34
ES,17,2025,3,vida nocturna,espectaculos,musica,cataluna,girona,49484.87,4079.93
ES,25,2025,3,vida nocturna,espectaculos,musica,cataluna,lleida,46065.0,607.17
ES,43,2025,3,vida nocturna,espectaculos,musica,cataluna,tarragona,272990.27,1219.27
ES,51,2025,3,vida nocturna,espectaculos,musica,ceuta,ceuta,14480.0,80.0
ES,28,2025,3,vida nocturna,espectaculos,musica,comunidad de madrid,madrid,2777509.9,918.43
ES,31,2025,3,vida nocturna,espectaculos,musica,comunidad foral de navarra,navarra,1211217.0,1238.29
ES,03,2025,3,vida nocturna,espectaculos,musica,comunitat valenciana,alicante/alacant,277585.11,877.26
ES,12,2025,3,vida nocturna,espectaculos,musica,comunitat valenciana,castellon/castello,252982.75,1186.0
ES,46,2025,3,vida nocturna,espectaculos,musica,comunitat valenciana,valencia/valencia,504132.67,1497.58
ES,06,2025,3,vida nocturna,espectaculos,musica,extremadura,badajoz,44597.5,1071.75
ES,10,2025,3,vida nocturna,espectaculos,musica,extremadura,caceres,41842.0,373.5
ES,15,2025,3,vida nocturna,espectaculos,musica,galicia,a coruna,205573.38,1154.25
ES,27,2025,3,vida nocturna,espectaculos,musica,galicia,lugo,4887.0,562.5
ES,32,2025,3,vida nocturna,espectaculos,musica,galicia,ourense,206360.0,2398.0
ES,36,2025,3,vida nocturna,espectaculos,musica,galicia,pontevedra,51052.22,729.89
ES,07,2025,3,vida nocturna,espectaculos,musica,illes balears,illes balears,648975.76,1366.19
ES,26,2025,3,vida nocturna,espectaculos,musica,la rioja,la rioja,472154.0,1117.5
ES,01,2025,3,vida nocturna,espectaculos,musica,pais vasco,araba/alava,61385.0,213.0
ES,48,2025,3,vida nocturna,espectaculos,musica,pais vasco,bizkaia,242835.6,1028.2
ES,20,2025,3,vida nocturna,espectaculos,musica,pais vasco,gipuzkoa,95511.22,1357.78
ES,33,2025,3,vida nocturna,espectaculos,musica,principado de asturias,asturias,94082.33,1098.17
ES,30,2025,3,vida nocturna,espectaculos,musica,region de murcia,murcia,223016.4,1283.0
ES,04,2025,3,vida nocturna,espectaculos,musicales,andalucia,almeria,26271.0,1251.0
ES,18,2025,3,vida nocturna,espectaculos,musicales,andalucia,granada,33542.0,743.0
ES,23,2025,3,vida nocturna,espectaculos,musicales,andalucia,jaen,565956.0,1791.0
ES,29,2025,3,vida nocturna,espectaculos,musicales,andalucia,malaga,63798.0,651.0
ES,41,2025,3,vida nocturna,espectaculos,musicales,andalucia,sevilla,148033.0,827.0
ES,50,2025,3,vida nocturna,espectaculos,musicales,aragon,zaragoza,101916.0,447.0
ES,35,2025,3,vida nocturna,espectaculos,musicales,canarias,las palmas,35304.33,637.33
ES,38,2025,3,vida nocturna,espectaculos,musicales,canarias,santa cruz de tenerife,1440.0,30.0
ES,02,2025,3,vida nocturna,espectaculos,musicales,castilla - la mancha,albacete,3449885.0,1145.0
ES,37,2025,3,vida nocturna,espectaculos,musicales,castilla y leon,salamanca,3344.0,176.0
ES,47,2025,3,vida nocturna,espectaculos,musicales,castilla y leon,valladolid,362736.0,1584.0
ES,08,2025,3,vida nocturna,espectaculos,musicales,cataluna,barcelona,102773.4,1224.6
ES,17,2025,3,vida nocturna,espectaculos,musicales,cataluna,girona,13026.0,1002.0
ES,43,2025,3,vida nocturna,espectaculos,musicales,cataluna,tarragona,46872.0,504.0
ES,28,2025,3,vida nocturna,espectaculos,musicales,comunidad de madrid,madrid,102525.6,504.6
ES,03,2025,3,vida nocturna,espectaculos,musicales,comunitat valenciana,alicante/alacant,132368.67,715.33
ES,46,2025,3,vida nocturna,espectaculos,musicales,comunitat valenciana,valencia/valencia,282995.33,515.67
ES,06,2025,3,vida nocturna,espectaculos,musicales,extremadura,badajoz,2464.0,176.0
ES,10,2025,3,vida nocturna,espectaculos,musicales,extremadura,caceres,2880.0,120.0
ES,27,2025,3,vida nocturna,espectaculos,musicales,galicia,lugo,173664.0,1608.0
ES,07,2025,3,vida nocturna,espectaculos,musicales,illes balears,illes balears,63601.0,769.0
ES,48,2025,3,vida nocturna,espectaculos,musicales,pais vasco,bizkaia,80668.0,602.0
ES,20,2025,3,vida nocturna,espectaculos,musicales,pais vasco,gipuzkoa,98.0,49.0
ES,33,2025,3,vida nocturna,espectaculos,musicales,principado de asturias,asturias,37996.0,826.0
ES,30,2025,3,vida nocturna,espectaculos,musicales,region de murcia,murcia,20639.0,574.67
ES,04,2025,4,paisaje naturaleza,actividades,actividades infantiles,andalucia,almeria,17632.0,608.0
ES,11,2025,4,paisaje naturaleza,actividades,actividades infantiles,andalucia,cadiz,166209.0,3259.0
ES,14,2025,4,paisaje naturaleza,actividades,actividades infantiles,andalucia,cordoba,196.0,98.0
ES,18,2025,4,paisaje naturaleza,actividades,actividades infantiles,andalucia,granada,2964.0,229.5
ES,23,2025,4,paisaje naturaleza,actividades,actividades infantiles,andalucia,jaen,24684.0,1122.0
ES,29,2025,4,paisaje naturaleza,actividades,actividades infantiles,andalucia,malaga,144504.0,469.0
ES,41,2025,4,paisaje naturaleza,actividades,actividades infantiles,andalucia,sevilla,433326.5,3017.5
ES,50,2025,4,paisaje naturaleza,actividades,actividades infantiles,aragon,zaragoza,126880.0,832.0
ES,35,2025,4,paisaje naturaleza,actividades,actividades infantiles,canarias,las palmas,229209.0,1005.0
ES,38,2025,4,paisaje naturaleza,actividades,actividades infantiles,canarias,santa cruz de tenerife,44070.5,417.25
ES,39,2025,4,paisaje naturaleza,actividades,actividades infantiles,cantabria,cantabria,2820.0,705.0
ES,02,2025,4,paisaje naturaleza,actividades,actividades infantiles,castilla - la mancha,albacete,17952.33,807.0
ES,19,2025,4,paisaje naturaleza,actividades,actividades infantiles,castilla - la mancha,guadalajara,686.0,98.0
ES,45,2025,4,paisaje naturaleza,actividades,actividades infantiles,castilla - la mancha,toledo,216902.0,1866.5
ES,24,2025,4,paisaje naturaleza,actividades,actividades infantiles,castilla y leon,leon,122333.0,1723.0
ES,37,2025,4,paisaje naturaleza,actividades,actividades infantiles,castilla y leon,salamanca,3168.0,176.0
ES,47,2025,4,paisaje naturaleza,actividades,actividades infantiles,castilla y leon,valladolid,68324.67,618.67
ES,49,2025,4,paisaje naturaleza,actividades,actividades infantiles,castilla y leon,zamora,2420.0,220.0
ES,08,2025,4,paisaje naturaleza,actividades,actividades infantiles,cataluna,barcelona,128129.89,1635.89
ES,17,2025,4,paisaje naturaleza,actividades,actividades infantiles,cataluna,girona,40139.0,695.5
ES,25,2025,4,paisaje naturaleza,actividades,actividades infantiles,cataluna,lleida,15000.0,150.0
ES,43,2025,4,paisaje naturaleza,actividades,actividades infantiles,cataluna,tarragona,8009.0,363.0
ES,28,2025,4,paisaje naturaleza,actividades,actividades infantiles,comunidad de madrid,madrid,178277.5,963.88
ES,31,2025,4,paisaje naturaleza,actividades,actividades infantiles,comunidad foral de navarra,navarra,8532.0,1422.0
ES,03,2025,4,paisaje naturaleza,actividades,actividades infantiles,comunitat valenciana,alicante/alacant,9045.0,80.0
ES,46,2025,4,paisaje naturaleza,actividades,actividades infantiles,comunitat valenciana,valencia/valencia,1107924.25,523.25
ES,06,2025,4,paisaje naturaleza,actividades,actividades infantiles,extremadura,badajoz,528.0,176.0
ES,15,2025,4,paisaje naturaleza,actividades,actividades infantiles,galicia,a coruna,5265.0,702.0
ES,36,2025,4,paisaje naturaleza,actividades,actividades infantiles,galicia,pontevedra,1610.0,644.0
ES,07,2025,4,paisaje naturaleza,actividades,actividades infantiles,illes balears,illes balears,111446.09,1047.45
ES,01,2025,4,paisaje naturaleza,actividades,actividades infantiles,pais vasco,araba/alava,64406.0,181.0
ES,48,2025,4,paisaje naturaleza,actividades,actividades infantiles,pais vasco,bizkaia,969052.0,12042.0
ES,20,2025,4,paisaje naturaleza,actividades,actividades infantiles,pais vasco,gipuzkoa,133774.0,634.0
ES,33,2025,4,paisaje naturaleza,actividades,actividades infantiles,principado de asturias,asturias,1995.0,798.0
ES,30,2025,4,paisaje naturaleza,actividades,actividades infantiles,region de murcia,murcia,50830.5,404.0
ES,11,2025,4,servicios,actividades,cursos,andalucia,cadiz,18598.0,1094.0
ES,23,2025,4,servicios,actividades,cursos,andalucia,jaen,1000.0,200.0
ES,29,2025,4,servicios,actividades,cursos,andalucia,malaga,68875.0,2375.0
ES,41,2025,4,servicios,actividades,cursos,andalucia,sevilla,6776.0,484.0
ES,35,2025,4,servicios,actividades,cursos,canarias,las palmas,96002.5,1376.5
ES,16,2025,4,servicios,actividades,cursos,castilla - la mancha,cuenca,228781.0,9947.0
ES,08,2025,4,servicios,actividades,cursos,cataluna,barcelona,56561.83,2076.67
ES,17,2025,4,servicios,actividades,cursos,cataluna,girona,1280.0,455.0
ES,28,2025,4,servicios,actividades,cursos,comunidad de madrid,madrid,263178.75,3408.75
ES,03,2025,4,servicios,actividades,cursos,comunitat valenciana,alicante/alacant,8197.0,1171.0
ES,46,2025,4,servicios,actividades,cursos,comunitat valenciana,valencia/valencia,650.0,1625.0
ES,15,2025,4,servicios,actividades,cursos,galicia,a coruna,400.0,200.0
ES,07,2025,4,servicios,actividades,cursos,illes balears,illes balears,150568.5,3083.0
ES,01,2025,4,servicios,actividades,cursos,pais vasco,araba/alava,270.0,30.0
ES,48,2025,4,servicios,actividades,cursos,pais vasco,bizkaia,3543.0,3543.0
ES,20,2025,4,servicios,actividades,cursos,pais vasco,gipuzkoa,7385.67,1401.67
ES,30,2025,4,servicios,actividades,cursos,region de murcia,murcia,21456.0,1341.0
ES,18,2025,4,paisaje naturaleza,actividades,deportes y aventuras,andalucia,granada,2058.0,1029.0
ES,29,2025,4,paisaje naturaleza,actividades,deportes y aventuras,andalucia,malaga,86274.33,398.33
ES,50,2025,4,paisaje naturaleza,actividades,deportes y aventuras,aragon,zaragoza,80418.0,1031.0
ES,38,2025,4,paisaje naturaleza,actividades,deportes y aventuras,canarias,santa cruz de tenerife,156629.0,491.0
ES,19,2025,4,paisaje naturaleza,actividades,deportes y aventuras,castilla - la mancha,guadalajara,65945.0,121.0
ES,37,2025,4,paisaje naturaleza,actividades,deportes y aventuras,castilla y leon,salamanca,16492.0,589.0
ES,47,2025,4,paisaje naturaleza,actividades,deportes y aventuras,castilla y leon,valladolid,400.0,100.0
ES,08,2025,4,paisaje naturaleza,actividades,deportes y aventuras,cataluna,barcelona,158643.0,3678.5
ES,17,2025,4,paisaje naturaleza,actividades,deportes y aventuras,cataluna,girona,2500.0,50.0
ES,28,2025,4,paisaje naturaleza,actividades,deportes y aventuras,comunidad de madrid,madrid,48329.75,721.5
ES,03,2025,4,paisaje naturaleza,actividades,deportes y aventuras,comunitat valenciana,alicante/alacant,69281.5,1957.25
ES,46,2025,4,paisaje naturaleza,actividades,deportes y aventuras,comunitat valenciana,valencia/valencia,4950.0,50.0
ES,06,2025,4,paisaje naturaleza,actividades,deportes y aventuras,extremadura,badajoz,9262.33,431.33
ES,10,2025,4,paisaje naturaleza,actividades,deportes y aventuras,extremadura,caceres,244185.0,1115.0
ES,15,2025,4,paisaje naturaleza,actividades,deportes y aventuras,galicia,a coruna,1340.0,1675.0
ES,07,2025,4,paisaje naturaleza,actividades,deportes y aventuras,illes balears,illes balears,250198.5,3783.5
ES,33,2025,4,paisaje naturaleza,actividades,deportes y aventuras,principado de asturias,asturias,27996.0,9332.0
ES,11,2025,4,comida y bebida,actividades,gastronomia,andalucia,cadiz,3800.0,100.0
ES,18,2025,4,comida y bebida,actividades,gastronomia,andalucia,granada,3798.0,1266.0
ES,29,2025,4,comida y bebida,actividades,gastronomia,andalucia,malaga,223754.5,1439.0
ES,41,2025,4,comida y bebida,actividades,gastronomia,andalucia,sevilla,6216.0,518.0
ES,50,2025,4,comida y bebida,actividades,gastronomia,aragon,zaragoza,17325.0,385.0
ES,35,2025,4,comida y bebida,actividades,gastronomia,canarias,las palmas,74870.0,1024.0
ES,02,2025,4,comida y bebida,actividades,gastronomia,castilla - la mancha,albacete,163683.0,1399.0
ES,08,2025,4,comida y bebida,actividades,gastronomia,cataluna,barcelona,507680.0,2300.0
ES,17,2025,4,comida y bebida,actividades,gastronomia,cataluna,girona,4750.0,475.0
ES,43,2025,4,comida y bebida,actividades,gastronomia,cataluna,tarragona,189692.0,2018.0
ES,28,2025,4,comida y bebida,actividades,gastronomia,comunidad de madrid,madrid,19877.0,1475.0
ES,03,2025,4,comida y bebida,actividades,gastronomia,comunitat valenciana,alicante/alacant,24640.0,220.0
ES,46,2025,4,comida y bebida,actividades,gastronomia,comunitat valenciana,valencia/valencia,342416.0,2115.0
ES,15,2025,4,comida y bebida,actividades,gastronomia,galicia,a coruna,630.0,105.0
ES,07,2025,4,comida y bebida,actividades,gastronomia,illes balears,illes balears,75162.25,2042.25
ES,04,2025,4,vida nocturna,espectaculos,cine,andalucia,almeria,18972.0,612.0
ES,29,2025,4,vida nocturna,espectaculos,cine,andalucia,malaga,138379.0,1949.0
ES,41,2025,4,vida nocturna,espectaculos,cine,andalucia,sevilla,400.0,40.0
ES,50,2025,4,vida nocturna,espectaculos,cine,aragon,zaragoza,16228.0,526.0
ES,35,2025,4,vida nocturna,espectaculos,cine,canarias,las palmas,103785.0,935.0
ES,02,2025,4,vida nocturna,espectaculos,cine,castilla - la mancha,albacete,30465.0,677.0
ES,47,2025,4,vida nocturna,espectaculos,cine,castilla y leon,valladolid,1599.0,615.0
ES,08,2025,4,vida nocturna,espectaculos,cine,cataluna,barcelona,65923.5,667.5
ES,25,2025,4,vida nocturna,espectaculos,cine,cataluna,lleida,1200.0,120.0
ES,43,2025,4,vida nocturna,espectaculos,cine,cataluna,tarragona,480.0,120.0
ES,28,2025,4,vida nocturna,espectaculos,cine,comunidad de madrid,madrid,1152.0,72.0
ES,03,2025,4,vida nocturna,espectaculos,cine,comunitat valenciana,alicante/alacant,54992.0,530.67
ES,07,2025,4,vida nocturna,espectaculos,cine,illes balears,illes balears,7437.0,410.0
ES,20,2025,4,vida nocturna,espectaculos,cine,pais vasco,gipuzkoa,6160.0,237.5
ES,50,2025,4,otros,espectaculos,conferencias,aragon,zaragoza,294.0,98.0
ES,38,2025,4,otros,espectaculos,conferencias,canarias,santa cruz de tenerife,9900.0,450.0
ES,13,2025,4,otros,espectaculos,conferencias,castilla - la mancha,ciudad real,16335.0,16335.0
ES,08,2025,4,otros,espectaculos,conferencias,cataluna,barcelona,352284.0,11364.0
ES,43,2025,4,otros,espectaculos,conferencias,cataluna,tarragona,400.0,200.0
ES,28,2025,4,otros,espectaculos,conferencias,comunidad de madrid,madrid,172770.0,7706.5
ES,03,2025,4,otros,espectaculos,conferencias,comunitat valenciana,alicante/alacant,17400.0,580.0
ES,46,2025,4,otros,espectaculos,conferencias,comunitat valenciana,valencia/valencia,466335.0,3615.0
ES,36,2025,4,otros,espectaculos,conferencias,galicia,pontevedra,1610.0,644.0
ES,07,2025,4,otros,espectaculos,conferencias,illes balears,illes balears,39748.0,1751.0
ES,33,2025,4,otros,espectaculos,conferencias,principado de asturias,asturias,200.0,200.0
ES,30,2025,4,otros,espectaculos,conferencias,region de murcia,murcia,620.0,620.0
ES,04,2025,4,paisaje urbano,espectaculos,"cultura, teatro y danza",andalucia,almeria,674195.0,1196.67
ES,11,2025,4,paisaje urbano,espectaculos,"cultura, teatro y danza",andalucia,cadiz,78330.75,1583.75
ES,14,2025,4,paisaje urbano,espectaculos,"cultura, teatro y danza",andalucia,cordoba,361716.0,1402.0
ES,18,2025,4,paisaje urbano,espectaculos,"cultura, teatro y danza",andalucia,granada,231926.67,576.33
ES,23,2025,4,paisaje urbano,espectaculos,"cultura, teatro y danza",andalucia,jaen,779568.0,1788.0
ES,29,2025,4,paisaje urbano,espectaculos,"cultura, teatro y danza",andalucia,malaga,38941.0,782.8
ES,41,2025,4,paisaje urbano,espectaculos,"cultura, teatro y danza",andalucia,sevilla,546312.0,5304.0
ES,22,2025,4,paisaje urbano,espectaculos,"cultura, teatro y danza",aragon,huesca,652070.5,624.5
ES,44,2025,4,paisaje urbano,espectaculos,"cultura, teatro y danza",aragon,teruel,8202.0,1367.0
ES,50,2025,4,paisaje urbano,espectaculos,"cultura, teatro y danza",aragon,zaragoza,477287.33,241.33
ES,35,2025,4,paisaje urbano,espectaculos,"cultura, teatro y danza",canarias,las palmas,556528.67,1286.44
ES,38,2025,4,paisaje urbano,espectaculos,"cultura, teatro y danza",canarias,santa cruz de tenerife,267841.88,1284.38
ES,39,2025,4,paisaje urbano,espectaculos,"cultura, teatro y danza",cantabria,cantabria,22780.0,1139.0
ES,02,2025,4,paisaje urbano,espectaculos,"cultura, teatro y danza",castilla - la mancha,albacete,237243.5,1050.5
ES,13,2025,4,paisaje urbano,espectaculos,"cultura, teatro y danza",castilla - la mancha,ciudad real,94662.0,1753.0
ES,16,2025,4,paisaje urbano,espectaculos,"cultura, teatro y danza",castilla - la mancha,cuenca,86342.0,1877.0
ES,45,2025,4,paisaje urbano,espectaculos,"cultura, teatro y danza",castilla - la mancha,toledo,287963.0,594.0
ES,37,2025,4,paisaje urbano,espectaculos,"cultura, teatro y danza",castilla y leon,salamanca,10797.5,475.0
ES,47,2025,4,paisaje urbano,espectaculos,"cultura, teatro y danza",castilla y leon,valladolid,134789.0,530.67
ES,49,2025,4,paisaje urbano,espectaculos,"cultura, teatro y danza",castilla y leon,zamora,800.0,40.0
ES,08,2025,4,paisaje urbano,espectaculos,"cultura, teatro y danza",cataluna,barcelona,737254.47,612.18
ES,17,2025,4,paisaje urbano,espectaculos,"cultura, teatro y danza",cataluna,girona,64625.67,536.0
ES,25,2025,4,paisaje urbano,espectaculos,"cultura, teatro y danza",cataluna,lleida,28601.67,445.67
ES,43,2025,4,paisaje urbano,espectaculos,"cultura, teatro y danza",cataluna,tarragona,22536.6,3061.6
ES,28,2025,4,paisaje urbano,espectaculos,"cultura, teatro y danza",comunidad de madrid,madrid,516102.75,611.62
ES,31,2025,4,paisaje urbano,espectaculos,"cultura, teatro y danza",comunidad foral de navarra,navarra,207129.0,1469.0
ES,03,2025,4,paisaje urbano,espectaculos,"cultura, teatro y danza",comunitat valenciana,alicante/alacant,195670.0,1082.0
ES,12,2025,4,paisaje urbano,espectaculos,"cultura, teatro y danza",comunitat valenciana,castellon/castello,71688.0,1236.0
ES,46,2025,4,paisaje urbano,espectaculos,"cultura, teatro y danza",comunitat valenciana,valencia/valencia,2111605.2,1177.2
ES,06,2025,4,paisaje urbano,espectaculos,"cultura, teatro y danza",extremadura,badajoz,982.67,102.0
ES,10,2025,4,paisaje urbano,espectaculos,"cultura, teatro y danza",extremadura,caceres,564894.0,951.0
ES,15,2025,4,paisaje urbano,espectaculos,"cultura, teatro y danza",galicia,a coruna,171872.0,656.0
ES,36,2025,4,paisaje urbano,espectaculos,"cultura, teatro y danza",galicia,pontevedra,328062.0,1022.0
ES,07,2025,4,paisaje urbano,espectaculos,"cultura, teatro y danza",illes balears,illes balears,168082.89,1041.44
ES,26,2025,4,paisaje urbano,espectaculos,"cultura, teatro y danza",la rioja,la rioja,29305.0,415.0
ES,01,2025,4,paisaje urbano,espectaculos,"cultura, teatro y danza",pais vasco,araba/alava,140946.0,483.33
ES,48,2025,4,paisaje urbano,espectaculos,"cultura, teatro y danza",pais vasco,bizkaia,655401.8,1114.4
ES,20,2025,4,paisaje urbano,espectaculos,"cultura, teatro y danza",pais vasco,gipuzkoa,24060.5,397.67
ES,33,2025,4,paisaje urbano,espectaculos,"cultura, teatro y danza",principado de asturias,asturias,27882.5,352.5
ES,30,2025,4,paisaje urbano,espectaculos,"cultura, teatro y danza",region de murcia,murcia,157410.67,1162.0
ES,13,2025,4,compras,espectaculos,ferias,castilla - la mancha,ciudad real,16335.0,16335.0
ES,43,2025,4,compras,espectaculos,ferias,cataluna,tarragona,400.0,200.0
ES,28,2025,4,compras,espectaculos,ferias,comunidad de madrid,madrid,124297.0,7737.5
ES,03,2025,4,compras,espectaculos,ferias,comunitat valenciana,alicante/alacant,17400.0,580.0
ES,46,2025,4,compras,espectaculos,ferias,comunitat valenciana,valencia/valencia,466335.0,3615.0
ES,41,2025,4,paisaje urbano,espectaculos,museo y exposiciones,andalucia,sevilla,75075.0,1365.0
ES,50,2025,4,paisaje urbano,espectaculos,museo y exposiciones,aragon,zaragoza,139347.0,351.0
ES,45,2025,4,paisaje urbano,espectaculos,museo y exposiciones,castilla - la mancha,toledo,146258.0,674.0
ES,37,2025,4,paisaje urbano,espectaculos,museo y exposiciones,castilla y leon,salamanca,14976.0,384.0
ES,47,2025,4,paisaje urbano,espectaculos,museo y exposiciones,castilla y leon,valladolid,13831.5,275.5
ES,08,2025,4,paisaje urbano,espectaculos,museo y exposiciones,cataluna,barcelona,88634.5,1043.5
ES,07,2025,4,paisaje urbano,espectaculos,museo y exposiciones,illes balears,illes balears,2901.33,760.0
ES,48,2025,4,paisaje urbano,espectaculos,museo y exposiciones,pais vasco,bizkaia,2609124.0,1047.0
ES,04,2025,4,vida nocturna,espectaculos,musica,andalucia,almeria,1478794.67,2263.67
ES,11,2025,4,vida nocturna,espectaculos,musica,andalucia,cadiz,197171.4,894.0
ES,14,2025,4,vida nocturna,espectaculos,musica,andalucia,cordoba,184142.0,457.67
ES,18,2025,4,vida nocturna,espectaculos,musica,andalucia,granada,492380.4,1091.0
ES,23,2025,4,vida nocturna,espectaculos,musica,andalucia,jaen,79702.67,788.17
ES,29,2025,4,vida nocturna,espectaculos,musica,andalucia,malaga,724370.0,1415.2
ES,41,2025,4,vida nocturna,espectaculos,musica,andalucia,sevilla,783467.8,2335.2
ES,22,2025,4,vida nocturna,espectaculos,musica,aragon,huesca,104752.75,580.5
ES,44,2025,4,vida nocturna,espectaculos,musica,aragon,teruel,98131.0,860.0
ES,50,2025,4,vida nocturna,espectaculos,musica,aragon,zaragoza,1469174.0,1059.5
ES,35,2025,4,vida nocturna,espectaculos,musica,canarias,las palmas,383675.78,1172.22
ES,38,2025,4,vida nocturna,espectaculos,musica,canarias,santa cruz de tenerife,595359.92,1913.08
ES,39,2025,4,vida nocturna,espectaculos,musica,cantabria,cantabria,189555.0,1467.0
ES,02,2025,4,vida nocturna,espectaculos,musica,castilla - la mancha,albacete,23054.0,497.0
ES,13,2025,4,vida nocturna,espectaculos,musica,castilla - la mancha,ciudad real,170634.75,1008.25
ES,16,2025,4,vida nocturna,espectaculos,musica,castilla - la mancha,cuenca,34912.33,836.33
ES,19,2025,4,vida nocturna,espectaculos,musica,castilla - la mancha,guadalajara,135373.0,1631.0
ES,45,2025,4,vida nocturna,espectaculos,musica,castilla - la mancha,toledo,152919.67,2074.33
ES,05,2025,4,vida nocturna,espectaculos,musica,castilla y leon,avila,4801.5,1030.5
ES,09,2025,4,vida nocturna,espectaculos,musica,castilla y leon,burgos,145936.33,3003.0
ES,24,2025,4,vida nocturna,espectaculos,musica,castilla y leon,leon,140184.0,772.0
ES,34,2025,4,vida nocturna,espectaculos,musica,castilla y leon,palencia,22129.5,1919.0
ES,37,2025,4,vida nocturna,espectaculos,musica,castilla y leon,salamanca,222878.33,1247.0
ES,40,2025,4,vida nocturna,espectaculos,musica,castilla y leon,segovia,93983.0,1538.0
ES,42,2025,4,vida nocturna,espectaculos,musica,castilla y leon,soria,37571.0,1034.33
ES,47,2025,4,vida nocturna,espectaculos,musica,castilla y leon,valladolid,312463.0,1631.0
ES,49,2025,4,vida nocturna,espectaculos,musica,castilla y leon,zamora,56251.0,1425.5
ES,08,2025,4,vida nocturna,espectaculos,musica,cataluna,barcelona,1044802.11,1150.89
ES,17,2025,4,vida nocturna,espectaculos,musica,cataluna,girona,46572.15,1118.15
ES,25,2025,4,vida nocturna,espectaculos,musica,cataluna,lleida,20884.12,996.88
ES,43,2025,4,vida nocturna,espectaculos,musica,cataluna,tarragona,142054.79,1695.0
ES,28,2025,4,vida nocturna,espectaculos,musica,comunidad de madrid,madrid,926874.1,1146.52
ES,31,2025,4,vida nocturna,espectaculos,musica,comunidad foral de navarra,navarra,652880.22,1591.67
ES,03,2025,4,vida nocturna,espectaculos,musica,comunitat valenciana,alicante/alacant,203262.33,864.13
ES,12,2025,4,vida nocturna,espectaculos,musica,comunitat valenciana,castellon/castello,20689.8,937.6
ES,46,2025,4,vida nocturna,espectaculos,musica,comunitat valenciana,valencia/valencia,67123.82,829.45
ES,06,2025,4,vida nocturna,espectaculos,musica,extremadura,badajoz,75975.25,786.5
ES,10,2025,4,vida nocturna,espectaculos,musica,extremadura,caceres,9476.25,468.0
ES,15,2025,4,vida nocturna,espectaculos,musica,galicia,a coruna,539273.0,1235.17
ES,27,2025,4,vida nocturna,espectaculos,musica,galicia,lugo,7198.0,122.0
ES,32,2025,4,vida nocturna,espectaculos,musica,galicia,ourense,183593.33,1474.0
ES,36,2025,4,vida nocturna,espectaculos,musica,galicia,pontevedra,23867.2,655.8
ES,07,2025,4,vida nocturna,espectaculos,musica,illes balears,illes balears,521550.0,1590.82
ES,26,2025,4,vida nocturna,espectaculos,musica,la rioja,la rioja,74049.67,756.67
ES,01,2025,4,vida nocturna,espectaculos,musica,pais vasco,araba/alava,204194.0,1058.0
ES,48,2025,4,vida nocturna,espectaculos,musica,pais vasco,bizkaia,321308.86,838.43
ES,20,2025,4,vida nocturna,espectaculos,musica,pais vasco,gipuzkoa,98430.56,1019.67
ES,33,2025,4,vida nocturna,espectaculos,musica,principado de asturias,asturias,355359.0,928.0
ES,30,2025,4,vida nocturna,espectaculos,musica,region de murcia,murcia,528793.6,1003.2
ES,04,2025,4,vida nocturna,espectaculos,musicales,andalucia,almeria,65286.0,1209.0
ES,18,2025,4,vida nocturna,espectaculos,musicales,andalucia,granada,56513.33,499.33
ES,23,2025,4,vida nocturna,espectaculos,musicales,andalucia,jaen,779568.0,1788.0
ES,29,2025,4,vida nocturna,espectaculos,musicales,andalucia,malaga,700.0,875.0
ES,41,2025,4,vida nocturna,espectaculos,musicales,andalucia,sevilla,336168.0,2436.0
ES,50,2025,4,vida nocturna,espectaculos,musicales,aragon,zaragoza,281875.0,451.0
ES,35,2025,4,vida nocturna,espectaculos,musicales,canarias,las palmas,324356.75,1414.25
ES,38,2025,4,vida nocturna,espectaculos,musicales,canarias,santa cruz de tenerife,12163.5,937.5
ES,02,2025,4,vida nocturna,espectaculos,musicales,castilla - la mancha,albacete,245718.0,1122.0
ES,37,2025,4,vida nocturna,espectaculos,musicales,castilla y leon,salamanca,8448.0,1536.0
ES,47,2025,4,vida nocturna,espectaculos,musicales,castilla y leon,valladolid,219096.0,1611.0
ES,08,2025,4,vida nocturna,espectaculos,musicales,cataluna,barcelona,405050.0,1271.75
ES,17,2025,4,vida nocturna,espectaculos,musicales,cataluna,girona,3332.0,833.0
ES,28,2025,4,vida nocturna,espectaculos,musicales,comunidad de madrid,madrid,45284.5,531.5
ES,03,2025,4,vida nocturna,espectaculos,musicales,comunitat valenciana,alicante/alacant,51455.0,711.67
ES,12,2025,4,vida nocturna,espectaculos,musicales,comunitat valenciana,castellon/castello,504.0,126.0
ES,46,2025,4,vida nocturna,espectaculos,musicales,comunitat valenciana,valencia/valencia,343947.0,495.75
ES,06,2025,4,vida nocturna,espectaculos,musicales,extremadura,badajoz,528.0,176.0
ES,10,2025,4,vida nocturna,espectaculos,musicales,extremadura,caceres,61455.0,1205.0
ES,07,2025,4,vida nocturna,espectaculos,musicales,illes balears,illes balears,30421.0,1049.0
ES,48,2025,4,vida nocturna,espectaculos,musicales,pais vasco,bizkaia,67405.0,793.0
ES,20,2025,4,vida nocturna,espectaculos,musicales,pais vasco,gipuzkoa,6958.0,497.0
ES,30,2025,4,vida nocturna,espectaculos,musicales,region de murcia,murcia,61234.5,1139.5
ES,04,2025,5,paisaje naturaleza,actividades,actividades infantiles,andalucia,almeria,3198.0,615.0
ES,11,2025,5,paisaje naturaleza,actividades,actividades infantiles,andalucia,cadiz,54960.5,233.5
ES,18,2025,5,paisaje naturaleza,actividades,actividades infantiles,andalucia,granada,7798.0,914.75
ES,23,2025,5,paisaje naturaleza,actividades,actividades infantiles,andalucia,jaen,303552.0,1054.0
ES,29,2025,5,paisaje naturaleza,actividades,actividades infantiles,andalucia,malaga,60225.67,678.67
ES,41,2025,5,paisaje naturaleza,actividades,actividades infantiles,andalucia,sevilla,303374.0,2314.5
ES,50,2025,5,paisaje naturaleza,actividades,actividades infantiles,aragon,zaragoza,80460.0,1192.0
ES,35,2025,5,paisaje naturaleza,actividades,actividades infantiles,canarias,las palmas,21486.67,1030.67
ES,38,2025,5,paisaje naturaleza,actividades,actividades infantiles,canarias,santa cruz de tenerife,3150.0,30.0
ES,02,2025,5,paisaje naturaleza,actividades,actividades infantiles,castilla - la mancha,albacete,26745.33,653.33
ES,13,2025,5,paisaje naturaleza,actividades,actividades infantiles,castilla - la mancha,ciudad real,8792.0,1256.0
ES,19,2025,5,paisaje naturaleza,actividades,actividades infantiles,castilla - la mancha,guadalajara,588.0,98.0
ES,45,2025,5,paisaje naturaleza,actividades,actividades infantiles,castilla - la mancha,toledo,68861.5,2132.5
ES,24,2025,5,paisaje naturaleza,actividades,actividades infantiles,castilla y leon,leon,7400.0,200.0
ES,37,2025,5,paisaje naturaleza,actividades,actividades infantiles,castilla y leon,salamanca,7040.0,176.0
ES,47,2025,5,paisaje naturaleza,actividades,actividades infantiles,castilla y leon,valladolid,13724.0,985.0
ES,49,2025,5,paisaje naturaleza,actividades,actividades infantiles,castilla y leon,zamora,660.0,220.0
ES,08,2025,5,paisaje naturaleza,actividades,actividades infantiles,cataluna,barcelona,297229.82,1431.73
ES,17,2025,5,paisaje naturaleza,actividades,actividades infantiles,cataluna,girona,282564.0,1002.0
ES,25,2025,5,paisaje naturaleza,actividades,actividades infantiles,cataluna,lleida,16860.0,30.0
ES,43,2025,5,paisaje naturaleza,actividades,actividades infantiles,cataluna,tarragona,161236.0,932.0
ES,28,2025,5,paisaje naturaleza,actividades,actividades infantiles,comunidad de madrid,madrid,115697.5,1116.12
ES,31,2025,5,paisaje naturaleza,actividades,actividades infantiles,comunidad foral de navarra,navarra,622545.0,1029.0
ES,03,2025,5,paisaje naturaleza,actividades,actividades infantiles,comunitat valenciana,alicante/alacant,6632.5,1057.5
ES,46,2025,5,paisaje naturaleza,actividades,actividades infantiles,comunitat valenciana,valencia/valencia,1394325.5,1366.5
ES,06,2025,5,paisaje naturaleza,actividades,actividades infantiles,extremadura,badajoz,40876.0,500.5
ES,15,2025,5,paisaje naturaleza,actividades,actividades infantiles,galicia,a coruna,83292.0,631.0
ES,36,2025,5,paisaje naturaleza,actividades,actividades infantiles,galicia,pontevedra,2312.0,578.0
ES,07,2025,5,paisaje naturaleza,actividades,actividades infantiles,illes balears,illes balears,294839.22,1496.0
ES,01,2025,5,paisaje naturaleza,actividades,actividades infantiles,pais vasco,araba/alava,2468.0,343.0
ES,48,2025,5,paisaje naturaleza,actividades,actividades infantiles,pais vasco,bizkaia,2616566.0,26761.5
ES,20,2025,5,paisaje naturaleza,actividades,actividades infantiles,pais vasco,gipuzkoa,21606.67,413.33
ES,30,2025,5,paisaje naturaleza,actividades,actividades infantiles,region de murcia,murcia,7112.0,1016.0
ES,04,2025,5,servicios,actividades,cursos,andalucia,almeria,268035.0,2505.0
ES,11,2025,5,servicios,actividades,cursos,andalucia,cadiz,540.0,108.0
ES,29,2025,5,servicios,actividades,cursos,andalucia,malaga,166785.0,11119.0
ES,41,2025,5,servicios,actividades,cursos,andalucia,sevilla,25350.0,65.0
ES,50,2025,5,servicios,actividades,cursos,aragon,zaragoza,500225.0,2675.0
ES,35,2025,5,servicios,actividades,cursos,canarias,las palmas,59015.5,2434.0
ES,38,2025,5,servicios,actividades,cursos,canarias,santa cruz de tenerife,42516.0,1181.0
ES,16,2025,5,servicios,actividades,cursos,castilla - la mancha,cuenca,303164.0,7978.0
ES,08,2025,5,servicios,actividades,cursos,cataluna,barcelona,81513.12,1394.0
ES,17,2025,5,servicios,actividades,cursos,cataluna,girona,600.0,200.0
ES,28,2025,5,servicios,actividades,cursos,comunidad de madrid,madrid,878045.0,5307.67
ES,03,2025,5,servicios,actividades,cursos,comunitat valenciana,alicante/alacant,450.0,30.0
ES,46,2025,5,servicios,actividades,cursos,comunitat valenciana,valencia/valencia,520.0,260.0
ES,15,2025,5,servicios,actividades,cursos,galicia,a coruna,690.0,115.0
ES,36,2025,5,servicios,actividades,cursos,galicia,pontevedra,1030.0,1030.0
ES,07,2025,5,servicios,actividades,cursos,illes balears,illes balears,55266.78,2878.44
ES,01,2025,5,servicios,actividades,cursos,pais vasco,araba/alava,1105.0,65.0
ES,20,2025,5,servicios,actividades,cursos,pais vasco,gipuzkoa,68432.67,775.67
ES,30,2025,5,servicios,actividades,cursos,region de murcia,murcia,34341.0,1430.75
ES,29,2025,5,paisaje naturaleza,actividades,deportes y aventuras,andalucia,malaga,49698.67,825.0
ES,50,2025,5,paisaje naturaleza,actividades,deportes y aventuras,aragon,zaragoza,5176.0,1294.0
ES,37,2025,5,paisaje naturaleza,actividades,deportes y aventuras,castilla y leon,salamanca,12111.0,367.0
ES,42,2025,5,paisaje naturaleza,actividades,deportes y aventuras,castilla y leon,soria,103994.0,1793.0
ES,47,2025,5,paisaje naturaleza,actividades,deportes y aventuras,castilla y leon,valladolid,15109.33,1221.67
ES,08,2025,5,paisaje naturaleza,actividades,deportes y aventuras,cataluna,barcelona,9706.12,1336.88
ES,17,2025,5,paisaje naturaleza,actividades,deportes y aventuras,cataluna,girona,35478.33,3587.67
ES,43,2025,5,paisaje naturaleza,actividades,deportes y aventuras,cataluna,tarragona,26832.0,516.0
ES,28,2025,5,paisaje naturaleza,actividades,deportes y aventuras,comunidad de madrid,madrid,106450.5,724.5
ES,03,2025,5,paisaje naturaleza,actividades,deportes y aventuras,comunitat valenciana,alicante/alacant,5508.4,388.4
ES,46,2025,5,paisaje naturaleza,actividades,deportes y aventuras,comunitat valenciana,valencia/valencia,1900.0,50.0
ES,06,2025,5,paisaje naturaleza,actividades,deportes y aventuras,extremadura,badajoz,30547.0,432.33
ES,10,2025,5,paisaje naturaleza,actividades,deportes y aventuras,extremadura,caceres,21691.0,995.0
ES,15,2025,5,paisaje naturaleza,actividades,deportes y aventuras,galicia,a coruna,4329.0,962.0
ES,07,2025,5,paisaje naturaleza,actividades,deportes y aventuras,illes balears,illes balears,23279.33,1410.0
ES,26,2025,5,paisaje naturaleza,actividades,deportes y aventuras,la rioja,la rioja,336168.0,2001.0
ES,01,2025,5,paisaje naturaleza,actividades,deportes y aventuras,pais vasco,araba/alava,1163.5,89.5
ES,20,2025,5,paisaje naturaleza,actividades,deportes y aventuras,pais vasco,gipuzkoa,20475.0,1575.0
ES,33,2025,5,paisaje naturaleza,actividades,deportes y aventuras,principado de asturias,asturias,12882.0,9103.5
ES,30,2025,5,paisaje naturaleza,actividades,deportes y aventuras,region de murcia,murcia,620.0,155.0
ES,04,2025,5,comida y bebida,actividades,gastronomia,andalucia,almeria,320.0,160.0
ES,11,2025,5,comida y bebida,actividades,gastronomia,andalucia,cadiz,91625.5,4031.5
ES,18,2025,5,comida y bebida,actividades,gastronomia,andalucia,granada,32162.0,1237.0
ES,29,2025,5,comida y bebida,actividades,gastronomia,andalucia,malaga,170995.0,1439.0
ES,41,2025,5,comida y bebida,actividades,gastronomia,andalucia,sevilla,111672.0,517.0
ES,50,2025,5,comida y bebida,actividades,gastronomia,aragon,zaragoza,127445.0,1795.0
ES,35,2025,5,comida y bebida,actividades,gastronomia,canarias,las palmas,92778.0,987.0
ES,02,2025,5,comida y bebida,actividades,gastronomia,castilla - la mancha,albacete,2700.0,90.0
ES,49,2025,5,comida y bebida,actividades,gastronomia,castilla y leon,zamora,16362.0,1515.0
ES,08,2025,5,comida y bebida,actividades,gastronomia,cataluna,barcelona,643209.5,2655.5
ES,43,2025,5,comida y bebida,actividades,gastronomia,cataluna,tarragona,2340.0,260.0
ES,28,2025,5,comida y bebida,actividades,gastronomia,comunidad de madrid,madrid,133686.0,607.0
ES,03,2025,5,comida y bebida,actividades,gastronomia,comunitat valenciana,alicante/alacant,34818.0,1658.0
ES,46,2025,5,comida y bebida,actividades,gastronomia,comunitat valenciana,valencia/valencia,83212.0,1300.0
ES,15,2025,5,comida y bebida,actividades,gastronomia,galicia,a coruna,430.0,1075.0
ES,07,2025,5,comida y bebida,actividades,gastronomia,illes balears,illes balears,25258.33,1590.5
ES,04,2025,5,vida nocturna,espectaculos,cine,andalucia,almeria,3936.0,615.0
ES,11,2025,5,vida nocturna,espectaculos,cine,andalucia,cadiz,85936.0,262.0
ES,41,2025,5,vida nocturna,espectaculos,cine,andalucia,sevilla,20988.0,583.0
ES,35,2025,5,vida nocturna,espectaculos,cine,canarias,las palmas,20124.0,1548.0
ES,02,2025,5,vida nocturna,espectaculos,cine,castilla - la mancha,albacete,20002.0,274.0
ES,47,2025,5,vida nocturna,espectaculos,cine,castilla y leon,valladolid,2214.0,615.0
ES,08,2025,5,vida nocturna,espectaculos,cine,cataluna,barcelona,10623.5,687.25
ES,17,2025,5,vida nocturna,espectaculos,cine,cataluna,girona,500.0,50.0
ES,25,2025,5,vida nocturna,espectaculos,cine,cataluna,lleida,6240.0,120.0
ES,43,2025,5,vida nocturna,espectaculos,cine,cataluna,tarragona,5280.0,120.0
ES,28,2025,5,vida nocturna,espectaculos,cine,comunidad de madrid,madrid,159274.0,821.0
ES,03,2025,5,vida nocturna,espectaculos,cine,comunitat valenciana,alicante/alacant,950.0,50.0
ES,07,2025,5,vida nocturna,espectaculos,cine,illes balears,illes balears,1464.5,376.0
ES,20,2025,5,vida nocturna,espectaculos,cine,pais vasco,gipuzkoa,19552.0,154.0
ES,50,2025,5,otros,espectaculos,conferencias,aragon,zaragoza,23000.0,460.0
ES,13,2025,5,otros,espectaculos,conferencias,castilla - la mancha,ciudad real,381134.0,14659.0
ES,08,2025,5,otros,espectaculos,conferencias,cataluna,barcelona,5307.5,3076.5
ES,25,2025,5,otros,espectaculos,conferencias,cataluna,lleida,1440.0,72.0
ES,43,2025,5,otros,espectaculos,conferencias,cataluna,tarragona,16666.0,8333.0
ES,28,2025,5,otros,espectaculos,conferencias,comunidad de madrid,madrid,1087668.0,2238.0
ES,46,2025,5,otros,espectaculos,conferencias,comunitat valenciana,valencia/valencia,28641.0,2284.0
ES,36,2025,5,otros,espectaculos,conferencias,galicia,pontevedra,2312.0,578.0
ES,07,2025,5,otros,espectaculos,conferencias,illes balears,illes balears,353736.0,2312.0
ES,48,2025,5,otros,espectaculos,conferencias,pais vasco,bizkaia,731707.0,4489.0
ES,33,2025,5,otros,espectaculos,conferencias,principado de asturias,asturias,2800.0,200.0
ES,30,2025,5,otros,espectaculos,conferencias,region de murcia,murcia,5025.0,1005.0
ES,04,2025,5,paisaje urbano,espectaculos,"cultura, teatro y danza",andalucia,almeria,672076.5,1747.0
ES,11,2025,5,paisaje urbano,espectaculos,"cultura, teatro y danza",andalucia,cadiz,61765.2,843.2
ES,14,2025,5,paisaje urbano,espectaculos,"cultura, teatro y danza",andalucia,cordoba,432075.5,1097.5
ES,18,2025,5,paisaje urbano,espectaculos,"cultura, teatro y danza",andalucia,granada,352626.67,896.67
ES,23,2025,5,paisaje urbano,espectaculos,"cultura, teatro y danza",andalucia,jaen,885521.0,1841.0
ES,29,2025,5,paisaje urbano,espectaculos,"cultura, teatro y danza",andalucia,malaga,279445.43,1411.29
ES,41,2025,5,paisaje urbano,espectaculos,"cultura, teatro y danza",andalucia,sevilla,609847.33,431.33
ES,22,2025,5,paisaje urbano,espectaculos,"cultura, teatro y danza",aragon,huesca,439510.0,643.33
ES,44,2025,5,paisaje urbano,espectaculos,"cultura, teatro y danza",aragon,teruel,30386.0,1601.5
ES,50,2025,5,paisaje urbano,espectaculos,"cultura, teatro y danza",aragon,zaragoza,791838.0,426.0
ES,35,2025,5,paisaje urbano,espectaculos,"cultura, teatro y danza",canarias,las palmas,261027.12,1109.25
ES,38,2025,5,paisaje urbano,espectaculos,"cultura, teatro y danza",canarias,santa cruz de tenerife,225836.38,923.75
ES,39,2025,5,paisaje urbano,espectaculos,"cultura, teatro y danza",cantabria,cantabria,19328.0,128.0
ES,02,2025,5,paisaje urbano,espectaculos,"cultura, teatro y danza",castilla - la mancha,albacete,62023.0,1078.2
ES,13,2025,5,paisaje urbano,espectaculos,"cultura, teatro y danza",castilla - la mancha,ciudad real,8792.0,1256.0
ES,45,2025,5,paisaje urbano,espectaculos,"cultura, teatro y danza",castilla - la mancha,toledo,2175399.0,2794.0
ES,37,2025,5,paisaje urbano,espectaculos,"cultura, teatro y danza",castilla y leon,salamanca,204842.25,454.5
ES,40,2025,5,paisaje urbano,espectaculos,"cultura, teatro y danza",castilla y leon,segovia,2850.0,150.0
ES,47,2025,5,paisaje urbano,espectaculos,"cultura, teatro y danza",castilla y leon,valladolid,119173.38,2389.38
ES,49,2025,5,paisaje urbano,espectaculos,"cultura, teatro y danza",castilla y leon,zamora,2120.0,40.0
ES,08,2025,5,paisaje urbano,espectaculos,"cultura, teatro y danza",cataluna,barcelona,1010812.47,926.59
ES,17,2025,5,paisaje urbano,espectaculos,"cultura, teatro y danza",cataluna,girona,26177.25,565.0
ES,25,2025,5,paisaje urbano,espectaculos,"cultura, teatro y danza",cataluna,lleida,9380.0,65.0
ES,43,2025,5,paisaje urbano,espectaculos,"cultura, teatro y danza",cataluna,tarragona,236725.71,2297.71
ES,51,2025,5,paisaje urbano,espectaculos,"cultura, teatro y danza",ceuta,ceuta,55022.0,902.0
ES,28,2025,5,paisaje urbano,espectaculos,"cultura, teatro y danza",comunidad de madrid,madrid,157521.12,611.38
ES,31,2025,5,paisaje urbano,espectaculos,"cultura, teatro y danza",comunidad foral de navarra,navarra,272504.0,1481.0
ES,03,2025,5,paisaje urbano,espectaculos,"cultura, teatro y danza",comunitat valenciana,alicante/alacant,147319.57,759.71
ES,12,2025,5,paisaje urbano,espectaculos,"cultura, teatro y danza",comunitat valenciana,castellon/castello,280.0,140.0
ES,46,2025,5,paisaje urbano,espectaculos,"cultura, teatro y danza",comunitat valenciana,valencia/valencia,1431132.0,1205.0
ES,06,2025,5,paisaje urbano,espectaculos,"cultura, teatro y danza",extremadura,badajoz,4666.0,103.0
ES,10,2025,5,paisaje urbano,espectaculos,"cultura, teatro y danza",extremadura,caceres,140845.33,378.67
ES,15,2025,5,paisaje urbano,espectaculos,"cultura, teatro y danza",galicia,a coruna,138204.0,698.0
ES,36,2025,5,paisaje urbano,espectaculos,"cultura, teatro y danza",galicia,pontevedra,212695.0,935.5
ES,07,2025,5,paisaje urbano,espectaculos,"cultura, teatro y danza",illes balears,illes balears,98793.76,819.24
ES,26,2025,5,paisaje urbano,espectaculos,"cultura, teatro y danza",la rioja,la rioja,178882.5,2952.5
ES,01,2025,5,paisaje urbano,espectaculos,"cultura, teatro y danza",pais vasco,araba/alava,63725.67,401.0
ES,48,2025,5,paisaje urbano,espectaculos,"cultura, teatro y danza",pais vasco,bizkaia,324949.0,910.5
ES,20,2025,5,paisaje urbano,espectaculos,"cultura, teatro y danza",pais vasco,gipuzkoa,124451.14,614.71
ES,33,2025,5,paisaje urbano,espectaculos,"cultura, teatro y danza",principado de asturias,asturias,107688.0,1923.0
ES,30,2025,5,paisaje urbano,espectaculos,"cultura, teatro y danza",region de murcia,murcia,74240.0,831.0
ES,50,2025,5,compras,espectaculos,ferias,aragon,zaragoza,21320.0,520.0
ES,13,2025,5,compras,espectaculos,ferias,castilla - la mancha,ciudad real,381134.0,14659.0
ES,08,2025,5,compras,espectaculos,ferias,cataluna,barcelona,3922.0,3922.0
ES,43,2025,5,compras,espectaculos,ferias,cataluna,tarragona,16666.0,8333.0
ES,28,2025,5,compras,espectaculos,ferias,comunidad de madrid,madrid,624084.0,1572.0
ES,46,2025,5,compras,espectaculos,ferias,comunitat valenciana,valencia/valencia,36702.0,4078.0
ES,48,2025,5,compras,espectaculos,ferias,pais vasco,bizkaia,731707.0,4489.0
ES,41,2025,5,paisaje urbano,espectaculos,museo y exposiciones,andalucia,sevilla,83692.0,1372.0
ES,50,2025,5,paisaje urbano,espectaculos,museo y exposiciones,aragon,zaragoza,126727.0,353.0
ES,45,2025,5,paisaje urbano,espectaculos,museo y exposiciones,castilla - la mancha,toledo,16309.0,694.0
ES,37,2025,5,paisaje urbano,espectaculos,museo y exposiciones,castilla y leon,salamanca,103125.0,275.0
ES,47,2025,5,paisaje urbano,espectaculos,museo y exposiciones,castilla y leon,valladolid,16102.5,970.0
ES,08,2025,5,paisaje urbano,espectaculos,museo y exposiciones,cataluna,barcelona,46547.5,672.5
ES,46,2025,5,paisaje urbano,espectaculos,museo y exposiciones,comunitat valenciana,valencia/valencia,1324.0,662.0
ES,07,2025,5,paisaje urbano,espectaculos,museo y exposiciones,illes balears,illes balears,9778.0,760.0
ES,48,2025,5,paisaje urbano,espectaculos,museo y exposiciones,pais vasco,bizkaia,886626.0,1053.0
ES,04,2025,5,vida nocturna,espectaculos,musica,andalucia,almeria,104715.25,1216.0
ES,11,2025,5,vida nocturna,espectaculos,musica,andalucia,cadiz,19348.5,1066.83
ES,14,2025,5,vida nocturna,espectaculos,musica,andalucia,cordoba,159507.0,588.5
ES,18,2025,5,vida nocturna,espectaculos,musica,andalucia,granada,297754.0,1453.73
ES,23,2025,5,vida nocturna,espectaculos,musica,andalucia,jaen,24020.8,863.8
ES,29,2025,5,vida nocturna,espectaculos,musica,andalucia,malaga,546571.38,1268.75
ES,41,2025,5,vida nocturna,espectaculos,musica,andalucia,sevilla,727259.2,1660.6
ES,22,2025,5,vida nocturna,espectaculos,musica,aragon,huesca,238611.67,775.67
ES,44,2025,5,vida nocturna,espectaculos,musica,aragon,teruel,244942.5,1549.25
ES,50,2025,5,vida nocturna,espectaculos,musica,aragon,zaragoza,129620.29,1022.57
ES,35,2025,5,vida nocturna,espectaculos,musica,canarias,las palmas,751811.86,1289.0
ES,38,2025,5,vida nocturna,espectaculos,musica,canarias,santa cruz de tenerife,469693.0,2075.17
ES,39,2025,5,vida nocturna,espectaculos,musica,cantabria,cantabria,46511.5,1304.5
ES,02,2025,5,vida nocturna,espectaculos,musica,castilla - la mancha,albacete,76670.0,745.5
ES,13,2025,5,vida nocturna,espectaculos,musica,castilla - la mancha,ciudad real,46473.75,650.0
ES,16,2025,5,vida nocturna,espectaculos,musica,castilla - la mancha,cuenca,69382.5,809.5
ES,19,2025,5,vida nocturna,espectaculos,musica,castilla - la mancha,guadalajara,47143.67,871.0
ES,45,2025,5,vida nocturna,espectaculos,musica,castilla - la mancha,toledo,336178.5,1712.75
ES,09,2025,5,vida nocturna,espectaculos,musica,castilla y leon,burgos,139218.67,3247.33
ES,24,2025,5,vida nocturna,espectaculos,musica,castilla y leon,leon,70866.0,1508.5
ES,34,2025,5,vida nocturna,espectaculos,musica,castilla y leon,palencia,9285.5,1331.0
ES,37,2025,5,vida nocturna,espectaculos,musica,castilla y leon,salamanca,102000.33,1547.33
ES,40,2025,5,vida nocturna,espectaculos,musica,castilla y leon,segovia,154533.0,2599.5
ES,42,2025,5,vida nocturna,espectaculos,musica,castilla y leon,soria,38865.0,840.0
ES,47,2025,5,vida nocturna,espectaculos,musica,castilla y leon,valladolid,715429.5,1732.0
ES,49,2025,5,vida nocturna,espectaculos,musica,castilla y leon,zamora,44653.5,1636.0
ES,08,2025,5,vida nocturna,espectaculos,musica,cataluna,barcelona,900814.74,1369.26
ES,17,2025,5,vida nocturna,espectaculos,musica,cataluna,girona,463274.95,1974.67
ES,25,2025,5,vida nocturna,espectaculos,musica,cataluna,lleida,228644.2,1564.0
ES,43,2025,5,vida nocturna,espectaculos,musica,cataluna,tarragona,142683.38,741.31
ES,28,2025,5,vida nocturna,espectaculos,musica,comunidad de madrid,madrid,3618397.67,1549.56
ES,31,2025,5,vida nocturna,espectaculos,musica,comunidad foral de navarra,navarra,887328.57,1399.57
ES,03,2025,5,vida nocturna,espectaculos,musica,comunitat valenciana,alicante/alacant,98016.5,1548.0
ES,12,2025,5,vida nocturna,espectaculos,musica,comunitat valenciana,castellon/castello,65158.6,1062.0
ES,46,2025,5,vida nocturna,espectaculos,musica,comunitat valenciana,valencia/valencia,338757.57,1187.21
ES,06,2025,5,vida nocturna,espectaculos,musica,extremadura,badajoz,199260.5,1283.0
ES,10,2025,5,vida nocturna,espectaculos,musica,extremadura,caceres,197639.33,1842.67
ES,15,2025,5,vida nocturna,espectaculos,musica,galicia,a coruna,348543.0,849.43
ES,27,2025,5,vida nocturna,espectaculos,musica,galicia,lugo,72177.0,1473.0
ES,32,2025,5,vida nocturna,espectaculos,musica,galicia,ourense,3078.0,1557.33
ES,36,2025,5,vida nocturna,espectaculos,musica,galicia,pontevedra,137949.14,1062.14
ES,07,2025,5,vida nocturna,espectaculos,musica,illes balears,illes balears,780080.21,1519.64
ES,26,2025,5,vida nocturna,espectaculos,musica,la rioja,la rioja,46318.67,929.67
ES,01,2025,5,vida nocturna,espectaculos,musica,pais vasco,araba/alava,162183.5,690.5
ES,48,2025,5,vida nocturna,espectaculos,musica,pais vasco,bizkaia,434636.6,1143.2
ES,20,2025,5,vida nocturna,espectaculos,musica,pais vasco,gipuzkoa,194767.57,1598.29
ES,33,2025,5,vida nocturna,espectaculos,musica,principado de asturias,asturias,1170054.5,3999.25
ES,30,2025,5,vida nocturna,espectaculos,musica,region de murcia,murcia,226720.75,1031.25
ES,04,2025,5,vida nocturna,espectaculos,musicales,andalucia,almeria,194886.0,1203.0
ES,11,2025,5,vida nocturna,espectaculos,musicales,andalucia,cadiz,73876.0,803.0
ES,14,2025,5,vida nocturna,espectaculos,musicales,andalucia,cordoba,148097.0,1081.0
ES,18,2025,5,vida nocturna,espectaculos,musicales,andalucia,granada,171994.5,458.5
ES,23,2025,5,vida nocturna,espectaculos,musicales,andalucia,jaen,79101.0,1683.0
ES,29,2025,5,vida nocturna,espectaculos,musicales,andalucia,malaga,1700.0,100.0
ES,41,2025,5,vida nocturna,espectaculos,musicales,andalucia,sevilla,421138.0,3074.0
ES,22,2025,5,vida nocturna,espectaculos,musicales,aragon,huesca,1299675.0,775.0
ES,50,2025,5,vida nocturna,espectaculos,musicales,aragon,zaragoza,180264.0,696.0
ES,35,2025,5,vida nocturna,espectaculos,musicales,canarias,las palmas,111010.0,760.0
ES,38,2025,5,vida nocturna,espectaculos,musicales,canarias,santa cruz de tenerife,5840.0,170.0
ES,02,2025,5,vida nocturna,espectaculos,musicales,castilla - la mancha,albacete,41418.0,118.0
ES,37,2025,5,vida nocturna,espectaculos,musicales,castilla y leon,salamanca,7665.0,1533.0
ES,47,2025,5,vida nocturna,espectaculos,musicales,castilla y leon,valladolid,13139.5,1105.5
ES,08,2025,5,vida nocturna,espectaculos,musicales,cataluna,barcelona,712208.67,1522.67
ES,17,2025,5,vida nocturna,espectaculos,musicales,cataluna,girona,43637.5,440.0
ES,28,2025,5,vida nocturna,espectaculos,musicales,comunidad de madrid,madrid,103491.0,544.5
ES,03,2025,5,vida nocturna,espectaculos,musicales,comunitat valenciana,alicante/alacant,12761.0,118.0
ES,46,2025,5,vida nocturna,espectaculos,musicales,comunitat valenciana,valencia/valencia,40255.0,97.0
ES,06,2025,5,vida nocturna,espectaculos,musicales,extremadura,badajoz,9152.0,176.0
ES,10,2025,5,vida nocturna,espectaculos,musicales,extremadura,caceres,50851.0,1205.0
ES,07,2025,5,vida nocturna,espectaculos,musicales,illes balears,illes balears,320355.0,945.0
ES,30,2025,5,vida nocturna,espectaculos,musicales,region de murcia,murcia,38661.5,563.0
ES,04,2025,6,paisaje naturaleza,actividades,actividades infantiles,andalucia,almeria,21736.0,572.0
ES,11,2025,6,paisaje naturaleza,actividades,actividades infantiles,andalucia,cadiz,35298.0,1961.0
ES,18,2025,6,paisaje naturaleza,actividades,actividades infantiles,andalucia,granada,179366.0,2893.0
ES,21,2025,6,paisaje naturaleza,actividades,actividades infantiles,andalucia,huelva,10270.0,1364.0
ES,29,2025,6,paisaje naturaleza,actividades,actividades infantiles,andalucia,malaga,3217.5,258.75
ES,41,2025,6,paisaje naturaleza,actividades,actividades infantiles,andalucia,sevilla,52865.5,2113.0
ES,22,2025,6,paisaje naturaleza,actividades,actividades infantiles,aragon,huesca,240.0,120.0
ES,50,2025,6,paisaje naturaleza,actividades,actividades infantiles,aragon,zaragoza,50026.0,772.67
ES,38,2025,6,paisaje naturaleza,actividades,actividades infantiles,canarias,santa cruz de tenerife,1914.0,319.0
ES,39,2025,6,paisaje naturaleza,actividades,actividades infantiles,cantabria,cantabria,28808.0,1108.0
ES,02,2025,6,paisaje naturaleza,actividades,actividades infantiles,castilla - la mancha,albacete,885162.0,1954.0
ES,13,2025,6,paisaje naturaleza,actividades,actividades infantiles,castilla - la mancha,ciudad real,11160.0,124.0
ES,45,2025,6,paisaje naturaleza,actividades,actividades infantiles,castilla - la mancha,toledo,61390.33,1729.0
ES,09,2025,6,paisaje naturaleza,actividades,actividades infantiles,castilla y leon,burgos,35931.0,609.0
ES,24,2025,6,paisaje naturaleza,actividades,actividades infantiles,castilla y leon,leon,8841.0,1263.0
ES,34,2025,6,paisaje naturaleza,actividades,actividades infantiles,castilla y leon,palencia,2346.0,69.0
ES,37,2025,6,paisaje naturaleza,actividades,actividades infantiles,castilla y leon,salamanca,8624.0,176.0
ES,47,2025,6,paisaje naturaleza,actividades,actividades infantiles,castilla y leon,valladolid,25149.0,1198.33
ES,08,2025,6,paisaje naturaleza,actividades,actividades infantiles,cataluna,barcelona,91000.62,994.31
ES,17,2025,6,paisaje naturaleza,actividades,actividades infantiles,cataluna,girona,78078.0,1001.0
ES,25,2025,6,paisaje naturaleza,actividades,actividades infantiles,cataluna,lleida,1140.0,30.0
ES,28,2025,6,paisaje naturaleza,actividades,actividades infantiles,comunidad de madrid,madrid,498452.5,1070.0
ES,31,2025,6,paisaje naturaleza,actividades,actividades infantiles,comunidad foral de navarra,navarra,36314.5,1292.5
ES,03,2025,6,paisaje naturaleza,actividades,actividades infantiles,comunitat valenciana,alicante/alacant,13426.0,1918.0
ES,46,2025,6,paisaje naturaleza,actividades,actividades infantiles,comunitat valenciana,valencia/valencia,249394.33,1472.33
ES,06,2025,6,paisaje naturaleza,actividades,actividades infantiles,extremadura,badajoz,53588.67,3254.0
ES,10,2025,6,paisaje naturaleza,actividades,actividades infantiles,extremadura,caceres,85496.0,2705.5
ES,15,2025,6,paisaje naturaleza,actividades,actividades infantiles,galicia,a coruna,18864.0,996.0
ES,36,2025,6,paisaje naturaleza,actividades,actividades infantiles,galicia,pontevedra,540.0,675.0
ES,07,2025,6,paisaje naturaleza,actividades,actividades infantiles,illes balears,illes balears,205970.0,1497.8
ES,01,2025,6,paisaje naturaleza,actividades,actividades infantiles,pais vasco,araba/alava,13170.0,654.0
ES,48,2025,6,paisaje naturaleza,actividades,actividades infantiles,pais vasco,bizkaia,708777.0,17419.0
ES,20,2025,6,paisaje naturaleza,actividades,actividades infantiles,pais vasco,gipuzkoa,15932.0,681.33
ES,33,2025,6,paisaje naturaleza,actividades,actividades infantiles,principado de asturias,asturias,3430.0,343.0
ES,30,2025,6,paisaje naturaleza,actividades,actividades infantiles,region de murcia,murcia,50367.0,103.0
ES,29,2025,6,servicios,actividades,cursos,andalucia,malaga,65481.0,299.0
ES,41,2025,6,servicios,actividades,cursos,andalucia,sevilla,31978.0,542.0
ES,22,2025,6,servicios,actividades,cursos,aragon,huesca,3750.0,250.0
ES,50,2025,6,servicios,actividades,cursos,aragon,zaragoza,349376.0,5459.0
ES,35,2025,6,servicios,actividades,cursos,canarias,las palmas,38373.0,1217.67
ES,38,2025,6,servicios,actividades,cursos,canarias,santa cruz de tenerife,3520.0,110.0
ES,08,2025,6,servicios,actividades,cursos,cataluna,barcelona,358074.17,1608.17
ES,17,2025,6,servicios,actividades,cursos,cataluna,girona,400.0,200.0
ES,43,2025,6,servicios,actividades,cursos,cataluna,tarragona,35908.0,5232.0
ES,28,2025,6,servicios,actividades,cursos,comunidad de madrid,madrid,55924.0,5052.0
ES,46,2025,6,servicios,actividades,cursos,comunitat valenciana,valencia/valencia,16184.0,1544.0
ES,15,2025,6,servicios,actividades,cursos,galicia,a coruna,450.0,30.0
ES,07,2025,6,servicios,actividades,cursos,illes balears,illes balears,27409.0,1748.83
ES,01,2025,6,servicios,actividades,cursos,pais vasco,araba/alava,600.0,100.0
ES,48,2025,6,servicios,actividades,cursos,pais vasco,bizkaia,2750.0,550.0
ES,30,2025,6,servicios,actividades,cursos,region de murcia,murcia,65868.0,1996.0
ES,21,2025,6,paisaje naturaleza,actividades,deportes y aventuras,andalucia,huelva,2942.0,1471.0
ES,29,2025,6,paisaje naturaleza,actividades,deportes y aventuras,andalucia,malaga,6306.0,2102.0
ES,44,2025,6,paisaje naturaleza,actividades,deportes y aventuras,aragon,teruel,269982.0,2547.0
ES,50,2025,6,paisaje naturaleza,actividades,deportes y aventuras,aragon,zaragoza,158268.0,1930.5
ES,38,2025,6,paisaje naturaleza,actividades,deportes y aventuras,canarias,santa cruz de tenerife,21574.0,276.0
ES,02,2025,6,paisaje naturaleza,actividades,deportes y aventuras,castilla - la mancha,albacete,67541.0,3973.0
ES,34,2025,6,paisaje naturaleza,actividades,deportes y aventuras,castilla y leon,palencia,350.0,350.0
ES,37,2025,6,paisaje naturaleza,actividades,deportes y aventuras,castilla y leon,salamanca,6608.0,413.0
ES,42,2025,6,paisaje naturaleza,actividades,deportes y aventuras,castilla y leon,soria,1800.0,1800.0
ES,47,2025,6,paisaje naturaleza,actividades,deportes y aventuras,castilla y leon,valladolid,31129.25,2232.0
ES,08,2025,6,paisaje naturaleza,actividades,deportes y aventuras,cataluna,barcelona,112066.29,662.29
ES,17,2025,6,paisaje naturaleza,actividades,deportes y aventuras,cataluna,girona,5705.0,707.0
ES,43,2025,6,paisaje naturaleza,actividades,deportes y aventuras,cataluna,tarragona,2329.0,293.5
ES,28,2025,6,paisaje naturaleza,actividades,deportes y aventuras,comunidad de madrid,madrid,68468.0,1089.33
ES,31,2025,6,paisaje naturaleza,actividades,deportes y aventuras,comunidad foral de navarra,navarra,124236.0,4284.0
ES,03,2025,6,paisaje naturaleza,actividades,deportes y aventuras,comunitat valenciana,alicante/alacant,26545.5,408.5
ES,46,2025,6,paisaje naturaleza,actividades,deportes y aventuras,comunitat valenciana,valencia/valencia,227448.0,4374.0
ES,06,2025,6,paisaje naturaleza,actividades,deportes y aventuras,extremadura,badajoz,319160.67,1910.67
ES,10,2025,6,paisaje naturaleza,actividades,deportes y aventuras,extremadura,caceres,470704.0,1898.0
ES,15,2025,6,paisaje naturaleza,actividades,deportes y aventuras,galicia,a coruna,40341.0,791.0
ES,07,2025,6,paisaje naturaleza,actividades,deportes y aventuras,illes balears,illes balears,181575.0,807.0
ES,26,2025,6,paisaje naturaleza,actividades,deportes y aventuras,la rioja,la rioja,6021.0,2007.0
ES,01,2025,6,paisaje naturaleza,actividades,deportes y aventuras,pais vasco,araba/alava,10253.5,499.0
ES,20,2025,6,paisaje naturaleza,actividades,deportes y aventuras,pais vasco,gipuzkoa,58275.0,1575.0
ES,33,2025,6,paisaje naturaleza,actividades,deportes y aventuras,principado de asturias,asturias,5048.0,2704.5
ES,30,2025,6,paisaje naturaleza,actividades,deportes y aventuras,region de murcia,murcia,5044.0,194.0
ES,04,2025,6,comida y bebida,actividades,gastronomia,andalucia,almeria,516.0,129.0
ES,11,2025,6,comida y bebida,actividades,gastronomia,andalucia,cadiz,561773.5,3695.5
ES,29,2025,6,comida y bebida,actividades,gastronomia,andalucia,malaga,97710.0,1392.0
ES,41,2025,6,comida y bebida,actividades,gastronomia,andalucia,sevilla,111944.0,1999.0
ES,22,2025,6,comida y bebida,actividades,gastronomia,aragon,huesca,240.0,120.0
ES,50,2025,6,comida y bebida,actividades,gastronomia,aragon,zaragoza,9970.0,3988.0
ES,35,2025,6,comida y bebida,actividades,gastronomia,canarias,las palmas,300.0,100.0
ES,38,2025,6,comida y bebida,actividades,gastronomia,canarias,santa cruz de tenerife,49056.0,1022.0
ES,39,2025,6,comida y bebida,actividades,gastronomia,cantabria,cantabria,28808.0,1108.0
ES,02,2025,6,comida y bebida,actividades,gastronomia,castilla - la mancha,albacete,35779.0,967.0
ES,49,2025,6,comida y bebida,actividades,gastronomia,castilla y leon,zamora,126034.0,1537.0
ES,08,2025,6,comida y bebida,actividades,gastronomia,cataluna,barcelona,153458.14,1171.71
ES,17,2025,6,comida y bebida,actividades,gastronomia,cataluna,girona,41551.67,1010.67
ES,43,2025,6,comida y bebida,actividades,gastronomia,cataluna,tarragona,242358.0,2606.0
ES,28,2025,6,comida y bebida,actividades,gastronomia,comunidad de madrid,madrid,675716.0,1046.0
ES,31,2025,6,comida y bebida,actividades,gastronomia,comunidad foral de navarra,navarra,56987.0,1163.0
ES,03,2025,6,comida y bebida,actividades,gastronomia,comunitat valenciana,alicante/alacant,34858.0,2404.0
ES,07,2025,6,comida y bebida,actividades,gastronomia,illes balears,illes balears,530415.25,1812.25
ES,01,2025,6,comida y bebida,actividades,gastronomia,pais vasco,araba/alava,26075.0,1043.0
ES,04,2025,6,vida nocturna,espectaculos,cine,andalucia,almeria,26818.0,583.0
ES,29,2025,6,vida nocturna,espectaculos,cine,andalucia,malaga,20000.0,100.0
ES,41,2025,6,vida nocturna,espectaculos,cine,andalucia,sevilla,6463.0,562.0
ES,45,2025,6,vida nocturna,espectaculos,cine,castilla - la mancha,toledo,358834.0,1349.0
ES,47,2025,6,vida nocturna,espectaculos,cine,castilla y leon,valladolid,11865.0,709.0
ES,08,2025,6,vida nocturna,espectaculos,cine,cataluna,barcelona,65347.0,1408.0
ES,28,2025,6,vida nocturna,espectaculos,cine,comunidad de madrid,madrid,9380.0,140.0
ES,03,2025,6,vida nocturna,espectaculos,cine,comunitat valenciana,alicante/alacant,350.0,50.0
ES,15,2025,6,vida nocturna,espectaculos,cine,galicia,a coruna,2158.0,83.0
ES,07,2025,6,vida nocturna,espectaculos,cine,illes balears,illes balears,3986.5,410.0
ES,20,2025,6,vida nocturna,espectaculos,cine,pais vasco,gipuzkoa,5646.0,309.0
ES,04,2025,6,otros,espectaculos,conferencias,andalucia,almeria,550476.0,6796.0
ES,50,2025,6,otros,espectaculos,conferencias,aragon,zaragoza,26404.0,3772.0
ES,13,2025,6,otros,espectaculos,conferencias,castilla - la mancha,ciudad real,169404.0,14117.0
ES,08,2025,6,otros,espectaculos,conferencias,cataluna,barcelona,64152.0,1188.0
ES,25,2025,6,otros,espectaculos,conferencias,cataluna,lleida,10320.0,120.0
ES,43,2025,6,otros,espectaculos,conferencias,cataluna,tarragona,4068.0,452.0
ES,28,2025,6,otros,espectaculos,conferencias,comunidad de madrid,madrid,58733.0,2195.5
ES,46,2025,6,otros,espectaculos,conferencias,comunitat valenciana,valencia/valencia,23283.0,9804.0
ES,15,2025,6,otros,espectaculos,conferencias,galicia,a coruna,9875.0,1975.0
ES,36,2025,6,otros,espectaculos,conferencias,galicia,pontevedra,540.0,675.0
ES,07,2025,6,otros,espectaculos,conferencias,illes balears,illes balears,116058.0,4002.0
ES,48,2025,6,otros,espectaculos,conferencias,pais vasco,bizkaia,21964.0,323.0
ES,04,2025,6,paisaje urbano,espectaculos,"cultura, teatro y danza",andalucia,almeria,792495.5,1965.5
ES,11,2025,6,paisaje urbano,espectaculos,"cultura, teatro y danza",andalucia,cadiz,117926.6,2336.8
ES,14,2025,6,paisaje urbano,espectaculos,"cultura, teatro y danza",andalucia,cordoba,662285.0,1495.0
ES,18,2025,6,paisaje urbano,espectaculos,"cultura, teatro y danza",andalucia,granada,2274448.0,4894.67
ES,21,2025,6,paisaje urbano,espectaculos,"cultura, teatro y danza",andalucia,huelva,17598.0,1257.0
ES,23,2025,6,paisaje urbano,espectaculos,"cultura, teatro y danza",andalucia,jaen,2800.0,350.0
ES,29,2025,6,paisaje urbano,espectaculos,"cultura, teatro y danza",andalucia,malaga,56948.5,1805.75
ES,41,2025,6,paisaje urbano,espectaculos,"cultura, teatro y danza",andalucia,sevilla,563121.33,1013.0
ES,22,2025,6,paisaje urbano,espectaculos,"cultura, teatro y danza",aragon,huesca,26861.2,559.6
ES,44,2025,6,paisaje urbano,espectaculos,"cultura, teatro y danza",aragon,teruel,319.0,1595.0
ES,50,2025,6,paisaje urbano,espectaculos,"cultura, teatro y danza",aragon,zaragoza,233542.75,675.25
ES,35,2025,6,paisaje urbano,espectaculos,"cultura, teatro y danza",canarias,las palmas,104650.33,395.0
ES,38,2025,6,paisaje urbano,espectaculos,"cultura, teatro y danza",canarias,santa cruz de tenerife,93900.4,971.8
ES,39,2025,6,paisaje urbano,espectaculos,"cultura, teatro y danza",cantabria,cantabria,5590.0,1075.0
ES,02,2025,6,paisaje urbano,espectaculos,"cultura, teatro y danza",castilla - la mancha,albacete,61495.0,1056.33
ES,13,2025,6,paisaje urbano,espectaculos,"cultura, teatro y danza",castilla - la mancha,ciudad real,21144.0,1762.0
ES,16,2025,6,paisaje urbano,espectaculos,"cultura, teatro y danza",castilla - la mancha,cuenca,540.0,60.0
ES,19,2025,6,paisaje urbano,espectaculos,"cultura, teatro y danza",castilla - la mancha,guadalajara,231249.5,1229.0
ES,45,2025,6,paisaje urbano,espectaculos,"cultura, teatro y danza",castilla - la mancha,toledo,689680.0,2283.33
ES,37,2025,6,paisaje urbano,espectaculos,"cultura, teatro y danza",castilla y leon,salamanca,17385.0,172.5
ES,47,2025,6,paisaje urbano,espectaculos,"cultura, teatro y danza",castilla y leon,valladolid,135524.67,1094.67
ES,08,2025,6,paisaje urbano,espectaculos,"cultura, teatro y danza",cataluna,barcelona,941731.57,1377.29
ES,17,2025,6,paisaje urbano,espectaculos,"cultura, teatro y danza",cataluna,girona,6607.33,215.0
ES,25,2025,6,paisaje urbano,espectaculos,"cultura, teatro y danza",cataluna,lleida,3977.0,326.6
ES,43,2025,6,paisaje urbano,espectaculos,"cultura, teatro y danza",cataluna,tarragona,1932.5,187.5
ES,51,2025,6,paisaje urbano,espectaculos,"cultura, teatro y danza",ceuta,ceuta,3600.0,90.0
ES,28,2025,6,paisaje urbano,espectaculos,"cultura, teatro y danza",comunidad de madrid,madrid,81302.33,366.33
ES,03,2025,6,paisaje urbano,espectaculos,"cultura, teatro y danza",comunitat valenciana,alicante/alacant,145984.5,3405.75
ES,12,2025,6,paisaje urbano,espectaculos,"cultura, teatro y danza",comunitat valenciana,castellon/castello,280.0,140.0
ES,46,2025,6,paisaje urbano,espectaculos,"cultura, teatro y danza",comunitat valenciana,valencia/valencia,1367649.0,955.0
ES,06,2025,6,paisaje urbano,espectaculos,"cultura, teatro y danza",extremadura,badajoz,174888.0,1208.0
ES,10,2025,6,paisaje urbano,espectaculos,"cultura, teatro y danza",extremadura,caceres,1585.0,95.0
ES,15,2025,6,paisaje urbano,espectaculos,"cultura, teatro y danza",galicia,a coruna,110833.0,809.0
ES,36,2025,6,paisaje urbano,espectaculos,"cultura, teatro y danza",galicia,pontevedra,128062.5,858.5
ES,07,2025,6,paisaje urbano,espectaculos,"cultura, teatro y danza",illes balears,illes balears,233182.62,794.31
ES,26,2025,6,paisaje urbano,espectaculos,"cultura, teatro y danza",la rioja,la rioja,325313.0,5333.0
ES,01,2025,6,paisaje urbano,espectaculos,"cultura, teatro y danza",pais vasco,araba/alava,328522.0,1186.0
ES,48,2025,6,paisaje urbano,espectaculos,"cultura, teatro y danza",pais vasco,bizkaia,137932.6,838.8
ES,20,2025,6,paisaje urbano,espectaculos,"cultura, teatro y danza",pais vasco,gipuzkoa,25141.17,659.67
ES,33,2025,6,paisaje urbano,espectaculos,"cultura, teatro y danza",principado de asturias,asturias,19482.0,501.0
ES,30,2025,6,paisaje urbano,espectaculos,"cultura, teatro y danza",region de murcia,murcia,454672.0,1264.75
ES,04,2025,6,compras,espectaculos,ferias,andalucia,almeria,550476.0,6796.0
ES,50,2025,6,compras,espectaculos,ferias,aragon,zaragoza,24172.0,6043.0
ES,13,2025,6,compras,espectaculos,ferias,castilla - la mancha,ciudad real,169404.0,14117.0
ES,43,2025,6,compras,espectaculos,ferias,cataluna,tarragona,4068.0,452.0
ES,28,2025,6,compras,espectaculos,ferias,comunidad de madrid,madrid,99822.0,254.0
ES,46,2025,6,compras,espectaculos,ferias,comunitat valenciana,valencia/valencia,38236.0,19118.0
ES,48,2025,6,compras,espectaculos,ferias,pais vasco,bizkaia,21964.0,323.0
ES,41,2025,6,paisaje urbano,espectaculos,museo y exposiciones,andalucia,sevilla,29498.0,1372.0
ES,50,2025,6,paisaje urbano,espectaculos,museo y exposiciones,aragon,zaragoza,39663.0,339.0
ES,45,2025,6,paisaje urbano,espectaculos,museo y exposiciones,castilla - la mancha,toledo,49664.0,776.0
ES,37,2025,6,paisaje urbano,espectaculos,museo y exposiciones,castilla y leon,salamanca,5488.0,224.0
ES,47,2025,6,paisaje urbano,espectaculos,museo y exposiciones,castilla y leon,valladolid,15931.0,304.0
ES,08,2025,6,paisaje urbano,espectaculos,museo y exposiciones,cataluna,barcelona,122155.0,2221.0
ES,28,2025,6,paisaje urbano,espectaculos,museo y exposiciones,comunidad de madrid,madrid,2900.0,290.0
ES,46,2025,6,paisaje urbano,espectaculos,museo y exposiciones,comunitat valenciana,valencia/valencia,32433.0,1707.0
ES,48,2025,6,paisaje urbano,espectaculos,museo y exposiciones,pais vasco,bizkaia,508032.0,1152.0
ES,33,2025,6,paisaje urbano,espectaculos,museo y exposiciones,principado de asturias,asturias,6468.0,588.0
ES,04,2025,6,vida nocturna,espectaculos,musica,andalucia,almeria,18404.0,830.5
ES,11,2025,6,vida nocturna,espectaculos,musica,andalucia,cadiz,296830.75,1734.62
ES,14,2025,6,vida nocturna,espectaculos,musica,andalucia,cordoba,192430.0,2333.5
ES,18,2025,6,vida nocturna,espectaculos,musica,andalucia,granada,356444.5,1893.0
ES,23,2025,6,vida nocturna,espectaculos,musica,andalucia,jaen,145006.75,1395.25
ES,29,2025,6,vida nocturna,espectaculos,musica,andalucia,malaga,289072.64,1888.18
ES,41,2025,6,vida nocturna,espectaculos,musica,andalucia,sevilla,972481.6,1611.4
ES,22,2025,6,vida nocturna,espectaculos,musica,aragon,huesca,59319.67,589.83
ES,44,2025,6,vida nocturna,espectaculos,musica,aragon,teruel,328201.33,1929.0
ES,50,2025,6,vida nocturna,espectaculos,musica,aragon,zaragoza,723946.33,1041.44
ES,35,2025,6,vida nocturna,espectaculos,musica,canarias,las palmas,405589.0,1093.5
ES,38,2025,6,vida nocturna,espectaculos,musica,canarias,santa cruz de tenerife,629244.27,2051.82
ES,39,2025,6,vida nocturna,espectaculos,musica,cantabria,cantabria,23005.0,1221.33
ES,02,2025,6,vida nocturna,espectaculos,musica,castilla - la mancha,albacete,224162.8,1235.6
ES,13,2025,6,vida nocturna,espectaculos,musica,castilla - la mancha,ciudad real,37697.5,998.5
ES,16,2025,6,vida nocturna,espectaculos,musica,castilla - la mancha,cuenca,4437.0,493.0
ES,19,2025,6,vida nocturna,espectaculos,musica,castilla - la mancha,guadalajara,77196.25,821.0
ES,45,2025,6,vida nocturna,espectaculos,musica,castilla - la mancha,toledo,14475.5,928.25
ES,09,2025,6,vida nocturna,espectaculos,musica,castilla y leon,burgos,104086.75,1871.75
ES,24,2025,6,vida nocturna,espectaculos,musica,castilla y leon,leon,26460.67,930.33
ES,34,2025,6,vida nocturna,espectaculos,musica,castilla y leon,palencia,16510.0,254.0
ES,37,2025,6,vida nocturna,espectaculos,musica,castilla y leon,salamanca,28149.5,666.5
ES,40,2025,6,vida nocturna,espectaculos,musica,castilla y leon,segovia,71290.5,1739.75
ES,42,2025,6,vida nocturna,espectaculos,musica,castilla y leon,soria,174150.0,162.0
ES,47,2025,6,vida nocturna,espectaculos,musica,castilla y leon,valladolid,2489534.0,1993.5
ES,49,2025,6,vida nocturna,espectaculos,musica,castilla y leon,zamora,41066.0,926.25
ES,08,2025,6,vida nocturna,espectaculos,musica,cataluna,barcelona,777034.23,1267.0
ES,17,2025,6,vida nocturna,espectaculos,musica,cataluna,girona,373680.82,1952.36
ES,25,2025,6,vida nocturna,espectaculos,musica,cataluna,lleida,251403.17,1275.67
ES,43,2025,6,vida nocturna,espectaculos,musica,cataluna,tarragona,246635.14,1705.57
ES,51,2025,6,vida nocturna,espectaculos,musica,ceuta,ceuta,7049.0,1007.0
ES,28,2025,6,vida nocturna,espectaculos,musica,comunidad de madrid,madrid,557360.57,1847.71
ES,31,2025,6,vida nocturna,espectaculos,musica,comunidad foral de navarra,navarra,220974.0,1450.75
ES,03,2025,6,vida nocturna,espectaculos,musica,comunitat valenciana,alicante/alacant,86174.0,1535.53
ES,12,2025,6,vida nocturna,espectaculos,musica,comunitat valenciana,castellon/castello,56519.8,1473.4
ES,46,2025,6,vida nocturna,espectaculos,musica,comunitat valenciana,valencia/valencia,334282.0,977.25
ES,06,2025,6,vida nocturna,espectaculos,musica,extremadura,badajoz,56007.0,412.25
ES,10,2025,6,vida nocturna,espectaculos,musica,extremadura,caceres,14681.33,1597.67
ES,15,2025,6,vida nocturna,espectaculos,musica,galicia,a coruna,323037.62,1182.25
ES,27,2025,6,vida nocturna,espectaculos,musica,galicia,lugo,381463.0,1181.0
ES,32,2025,6,vida nocturna,espectaculos,musica,galicia,ourense,1508.0,116.0
ES,36,2025,6,vida nocturna,espectaculos,musica,galicia,pontevedra,95489.0,857.83
ES,07,2025,6,vida nocturna,espectaculos,musica,illes balears,illes balears,709215.15,1656.78
ES,26,2025,6,vida nocturna,espectaculos,musica,la rioja,la rioja,123467.0,728.33
ES,01,2025,6,vida nocturna,espectaculos,musica,pais vasco,araba/alava,127553.67,903.33
ES,48,2025,6,vida nocturna,espectaculos,musica,pais vasco,bizkaia,216685.12,1238.5
ES,20,2025,6,vida nocturna,espectaculos,musica,pais vasco,gipuzkoa,339158.33,1405.17
ES,33,2025,6,vida nocturna,espectaculos,musica,principado de asturias,asturias,1560381.6,5909.6
ES,30,2025,6,vida nocturna,espectaculos,musica,region de murcia,murcia,199945.67,1640.33
ES,14,2025,6,vida nocturna,espectaculos,musicales,andalucia,cordoba,133712.0,1096.0
ES,18,2025,6,vida nocturna,espectaculos,musicales,andalucia,granada,231222.0,866.0
ES,29,2025,6,vida nocturna,espectaculos,musicales,andalucia,malaga,2000.0,100.0
ES,41,2025,6,vida nocturna,espectaculos,musicales,andalucia,sevilla,1728.0,864.0
ES,22,2025,6,vida nocturna,espectaculos,musicales,aragon,huesca,12878.0,685.0
ES,50,2025,6,vida nocturna,espectaculos,musicales,aragon,zaragoza,77965.0,503.0
ES,35,2025,6,vida nocturna,espectaculos,musicales,canarias,las palmas,300.0,100.0
ES,38,2025,6,vida nocturna,espectaculos,musicales,canarias,santa cruz de tenerife,3960.0,120.0
ES,37,2025,6,vida nocturna,espectaculos,musicales,castilla y leon,salamanca,8624.0,176.0
ES,47,2025,6,vida nocturna,espectaculos,musicales,castilla y leon,valladolid,130850.0,1111.0
ES,08,2025,6,vida nocturna,espectaculos,musicales,cataluna,barcelona,194078.8,381.4
ES,17,2025,6,vida nocturna,espectaculos,musicales,cataluna,girona,151478.0,851.0
ES,28,2025,6,vida nocturna,espectaculos,musicales,comunidad de madrid,madrid,299016.0,476.0
ES,03,2025,6,vida nocturna,espectaculos,musicales,comunitat valenciana,alicante/alacant,9870.0,70.0
ES,46,2025,6,vida nocturna,espectaculos,musicales,comunitat valenciana,valencia/valencia,384445.0,657.0
ES,06,2025,6,vida nocturna,espectaculos,musicales,extremadura,badajoz,59229.0,1092.5
ES,07,2025,6,vida nocturna,espectaculos,musicales,illes balears,illes balears,205376.0,543.5
ES,48,2025,6,vida nocturna,espectaculos,musicales,pais vasco,bizkaia,420.0,60.0
ES,30,2025,6,vida nocturna,espectaculos,musicales,region de murcia,murcia,107650.5,860.0
ES,04,2025,7,paisaje naturaleza,actividades,actividades infantiles,andalucia,almeria,11267.0,593.0
ES,14,2025,7,paisaje naturaleza,actividades,actividades infantiles,andalucia,cordoba,591.0,985.0
ES,18,2025,7,paisaje naturaleza,actividades,actividades infantiles,andalucia,granada,235376.0,2504.0
ES,21,2025,7,paisaje naturaleza,actividades,actividades infantiles,andalucia,huelva,16269.0,1378.5
ES,29,2025,7,paisaje naturaleza,actividades,actividades infantiles,andalucia,malaga,3561.0,1404.33
ES,41,2025,7,paisaje naturaleza,actividades,actividades infantiles,andalucia,sevilla,25411.5,1873.5
ES,22,2025,7,paisaje naturaleza,actividades,actividades infantiles,aragon,huesca,9282.0,559.0
ES,50,2025,7,paisaje naturaleza,actividades,actividades infantiles,aragon,zaragoza,106940.0,1520.0
ES,35,2025,7,paisaje naturaleza,actividades,actividades infantiles,canarias,las palmas,144.0,48.0
ES,38,2025,7,paisaje naturaleza,actividades,actividades infantiles,canarias,santa cruz de tenerife,12960.0,40.0
ES,39,2025,7,paisaje naturaleza,actividades,actividades infantiles,cantabria,cantabria,5835.0,1032.0
ES,02,2025,7,paisaje naturaleza,actividades,actividades infantiles,castilla - la mancha,albacete,421056.0,1376.0
ES,45,2025,7,paisaje naturaleza,actividades,actividades infantiles,castilla - la mancha,toledo,207042.0,1123.0
ES,24,2025,7,paisaje naturaleza,actividades,actividades infantiles,castilla y leon,leon,211515.0,1195.0
ES,37,2025,7,paisaje naturaleza,actividades,actividades infantiles,castilla y leon,salamanca,18304.0,176.0
ES,47,2025,7,paisaje naturaleza,actividades,actividades infantiles,castilla y leon,valladolid,678.0,565.0
ES,08,2025,7,paisaje naturaleza,actividades,actividades infantiles,cataluna,barcelona,157290.1,1564.9
ES,25,2025,7,paisaje naturaleza,actividades,actividades infantiles,cataluna,lleida,58347.0,2161.0
ES,43,2025,7,paisaje naturaleza,actividades,actividades infantiles,cataluna,tarragona,305292.0,618.0
ES,28,2025,7,paisaje naturaleza,actividades,actividades infantiles,comunidad de madrid,madrid,170828.33,796.17
ES,31,2025,7,paisaje naturaleza,actividades,actividades infantiles,comunidad foral de navarra,navarra,61873.5,1182.0
ES,03,2025,7,paisaje naturaleza,actividades,actividades infantiles,comunitat valenciana,alicante/alacant,2519.0,1602.0
ES,12,2025,7,paisaje naturaleza,actividades,actividades infantiles,comunitat valenciana,castellon/castello,59432.0,1564.0
ES,46,2025,7,paisaje naturaleza,actividades,actividades infantiles,comunitat valenciana,valencia/valencia,402276.5,1877.5
ES,06,2025,7,paisaje naturaleza,actividades,actividades infantiles,extremadura,badajoz,105590.5,1619.0
ES,10,2025,7,paisaje naturaleza,actividades,actividades infantiles,extremadura,caceres,87636.0,2644.5
ES,15,2025,7,paisaje naturaleza,actividades,actividades infantiles,galicia,a coruna,480.0,60.0
ES,36,2025,7,paisaje naturaleza,actividades,actividades infantiles,galicia,pontevedra,9495.0,633.0
ES,07,2025,7,paisaje naturaleza,actividades,actividades infantiles,illes balears,illes balears,159546.75,1531.5
ES,01,2025,7,paisaje naturaleza,actividades,actividades infantiles,pais vasco,araba/alava,85834.0,785.5
ES,48,2025,7,paisaje naturaleza,actividades,actividades infantiles,pais vasco,bizkaia,502048.0,13574.0
ES,20,2025,7,paisaje naturaleza,actividades,actividades infantiles,pais vasco,gipuzkoa,1937.0,496.5
ES,33,2025,7,paisaje naturaleza,actividades,actividades infantiles,principado de asturias,asturias,2214.33,249.67
ES,29,2025,7,servicios,actividades,cursos,andalucia,malaga,7355.0,1471.0
ES,41,2025,7,servicios,actividades,cursos,andalucia,sevilla,87906.0,6279.0
ES,22,2025,7,servicios,actividades,cursos,aragon,huesca,500.0,250.0
ES,50,2025,7,servicios,actividades,cursos,aragon,zaragoza,3990.0,1330.0
ES,35,2025,7,servicios,actividades,cursos,canarias,las palmas,2375.0,150.0
ES,47,2025,7,servicios,actividades,cursos,castilla y leon,valladolid,156864.0,13072.0
ES,08,2025,7,servicios,actividades,cursos,cataluna,barcelona,30526.5,1809.25
ES,28,2025,7,servicios,actividades,cursos,comunidad de madrid,madrid,466592.0,7110.0
ES,03,2025,7,servicios,actividades,cursos,comunitat valenciana,alicante/alacant,143925.0,1515.0
ES,46,2025,7,servicios,actividades,cursos,comunitat valenciana,valencia/valencia,17424.0,5808.0
ES,07,2025,7,servicios,actividades,cursos,illes balears,illes balears,16233.43,1013.71
ES,01,2025,7,servicios,actividades,cursos,pais vasco,araba/alava,14706.0,7353.0
ES,48,2025,7,servicios,actividades,cursos,pais vasco,bizkaia,20825.0,675.0
ES,30,2025,7,servicios,actividades,cursos,region de murcia,murcia,39600.0,2200.0
ES,14,2025,7,paisaje naturaleza,actividades,deportes y aventuras,andalucia,cordoba,34425.0,2295.0
ES,21,2025,7,paisaje naturaleza,actividades,deportes y aventuras,andalucia,huelva,12218.0,885.5
ES,29,2025,7,paisaje naturaleza,actividades,deportes y aventuras,andalucia,malaga,780.0,30.0
ES,50,2025,7,paisaje naturaleza,actividades,deportes y aventuras,aragon,zaragoza,103586.0,2114.0
ES,38,2025,7,paisaje naturaleza,actividades,deportes y aventuras,canarias,santa cruz de tenerife,753296.0,1186.0
ES,02,2025,7,paisaje naturaleza,actividades,deportes y aventuras,castilla - la mancha,albacete,175997.0,3175.0
ES,13,2025,7,paisaje naturaleza,actividades,deportes y aventuras,castilla - la mancha,ciudad real,6500.0,130.0
ES,16,2025,7,paisaje naturaleza,actividades,deportes y aventuras,castilla - la mancha,cuenca,146608.0,2618.0
ES,34,2025,7,paisaje naturaleza,actividades,deportes y aventuras,castilla y leon,palencia,808588.0,2068.0
ES,37,2025,7,paisaje naturaleza,actividades,deportes y aventuras,castilla y leon,salamanca,2529.0,562.0
ES,40,2025,7,paisaje naturaleza,actividades,deportes y aventuras,castilla y leon,segovia,41676.0,138.0
ES,42,2025,7,paisaje naturaleza,actividades,deportes y aventuras,castilla y leon,soria,3724.0,931.0
ES,47,2025,7,paisaje naturaleza,actividades,deportes y aventuras,castilla y leon,valladolid,5703.5,938.5
ES,08,2025,7,paisaje naturaleza,actividades,deportes y aventuras,cataluna,barcelona,46048.17,681.83
ES,28,2025,7,paisaje naturaleza,actividades,deportes y aventuras,comunidad de madrid,madrid,10853.0,1629.0
ES,31,2025,7,paisaje naturaleza,actividades,deportes y aventuras,comunidad foral de navarra,navarra,67008.0,2792.0
ES,03,2025,7,paisaje naturaleza,actividades,deportes y aventuras,comunitat valenciana,alicante/alacant,6708.33,1758.67
ES,46,2025,7,paisaje naturaleza,actividades,deportes y aventuras,comunitat valenciana,valencia/valencia,219108.0,3534.0
ES,06,2025,7,paisaje naturaleza,actividades,deportes y aventuras,extremadura,badajoz,117942.33,758.0
ES,10,2025,7,paisaje naturaleza,actividades,deportes y aventuras,extremadura,caceres,64175.0,2567.0
ES,07,2025,7,paisaje naturaleza,actividades,deportes y aventuras,illes balears,illes balears,300.0,100.0
ES,48,2025,7,paisaje naturaleza,actividades,deportes y aventuras,pais vasco,bizkaia,206535.0,1967.0
ES,20,2025,7,paisaje naturaleza,actividades,deportes y aventuras,pais vasco,gipuzkoa,51423.0,843.0
ES,33,2025,7,paisaje naturaleza,actividades,deportes y aventuras,principado de asturias,asturias,30168.33,3339.33
ES,30,2025,7,paisaje naturaleza,actividades,deportes y aventuras,region de murcia,murcia,26829.0,2439.0
ES,11,2025,7,comida y bebida,actividades,gastronomia,andalucia,cadiz,552727.33,3101.33
ES,18,2025,7,comida y bebida,actividades,gastronomia,andalucia,granada,1180.0,167.5
ES,29,2025,7,comida y bebida,actividades,gastronomia,andalucia,malaga,14315.0,2045.0
ES,41,2025,7,comida y bebida,actividades,gastronomia,andalucia,sevilla,94608.0,1971.0
ES,22,2025,7,comida y bebida,actividades,gastronomia,aragon,huesca,9282.0,559.0
ES,50,2025,7,comida y bebida,actividades,gastronomia,aragon,zaragoza,208437.0,3417.0
ES,35,2025,7,comida y bebida,actividades,gastronomia,canarias,las palmas,115456.0,902.0
ES,38,2025,7,comida y bebida,actividades,gastronomia,canarias,santa cruz de tenerife,38181.0,1157.0
ES,39,2025,7,comida y bebida,actividades,gastronomia,cantabria,cantabria,6975.0,1125.0
ES,02,2025,7,comida y bebida,actividades,gastronomia,castilla - la mancha,albacete,280.0,140.0
ES,49,2025,7,comida y bebida,actividades,gastronomia,castilla y leon,zamora,387584.0,1514.0
ES,08,2025,7,comida y bebida,actividades,gastronomia,cataluna,barcelona,198715.8,1331.8
ES,17,2025,7,comida y bebida,actividades,gastronomia,cataluna,girona,104306.2,1091.8
ES,43,2025,7,comida y bebida,actividades,gastronomia,cataluna,tarragona,156178.0,2519.0
ES,28,2025,7,comida y bebida,actividades,gastronomia,comunidad de madrid,madrid,626225.0,925.0
ES,31,2025,7,comida y bebida,actividades,gastronomia,comunidad foral de navarra,navarra,42948.0,1193.0
ES,03,2025,7,comida y bebida,actividades,gastronomia,comunitat valenciana,alicante/alacant,178432.0,2624.0
ES,46,2025,7,comida y bebida,actividades,gastronomia,comunitat valenciana,valencia/valencia,750.0,150.0
ES,07,2025,7,comida y bebida,actividades,gastronomia,illes balears,illes balears,95586.38,2140.0
ES,01,2025,7,comida y bebida,actividades,gastronomia,pais vasco,araba/alava,64064.0,1144.0
ES,04,2025,7,vida nocturna,espectaculos,cine,andalucia,almeria,15984.0,592.0
ES,29,2025,7,vida nocturna,espectaculos,cine,andalucia,malaga,31279.0,1009.0
ES,41,2025,7,vida nocturna,espectaculos,cine,andalucia,sevilla,95288.0,554.0
ES,22,2025,7,vida nocturna,espectaculos,cine,aragon,huesca,199479.0,1357.0
ES,45,2025,7,vida nocturna,espectaculos,cine,castilla - la mancha,toledo,611581.5,1050.5
ES,47,2025,7,vida nocturna,espectaculos,cine,castilla y leon,valladolid,3114.0,307.5
ES,08,2025,7,vida nocturna,espectaculos,cine,cataluna,barcelona,37315.67,1323.33
ES,28,2025,7,vida nocturna,espectaculos,cine,comunidad de madrid,madrid,141966.0,2151.0
ES,03,2025,7,vida nocturna,espectaculos,cine,comunitat valenciana,alicante/alacant,420.0,140.0
ES,07,2025,7,vida nocturna,espectaculos,cine,illes balears,illes balears,11569.0,503.0
ES,20,2025,7,vida nocturna,espectaculos,cine,pais vasco,gipuzkoa,12744.0,1593.0
ES,22,2025,7,otros,espectaculos,conferencias,aragon,huesca,194106.0,2941.0
ES,50,2025,7,otros,espectaculos,conferencias,aragon,zaragoza,6162.0,158.0
ES,13,2025,7,otros,espectaculos,conferencias,castilla - la mancha,ciudad real,1892.0,172.0
ES,08,2025,7,otros,espectaculos,conferencias,cataluna,barcelona,468832.0,4186.0
ES,43,2025,7,otros,espectaculos,conferencias,cataluna,tarragona,17155.0,3431.0
ES,28,2025,7,otros,espectaculos,conferencias,comunidad de madrid,madrid,376194.0,7261.0
ES,46,2025,7,otros,espectaculos,conferencias,comunitat valenciana,valencia/valencia,839859.0,11829.0
ES,36,2025,7,otros,espectaculos,conferencias,galicia,pontevedra,9495.0,633.0
ES,07,2025,7,otros,espectaculos,conferencias,illes balears,illes balears,21985.0,2587.5
ES,01,2025,7,otros,espectaculos,conferencias,pais vasco,araba/alava,5882.0,5882.0
ES,48,2025,7,otros,espectaculos,conferencias,pais vasco,bizkaia,1549.0,7745.0
ES,04,2025,7,paisaje urbano,espectaculos,"cultura, teatro y danza",andalucia,almeria,1717008.0,1990.0
ES,11,2025,7,paisaje urbano,espectaculos,"cultura, teatro y danza",andalucia,cadiz,200054.8,1180.8
ES,14,2025,7,paisaje urbano,espectaculos,"cultura, teatro y danza",andalucia,cordoba,251620.5,1371.0
ES,18,2025,7,paisaje urbano,espectaculos,"cultura, teatro y danza",andalucia,granada,452639.33,4454.0
ES,21,2025,7,paisaje urbano,espectaculos,"cultura, teatro y danza",andalucia,huelva,9002.0,1286.0
ES,23,2025,7,paisaje urbano,espectaculos,"cultura, teatro y danza",andalucia,jaen,210.0,525.0
ES,29,2025,7,paisaje urbano,espectaculos,"cultura, teatro y danza",andalucia,malaga,148651.67,2004.33
ES,41,2025,7,paisaje urbano,espectaculos,"cultura, teatro y danza",andalucia,sevilla,42366.0,1535.0
ES,22,2025,7,paisaje urbano,espectaculos,"cultura, teatro y danza",aragon,huesca,100161.0,947.0
ES,44,2025,7,paisaje urbano,espectaculos,"cultura, teatro y danza",aragon,teruel,40461.0,1230.33
ES,50,2025,7,paisaje urbano,espectaculos,"cultura, teatro y danza",aragon,zaragoza,262762.0,699.5
ES,35,2025,7,paisaje urbano,espectaculos,"cultura, teatro y danza",canarias,las palmas,60969.43,757.14
ES,38,2025,7,paisaje urbano,espectaculos,"cultura, teatro y danza",canarias,santa cruz de tenerife,63561.75,1058.0
ES,02,2025,7,paisaje urbano,espectaculos,"cultura, teatro y danza",castilla - la mancha,albacete,103548.0,967.75
ES,13,2025,7,paisaje urbano,espectaculos,"cultura, teatro y danza",castilla - la mancha,ciudad real,625816.0,2284.0
ES,19,2025,7,paisaje urbano,espectaculos,"cultura, teatro y danza",castilla - la mancha,guadalajara,316485.0,195.0
ES,45,2025,7,paisaje urbano,espectaculos,"cultura, teatro y danza",castilla - la mancha,toledo,66466.0,886.5
ES,37,2025,7,paisaje urbano,espectaculos,"cultura, teatro y danza",castilla y leon,salamanca,66669.0,591.33
ES,47,2025,7,paisaje urbano,espectaculos,"cultura, teatro y danza",castilla y leon,valladolid,967749.33,777.0
ES,08,2025,7,paisaje urbano,espectaculos,"cultura, teatro y danza",cataluna,barcelona,568526.33,653.4
ES,17,2025,7,paisaje urbano,espectaculos,"cultura, teatro y danza",cataluna,girona,28553.75,383.5
ES,25,2025,7,paisaje urbano,espectaculos,"cultura, teatro y danza",cataluna,lleida,23918.33,295.33
ES,43,2025,7,paisaje urbano,espectaculos,"cultura, teatro y danza",cataluna,tarragona,142944.33,448.5
ES,51,2025,7,paisaje urbano,espectaculos,"cultura, teatro y danza",ceuta,ceuta,73146.0,1002.0
ES,28,2025,7,paisaje urbano,espectaculos,"cultura, teatro y danza",comunidad de madrid,madrid,137049.29,619.71
ES,03,2025,7,paisaje urbano,espectaculos,"cultura, teatro y danza",comunitat valenciana,alicante/alacant,15695.0,1014.0
ES,46,2025,7,paisaje urbano,espectaculos,"cultura, teatro y danza",comunitat valenciana,valencia/valencia,313210.5,943.25
ES,06,2025,7,paisaje urbano,espectaculos,"cultura, teatro y danza",extremadura,badajoz,219358.33,1891.0
ES,10,2025,7,paisaje urbano,espectaculos,"cultura, teatro y danza",extremadura,caceres,2178.0,198.0
ES,15,2025,7,paisaje urbano,espectaculos,"cultura, teatro y danza",galicia,a coruna,1557.5,351.5
ES,27,2025,7,paisaje urbano,espectaculos,"cultura, teatro y danza",galicia,lugo,29408.0,7352.0
ES,36,2025,7,paisaje urbano,espectaculos,"cultura, teatro y danza",galicia,pontevedra,720.0,180.0
ES,07,2025,7,paisaje urbano,espectaculos,"cultura, teatro y danza",illes balears,illes balears,149375.15,907.77
ES,26,2025,7,paisaje urbano,espectaculos,"cultura, teatro y danza",la rioja,la rioja,461000.43,1654.71
ES,01,2025,7,paisaje urbano,espectaculos,"cultura, teatro y danza",pais vasco,araba/alava,176910.0,481.5
ES,48,2025,7,paisaje urbano,espectaculos,"cultura, teatro y danza",pais vasco,bizkaia,564237.0,864.25
ES,20,2025,7,paisaje urbano,espectaculos,"cultura, teatro y danza",pais vasco,gipuzkoa,45156.67,964.0
ES,33,2025,7,paisaje urbano,espectaculos,"cultura, teatro y danza",principado de asturias,asturias,34721.0,1032.0
ES,30,2025,7,paisaje urbano,espectaculos,"cultura, teatro y danza",region de murcia,murcia,42548.0,816.5
ES,13,2025,7,compras,espectaculos,ferias,castilla - la mancha,ciudad real,1892.0,172.0
ES,08,2025,7,compras,espectaculos,ferias,cataluna,barcelona,255456.0,7983.0
ES,43,2025,7,compras,espectaculos,ferias,cataluna,tarragona,17155.0,3431.0
ES,28,2025,7,compras,espectaculos,ferias,comunidad de madrid,madrid,475006.0,9694.0
ES,46,2025,7,compras,espectaculos,ferias,comunitat valenciana,valencia/valencia,41118.0,20559.0
ES,01,2025,7,compras,espectaculos,ferias,pais vasco,araba/alava,5882.0,5882.0
ES,48,2025,7,compras,espectaculos,ferias,pais vasco,bizkaia,1549.0,7745.0
ES,18,2025,7,paisaje urbano,espectaculos,museo y exposiciones,andalucia,granada,9208.0,1151.0
ES,41,2025,7,paisaje urbano,espectaculos,museo y exposiciones,andalucia,sevilla,117216.0,1332.0
ES,45,2025,7,paisaje urbano,espectaculos,museo y exposiciones,castilla - la mancha,toledo,52972.0,646.0
ES,37,2025,7,paisaje urbano,espectaculos,museo y exposiciones,castilla y leon,salamanca,174038.0,503.0
ES,47,2025,7,paisaje urbano,espectaculos,museo y exposiciones,castilla y leon,valladolid,47792.0,464.0
ES,08,2025,7,paisaje urbano,espectaculos,museo y exposiciones,cataluna,barcelona,58179.0,1353.0
ES,03,2025,7,paisaje urbano,espectaculos,museo y exposiciones,comunitat valenciana,alicante/alacant,1216.0,1216.0
ES,46,2025,7,paisaje urbano,espectaculos,museo y exposiciones,comunitat valenciana,valencia/valencia,119306.0,2057.0
ES,07,2025,7,paisaje urbano,espectaculos,museo y exposiciones,illes balears,illes balears,2072.0,518.0
ES,48,2025,7,paisaje urbano,espectaculos,museo y exposiciones,pais vasco,bizkaia,205865.0,1045.0
ES,33,2025,7,paisaje urbano,espectaculos,museo y exposiciones,principado de asturias,asturias,13584.0,849.0
ES,04,2025,7,vida nocturna,espectaculos,musica,andalucia,almeria,277059.0,2244.6
ES,11,2025,7,vida nocturna,espectaculos,musica,andalucia,cadiz,476322.29,1349.71
ES,14,2025,7,vida nocturna,espectaculos,musica,andalucia,cordoba,15462.67,992.33
ES,18,2025,7,vida nocturna,espectaculos,musica,andalucia,granada,279378.22,1616.11
ES,21,2025,7,vida nocturna,espectaculos,musica,andalucia,huelva,1020.0,170.0
ES,23,2025,7,vida nocturna,espectaculos,musica,andalucia,jaen,269698.33,1561.67
ES,29,2025,7,vida nocturna,espectaculos,musica,andalucia,malaga,150413.89,1174.11
ES,41,2025,7,vida nocturna,espectaculos,musica,andalucia,sevilla,596502.2,1531.2
ES,22,2025,7,vida nocturna,espectaculos,musica,aragon,huesca,4945.0,633.25
ES,44,2025,7,vida nocturna,espectaculos,musica,aragon,teruel,68580.5,1732.0
ES,50,2025,7,vida nocturna,espectaculos,musica,aragon,zaragoza,293150.11,1293.89
ES,35,2025,7,vida nocturna,espectaculos,musica,canarias,las palmas,166851.14,812.0
ES,38,2025,7,vida nocturna,espectaculos,musica,canarias,santa cruz de tenerife,953682.5,2019.88
ES,39,2025,7,vida nocturna,espectaculos,musica,cantabria,cantabria,158059.0,1349.33
ES,02,2025,7,vida nocturna,espectaculos,musica,castilla - la mancha,albacete,116492.75,728.75
ES,13,2025,7,vida nocturna,espectaculos,musica,castilla - la mancha,ciudad real,85227.0,1225.67
ES,16,2025,7,vida nocturna,espectaculos,musica,castilla - la mancha,cuenca,8038.5,775.5
ES,19,2025,7,vida nocturna,espectaculos,musica,castilla - la mancha,guadalajara,178061.67,1276.33
ES,45,2025,7,vida nocturna,espectaculos,musica,castilla - la mancha,toledo,136839.0,443.5
ES,05,2025,7,vida nocturna,espectaculos,musica,castilla y leon,avila,3333.0,606.0
ES,09,2025,7,vida nocturna,espectaculos,musica,castilla y leon,burgos,433583.5,1337.0
ES,24,2025,7,vida nocturna,espectaculos,musica,castilla y leon,leon,104542.33,1071.67
ES,34,2025,7,vida nocturna,espectaculos,musica,castilla y leon,palencia,60757.5,1576.5
ES,37,2025,7,vida nocturna,espectaculos,musica,castilla y leon,salamanca,1314.0,241.0
ES,40,2025,7,vida nocturna,espectaculos,musica,castilla y leon,segovia,505941.0,1509.33
ES,42,2025,7,vida nocturna,espectaculos,musica,castilla y leon,soria,102600.0,1498.5
ES,47,2025,7,vida nocturna,espectaculos,musica,castilla y leon,valladolid,1003183.0,1241.0
ES,49,2025,7,vida nocturna,espectaculos,musica,castilla y leon,zamora,194824.0,821.5
ES,08,2025,7,vida nocturna,espectaculos,musica,cataluna,barcelona,641919.76,1409.17
ES,17,2025,7,vida nocturna,espectaculos,musica,cataluna,girona,173103.14,1219.05
ES,25,2025,7,vida nocturna,espectaculos,musica,cataluna,lleida,356743.8,1259.8
ES,43,2025,7,vida nocturna,espectaculos,musica,cataluna,tarragona,210342.53,1061.12
ES,28,2025,7,vida nocturna,espectaculos,musica,comunidad de madrid,madrid,2511153.25,1768.58
ES,31,2025,7,vida nocturna,espectaculos,musica,comunidad foral de navarra,navarra,34696.25,779.0
ES,03,2025,7,vida nocturna,espectaculos,musica,comunitat valenciana,alicante/alacant,106000.3,1395.25
ES,12,2025,7,vida nocturna,espectaculos,musica,comunitat valenciana,castellon/castello,170381.2,1830.6
ES,46,2025,7,vida nocturna,espectaculos,musica,comunitat valenciana,valencia/valencia,266790.25,945.12
ES,06,2025,7,vida nocturna,espectaculos,musica,extremadura,badajoz,251844.5,669.0
ES,10,2025,7,vida nocturna,espectaculos,musica,extremadura,caceres,65873.67,2350.0
ES,15,2025,7,vida nocturna,espectaculos,musica,galicia,a coruna,425157.67,1133.67
ES,27,2025,7,vida nocturna,espectaculos,musica,galicia,lugo,353922.0,1096.5
ES,32,2025,7,vida nocturna,espectaculos,musica,galicia,ourense,304.0,152.0
ES,36,2025,7,vida nocturna,espectaculos,musica,galicia,pontevedra,251341.5,1854.5
ES,07,2025,7,vida nocturna,espectaculos,musica,illes balears,illes balears,668155.7,1758.77
ES,26,2025,7,vida nocturna,espectaculos,musica,la rioja,la rioja,95744.33,515.33
ES,01,2025,7,vida nocturna,espectaculos,musica,pais vasco,araba/alava,115360.0,1440.0
ES,48,2025,7,vida nocturna,espectaculos,musica,pais vasco,bizkaia,20533.5,1341.33
ES,20,2025,7,vida nocturna,espectaculos,musica,pais vasco,gipuzkoa,124557.71,1002.86
ES,33,2025,7,vida nocturna,espectaculos,musica,principado de asturias,asturias,340012.33,1870.33
ES,30,2025,7,vida nocturna,espectaculos,musica,region de murcia,murcia,73871.5,582.75
ES,04,2025,7,vida nocturna,espectaculos,musicales,andalucia,almeria,480.0,120.0
ES,11,2025,7,vida nocturna,espectaculos,musicales,andalucia,cadiz,352.0,176.0
ES,14,2025,7,vida nocturna,espectaculos,musicales,andalucia,cordoba,18828.0,1046.0
ES,35,2025,7,vida nocturna,espectaculos,musicales,canarias,las palmas,75072.0,1104.0
ES,38,2025,7,vida nocturna,espectaculos,musicales,canarias,santa cruz de tenerife,19270.5,608.5
ES,02,2025,7,vida nocturna,espectaculos,musicales,castilla - la mancha,albacete,24984.0,1041.0
ES,37,2025,7,vida nocturna,espectaculos,musicales,castilla y leon,salamanca,18304.0,176.0
ES,47,2025,7,vida nocturna,espectaculos,musicales,castilla y leon,valladolid,50924.0,1756.0
ES,08,2025,7,vida nocturna,espectaculos,musicales,cataluna,barcelona,209628.29,683.14
ES,28,2025,7,vida nocturna,espectaculos,musicales,comunidad de madrid,madrid,103032.0,1272.0
ES,46,2025,7,vida nocturna,espectaculos,musicales,comunitat valenciana,valencia/valencia,107289.0,819.0
ES,06,2025,7,vida nocturna,espectaculos,musicales,extremadura,badajoz,114488.5,1096.5
ES,10,2025,7,vida nocturna,espectaculos,musicales,extremadura,caceres,2178.0,198.0
ES,07,2025,7,vida nocturna,espectaculos,musicales,illes balears,illes balears,53872.0,1036.0
ES,26,2025,7,vida nocturna,espectaculos,musicales,la rioja,la rioja,131655.0,1005.0
ES,48,2025,7,vida nocturna,espectaculos,musicales,pais vasco,bizkaia,6030.0,603.0
ES,30,2025,7,vida nocturna,espectaculos,musicales,region de murcia,murcia,481818.0,1839.0
ES,14,2025,8,paisaje naturaleza,actividades,actividades infantiles,andalucia,cordoba,656.0,82.0
ES,18,2025,8,paisaje naturaleza,actividades,actividades infantiles,andalucia,granada,10075.67,847.33
ES,29,2025,8,paisaje naturaleza,actividades,actividades infantiles,andalucia,malaga,23360.67,2766.67
ES,41,2025,8,paisaje naturaleza,actividades,actividades infantiles,andalucia,sevilla,3720.0,40.0
ES,22,2025,8,paisaje naturaleza,actividades,actividades infantiles,aragon,huesca,73324.5,1093.5
ES,50,2025,8,paisaje naturaleza,actividades,actividades infantiles,aragon,zaragoza,77803.5,1429.5
ES,35,2025,8,paisaje naturaleza,actividades,actividades infantiles,canarias,las palmas,432.0,48.0
ES,38,2025,8,paisaje naturaleza,actividades,actividades infantiles,canarias,santa cruz de tenerife,8279.33,261.67
ES,39,2025,8,paisaje naturaleza,actividades,actividades infantiles,cantabria,cantabria,412129.5,909.0
ES,02,2025,8,paisaje naturaleza,actividades,actividades infantiles,castilla - la mancha,albacete,200.0,100.0
ES,45,2025,8,paisaje naturaleza,actividades,actividades infantiles,castilla - la mancha,toledo,79784.0,850.5
ES,37,2025,8,paisaje naturaleza,actividades,actividades infantiles,castilla y leon,salamanca,19536.0,176.0
ES,47,2025,8,paisaje naturaleza,actividades,actividades infantiles,castilla y leon,valladolid,31979.0,894.67
ES,08,2025,8,paisaje naturaleza,actividades,actividades infantiles,cataluna,barcelona,81420.62,964.5
ES,25,2025,8,paisaje naturaleza,actividades,actividades infantiles,cataluna,lleida,89954.0,2194.0
ES,43,2025,8,paisaje naturaleza,actividades,actividades infantiles,cataluna,tarragona,13578.0,719.5
ES,28,2025,8,paisaje naturaleza,actividades,actividades infantiles,comunidad de madrid,madrid,99005.6,2853.2
ES,31,2025,8,paisaje naturaleza,actividades,actividades infantiles,comunidad foral de navarra,navarra,24138.0,704.0
ES,03,2025,8,paisaje naturaleza,actividades,actividades infantiles,comunitat valenciana,alicante/alacant,652776.0,3286.0
ES,12,2025,8,paisaje naturaleza,actividades,actividades infantiles,comunitat valenciana,castellon/castello,353.0,1765.0
ES,46,2025,8,paisaje naturaleza,actividades,actividades infantiles,comunitat valenciana,valencia/valencia,54573.0,636.5
ES,06,2025,8,paisaje naturaleza,actividades,actividades infantiles,extremadura,badajoz,25674.0,755.0
ES,10,2025,8,paisaje naturaleza,actividades,actividades infantiles,extremadura,caceres,3314.0,154.0
ES,15,2025,8,paisaje naturaleza,actividades,actividades infantiles,galicia,a coruna,3528.0,1176.0
ES,36,2025,8,paisaje naturaleza,actividades,actividades infantiles,galicia,pontevedra,1701.0,567.0
ES,07,2025,8,paisaje naturaleza,actividades,actividades infantiles,illes balears,illes balears,453363.33,1729.33
ES,26,2025,8,paisaje naturaleza,actividades,actividades infantiles,la rioja,la rioja,66483.0,801.0
ES,01,2025,8,paisaje naturaleza,actividades,actividades infantiles,pais vasco,araba/alava,275807.0,751.0
ES,48,2025,8,paisaje naturaleza,actividades,actividades infantiles,pais vasco,bizkaia,507267.0,2236.5
ES,20,2025,8,paisaje naturaleza,actividades,actividades infantiles,pais vasco,gipuzkoa,7387.0,72.0
ES,33,2025,8,paisaje naturaleza,actividades,actividades infantiles,principado de asturias,asturias,343.0,343.0
ES,30,2025,8,paisaje naturaleza,actividades,actividades infantiles,region de murcia,murcia,16830.0,198.0
ES,11,2025,8,servicios,actividades,cursos,andalucia,cadiz,300.0,150.0
ES,41,2025,8,servicios,actividades,cursos,andalucia,sevilla,188598.0,4386.0
ES,35,2025,8,servicios,actividades,cursos,canarias,las palmas,50192.0,6274.0
ES,42,2025,8,servicios,actividades,cursos,castilla y leon,soria,11768.0,1471.0
ES,08,2025,8,servicios,actividades,cursos,cataluna,barcelona,390189.0,3084.0
ES,43,2025,8,servicios,actividades,cursos,cataluna,tarragona,62478.0,1157.0
ES,28,2025,8,servicios,actividades,cursos,comunidad de madrid,madrid,625711.5,7494.5
ES,03,2025,8,servicios,actividades,cursos,comunitat valenciana,alicante/alacant,135720.5,2984.5
ES,46,2025,8,servicios,actividades,cursos,comunitat valenciana,valencia/valencia,37688.0,9422.0
ES,10,2025,8,servicios,actividades,cursos,extremadura,caceres,1350.0,50.0
ES,36,2025,8,servicios,actividades,cursos,galicia,pontevedra,48516.0,1231.5
ES,07,2025,8,servicios,actividades,cursos,illes balears,illes balears,15275.8,1263.8
ES,01,2025,8,servicios,actividades,cursos,pais vasco,araba/alava,95589.0,7353.0
ES,48,2025,8,servicios,actividades,cursos,pais vasco,bizkaia,2400.0,400.0
ES,30,2025,8,servicios,actividades,cursos,region de murcia,murcia,362764.0,2017.0
ES,14,2025,8,paisaje naturaleza,actividades,deportes y aventuras,andalucia,cordoba,210.0,210.0
ES,29,2025,8,paisaje naturaleza,actividades,deportes y aventuras,andalucia,malaga,360.0,30.0
ES,50,2025,8,paisaje naturaleza,actividades,deportes y aventuras,aragon,zaragoza,19503.0,2167.0
ES,38,2025,8,paisaje naturaleza,actividades,deportes y aventuras,canarias,santa cruz de tenerife,54416.0,1432.0
ES,02,2025,8,paisaje naturaleza,actividades,deportes y aventuras,castilla - la mancha,albacete,10548.0,2637.0
ES,34,2025,8,paisaje naturaleza,actividades,deportes y aventuras,castilla y leon,palencia,1230915.0,1995.0
ES,37,2025,8,paisaje naturaleza,actividades,deportes y aventuras,castilla y leon,salamanca,1761.0,587.0
ES,42,2025,8,paisaje naturaleza,actividades,deportes y aventuras,castilla y leon,soria,151565.5,768.5
ES,47,2025,8,paisaje naturaleza,actividades,deportes y aventuras,castilla y leon,valladolid,79506.0,1893.0
ES,08,2025,8,paisaje naturaleza,actividades,deportes y aventuras,cataluna,barcelona,25338.4,521.0
ES,28,2025,8,paisaje naturaleza,actividades,deportes y aventuras,comunidad de madrid,madrid,155632.33,3458.67
ES,31,2025,8,paisaje naturaleza,actividades,deportes y aventuras,comunidad foral de navarra,navarra,369495.0,5355.0
ES,03,2025,8,paisaje naturaleza,actividades,deportes y aventuras,comunitat valenciana,alicante/alacant,652776.0,3286.0
ES,46,2025,8,paisaje naturaleza,actividades,deportes y aventuras,comunitat valenciana,valencia/valencia,1496.0,187.0
ES,06,2025,8,paisaje naturaleza,actividades,deportes y aventuras,extremadura,badajoz,2100402.0,1272.67
ES,10,2025,8,paisaje naturaleza,actividades,deportes y aventuras,extremadura,caceres,74796.0,755.0
ES,32,2025,8,paisaje naturaleza,actividades,deportes y aventuras,galicia,ourense,211296.0,1136.0
ES,48,2025,8,paisaje naturaleza,actividades,deportes y aventuras,pais vasco,bizkaia,1140.0,190.0
ES,33,2025,8,paisaje naturaleza,actividades,deportes y aventuras,principado de asturias,asturias,9503.5,4837.5
ES,11,2025,8,comida y bebida,actividades,gastronomia,andalucia,cadiz,131924.0,3741.0
ES,18,2025,8,comida y bebida,actividades,gastronomia,andalucia,granada,34959.0,782.67
ES,29,2025,8,comida y bebida,actividades,gastronomia,andalucia,malaga,6293.0,1015.0
ES,22,2025,8,comida y bebida,actividades,gastronomia,aragon,huesca,73324.5,1093.5
ES,50,2025,8,comida y bebida,actividades,gastronomia,aragon,zaragoza,48714.0,2118.0
ES,35,2025,8,comida y bebida,actividades,gastronomia,canarias,las palmas,3426.5,947.0
ES,38,2025,8,comida y bebida,actividades,gastronomia,canarias,santa cruz de tenerife,166318.0,1214.0
ES,39,2025,8,comida y bebida,actividades,gastronomia,cantabria,cantabria,415875.0,1109.0
ES,02,2025,8,comida y bebida,actividades,gastronomia,castilla - la mancha,albacete,936.0,156.0
ES,49,2025,8,comida y bebida,actividades,gastronomia,castilla y leon,zamora,92171.0,1511.0
ES,08,2025,8,comida y bebida,actividades,gastronomia,cataluna,barcelona,227312.33,1874.33
ES,17,2025,8,comida y bebida,actividades,gastronomia,cataluna,girona,189658.0,1079.5
ES,28,2025,8,comida y bebida,actividades,gastronomia,comunidad de madrid,madrid,72616.0,1252.0
ES,31,2025,8,comida y bebida,actividades,gastronomia,comunidad foral de navarra,navarra,39211.0,113.0
ES,46,2025,8,comida y bebida,actividades,gastronomia,comunitat valenciana,valencia/valencia,804.0,1005.0
ES,15,2025,8,comida y bebida,actividades,gastronomia,galicia,a coruna,2300.0,100.0
ES,36,2025,8,comida y bebida,actividades,gastronomia,galicia,pontevedra,9779.67,637.33
ES,07,2025,8,comida y bebida,actividades,gastronomia,illes balears,illes balears,20941.71,1460.0
ES,01,2025,8,comida y bebida,actividades,gastronomia,pais vasco,araba/alava,442462.0,1123.0
ES,18,2025,8,vida nocturna,espectaculos,cine,andalucia,granada,96489.0,639.0
ES,29,2025,8,vida nocturna,espectaculos,cine,andalucia,malaga,114814.0,1946.0
ES,41,2025,8,vida nocturna,espectaculos,cine,andalucia,sevilla,63954.0,561.0
ES,22,2025,8,vida nocturna,espectaculos,cine,aragon,huesca,613364.0,1357.0
ES,02,2025,8,vida nocturna,espectaculos,cine,castilla - la mancha,albacete,35438.0,754.0
ES,45,2025,8,vida nocturna,espectaculos,cine,castilla - la mancha,toledo,3204.0,89.0
ES,47,2025,8,vida nocturna,espectaculos,cine,castilla y leon,valladolid,1722.0,615.0
ES,08,2025,8,vida nocturna,espectaculos,cine,cataluna,barcelona,13165.33,856.33
ES,28,2025,8,vida nocturna,espectaculos,cine,comunidad de madrid,madrid,7610.0,1522.0
ES,03,2025,8,vida nocturna,espectaculos,cine,comunitat valenciana,alicante/alacant,89168.67,562.0
ES,07,2025,8,vida nocturna,espectaculos,cine,illes balears,illes balears,1159.0,305.0
ES,01,2025,8,vida nocturna,espectaculos,cine,pais vasco,araba/alava,1100.0,50.0
ES,20,2025,8,vida nocturna,espectaculos,cine,pais vasco,gipuzkoa,142792.0,1373.0
ES,50,2025,8,otros,espectaculos,conferencias,aragon,zaragoza,32362.0,1471.0
ES,13,2025,8,otros,espectaculos,conferencias,castilla - la mancha,ciudad real,9315.0,1863.0
ES,34,2025,8,otros,espectaculos,conferencias,castilla y leon,palencia,88165.0,2519.0
ES,08,2025,8,otros,espectaculos,conferencias,cataluna,barcelona,300181.0,4921.0
ES,28,2025,8,otros,espectaculos,conferencias,comunidad de madrid,madrid,354445.0,13325.0
ES,46,2025,8,otros,espectaculos,conferencias,comunitat valenciana,valencia/valencia,368888.0,14188.0
ES,36,2025,8,otros,espectaculos,conferencias,galicia,pontevedra,1701.0,567.0
ES,07,2025,8,otros,espectaculos,conferencias,illes balears,illes balears,8071.0,1153.0
ES,48,2025,8,otros,espectaculos,conferencias,pais vasco,bizkaia,7746.0,3873.0
ES,04,2025,8,paisaje urbano,espectaculos,"cultura, teatro y danza",andalucia,almeria,2784969.5,1917.5
ES,11,2025,8,paisaje urbano,espectaculos,"cultura, teatro y danza",andalucia,cadiz,608236.0,2083.0
ES,14,2025,8,paisaje urbano,espectaculos,"cultura, teatro y danza",andalucia,cordoba,717408.0,1504.0
ES,18,2025,8,paisaje urbano,espectaculos,"cultura, teatro y danza",andalucia,granada,407091.67,1457.33
ES,29,2025,8,paisaje urbano,espectaculos,"cultura, teatro y danza",andalucia,malaga,63421.0,632.5
ES,41,2025,8,paisaje urbano,espectaculos,"cultura, teatro y danza",andalucia,sevilla,174204.0,843.0
ES,22,2025,8,paisaje urbano,espectaculos,"cultura, teatro y danza",aragon,huesca,53266.5,1043.0
ES,44,2025,8,paisaje urbano,espectaculos,"cultura, teatro y danza",aragon,teruel,58031.0,1230.67
ES,50,2025,8,paisaje urbano,espectaculos,"cultura, teatro y danza",aragon,zaragoza,181992.5,625.5
ES,35,2025,8,paisaje urbano,espectaculos,"cultura, teatro y danza",canarias,las palmas,53063.75,1310.38
ES,38,2025,8,paisaje urbano,espectaculos,"cultura, teatro y danza",canarias,santa cruz de tenerife,86401.57,848.71
ES,02,2025,8,paisaje urbano,espectaculos,"cultura, teatro y danza",castilla - la mancha,albacete,60494.0,1387.33
ES,13,2025,8,paisaje urbano,espectaculos,"cultura, teatro y danza",castilla - la mancha,ciudad real,48006.0,2286.0
ES,45,2025,8,paisaje urbano,espectaculos,"cultura, teatro y danza",castilla - la mancha,toledo,52588.0,644.0
ES,37,2025,8,paisaje urbano,espectaculos,"cultura, teatro y danza",castilla y leon,salamanca,1995149.33,477.33
ES,47,2025,8,paisaje urbano,espectaculos,"cultura, teatro y danza",castilla y leon,valladolid,2568681.8,1036.4
ES,08,2025,8,paisaje urbano,espectaculos,"cultura, teatro y danza",cataluna,barcelona,280886.1,650.6
ES,17,2025,8,paisaje urbano,espectaculos,"cultura, teatro y danza",cataluna,girona,29206.5,718.5
ES,43,2025,8,paisaje urbano,espectaculos,"cultura, teatro y danza",cataluna,tarragona,15633.83,306.33
ES,28,2025,8,paisaje urbano,espectaculos,"cultura, teatro y danza",comunidad de madrid,madrid,72945.33,331.67
ES,31,2025,8,paisaje urbano,espectaculos,"cultura, teatro y danza",comunidad foral de navarra,navarra,354216.0,2261.0
ES,03,2025,8,paisaje urbano,espectaculos,"cultura, teatro y danza",comunitat valenciana,alicante/alacant,8643.0,731.67
ES,12,2025,8,paisaje urbano,espectaculos,"cultura, teatro y danza",comunitat valenciana,castellon/castello,280.0,140.0
ES,46,2025,8,paisaje urbano,espectaculos,"cultura, teatro y danza",comunitat valenciana,valencia/valencia,149274.5,1477.75
ES,06,2025,8,paisaje urbano,espectaculos,"cultura, teatro y danza",extremadura,badajoz,62915.33,1022.0
ES,10,2025,8,paisaje urbano,espectaculos,"cultura, teatro y danza",extremadura,caceres,3567.0,149.0
ES,15,2025,8,paisaje urbano,espectaculos,"cultura, teatro y danza",galicia,a coruna,86310.5,1008.5
ES,27,2025,8,paisaje urbano,espectaculos,"cultura, teatro y danza",galicia,lugo,902.0,2255.0
ES,36,2025,8,paisaje urbano,espectaculos,"cultura, teatro y danza",galicia,pontevedra,2580.0,1032.0
ES,07,2025,8,paisaje urbano,espectaculos,"cultura, teatro y danza",illes balears,illes balears,168486.5,1092.1
ES,26,2025,8,paisaje urbano,espectaculos,"cultura, teatro y danza",la rioja,la rioja,305580.67,1530.0
ES,01,2025,8,paisaje urbano,espectaculos,"cultura, teatro y danza",pais vasco,araba/alava,145504.0,2161.67
ES,48,2025,8,paisaje urbano,espectaculos,"cultura, teatro y danza",pais vasco,bizkaia,878584.67,1023.33
ES,20,2025,8,paisaje urbano,espectaculos,"cultura, teatro y danza",pais vasco,gipuzkoa,188351.0,1265.5
ES,33,2025,8,paisaje urbano,espectaculos,"cultura, teatro y danza",principado de asturias,asturias,14409.0,415.5
ES,30,2025,8,paisaje urbano,espectaculos,"cultura, teatro y danza",region de murcia,murcia,13356.0,1383.0
ES,13,2025,8,compras,espectaculos,ferias,castilla - la mancha,ciudad real,9315.0,1863.0
ES,08,2025,8,compras,espectaculos,ferias,cataluna,barcelona,195748.0,13982.0
ES,28,2025,8,compras,espectaculos,ferias,comunidad de madrid,madrid,225250.0,850.0
ES,46,2025,8,compras,espectaculos,ferias,comunitat valenciana,valencia/valencia,4400.0,2200.0
ES,48,2025,8,compras,espectaculos,ferias,pais vasco,bizkaia,7746.0,3873.0
ES,18,2025,8,paisaje urbano,espectaculos,museo y exposiciones,andalucia,granada,151065.0,1119.0
ES,41,2025,8,paisaje urbano,espectaculos,museo y exposiciones,andalucia,sevilla,100639.0,1307.0
ES,45,2025,8,paisaje urbano,espectaculos,museo y exposiciones,castilla - la mancha,toledo,6090.0,725.0
ES,37,2025,8,paisaje urbano,espectaculos,museo y exposiciones,castilla y leon,salamanca,268596.0,324.0
ES,47,2025,8,paisaje urbano,espectaculos,museo y exposiciones,castilla y leon,valladolid,46258.0,458.0
ES,08,2025,8,paisaje urbano,espectaculos,museo y exposiciones,cataluna,barcelona,115425.0,1425.0
ES,03,2025,8,paisaje urbano,espectaculos,museo y exposiciones,comunitat valenciana,alicante/alacant,7545.0,1509.0
ES,46,2025,8,paisaje urbano,espectaculos,museo y exposiciones,comunitat valenciana,valencia/valencia,11725.0,2345.0
ES,07,2025,8,paisaje urbano,espectaculos,museo y exposiciones,illes balears,illes balears,4144.0,518.0
ES,33,2025,8,paisaje urbano,espectaculos,museo y exposiciones,principado de asturias,asturias,31413.0,849.0
ES,04,2025,8,vida nocturna,espectaculos,musica,andalucia,almeria,213107.0,1675.8
ES,11,2025,8,vida nocturna,espectaculos,musica,andalucia,cadiz,170699.88,993.5
ES,14,2025,8,vida nocturna,espectaculos,musica,andalucia,cordoba,66468.75,1123.75
ES,18,2025,8,vida nocturna,espectaculos,musica,andalucia,granada,216175.67,750.44
ES,23,2025,8,vida nocturna,espectaculos,musica,andalucia,jaen,119727.43,813.86
ES,29,2025,8,vida nocturna,espectaculos,musica,andalucia,malaga,38892.75,2629.25
ES,41,2025,8,vida nocturna,espectaculos,musica,andalucia,sevilla,148490.0,838.0
ES,22,2025,8,vida nocturna,espectaculos,musica,aragon,huesca,48198.6,992.6
ES,44,2025,8,vida nocturna,espectaculos,musica,aragon,teruel,17575.67,1210.33
ES,50,2025,8,vida nocturna,espectaculos,musica,aragon,zaragoza,179924.8,1472.2
ES,35,2025,8,vida nocturna,espectaculos,musica,canarias,las palmas,204317.4,520.2
ES,38,2025,8,vida nocturna,espectaculos,musica,canarias,santa cruz de tenerife,234691.25,1541.75
ES,39,2025,8,vida nocturna,espectaculos,musica,cantabria,cantabria,268269.6,1119.2
ES,02,2025,8,vida nocturna,espectaculos,musica,castilla - la mancha,albacete,285698.0,1544.0
ES,13,2025,8,vida nocturna,espectaculos,musica,castilla - la mancha,ciudad real,251847.4,944.4
ES,16,2025,8,vida nocturna,espectaculos,musica,castilla - la mancha,cuenca,11270.0,49.0
ES,19,2025,8,vida nocturna,espectaculos,musica,castilla - la mancha,guadalajara,5700.0,100.0
ES,45,2025,8,vida nocturna,espectaculos,musica,castilla - la mancha,toledo,1980.0,132.0
ES,05,2025,8,vida nocturna,espectaculos,musica,castilla y leon,avila,22652.0,809.0
ES,09,2025,8,vida nocturna,espectaculos,musica,castilla y leon,burgos,262162.33,1196.33
ES,24,2025,8,vida nocturna,espectaculos,musica,castilla y leon,leon,184549.0,1016.0
ES,34,2025,8,vida nocturna,espectaculos,musica,castilla y leon,palencia,193463.33,1380.67
ES,37,2025,8,vida nocturna,espectaculos,musica,castilla y leon,salamanca,39294.0,852.67
ES,40,2025,8,vida nocturna,espectaculos,musica,castilla y leon,segovia,66232.67,2290.0
ES,42,2025,8,vida nocturna,espectaculos,musica,castilla y leon,soria,539637.0,1539.5
ES,47,2025,8,vida nocturna,espectaculos,musica,castilla y leon,valladolid,118287.8,612.4
ES,49,2025,8,vida nocturna,espectaculos,musica,castilla y leon,zamora,24799.75,783.25
ES,08,2025,8,vida nocturna,espectaculos,musica,cataluna,barcelona,643600.08,1829.77
ES,17,2025,8,vida nocturna,espectaculos,musica,cataluna,girona,138945.45,1336.45
ES,25,2025,8,vida nocturna,espectaculos,musica,cataluna,lleida,58090.0,969.4
ES,43,2025,8,vida nocturna,espectaculos,musica,cataluna,tarragona,156423.5,885.0
ES,51,2025,8,vida nocturna,espectaculos,musica,ceuta,ceuta,800.0,100.0
ES,28,2025,8,vida nocturna,espectaculos,musica,comunidad de madrid,madrid,1033754.72,1980.28
ES,31,2025,8,vida nocturna,espectaculos,musica,comunidad foral de navarra,navarra,12788.67,920.0
ES,03,2025,8,vida nocturna,espectaculos,musica,comunitat valenciana,alicante/alacant,98354.37,1596.47
ES,12,2025,8,vida nocturna,espectaculos,musica,comunitat valenciana,castellon/castello,47709.0,1648.0
ES,46,2025,8,vida nocturna,espectaculos,musica,comunitat valenciana,valencia/valencia,328642.2,734.4
ES,06,2025,8,vida nocturna,espectaculos,musica,extremadura,badajoz,35590.8,1206.6
ES,10,2025,8,vida nocturna,espectaculos,musica,extremadura,caceres,34401.0,3606.0
ES,15,2025,8,vida nocturna,espectaculos,musica,galicia,a coruna,310394.83,924.17
ES,27,2025,8,vida nocturna,espectaculos,musica,galicia,lugo,196940.5,1166.5
ES,32,2025,8,vida nocturna,espectaculos,musica,galicia,ourense,2255.0,451.0
ES,36,2025,8,vida nocturna,espectaculos,musica,galicia,pontevedra,89209.17,1822.33
ES,07,2025,8,vida nocturna,espectaculos,musica,illes balears,illes balears,692917.53,1493.29
ES,26,2025,8,vida nocturna,espectaculos,musica,la rioja,la rioja,36491.5,1313.5
ES,01,2025,8,vida nocturna,espectaculos,musica,pais vasco,araba/alava,198035.75,1327.0
ES,48,2025,8,vida nocturna,espectaculos,musica,pais vasco,bizkaia,31749.25,1002.25
ES,20,2025,8,vida nocturna,espectaculos,musica,pais vasco,gipuzkoa,122182.83,1114.5
ES,33,2025,8,vida nocturna,espectaculos,musica,principado de asturias,asturias,305549.88,1839.12
ES,30,2025,8,vida nocturna,espectaculos,musica,region de murcia,murcia,137594.33,1096.33
ES,04,2025,8,vida nocturna,espectaculos,musicales,andalucia,almeria,972.0,1215.0
ES,11,2025,8,vida nocturna,espectaculos,musicales,andalucia,cadiz,1760.0,176.0
ES,14,2025,8,vida nocturna,espectaculos,musicales,andalucia,cordoba,270.0,90.0
ES,41,2025,8,vida nocturna,espectaculos,musicales,andalucia,sevilla,480.0,160.0
ES,50,2025,8,vida nocturna,espectaculos,musicales,aragon,zaragoza,6552.0,504.0
ES,35,2025,8,vida nocturna,espectaculos,musicales,canarias,las palmas,360.0,120.0
ES,38,2025,8,vida nocturna,espectaculos,musicales,canarias,santa cruz de tenerife,120121.5,611.5
ES,02,2025,8,vida nocturna,espectaculos,musicales,castilla - la mancha,albacete,56808.0,1052.0
ES,37,2025,8,vida nocturna,espectaculos,musicales,castilla y leon,salamanca,19536.0,176.0
ES,47,2025,8,vida nocturna,espectaculos,musicales,castilla y leon,valladolid,1056.0,176.0
ES,08,2025,8,vida nocturna,espectaculos,musicales,cataluna,barcelona,31232.0,916.5
ES,17,2025,8,vida nocturna,espectaculos,musicales,cataluna,girona,360.0,120.0
ES,43,2025,8,vida nocturna,espectaculos,musicales,cataluna,tarragona,250.0,50.0
ES,28,2025,8,vida nocturna,espectaculos,musicales,comunidad de madrid,madrid,1375.0,1375.0
ES,06,2025,8,vida nocturna,espectaculos,musicales,extremadura,badajoz,16742.0,187.0
ES,10,2025,8,vida nocturna,espectaculos,musicales,extremadura,caceres,6534.0,198.0
ES,15,2025,8,vida nocturna,espectaculos,musicales,galicia,a coruna,39442.0,962.0
ES,07,2025,8,vida nocturna,espectaculos,musicales,illes balears,illes balears,32121.0,1124.0
ES,26,2025,8,vida nocturna,espectaculos,musicales,la rioja,la rioja,14003.0,737.0
ES,01,2025,8,vida nocturna,espectaculos,musicales,pais vasco,araba/alava,5350.0,50.0
ES,48,2025,8,vida nocturna,espectaculos,musicales,pais vasco,bizkaia,1400.0,100.0
ES,30,2025,8,vida nocturna,espectaculos,musicales,region de murcia,murcia,47670.5,1412.0
ES,04,2025,9,paisaje naturaleza,actividades,actividades infantiles,andalucia,almeria,5529.0,300.5
ES,11,2025,9,paisaje naturaleza,actividades,actividades infantiles,andalucia,cadiz,300071.0,2971.0
ES,14,2025,9,paisaje naturaleza,actividades,actividades infantiles,andalucia,cordoba,7719.0,93.0
ES,18,2025,9,paisaje naturaleza,actividades,actividades infantiles,andalucia,granada,48375.0,1075.0
ES,21,2025,9,paisaje naturaleza,actividades,actividades infantiles,andalucia,huelva,191235.0,2013.0
ES,23,2025,9,paisaje naturaleza,actividades,actividades infantiles,andalucia,jaen,2062.0,2062.0
ES,29,2025,9,paisaje naturaleza,actividades,actividades infantiles,andalucia,malaga,67057.5,2113.5
ES,41,2025,9,paisaje naturaleza,actividades,actividades infantiles,andalucia,sevilla,64875.5,1687.0
ES,50,2025,9,paisaje naturaleza,actividades,actividades infantiles,aragon,zaragoza,176890.5,964.5
ES,35,2025,9,paisaje naturaleza,actividades,actividades infantiles,canarias,las palmas,1656.0,414.0
ES,38,2025,9,paisaje naturaleza,actividades,actividades infantiles,canarias,santa cruz de tenerife,23097.5,964.0
ES,39,2025,9,paisaje naturaleza,actividades,actividades infantiles,cantabria,cantabria,1400.0,70.0
ES,02,2025,9,paisaje naturaleza,actividades,actividades infantiles,castilla - la mancha,albacete,780.0,78.0
ES,45,2025,9,paisaje naturaleza,actividades,actividades infantiles,castilla - la mancha,toledo,69408.0,723.0
ES,05,2025,9,paisaje naturaleza,actividades,actividades infantiles,castilla y leon,avila,1143.0,1905.0
ES,24,2025,9,paisaje naturaleza,actividades,actividades infantiles,castilla y leon,leon,30891.0,1471.0
ES,37,2025,9,paisaje naturaleza,actividades,actividades infantiles,castilla y leon,salamanca,580062.0,1973.0
ES,47,2025,9,paisaje naturaleza,actividades,actividades infantiles,castilla y leon,valladolid,55096.0,1036.0
ES,49,2025,9,paisaje naturaleza,actividades,actividades infantiles,castilla y leon,zamora,8514.0,774.0
ES,08,2025,9,paisaje naturaleza,actividades,actividades infantiles,cataluna,barcelona,227441.9,1915.7
ES,17,2025,9,paisaje naturaleza,actividades,actividades infantiles,cataluna,girona,200.0,100.0
ES,25,2025,9,paisaje naturaleza,actividades,actividades infantiles,cataluna,lleida,107044.0,2036.0
ES,43,2025,9,paisaje naturaleza,actividades,actividades infantiles,cataluna,tarragona,77900.0,1271.0
ES,28,2025,9,paisaje naturaleza,actividades,actividades infantiles,comunidad de madrid,madrid,267373.14,2221.57
ES,31,2025,9,paisaje naturaleza,actividades,actividades infantiles,comunidad foral de navarra,navarra,7975.0,725.0
ES,03,2025,9,paisaje naturaleza,actividades,actividades infantiles,comunitat valenciana,alicante/alacant,126016.25,1965.25
ES,12,2025,9,paisaje naturaleza,actividades,actividades infantiles,comunitat valenciana,castellon/castello,9805.0,1961.0
ES,46,2025,9,paisaje naturaleza,actividades,actividades infantiles,comunitat valenciana,valencia/valencia,222129.0,1516.0
ES,06,2025,9,paisaje naturaleza,actividades,actividades infantiles,extremadura,badajoz,17960.0,750.0
ES,10,2025,9,paisaje naturaleza,actividades,actividades infantiles,extremadura,caceres,107832.5,1102.0
ES,15,2025,9,paisaje naturaleza,actividades,actividades infantiles,galicia,a coruna,116441.0,689.0
ES,36,2025,9,paisaje naturaleza,actividades,actividades infantiles,galicia,pontevedra,77953.0,569.0
ES,07,2025,9,paisaje naturaleza,actividades,actividades infantiles,illes balears,illes balears,491845.33,1252.0
ES,26,2025,9,paisaje naturaleza,actividades,actividades infantiles,la rioja,la rioja,20826.0,801.0
ES,01,2025,9,paisaje naturaleza,actividades,actividades infantiles,pais vasco,araba/alava,545.0,40.0
ES,48,2025,9,paisaje naturaleza,actividades,actividades infantiles,pais vasco,bizkaia,380562.0,861.0
ES,20,2025,9,paisaje naturaleza,actividades,actividades infantiles,pais vasco,gipuzkoa,26052.33,214.0
ES,33,2025,9,paisaje naturaleza,actividades,actividades infantiles,principado de asturias,asturias,3264.0,102.0
ES,30,2025,9,paisaje naturaleza,actividades,actividades infantiles,region de murcia,murcia,11441.0,1346.0
ES,04,2025,9,servicios,actividades,cursos,andalucia,almeria,132927.0,751.0
ES,29,2025,9,servicios,actividades,cursos,andalucia,malaga,10748.0,982.0
ES,41,2025,9,servicios,actividades,cursos,andalucia,sevilla,6422.0,3211.0
ES,50,2025,9,servicios,actividades,cursos,aragon,zaragoza,6615.0,315.0
ES,35,2025,9,servicios,actividades,cursos,canarias,las palmas,12252.0,2042.0
ES,38,2025,9,servicios,actividades,cursos,canarias,santa cruz de tenerife,605.0,121.0
ES,39,2025,9,servicios,actividades,cursos,cantabria,cantabria,30681.0,20454.0
ES,42,2025,9,servicios,actividades,cursos,castilla y leon,soria,10297.0,1471.0
ES,47,2025,9,servicios,actividades,cursos,castilla y leon,valladolid,82356.0,13726.0
ES,49,2025,9,servicios,actividades,cursos,castilla y leon,zamora,532524.0,2388.0
ES,08,2025,9,servicios,actividades,cursos,cataluna,barcelona,267379.25,2299.25
ES,17,2025,9,servicios,actividades,cursos,cataluna,girona,3062.5,287.5
ES,43,2025,9,servicios,actividades,cursos,cataluna,tarragona,144606.0,6573.0
ES,28,2025,9,servicios,actividades,cursos,comunidad de madrid,madrid,3140246.5,9891.0
ES,03,2025,9,servicios,actividades,cursos,comunitat valenciana,alicante/alacant,100182.0,16697.0
ES,46,2025,9,servicios,actividades,cursos,comunitat valenciana,valencia/valencia,1280496.0,7622.0
ES,10,2025,9,servicios,actividades,cursos,extremadura,caceres,550.0,50.0
ES,15,2025,9,servicios,actividades,cursos,galicia,a coruna,27454.0,3922.0
ES,32,2025,9,servicios,actividades,cursos,galicia,ourense,7695.0,2025.0
ES,36,2025,9,servicios,actividades,cursos,galicia,pontevedra,11400.0,50.0
ES,07,2025,9,servicios,actividades,cursos,illes balears,illes balears,22773.25,2414.88
ES,01,2025,9,servicios,actividades,cursos,pais vasco,araba/alava,58027.5,3853.5
ES,48,2025,9,servicios,actividades,cursos,pais vasco,bizkaia,6983.33,516.67
ES,21,2025,9,paisaje naturaleza,actividades,deportes y aventuras,andalucia,huelva,191235.0,2013.0
ES,29,2025,9,paisaje naturaleza,actividades,deportes y aventuras,andalucia,malaga,690.0,115.0
ES,38,2025,9,paisaje naturaleza,actividades,deportes y aventuras,canarias,santa cruz de tenerife,2800.0,350.0
ES,02,2025,9,paisaje naturaleza,actividades,deportes y aventuras,castilla - la mancha,albacete,148666.0,3034.0
ES,24,2025,9,paisaje naturaleza,actividades,deportes y aventuras,castilla y leon,leon,294487.0,1627.0
ES,37,2025,9,paisaje naturaleza,actividades,deportes y aventuras,castilla y leon,salamanca,24192.0,1008.0
ES,47,2025,9,paisaje naturaleza,actividades,deportes y aventuras,castilla y leon,valladolid,91008.0,1896.0
ES,08,2025,9,paisaje naturaleza,actividades,deportes y aventuras,cataluna,barcelona,96866.22,1437.56
ES,17,2025,9,paisaje naturaleza,actividades,deportes y aventuras,cataluna,girona,200.0,100.0
ES,28,2025,9,paisaje naturaleza,actividades,deportes y aventuras,comunidad de madrid,madrid,689769.33,5142.33
ES,31,2025,9,paisaje naturaleza,actividades,deportes y aventuras,comunidad foral de navarra,navarra,367298.0,3566.0
ES,03,2025,9,paisaje naturaleza,actividades,deportes y aventuras,comunitat valenciana,alicante/alacant,179011.0,2368.33
ES,46,2025,9,paisaje naturaleza,actividades,deportes y aventuras,comunitat valenciana,valencia/valencia,218845.0,1903.0
ES,06,2025,9,paisaje naturaleza,actividades,deportes y aventuras,extremadura,badajoz,10607.33,379.33
ES,10,2025,9,paisaje naturaleza,actividades,deportes y aventuras,extremadura,caceres,38502.5,593.5
ES,15,2025,9,paisaje naturaleza,actividades,deportes y aventuras,galicia,a coruna,2480.0,80.0
ES,32,2025,9,paisaje naturaleza,actividades,deportes y aventuras,galicia,ourense,183696.0,1032.0
ES,07,2025,9,paisaje naturaleza,actividades,deportes y aventuras,illes balears,illes balears,4448.0,1657.5
ES,01,2025,9,paisaje naturaleza,actividades,deportes y aventuras,pais vasco,araba/alava,132944.0,8309.0
ES,48,2025,9,paisaje naturaleza,actividades,deportes y aventuras,pais vasco,bizkaia,133068.0,2559.0
ES,33,2025,9,paisaje naturaleza,actividades,deportes y aventuras,principado de asturias,asturias,9332.0,9332.0
ES,11,2025,9,comida y bebida,actividades,gastronomia,andalucia,cadiz,79266.0,1201.0
ES,18,2025,9,comida y bebida,actividades,gastronomia,andalucia,granada,16048.0,1003.0
ES,29,2025,9,comida y bebida,actividades,gastronomia,andalucia,malaga,1060539.0,1011.0
ES,41,2025,9,comida y bebida,actividades,gastronomia,andalucia,sevilla,3732.0,622.0
ES,50,2025,9,comida y bebida,actividades,gastronomia,aragon,zaragoza,41313.0,4395.0
ES,35,2025,9,comida y bebida,actividades,gastronomia,canarias,las palmas,147685.0,4377.5
ES,38,2025,9,comida y bebida,actividades,gastronomia,canarias,santa cruz de tenerife,218.0,545.0
ES,02,2025,9,comida y bebida,actividades,gastronomia,castilla - la mancha,albacete,212107.0,1351.0
ES,08,2025,9,comida y bebida,actividades,gastronomia,cataluna,barcelona,83996.0,1909.0
ES,17,2025,9,comida y bebida,actividades,gastronomia,cataluna,girona,29840.25,996.0
ES,28,2025,9,comida y bebida,actividades,gastronomia,comunidad de madrid,madrid,11195.0,617.0
ES,46,2025,9,comida y bebida,actividades,gastronomia,comunitat valenciana,valencia/valencia,44026.0,909.0
ES,07,2025,9,comida y bebida,actividades,gastronomia,illes balears,illes balears,81628.5,2338.5
ES,01,2025,9,comida y bebida,actividades,gastronomia,pais vasco,araba/alava,1250.0,415.0
ES,48,2025,9,comida y bebida,actividades,gastronomia,pais vasco,bizkaia,59292.0,732.0
ES,18,2025,9,vida nocturna,espectaculos,cine,andalucia,granada,88821.0,639.0
ES,41,2025,9,vida nocturna,espectaculos,cine,andalucia,sevilla,73853.0,437.0
ES,08,2025,9,vida nocturna,espectaculos,cine,cataluna,barcelona,34754.6,680.6
ES,17,2025,9,vida nocturna,espectaculos,cine,cataluna,girona,99.0,495.0
ES,28,2025,9,vida nocturna,espectaculos,cine,comunidad de madrid,madrid,168498.0,1221.0
ES,03,2025,9,vida nocturna,espectaculos,cine,comunitat valenciana,alicante/alacant,400.0,50.0
ES,46,2025,9,vida nocturna,espectaculos,cine,comunitat valenciana,valencia/valencia,609.0,94.5
ES,07,2025,9,vida nocturna,espectaculos,cine,illes balears,illes balears,4113.0,457.0
ES,20,2025,9,vida nocturna,espectaculos,cine,pais vasco,gipuzkoa,57752.33,604.67
ES,23,2025,9,otros,espectaculos,conferencias,andalucia,jaen,250.0,50.0
ES,29,2025,9,otros,espectaculos,conferencias,andalucia,malaga,1560.0,390.0
ES,41,2025,9,otros,espectaculos,conferencias,andalucia,sevilla,36225.0,805.0
ES,50,2025,9,otros,espectaculos,conferencias,aragon,zaragoza,310804.0,2236.0
ES,13,2025,9,otros,espectaculos,conferencias,castilla - la mancha,ciudad real,20784.0,1732.0
ES,05,2025,9,otros,espectaculos,conferencias,castilla y leon,avila,618888.0,5784.0
ES,34,2025,9,otros,espectaculos,conferencias,castilla y leon,palencia,357929.0,2503.0
ES,47,2025,9,otros,espectaculos,conferencias,castilla y leon,valladolid,240.0,120.0
ES,08,2025,9,otros,espectaculos,conferencias,cataluna,barcelona,31111.0,9815.5
ES,17,2025,9,otros,espectaculos,conferencias,cataluna,girona,6249.0,6249.0
ES,28,2025,9,otros,espectaculos,conferencias,comunidad de madrid,madrid,1823601.0,6099.0
ES,03,2025,9,otros,espectaculos,conferencias,comunitat valenciana,alicante/alacant,1300.0,260.0
ES,46,2025,9,otros,espectaculos,conferencias,comunitat valenciana,valencia/valencia,813338.0,7673.0
ES,36,2025,9,otros,espectaculos,conferencias,galicia,pontevedra,77953.0,569.0
ES,07,2025,9,otros,espectaculos,conferencias,illes balears,illes balears,14850.0,12375.0
ES,48,2025,9,otros,espectaculos,conferencias,pais vasco,bizkaia,212009.0,6839.0
ES,33,2025,9,otros,espectaculos,conferencias,principado de asturias,asturias,46566.0,3582.0
ES,04,2025,9,paisaje urbano,espectaculos,"cultura, teatro y danza",andalucia,almeria,111866.5,718.0
ES,11,2025,9,paisaje urbano,espectaculos,"cultura, teatro y danza",andalucia,cadiz,255048.0,1698.33
ES,14,2025,9,paisaje urbano,espectaculos,"cultura, teatro y danza",andalucia,cordoba,1518805.0,1405.0
ES,18,2025,9,paisaje urbano,espectaculos,"cultura, teatro y danza",andalucia,granada,254581.33,506.67
ES,23,2025,9,paisaje urbano,espectaculos,"cultura, teatro y danza",andalucia,jaen,2062.0,2062.0
ES,29,2025,9,paisaje urbano,espectaculos,"cultura, teatro y danza",andalucia,malaga,859271.0,1114.33
ES,41,2025,9,paisaje urbano,espectaculos,"cultura, teatro y danza",andalucia,sevilla,680537.33,1287.67
ES,22,2025,9,paisaje urbano,espectaculos,"cultura, teatro y danza",aragon,huesca,133095.0,1401.0
ES,50,2025,9,paisaje urbano,espectaculos,"cultura, teatro y danza",aragon,zaragoza,898097.0,474.5
ES,35,2025,9,paisaje urbano,espectaculos,"cultura, teatro y danza",canarias,las palmas,112865.33,1115.33
ES,38,2025,9,paisaje urbano,espectaculos,"cultura, teatro y danza",canarias,santa cruz de tenerife,94590.29,967.43
ES,39,2025,9,paisaje urbano,espectaculos,"cultura, teatro y danza",cantabria,cantabria,78315.0,1135.0
ES,02,2025,9,paisaje urbano,espectaculos,"cultura, teatro y danza",castilla - la mancha,albacete,295153.5,1029.5
ES,16,2025,9,paisaje urbano,espectaculos,"cultura, teatro y danza",castilla - la mancha,cuenca,1200.0,150.0
ES,45,2025,9,paisaje urbano,espectaculos,"cultura, teatro y danza",castilla - la mancha,toledo,23272.67,311.0
ES,37,2025,9,paisaje urbano,espectaculos,"cultura, teatro y danza",castilla y leon,salamanca,47728.0,152.0
ES,47,2025,9,paisaje urbano,espectaculos,"cultura, teatro y danza",castilla y leon,valladolid,781347.75,635.75
ES,49,2025,9,paisaje urbano,espectaculos,"cultura, teatro y danza",castilla y leon,zamora,4757.0,412.0
ES,08,2025,9,paisaje urbano,espectaculos,"cultura, teatro y danza",cataluna,barcelona,804766.18,972.82
ES,17,2025,9,paisaje urbano,espectaculos,"cultura, teatro y danza",cataluna,girona,6847.25,873.25
ES,43,2025,9,paisaje urbano,espectaculos,"cultura, teatro y danza",cataluna,tarragona,17336.0,490.75
ES,28,2025,9,paisaje urbano,espectaculos,"cultura, teatro y danza",comunidad de madrid,madrid,645716.17,794.83
ES,31,2025,9,paisaje urbano,espectaculos,"cultura, teatro y danza",comunidad foral de navarra,navarra,66402.0,1581.0
ES,03,2025,9,paisaje urbano,espectaculos,"cultura, teatro y danza",comunitat valenciana,alicante/alacant,155429.2,1184.8
ES,12,2025,9,paisaje urbano,espectaculos,"cultura, teatro y danza",comunitat valenciana,castellon/castello,20297.0,775.0
ES,46,2025,9,paisaje urbano,espectaculos,"cultura, teatro y danza",comunitat valenciana,valencia/valencia,857830.2,870.8
ES,06,2025,9,paisaje urbano,espectaculos,"cultura, teatro y danza",extremadura,badajoz,16029.33,517.33
ES,10,2025,9,paisaje urbano,espectaculos,"cultura, teatro y danza",extremadura,caceres,163155.0,1095.0
ES,15,2025,9,paisaje urbano,espectaculos,"cultura, teatro y danza",galicia,a coruna,73470.75,513.75
ES,27,2025,9,paisaje urbano,espectaculos,"cultura, teatro y danza",galicia,lugo,126645.5,4798.5
ES,36,2025,9,paisaje urbano,espectaculos,"cultura, teatro y danza",galicia,pontevedra,227767.0,953.0
ES,07,2025,9,paisaje urbano,espectaculos,"cultura, teatro y danza",illes balears,illes balears,203176.19,994.14
ES,26,2025,9,paisaje urbano,espectaculos,"cultura, teatro y danza",la rioja,la rioja,207438.0,3143.0
ES,01,2025,9,paisaje urbano,espectaculos,"cultura, teatro y danza",pais vasco,araba/alava,111804.5,370.5
ES,48,2025,9,paisaje urbano,espectaculos,"cultura, teatro y danza",pais vasco,bizkaia,298505.5,842.0
ES,20,2025,9,paisaje urbano,espectaculos,"cultura, teatro y danza",pais vasco,gipuzkoa,200342.6,984.0
ES,33,2025,9,paisaje urbano,espectaculos,"cultura, teatro y danza",principado de asturias,asturias,58632.0,1047.0
ES,30,2025,9,paisaje urbano,espectaculos,"cultura, teatro y danza",region de murcia,murcia,149904.5,459.5
ES,23,2025,9,compras,espectaculos,ferias,andalucia,jaen,250.0,50.0
ES,13,2025,9,compras,espectaculos,ferias,castilla - la mancha,ciudad real,20784.0,1732.0
ES,08,2025,9,compras,espectaculos,ferias,cataluna,barcelona,279080.0,14560.0
ES,28,2025,9,compras,espectaculos,ferias,comunidad de madrid,madrid,854964.0,3366.0
ES,46,2025,9,compras,espectaculos,ferias,comunitat valenciana,valencia/valencia,98001.0,10889.0
ES,48,2025,9,compras,espectaculos,ferias,pais vasco,bizkaia,212009.0,6839.0
ES,33,2025,9,compras,espectaculos,ferias,principado de asturias,asturias,46566.0,3582.0
ES,23,2025,9,paisaje urbano,espectaculos,museo y exposiciones,andalucia,jaen,2062.0,2062.0
ES,41,2025,9,paisaje urbano,espectaculos,museo y exposiciones,andalucia,sevilla,16714.0,122.0
ES,50,2025,9,paisaje urbano,espectaculos,museo y exposiciones,aragon,zaragoza,45021.0,349.0
ES,45,2025,9,paisaje urbano,espectaculos,museo y exposiciones,castilla - la mancha,toledo,69408.0,723.0
ES,47,2025,9,paisaje urbano,espectaculos,museo y exposiciones,castilla y leon,valladolid,16302.0,494.0
ES,08,2025,9,paisaje urbano,espectaculos,museo y exposiciones,cataluna,barcelona,15424.0,1205.0
ES,07,2025,9,paisaje urbano,espectaculos,museo y exposiciones,illes balears,illes balears,1554.0,518.0
ES,04,2025,9,vida nocturna,espectaculos,musica,andalucia,almeria,382415.29,1022.86
ES,11,2025,9,vida nocturna,espectaculos,musica,andalucia,cadiz,114669.29,1108.57
ES,14,2025,9,vida nocturna,espectaculos,musica,andalucia,cordoba,31147.33,1403.0
ES,18,2025,9,vida nocturna,espectaculos,musica,andalucia,granada,517979.2,1620.0
ES,23,2025,9,vida nocturna,espectaculos,musica,andalucia,jaen,68994.6,1200.6
ES,29,2025,9,vida nocturna,espectaculos,musica,andalucia,malaga,3183476.8,4186.0
ES,41,2025,9,vida nocturna,espectaculos,musica,andalucia,sevilla,804281.0,1545.5
ES,22,2025,9,vida nocturna,espectaculos,musica,aragon,huesca,1695.0,67.5
ES,44,2025,9,vida nocturna,espectaculos,musica,aragon,teruel,276763.67,1589.0
ES,50,2025,9,vida nocturna,espectaculos,musica,aragon,zaragoza,755372.33,1780.33
ES,35,2025,9,vida nocturna,espectaculos,musica,canarias,las palmas,244138.17,1078.5
ES,38,2025,9,vida nocturna,espectaculos,musica,canarias,santa cruz de tenerife,830697.7,1258.8
ES,39,2025,9,vida nocturna,espectaculos,musica,cantabria,cantabria,128233.0,719.0
ES,02,2025,9,vida nocturna,espectaculos,musica,castilla - la mancha,albacete,182197.0,1979.75
ES,13,2025,9,vida nocturna,espectaculos,musica,castilla - la mancha,ciudad real,13307.25,806.75
ES,16,2025,9,vida nocturna,espectaculos,musica,castilla - la mancha,cuenca,55203.0,1142.5
ES,19,2025,9,vida nocturna,espectaculos,musica,castilla - la mancha,guadalajara,1215.0,2025.0
ES,45,2025,9,vida nocturna,espectaculos,musica,castilla - la mancha,toledo,37433.5,1191.5
ES,05,2025,9,vida nocturna,espectaculos,musica,castilla y leon,avila,6282.0,1587.0
ES,09,2025,9,vida nocturna,espectaculos,musica,castilla y leon,burgos,447110.0,904.67
ES,24,2025,9,vida nocturna,espectaculos,musica,castilla y leon,leon,486675.0,1545.0
ES,34,2025,9,vida nocturna,espectaculos,musica,castilla y leon,palencia,70660.0,905.5
ES,37,2025,9,vida nocturna,espectaculos,musica,castilla y leon,salamanca,209268.0,598.67
ES,40,2025,9,vida nocturna,espectaculos,musica,castilla y leon,segovia,66614.5,1043.5
ES,42,2025,9,vida nocturna,espectaculos,musica,castilla y leon,soria,19962.0,898.0
ES,47,2025,9,vida nocturna,espectaculos,musica,castilla y leon,valladolid,691008.0,1416.0
ES,49,2025,9,vida nocturna,espectaculos,musica,castilla y leon,zamora,19979.0,1073.33
ES,08,2025,9,vida nocturna,espectaculos,musica,cataluna,barcelona,986576.09,1700.68
ES,17,2025,9,vida nocturna,espectaculos,musica,cataluna,girona,122270.39,1177.56
ES,25,2025,9,vida nocturna,espectaculos,musica,cataluna,lleida,174936.5,1182.67
ES,43,2025,9,vida nocturna,espectaculos,musica,cataluna,tarragona,311272.64,996.82
ES,51,2025,9,vida nocturna,espectaculos,musica,ceuta,ceuta,2200.0,100.0
ES,28,2025,9,vida nocturna,espectaculos,musica,comunidad de madrid,madrid,395129.75,1790.25
ES,31,2025,9,vida nocturna,espectaculos,musica,comunidad foral de navarra,navarra,71852.67,964.67
ES,03,2025,9,vida nocturna,espectaculos,musica,comunitat valenciana,alicante/alacant,305381.85,1612.8
ES,12,2025,9,vida nocturna,espectaculos,musica,comunitat valenciana,castellon/castello,494224.0,1343.0
ES,46,2025,9,vida nocturna,espectaculos,musica,comunitat valenciana,valencia/valencia,363404.57,1151.14
ES,06,2025,9,vida nocturna,espectaculos,musica,extremadura,badajoz,41935.0,1110.33
ES,10,2025,9,vida nocturna,espectaculos,musica,extremadura,caceres,6515.0,1303.0
ES,15,2025,9,vida nocturna,espectaculos,musica,galicia,a coruna,408996.5,1417.83
ES,27,2025,9,vida nocturna,espectaculos,musica,galicia,lugo,166918.67,2441.0
ES,32,2025,9,vida nocturna,espectaculos,musica,galicia,ourense,6465.0,1293.0
ES,36,2025,9,vida nocturna,espectaculos,musica,galicia,pontevedra,335916.0,1378.33
ES,07,2025,9,vida nocturna,espectaculos,musica,illes balears,illes balears,481655.37,1238.5
ES,26,2025,9,vida nocturna,espectaculos,musica,la rioja,la rioja,30495.0,1605.0
ES,01,2025,9,vida nocturna,espectaculos,musica,pais vasco,araba/alava,838980.5,1653.5
ES,48,2025,9,vida nocturna,espectaculos,musica,pais vasco,bizkaia,523460.86,1779.86
ES,20,2025,9,vida nocturna,espectaculos,musica,pais vasco,gipuzkoa,170295.67,982.78
ES,33,2025,9,vida nocturna,espectaculos,musica,principado de asturias,asturias,271232.14,1455.43
ES,30,2025,9,vida nocturna,espectaculos,musica,region de murcia,murcia,506076.33,980.0
ES,04,2025,9,vida nocturna,espectaculos,musicales,andalucia,almeria,2280.0,120.0
ES,11,2025,9,vida nocturna,espectaculos,musicales,andalucia,cadiz,284888.0,1912.0
ES,14,2025,9,vida nocturna,espectaculos,musicales,andalucia,cordoba,2457.0,91.0
ES,18,2025,9,vida nocturna,espectaculos,musicales,andalucia,granada,411.5,357.5
ES,41,2025,9,vida nocturna,espectaculos,musicales,andalucia,sevilla,28955.0,1284.5
ES,50,2025,9,vida nocturna,espectaculos,musicales,aragon,zaragoza,30520.0,872.0
ES,35,2025,9,vida nocturna,espectaculos,musicales,canarias,las palmas,19467.0,103.0
ES,38,2025,9,vida nocturna,espectaculos,musicales,canarias,santa cruz de tenerife,1800.0,30.0
ES,39,2025,9,vida nocturna,espectaculos,musicales,cantabria,cantabria,1386.0,198.0
ES,37,2025,9,vida nocturna,espectaculos,musicales,castilla y leon,salamanca,51975.0,175.0
ES,47,2025,9,vida nocturna,espectaculos,musicales,castilla y leon,valladolid,147708.0,198.0
ES,08,2025,9,vida nocturna,espectaculos,musicales,cataluna,barcelona,906273.67,1395.33
ES,17,2025,9,vida nocturna,espectaculos,musicales,cataluna,girona,315.0,105.0
ES,43,2025,9,vida nocturna,espectaculos,musicales,cataluna,tarragona,650.0,50.0
ES,28,2025,9,vida nocturna,espectaculos,musicales,comunidad de madrid,madrid,234000.0,1160.67
ES,46,2025,9,vida nocturna,espectaculos,musicales,comunitat valenciana,valencia/valencia,13065.0,216.5
ES,06,2025,9,vida nocturna,espectaculos,musicales,extremadura,badajoz,23122.0,187.0
ES,10,2025,9,vida nocturna,espectaculos,musicales,extremadura,caceres,173272.0,1969.0
ES,15,2025,9,vida nocturna,espectaculos,musicales,galicia,a coruna,72624.0,816.0
ES,07,2025,9,vida nocturna,espectaculos,musicales,illes balears,illes balears,60003.6,914.2
ES,01,2025,9,vida nocturna,espectaculos,musicales,pais vasco,araba/alava,4424.0,553.0
ES,48,2025,9,vida nocturna,espectaculos,musicales,pais vasco,bizkaia,29261.0,1009.0
ES,30,2025,9,vida nocturna,espectaculos,musicales,region de murcia,murcia,62382.0,843.0
ES,04,2025,10,paisaje naturaleza,actividades,actividades infantiles,andalucia,almeria,239148.0,1638.0
ES,11,2025,10,paisaje naturaleza,actividades,actividades infantiles,andalucia,cadiz,686868.0,3367.0
ES,14,2025,10,paisaje naturaleza,actividades,actividades infantiles,andalucia,cordoba,18760.0,938.0
ES,18,2025,10,paisaje naturaleza,actividades,actividades infantiles,andalucia,granada,36853.0,707.0
ES,21,2025,10,paisaje naturaleza,actividades,actividades infantiles,andalucia,huelva,135772.0,5222.0
ES,29,2025,10,paisaje naturaleza,actividades,actividades infantiles,andalucia,malaga,79739.0,659.0
ES,41,2025,10,paisaje naturaleza,actividades,actividades infantiles,andalucia,sevilla,46174.67,436.0
ES,50,2025,10,paisaje naturaleza,actividades,actividades infantiles,aragon,zaragoza,368028.0,1167.5
ES,38,2025,10,paisaje naturaleza,actividades,actividades infantiles,canarias,santa cruz de tenerife,44080.5,1082.25
ES,39,2025,10,paisaje naturaleza,actividades,actividades infantiles,cantabria,cantabria,8750.0,70.0
ES,02,2025,10,paisaje naturaleza,actividades,actividades infantiles,castilla - la mancha,albacete,49984.0,781.0
ES,45,2025,10,paisaje naturaleza,actividades,actividades infantiles,castilla - la mancha,toledo,98379.0,643.0
ES,05,2025,10,paisaje naturaleza,actividades,actividades infantiles,castilla y leon,avila,20801.0,1891.0
ES,24,2025,10,paisaje naturaleza,actividades,actividades infantiles,castilla y leon,leon,160666.0,1474.0
ES,37,2025,10,paisaje naturaleza,actividades,actividades infantiles,castilla y leon,salamanca,1620456.0,2152.0
ES,42,2025,10,paisaje naturaleza,actividades,actividades infantiles,castilla y leon,soria,2340.0,156.0
ES,47,2025,10,paisaje naturaleza,actividades,actividades infantiles,castilla y leon,valladolid,50958.0,1002.0
ES,49,2025,10,paisaje naturaleza,actividades,actividades infantiles,castilla y leon,zamora,29452.0,398.0
ES,08,2025,10,paisaje naturaleza,actividades,actividades infantiles,cataluna,barcelona,230012.78,1337.89
ES,17,2025,10,paisaje naturaleza,actividades,actividades infantiles,cataluna,girona,41877.2,710.6
ES,25,2025,10,paisaje naturaleza,actividades,actividades infantiles,cataluna,lleida,300897.0,1341.5
ES,43,2025,10,paisaje naturaleza,actividades,actividades infantiles,cataluna,tarragona,60.0,60.0
ES,28,2025,10,paisaje naturaleza,actividades,actividades infantiles,comunidad de madrid,madrid,525982.4,1206.8
ES,31,2025,10,paisaje naturaleza,actividades,actividades infantiles,comunidad foral de navarra,navarra,60.0,60.0
ES,03,2025,10,paisaje naturaleza,actividades,actividades infantiles,comunitat valenciana,alicante/alacant,165772.25,1239.5
ES,12,2025,10,paisaje naturaleza,actividades,actividades infantiles,comunitat valenciana,castellon/castello,110075.0,175.0
ES,46,2025,10,paisaje naturaleza,actividades,actividades infantiles,comunitat valenciana,valencia/valencia,154421.33,1321.33
ES,06,2025,10,paisaje naturaleza,actividades,actividades infantiles,extremadura,badajoz,31328.0,176.0
ES,10,2025,10,paisaje naturaleza,actividades,actividades infantiles,extremadura,caceres,65465.5,992.0
ES,15,2025,10,paisaje naturaleza,actividades,actividades infantiles,galicia,a coruna,10665.0,675.0
ES,36,2025,10,paisaje naturaleza,actividades,actividades infantiles,galicia,pontevedra,27727.0,303.0
ES,07,2025,10,paisaje naturaleza,actividades,actividades infantiles,illes balears,illes balears,222290.0,1124.44
ES,01,2025,10,paisaje naturaleza,actividades,actividades infantiles,pais vasco,araba/alava,990.0,30.0
ES,48,2025,10,paisaje naturaleza,actividades,actividades infantiles,pais vasco,bizkaia,178013.0,456.5
ES,20,2025,10,paisaje naturaleza,actividades,actividades infantiles,pais vasco,gipuzkoa,25468.5,367.5
ES,33,2025,10,paisaje naturaleza,actividades,actividades infantiles,principado de asturias,asturias,93215.0,927.0
ES,30,2025,10,paisaje naturaleza,actividades,actividades infantiles,region de murcia,murcia,378328.0,664.0
ES,29,2025,10,servicios,actividades,cursos,andalucia,malaga,165585.0,1743.0
ES,41,2025,10,servicios,actividades,cursos,andalucia,sevilla,239794.0,2551.0
ES,22,2025,10,servicios,actividades,cursos,aragon,huesca,80.0,80.0
ES,50,2025,10,servicios,actividades,cursos,aragon,zaragoza,106848.0,848.0
ES,35,2025,10,servicios,actividades,cursos,canarias,las palmas,20286.0,294.0
ES,38,2025,10,servicios,actividades,cursos,canarias,santa cruz de tenerife,8426.5,1130.5
ES,39,2025,10,servicios,actividades,cursos,cantabria,cantabria,5000.0,2500.0
ES,02,2025,10,servicios,actividades,cursos,castilla - la mancha,albacete,2310.0,231.0
ES,47,2025,10,servicios,actividades,cursos,castilla y leon,valladolid,2100.0,300.0
ES,49,2025,10,servicios,actividades,cursos,castilla y leon,zamora,65485.0,1871.0
ES,08,2025,10,servicios,actividades,cursos,cataluna,barcelona,593999.5,3953.5
ES,28,2025,10,servicios,actividades,cursos,comunidad de madrid,madrid,5806944.0,7722.0
ES,03,2025,10,servicios,actividades,cursos,comunitat valenciana,alicante/alacant,2205.0,315.0
ES,46,2025,10,servicios,actividades,cursos,comunitat valenciana,valencia/valencia,414715.0,3485.0
ES,15,2025,10,servicios,actividades,cursos,galicia,a coruna,23757.0,2036.0
ES,07,2025,10,servicios,actividades,cursos,illes balears,illes balears,245542.4,3730.0
ES,26,2025,10,servicios,actividades,cursos,la rioja,la rioja,98112.0,3066.0
ES,01,2025,10,servicios,actividades,cursos,pais vasco,araba/alava,1455.0,345.0
ES,48,2025,10,servicios,actividades,cursos,pais vasco,bizkaia,179444.0,4838.0
ES,20,2025,10,servicios,actividades,cursos,pais vasco,gipuzkoa,1650.0,275.0
ES,30,2025,10,servicios,actividades,cursos,region de murcia,murcia,918543.0,5777.0
ES,18,2025,10,paisaje naturaleza,actividades,deportes y aventuras,andalucia,granada,17340.0,255.0
ES,21,2025,10,paisaje naturaleza,actividades,deportes y aventuras,andalucia,huelva,135772.0,5222.0
ES,23,2025,10,paisaje naturaleza,actividades,deportes y aventuras,andalucia,jaen,1767.0,2945.0
ES,29,2025,10,paisaje naturaleza,actividades,deportes y aventuras,andalucia,malaga,36736.0,2624.0
ES,41,2025,10,paisaje naturaleza,actividades,deportes y aventuras,andalucia,sevilla,75369.0,679.0
ES,50,2025,10,paisaje naturaleza,actividades,deportes y aventuras,aragon,zaragoza,306592.0,1474.0
ES,35,2025,10,paisaje naturaleza,actividades,deportes y aventuras,canarias,las palmas,3300.0,30.0
ES,38,2025,10,paisaje naturaleza,actividades,deportes y aventuras,canarias,santa cruz de tenerife,19793.0,637.0
ES,39,2025,10,paisaje naturaleza,actividades,deportes y aventuras,cantabria,cantabria,39186.0,622.0
ES,02,2025,10,paisaje naturaleza,actividades,deportes y aventuras,castilla - la mancha,albacete,595197.0,2144.0
ES,16,2025,10,paisaje naturaleza,actividades,deportes y aventuras,castilla - la mancha,cuenca,3300.0,30.0
ES,09,2025,10,paisaje naturaleza,actividades,deportes y aventuras,castilla y leon,burgos,2050.0,50.0
ES,24,2025,10,paisaje naturaleza,actividades,deportes y aventuras,castilla y leon,leon,169456.0,1513.0
ES,37,2025,10,paisaje naturaleza,actividades,deportes y aventuras,castilla y leon,salamanca,660.0,264.0
ES,47,2025,10,paisaje naturaleza,actividades,deportes y aventuras,castilla y leon,valladolid,45629.0,1260.5
ES,08,2025,10,paisaje naturaleza,actividades,deportes y aventuras,cataluna,barcelona,261722.67,1373.0
ES,17,2025,10,paisaje naturaleza,actividades,deportes y aventuras,cataluna,girona,41492.0,902.0
ES,43,2025,10,paisaje naturaleza,actividades,deportes y aventuras,cataluna,tarragona,60.0,60.0
ES,28,2025,10,paisaje naturaleza,actividades,deportes y aventuras,comunidad de madrid,madrid,178354.0,2662.0
ES,31,2025,10,paisaje naturaleza,actividades,deportes y aventuras,comunidad foral de navarra,navarra,54636.0,1256.0
ES,03,2025,10,paisaje naturaleza,actividades,deportes y aventuras,comunitat valenciana,alicante/alacant,259213.0,2017.75
ES,46,2025,10,paisaje naturaleza,actividades,deportes y aventuras,comunitat valenciana,valencia/valencia,121662.0,1356.0
ES,06,2025,10,paisaje naturaleza,actividades,deportes y aventuras,extremadura,badajoz,10463.33,239.67
ES,10,2025,10,paisaje naturaleza,actividades,deportes y aventuras,extremadura,caceres,212887.0,1161.5
ES,15,2025,10,paisaje naturaleza,actividades,deportes y aventuras,galicia,a coruna,13813.5,458.5
ES,07,2025,10,paisaje naturaleza,actividades,deportes y aventuras,illes balears,illes balears,32326.0,1442.0
ES,01,2025,10,paisaje naturaleza,actividades,deportes y aventuras,pais vasco,araba/alava,145521.0,6327.0
ES,48,2025,10,paisaje naturaleza,actividades,deportes y aventuras,pais vasco,bizkaia,1747277.0,983.5
ES,20,2025,10,paisaje naturaleza,actividades,deportes y aventuras,pais vasco,gipuzkoa,44000.0,200.0
ES,30,2025,10,paisaje naturaleza,actividades,deportes y aventuras,region de murcia,murcia,4917.0,959.0
ES,18,2025,10,comida y bebida,actividades,gastronomia,andalucia,granada,1870.0,55.0
ES,29,2025,10,comida y bebida,actividades,gastronomia,andalucia,malaga,664464.0,1016.0
ES,41,2025,10,comida y bebida,actividades,gastronomia,andalucia,sevilla,3120.0,624.0
ES,50,2025,10,comida y bebida,actividades,gastronomia,aragon,zaragoza,1623129.0,2883.0
ES,35,2025,10,comida y bebida,actividades,gastronomia,canarias,las palmas,122125.0,977.0
ES,38,2025,10,comida y bebida,actividades,gastronomia,canarias,santa cruz de tenerife,109.0,545.0
ES,02,2025,10,comida y bebida,actividades,gastronomia,castilla - la mancha,albacete,140184.0,1062.0
ES,08,2025,10,comida y bebida,actividades,gastronomia,cataluna,barcelona,34083.0,1623.0
ES,17,2025,10,comida y bebida,actividades,gastronomia,cataluna,girona,19266.0,814.5
ES,28,2025,10,comida y bebida,actividades,gastronomia,comunidad de madrid,madrid,30520.0,1526.0
ES,46,2025,10,comida y bebida,actividades,gastronomia,comunitat valenciana,valencia/valencia,83374.67,762.67
ES,36,2025,10,comida y bebida,actividades,gastronomia,galicia,pontevedra,2754.0,162.0
ES,07,2025,10,comida y bebida,actividades,gastronomia,illes balears,illes balears,419158.0,4130.5
ES,01,2025,10,comida y bebida,actividades,gastronomia,pais vasco,araba/alava,975.0,345.0
ES,48,2025,10,comida y bebida,actividades,gastronomia,pais vasco,bizkaia,4470.0,745.0
ES,30,2025,10,comida y bebida,actividades,gastronomia,region de murcia,murcia,1704.0,852.0
ES,04,2025,10,vida nocturna,espectaculos,cine,andalucia,almeria,984.0,615.0
ES,29,2025,10,vida nocturna,espectaculos,cine,andalucia,malaga,4081.0,1855.0
ES,41,2025,10,vida nocturna,espectaculos,cine,andalucia,sevilla,260889.0,437.0
ES,50,2025,10,vida nocturna,espectaculos,cine,aragon,zaragoza,12122.0,913.0
ES,47,2025,10,vida nocturna,espectaculos,cine,castilla y leon,valladolid,70512.0,624.0
ES,08,2025,10,vida nocturna,espectaculos,cine,cataluna,barcelona,11408.8,486.2
ES,17,2025,10,vida nocturna,espectaculos,cine,cataluna,girona,665.0,475.0
ES,43,2025,10,vida nocturna,espectaculos,cine,cataluna,tarragona,44982.0,441.0
ES,28,2025,10,vida nocturna,espectaculos,cine,comunidad de madrid,madrid,8285.0,190.67
ES,03,2025,10,vida nocturna,espectaculos,cine,comunitat valenciana,alicante/alacant,3013.33,110.0
ES,07,2025,10,vida nocturna,espectaculos,cine,illes balears,illes balears,1245.0,41.0
ES,20,2025,10,vida nocturna,espectaculos,cine,pais vasco,gipuzkoa,10783.67,140.0
ES,33,2025,10,vida nocturna,espectaculos,cine,principado de asturias,asturias,2720.0,80.0
ES,41,2025,10,otros,espectaculos,conferencias,andalucia,sevilla,15639.0,802.0
ES,44,2025,10,otros,espectaculos,conferencias,aragon,teruel,135972.0,2518.0
ES,35,2025,10,otros,espectaculos,conferencias,canarias,las palmas,249417.0,3959.0
ES,13,2025,10,otros,espectaculos,conferencias,castilla - la mancha,ciudad real,170604.0,2031.0
ES,24,2025,10,otros,espectaculos,conferencias,castilla y leon,leon,3924.0,327.0
ES,34,2025,10,otros,espectaculos,conferencias,castilla y leon,palencia,500.0,250.0
ES,47,2025,10,otros,espectaculos,conferencias,castilla y leon,valladolid,360.0,120.0
ES,08,2025,10,otros,espectaculos,conferencias,cataluna,barcelona,56880.8,3202.4
ES,43,2025,10,otros,espectaculos,conferencias,cataluna,tarragona,5388.0,449.0
ES,28,2025,10,otros,espectaculos,conferencias,comunidad de madrid,madrid,689280.0,7506.0
ES,03,2025,10,otros,espectaculos,conferencias,comunitat valenciana,alicante/alacant,7540.0,260.0
ES,46,2025,10,otros,espectaculos,conferencias,comunitat valenciana,valencia/valencia,180375.0,1625.0
ES,36,2025,10,otros,espectaculos,conferencias,galicia,pontevedra,55154.0,506.0
ES,26,2025,10,otros,espectaculos,conferencias,la rioja,la rioja,237084.0,2577.0
ES,33,2025,10,otros,espectaculos,conferencias,principado de asturias,asturias,3846.0,3205.0
ES,04,2025,10,paisaje urbano,espectaculos,"cultura, teatro y danza",andalucia,almeria,444707.33,1289.33
ES,11,2025,10,paisaje urbano,espectaculos,"cultura, teatro y danza",andalucia,cadiz,243365.33,1762.0
ES,14,2025,10,paisaje urbano,espectaculos,"cultura, teatro y danza",andalucia,cordoba,1275008.0,1423.0
ES,18,2025,10,paisaje urbano,espectaculos,"cultura, teatro y danza",andalucia,granada,67326.75,814.75
ES,29,2025,10,paisaje urbano,espectaculos,"cultura, teatro y danza",andalucia,malaga,54435.75,1579.25
ES,41,2025,10,paisaje urbano,espectaculos,"cultura, teatro y danza",andalucia,sevilla,971543.5,1041.75
ES,22,2025,10,paisaje urbano,espectaculos,"cultura, teatro y danza",aragon,huesca,25185.0,1095.0
ES,44,2025,10,paisaje urbano,espectaculos,"cultura, teatro y danza",aragon,teruel,26401.0,1553.0
ES,50,2025,10,paisaje urbano,espectaculos,"cultura, teatro y danza",aragon,zaragoza,118337.0,281.67
ES,35,2025,10,paisaje urbano,espectaculos,"cultura, teatro y danza",canarias,las palmas,141590.14,1441.29
ES,38,2025,10,paisaje urbano,espectaculos,"cultura, teatro y danza",canarias,santa cruz de tenerife,168717.14,968.43
ES,39,2025,10,paisaje urbano,espectaculos,"cultura, teatro y danza",cantabria,cantabria,559872.0,864.0
ES,02,2025,10,paisaje urbano,espectaculos,"cultura, teatro y danza",castilla - la mancha,albacete,124422.67,688.67
ES,13,2025,10,paisaje urbano,espectaculos,"cultura, teatro y danza",castilla - la mancha,ciudad real,10242.0,2845.0
ES,45,2025,10,paisaje urbano,espectaculos,"cultura, teatro y danza",castilla - la mancha,toledo,41052.75,366.5
ES,09,2025,10,paisaje urbano,espectaculos,"cultura, teatro y danza",castilla y leon,burgos,240.0,120.0
ES,37,2025,10,paisaje urbano,espectaculos,"cultura, teatro y danza",castilla y leon,salamanca,481920.0,772.33
ES,42,2025,10,paisaje urbano,espectaculos,"cultura, teatro y danza",castilla y leon,soria,2340.0,156.0
ES,47,2025,10,paisaje urbano,espectaculos,"cultura, teatro y danza",castilla y leon,valladolid,377842.25,841.62
ES,49,2025,10,paisaje urbano,espectaculos,"cultura, teatro y danza",castilla y leon,zamora,15926.0,224.0
ES,08,2025,10,paisaje urbano,espectaculos,"cultura, teatro y danza",cataluna,barcelona,485292.38,702.88
ES,17,2025,10,paisaje urbano,espectaculos,"cultura, teatro y danza",cataluna,girona,22840.83,526.67
ES,25,2025,10,paisaje urbano,espectaculos,"cultura, teatro y danza",cataluna,lleida,208917.0,501.0
ES,43,2025,10,paisaje urbano,espectaculos,"cultura, teatro y danza",cataluna,tarragona,950398.0,817.33
ES,51,2025,10,paisaje urbano,espectaculos,"cultura, teatro y danza",ceuta,ceuta,2880.0,80.0
ES,28,2025,10,paisaje urbano,espectaculos,"cultura, teatro y danza",comunidad de madrid,madrid,1179702.2,765.6
ES,31,2025,10,paisaje urbano,espectaculos,"cultura, teatro y danza",comunidad foral de navarra,navarra,14154.0,1685.0
ES,03,2025,10,paisaje urbano,espectaculos,"cultura, teatro y danza",comunitat valenciana,alicante/alacant,207363.67,1927.33
ES,12,2025,10,paisaje urbano,espectaculos,"cultura, teatro y danza",comunitat valenciana,castellon/castello,63558.33,1082.67
ES,46,2025,10,paisaje urbano,espectaculos,"cultura, teatro y danza",comunitat valenciana,valencia/valencia,1763528.6,940.4
ES,06,2025,10,paisaje urbano,espectaculos,"cultura, teatro y danza",extremadura,badajoz,38790.0,1076.0
ES,10,2025,10,paisaje urbano,espectaculos,"cultura, teatro y danza",extremadura,caceres,42271.0,941.0
ES,15,2025,10,paisaje urbano,espectaculos,"cultura, teatro y danza",galicia,a coruna,82795.0,459.25
ES,36,2025,10,paisaje urbano,espectaculos,"cultura, teatro y danza",galicia,pontevedra,386848.0,1232.0
ES,07,2025,10,paisaje urbano,espectaculos,"cultura, teatro y danza",illes balears,illes balears,213043.96,1237.54
ES,26,2025,10,paisaje urbano,espectaculos,"cultura, teatro y danza",la rioja,la rioja,640156.0,1796.0
ES,01,2025,10,paisaje urbano,espectaculos,"cultura, teatro y danza",pais vasco,araba/alava,70388.75,355.75
ES,48,2025,10,paisaje urbano,espectaculos,"cultura, teatro y danza",pais vasco,bizkaia,140090.33,1467.67
ES,20,2025,10,paisaje urbano,espectaculos,"cultura, teatro y danza",pais vasco,gipuzkoa,303363.25,880.75
ES,33,2025,10,paisaje urbano,espectaculos,"cultura, teatro y danza",principado de asturias,asturias,126808.0,1048.0
ES,30,2025,10,paisaje urbano,espectaculos,"cultura, teatro y danza",region de murcia,murcia,229231.75,737.25
ES,35,2025,10,compras,espectaculos,ferias,canarias,las palmas,36309.0,637.0
ES,13,2025,10,compras,espectaculos,ferias,castilla - la mancha,ciudad real,170604.0,2031.0
ES,24,2025,10,compras,espectaculos,ferias,castilla y leon,leon,3924.0,327.0
ES,08,2025,10,compras,espectaculos,ferias,cataluna,barcelona,120204.0,7038.0
ES,28,2025,10,compras,espectaculos,ferias,comunidad de madrid,madrid,178914.5,4680.5
ES,46,2025,10,compras,espectaculos,ferias,comunitat valenciana,valencia/valencia,180375.0,1625.0
ES,26,2025,10,compras,espectaculos,ferias,la rioja,la rioja,28602.0,3405.0
ES,33,2025,10,compras,espectaculos,ferias,principado de asturias,asturias,3846.0,3205.0
ES,41,2025,10,paisaje urbano,espectaculos,museo y exposiciones,andalucia,sevilla,11676.5,1332.5
ES,50,2025,10,paisaje urbano,espectaculos,museo y exposiciones,aragon,zaragoza,29438.0,359.0
ES,45,2025,10,paisaje urbano,espectaculos,museo y exposiciones,castilla - la mancha,toledo,98379.0,643.0
ES,37,2025,10,paisaje urbano,espectaculos,museo y exposiciones,castilla y leon,salamanca,129766.0,299.0
ES,47,2025,10,paisaje urbano,espectaculos,museo y exposiciones,castilla y leon,valladolid,31484.0,463.0
ES,08,2025,10,paisaje urbano,espectaculos,museo y exposiciones,cataluna,barcelona,12997.0,1585.0
ES,17,2025,10,paisaje urbano,espectaculos,museo y exposiciones,cataluna,girona,1740.0,145.0
ES,28,2025,10,paisaje urbano,espectaculos,museo y exposiciones,comunidad de madrid,madrid,70.0,70.0
ES,03,2025,10,paisaje urbano,espectaculos,museo y exposiciones,comunitat valenciana,alicante/alacant,366021.0,5463.0
ES,07,2025,10,paisaje urbano,espectaculos,museo y exposiciones,illes balears,illes balears,518.0,518.0
ES,04,2025,10,vida nocturna,espectaculos,musica,andalucia,almeria,114190.67,1458.17
ES,11,2025,10,vida nocturna,espectaculos,musica,andalucia,cadiz,118221.83,773.83
ES,14,2025,10,vida nocturna,espectaculos,musica,andalucia,cordoba,825188.75,1055.25
ES,18,2025,10,vida nocturna,espectaculos,musica,andalucia,granada,131775.6,1405.2
ES,23,2025,10,vida nocturna,espectaculos,musica,andalucia,jaen,147740.33,707.67
ES,29,2025,10,vida nocturna,espectaculos,musica,andalucia,malaga,233088.17,1146.33
ES,41,2025,10,vida nocturna,espectaculos,musica,andalucia,sevilla,144368.17,425.0
ES,22,2025,10,vida nocturna,espectaculos,musica,aragon,huesca,279454.4,1078.8
ES,44,2025,10,vida nocturna,espectaculos,musica,aragon,teruel,196675.5,1935.5
ES,50,2025,10,vida nocturna,espectaculos,musica,aragon,zaragoza,3376137.25,1334.0
ES,35,2025,10,vida nocturna,espectaculos,musica,canarias,las palmas,379182.0,606.0
ES,38,2025,10,vida nocturna,espectaculos,musica,canarias,santa cruz de tenerife,879192.0,1839.1
ES,39,2025,10,vida nocturna,espectaculos,musica,cantabria,cantabria,228492.0,1161.0
ES,02,2025,10,vida nocturna,espectaculos,musica,castilla - la mancha,albacete,288831.33,1301.33
ES,13,2025,10,vida nocturna,espectaculos,musica,castilla - la mancha,ciudad real,61605.6,1013.0
ES,16,2025,10,vida nocturna,espectaculos,musica,castilla - la mancha,cuenca,120512.0,1076.0
ES,19,2025,10,vida nocturna,espectaculos,musica,castilla - la mancha,guadalajara,2080.0,160.0
ES,45,2025,10,vida nocturna,espectaculos,musica,castilla - la mancha,toledo,137527.33,1010.0
ES,05,2025,10,vida nocturna,espectaculos,musica,castilla y leon,avila,53498.5,1598.5
ES,09,2025,10,vida nocturna,espectaculos,musica,castilla y leon,burgos,869942.0,1472.5
ES,24,2025,10,vida nocturna,espectaculos,musica,castilla y leon,leon,33202.0,440.0
ES,34,2025,10,vida nocturna,espectaculos,musica,castilla y leon,palencia,76140.5,696.5
ES,37,2025,10,vida nocturna,espectaculos,musica,castilla y leon,salamanca,379867.33,624.67
ES,40,2025,10,vida nocturna,espectaculos,musica,castilla y leon,segovia,66025.0,776.5
ES,42,2025,10,vida nocturna,espectaculos,musica,castilla y leon,soria,529730.0,1630.5
ES,47,2025,10,vida nocturna,espectaculos,musica,castilla y leon,valladolid,382581.0,562.67
ES,49,2025,10,vida nocturna,espectaculos,musica,castilla y leon,zamora,601545.67,525.33
ES,08,2025,10,vida nocturna,espectaculos,musica,cataluna,barcelona,1309543.46,1249.03
ES,17,2025,10,vida nocturna,espectaculos,musica,cataluna,girona,46853.81,1155.75
ES,25,2025,10,vida nocturna,espectaculos,musica,cataluna,lleida,168498.83,1062.33
ES,43,2025,10,vida nocturna,espectaculos,musica,cataluna,tarragona,202707.3,850.1
ES,51,2025,10,vida nocturna,espectaculos,musica,ceuta,ceuta,23205.0,1275.0
ES,28,2025,10,vida nocturna,espectaculos,musica,comunidad de madrid,madrid,306977.75,1438.42
ES,31,2025,10,vida nocturna,espectaculos,musica,comunidad foral de navarra,navarra,132966.4,1226.4
ES,03,2025,10,vida nocturna,espectaculos,musica,comunitat valenciana,alicante/alacant,187853.14,1599.18
ES,12,2025,10,vida nocturna,espectaculos,musica,comunitat valenciana,castellon/castello,1213617.5,803.5
ES,46,2025,10,vida nocturna,espectaculos,musica,comunitat valenciana,valencia/valencia,514761.1,662.3
ES,06,2025,10,vida nocturna,espectaculos,musica,extremadura,badajoz,248489.0,770.0
ES,10,2025,10,vida nocturna,espectaculos,musica,extremadura,caceres,555.0,85.5
ES,15,2025,10,vida nocturna,espectaculos,musica,galicia,a coruna,195736.0,891.83
ES,27,2025,10,vida nocturna,espectaculos,musica,galicia,lugo,58388.0,644.0
ES,32,2025,10,vida nocturna,espectaculos,musica,galicia,ourense,2268.0,126.0
ES,36,2025,10,vida nocturna,espectaculos,musica,galicia,pontevedra,41508.33,493.67
ES,07,2025,10,vida nocturna,espectaculos,musica,illes balears,illes balears,644080.17,1342.0
ES,26,2025,10,vida nocturna,espectaculos,musica,la rioja,la rioja,86385.0,1329.0
ES,01,2025,10,vida nocturna,espectaculos,musica,pais vasco,araba/alava,847656.0,1544.0
ES,48,2025,10,vida nocturna,espectaculos,musica,pais vasco,bizkaia,1057333.29,2052.71
ES,20,2025,10,vida nocturna,espectaculos,musica,pais vasco,gipuzkoa,150346.2,1048.2
ES,33,2025,10,vida nocturna,espectaculos,musica,principado de asturias,asturias,222204.83,1031.17
ES,30,2025,10,vida nocturna,espectaculos,musica,region de murcia,murcia,500010.2,1084.6
ES,04,2025,10,vida nocturna,espectaculos,musicales,andalucia,almeria,15939.0,1155.0
ES,11,2025,10,vida nocturna,espectaculos,musicales,andalucia,cadiz,192496.0,1816.0
ES,14,2025,10,vida nocturna,espectaculos,musicales,andalucia,cordoba,18720.0,120.0
ES,18,2025,10,vida nocturna,espectaculos,musicales,andalucia,granada,21714.0,621.0
ES,29,2025,10,vida nocturna,espectaculos,musicales,andalucia,malaga,700.0,100.0
ES,41,2025,10,vida nocturna,espectaculos,musicales,andalucia,sevilla,20783.5,1128.5
ES,50,2025,10,vida nocturna,espectaculos,musicales,aragon,zaragoza,385974.0,738.0
ES,35,2025,10,vida nocturna,espectaculos,musicales,canarias,las palmas,4935.0,105.0
ES,38,2025,10,vida nocturna,espectaculos,musicales,canarias,santa cruz de tenerife,4320.0,30.0
ES,39,2025,10,vida nocturna,espectaculos,musicales,cantabria,cantabria,37818.0,198.0
ES,37,2025,10,vida nocturna,espectaculos,musicales,castilla y leon,salamanca,1322479.0,1747.0
ES,42,2025,10,vida nocturna,espectaculos,musicales,castilla y leon,soria,2340.0,156.0
ES,47,2025,10,vida nocturna,espectaculos,musicales,castilla y leon,valladolid,139986.0,198.0
ES,08,2025,10,vida nocturna,espectaculos,musicales,cataluna,barcelona,98680.4,447.4
ES,25,2025,10,vida nocturna,espectaculos,musicales,cataluna,lleida,208917.0,501.0
ES,28,2025,10,vida nocturna,espectaculos,musicales,comunidad de madrid,madrid,237726.5,1175.5
ES,03,2025,10,vida nocturna,espectaculos,musicales,comunitat valenciana,alicante/alacant,7050.0,50.0
ES,46,2025,10,vida nocturna,espectaculos,musicales,comunitat valenciana,valencia/valencia,1402089.5,711.5
ES,06,2025,10,vida nocturna,espectaculos,musicales,extremadura,badajoz,38790.0,1076.0
ES,10,2025,10,vida nocturna,espectaculos,musicales,extremadura,caceres,8316.0,198.0
ES,15,2025,10,vida nocturna,espectaculos,musicales,galicia,a coruna,59286.0,723.0
ES,07,2025,10,vida nocturna,espectaculos,musicales,illes balears,illes balears,211551.14,1455.43
ES,26,2025,10,vida nocturna,espectaculos,musicales,la rioja,la rioja,1650.0,50.0
ES,01,2025,10,vida nocturna,espectaculos,musicales,pais vasco,araba/alava,1224.0,612.0
ES,20,2025,10,vida nocturna,espectaculos,musicales,pais vasco,gipuzkoa,200724.0,1167.0
ES,30,2025,10,vida nocturna,espectaculos,musicales,region de murcia,murcia,107844.0,946.0
ES,23,2025,10,paisaje naturaleza,espectaculos,parques tematicos,andalucia,jaen,1767.0,2945.0
ES,08,2025,10,paisaje naturaleza,espectaculos,parques tematicos,cataluna,barcelona,967672.0,776.0
ES,04,2025,11,paisaje naturaleza,actividades,actividades infantiles,andalucia,almeria,1046.5,829.5
ES,11,2025,11,paisaje naturaleza,actividades,actividades infantiles,andalucia,cadiz,56976.0,919.0
ES,14,2025,11,paisaje naturaleza,actividades,actividades infantiles,andalucia,cordoba,273776.0,964.0
ES,18,2025,11,paisaje naturaleza,actividades,actividades infantiles,andalucia,granada,241754.0,1043.0
ES,21,2025,11,paisaje naturaleza,actividades,actividades infantiles,andalucia,huelva,47237.67,661.33
ES,23,2025,11,paisaje naturaleza,actividades,actividades infantiles,andalucia,jaen,1200.0,150.0
ES,29,2025,11,paisaje naturaleza,actividades,actividades infantiles,andalucia,malaga,64602.0,666.0
ES,41,2025,11,paisaje naturaleza,actividades,actividades infantiles,andalucia,sevilla,58447.75,1467.5
ES,22,2025,11,paisaje naturaleza,actividades,actividades infantiles,aragon,huesca,82414.0,463.0
ES,50,2025,11,paisaje naturaleza,actividades,actividades infantiles,aragon,zaragoza,78346.0,43.0
ES,35,2025,11,paisaje naturaleza,actividades,actividades infantiles,canarias,las palmas,4840.0,110.0
ES,38,2025,11,paisaje naturaleza,actividades,actividades infantiles,canarias,santa cruz de tenerife,11020.33,134.33
ES,39,2025,11,paisaje naturaleza,actividades,actividades infantiles,cantabria,cantabria,5460.0,70.0
ES,45,2025,11,paisaje naturaleza,actividades,actividades infantiles,castilla - la mancha,toledo,76780.0,2467.0
ES,05,2025,11,paisaje naturaleza,actividades,actividades infantiles,castilla y leon,avila,204552.0,1894.0
ES,24,2025,11,paisaje naturaleza,actividades,actividades infantiles,castilla y leon,leon,18500.0,148.0
ES,37,2025,11,paisaje naturaleza,actividades,actividades infantiles,castilla y leon,salamanca,122976.0,1952.0
ES,42,2025,11,paisaje naturaleza,actividades,actividades infantiles,castilla y leon,soria,156.0,156.0
ES,47,2025,11,paisaje naturaleza,actividades,actividades infantiles,castilla y leon,valladolid,159496.17,736.83
ES,08,2025,11,paisaje naturaleza,actividades,actividades infantiles,cataluna,barcelona,592286.33,1598.33
ES,17,2025,11,paisaje naturaleza,actividades,actividades infantiles,cataluna,girona,1120.0,160.0
ES,25,2025,11,paisaje naturaleza,actividades,actividades infantiles,cataluna,lleida,202016.0,1888.0
ES,43,2025,11,paisaje naturaleza,actividades,actividades infantiles,cataluna,tarragona,28907.5,1079.0
ES,28,2025,11,paisaje naturaleza,actividades,actividades infantiles,comunidad de madrid,madrid,397727.5,1027.83
ES,31,2025,11,paisaje naturaleza,actividades,actividades infantiles,comunidad foral de navarra,navarra,52536.0,597.0
ES,03,2025,11,paisaje naturaleza,actividades,actividades infantiles,comunitat valenciana,alicante/alacant,11436.0,1049.88
ES,12,2025,11,paisaje naturaleza,actividades,actividades infantiles,comunitat valenciana,castellon/castello,431067.0,1579.0
ES,46,2025,11,paisaje naturaleza,actividades,actividades infantiles,comunitat valenciana,valencia/valencia,962470.4,2093.2
ES,06,2025,11,paisaje naturaleza,actividades,actividades infantiles,extremadura,badajoz,94714.5,306.0
ES,10,2025,11,paisaje naturaleza,actividades,actividades infantiles,extremadura,caceres,72765.0,842.0
ES,15,2025,11,paisaje naturaleza,actividades,actividades infantiles,galicia,a coruna,57069.5,468.5
ES,36,2025,11,paisaje naturaleza,actividades,actividades infantiles,galicia,pontevedra,63827.0,769.0
ES,07,2025,11,paisaje naturaleza,actividades,actividades infantiles,illes balears,illes balears,119561.09,1439.36
ES,01,2025,11,paisaje naturaleza,actividades,actividades infantiles,pais vasco,araba/alava,1592.0,340.67
ES,48,2025,11,paisaje naturaleza,actividades,actividades infantiles,pais vasco,bizkaia,40352.0,560.5
ES,20,2025,11,paisaje naturaleza,actividades,actividades infantiles,pais vasco,gipuzkoa,106048.0,437.0
ES,33,2025,11,paisaje naturaleza,actividades,actividades infantiles,principado de asturias,asturias,14126.33,424.0
ES,30,2025,11,paisaje naturaleza,actividades,actividades infantiles,region de murcia,murcia,301749.0,446.5
ES,18,2025,11,servicios,actividades,cursos,andalucia,granada,9440.0,590.0
ES,29,2025,11,servicios,actividades,cursos,andalucia,malaga,493941.33,2592.0
ES,41,2025,11,servicios,actividades,cursos,andalucia,sevilla,1500.0,100.0
ES,22,2025,11,servicios,actividades,cursos,aragon,huesca,704.0,88.0
ES,50,2025,11,servicios,actividades,cursos,aragon,zaragoza,54614.0,1162.0
ES,35,2025,11,servicios,actividades,cursos,canarias,las palmas,30456.0,423.0
ES,38,2025,11,servicios,actividades,cursos,canarias,santa cruz de tenerife,10962.0,1218.0
ES,39,2025,11,servicios,actividades,cursos,cantabria,cantabria,750.0,50.0
ES,24,2025,11,servicios,actividades,cursos,castilla y leon,leon,1500.0,100.0
ES,37,2025,11,servicios,actividades,cursos,castilla y leon,salamanca,1200.0,600.0
ES,47,2025,11,servicios,actividades,cursos,castilla y leon,valladolid,5250.0,375.0
ES,08,2025,11,servicios,actividades,cursos,cataluna,barcelona,332293.5,3476.0
ES,28,2025,11,servicios,actividades,cursos,comunidad de madrid,madrid,500916.0,1850.5
ES,03,2025,11,servicios,actividades,cursos,comunitat valenciana,alicante/alacant,76478.67,5141.33
ES,46,2025,11,servicios,actividades,cursos,comunitat valenciana,valencia/valencia,7632.0,477.0
ES,15,2025,11,servicios,actividades,cursos,galicia,a coruna,29336.0,3667.0
ES,36,2025,11,servicios,actividades,cursos,galicia,pontevedra,83317.0,4901.0
ES,07,2025,11,servicios,actividades,cursos,illes balears,illes balears,179238.75,1871.25
ES,26,2025,11,servicios,actividades,cursos,la rioja,la rioja,8001.0,381.0
ES,01,2025,11,servicios,actividades,cursos,pais vasco,araba/alava,14298.5,576.5
ES,48,2025,11,servicios,actividades,cursos,pais vasco,bizkaia,493804.0,12044.0
ES,20,2025,11,servicios,actividades,cursos,pais vasco,gipuzkoa,22002.0,3667.0
ES,33,2025,11,servicios,actividades,cursos,principado de asturias,asturias,1200.0,300.0
ES,30,2025,11,servicios,actividades,cursos,region de murcia,murcia,46648.0,6664.0
ES,18,2025,11,paisaje naturaleza,actividades,deportes y aventuras,andalucia,granada,11775.0,2355.0
ES,29,2025,11,paisaje naturaleza,actividades,deportes y aventuras,andalucia,malaga,8027.33,882.67
ES,41,2025,11,paisaje naturaleza,actividades,deportes y aventuras,andalucia,sevilla,6247.0,577.0
ES,50,2025,11,paisaje naturaleza,actividades,deportes y aventuras,aragon,zaragoza,45269.0,203.0
ES,35,2025,11,paisaje naturaleza,actividades,deportes y aventuras,canarias,las palmas,9750.0,30.0
ES,38,2025,11,paisaje naturaleza,actividades,deportes y aventuras,canarias,santa cruz de tenerife,3020.0,85.0
ES,39,2025,11,paisaje naturaleza,actividades,deportes y aventuras,cantabria,cantabria,2294.0,62.0
ES,16,2025,11,paisaje naturaleza,actividades,deportes y aventuras,castilla - la mancha,cuenca,9750.0,30.0
ES,45,2025,11,paisaje naturaleza,actividades,deportes y aventuras,castilla - la mancha,toledo,11372.0,2843.0
ES,37,2025,11,paisaje naturaleza,actividades,deportes y aventuras,castilla y leon,salamanca,660.0,60.0
ES,47,2025,11,paisaje naturaleza,actividades,deportes y aventuras,castilla y leon,valladolid,7760.0,526.0
ES,08,2025,11,paisaje naturaleza,actividades,deportes y aventuras,cataluna,barcelona,257773.33,2543.22
ES,43,2025,11,paisaje naturaleza,actividades,deportes y aventuras,cataluna,tarragona,975.0,792.5
ES,28,2025,11,paisaje naturaleza,actividades,deportes y aventuras,comunidad de madrid,madrid,901341.0,1197.0
ES,31,2025,11,paisaje naturaleza,actividades,deportes y aventuras,comunidad foral de navarra,navarra,82360.0,2059.0
ES,03,2025,11,paisaje naturaleza,actividades,deportes y aventuras,comunitat valenciana,alicante/alacant,25705.8,1615.4
ES,46,2025,11,paisaje naturaleza,actividades,deportes y aventuras,comunitat valenciana,valencia/valencia,161152.0,2914.25
ES,06,2025,11,paisaje naturaleza,actividades,deportes y aventuras,extremadura,badajoz,23121.67,171.67
ES,10,2025,11,paisaje naturaleza,actividades,deportes y aventuras,extremadura,caceres,378012.0,1308.0
ES,07,2025,11,paisaje naturaleza,actividades,deportes y aventuras,illes balears,illes balears,42646.67,1660.0
ES,48,2025,11,paisaje naturaleza,actividades,deportes y aventuras,pais vasco,bizkaia,915110.67,1007.67
ES,20,2025,11,paisaje naturaleza,actividades,deportes y aventuras,pais vasco,gipuzkoa,340369.5,2317.5
ES,33,2025,11,paisaje naturaleza,actividades,deportes y aventuras,principado de asturias,asturias,18664.0,9332.0
ES,30,2025,11,paisaje naturaleza,actividades,deportes y aventuras,region de murcia,murcia,9232.5,265.5
ES,18,2025,11,comida y bebida,actividades,gastronomia,andalucia,granada,1430.0,55.0
ES,29,2025,11,comida y bebida,actividades,gastronomia,andalucia,malaga,1675.0,470.0
ES,41,2025,11,comida y bebida,actividades,gastronomia,andalucia,sevilla,74074.0,814.0
ES,50,2025,11,comida y bebida,actividades,gastronomia,aragon,zaragoza,846708.0,1907.0
ES,35,2025,11,comida y bebida,actividades,gastronomia,canarias,las palmas,133864.0,1154.0
ES,02,2025,11,comida y bebida,actividades,gastronomia,castilla - la mancha,albacete,99792.0,1008.0
ES,08,2025,11,comida y bebida,actividades,gastronomia,cataluna,barcelona,155514.67,851.33
ES,17,2025,11,comida y bebida,actividades,gastronomia,cataluna,girona,46547.5,1157.5
ES,28,2025,11,comida y bebida,actividades,gastronomia,comunidad de madrid,madrid,4290.0,752.5
ES,03,2025,11,comida y bebida,actividades,gastronomia,comunitat valenciana,alicante/alacant,36259.0,3319.0
ES,46,2025,11,comida y bebida,actividades,gastronomia,comunitat valenciana,valencia/valencia,208193.5,967.0
ES,06,2025,11,comida y bebida,actividades,gastronomia,extremadura,badajoz,922.5,102.5
ES,10,2025,11,comida y bebida,actividades,gastronomia,extremadura,caceres,33388.0,491.0
ES,07,2025,11,comida y bebida,actividades,gastronomia,illes balears,illes balears,350300.5,2943.5
ES,01,2025,11,comida y bebida,actividades,gastronomia,pais vasco,araba/alava,1270.0,325.0
ES,04,2025,11,vida nocturna,espectaculos,cine,andalucia,almeria,1265.0,575.0
ES,11,2025,11,vida nocturna,espectaculos,cine,andalucia,cadiz,475.0,25.0
ES,29,2025,11,vida nocturna,espectaculos,cine,andalucia,malaga,57933.0,1845.0
ES,41,2025,11,vida nocturna,espectaculos,cine,andalucia,sevilla,116021.0,641.0
ES,50,2025,11,vida nocturna,espectaculos,cine,aragon,zaragoza,32065.0,583.0
ES,35,2025,11,vida nocturna,espectaculos,cine,canarias,las palmas,6520.0,40.0
ES,38,2025,11,vida nocturna,espectaculos,cine,canarias,santa cruz de tenerife,43780.0,110.0
ES,39,2025,11,vida nocturna,espectaculos,cine,cantabria,cantabria,4560.0,80.0
ES,02,2025,11,vida nocturna,espectaculos,cine,castilla - la mancha,albacete,100.0,100.0
ES,45,2025,11,vida nocturna,espectaculos,cine,castilla - la mancha,toledo,2312.0,578.0
ES,47,2025,11,vida nocturna,espectaculos,cine,castilla y leon,valladolid,492.0,615.0
ES,08,2025,11,vida nocturna,espectaculos,cine,cataluna,barcelona,246075.0,453.25
ES,17,2025,11,vida nocturna,espectaculos,cine,cataluna,girona,45.0,45.0
ES,43,2025,11,vida nocturna,espectaculos,cine,cataluna,tarragona,2288.0,286.0
ES,28,2025,11,vida nocturna,espectaculos,cine,comunidad de madrid,madrid,26228.0,509.0
ES,03,2025,11,vida nocturna,espectaculos,cine,comunitat valenciana,alicante/alacant,481052.5,919.5
ES,46,2025,11,vida nocturna,espectaculos,cine,comunitat valenciana,valencia/valencia,210.0,525.0
ES,07,2025,11,vida nocturna,espectaculos,cine,illes balears,illes balears,242.0,605.0
ES,01,2025,11,vida nocturna,espectaculos,cine,pais vasco,araba/alava,341404.0,356.0
ES,20,2025,11,vida nocturna,espectaculos,cine,pais vasco,gipuzkoa,1008.0,43.0
ES,33,2025,11,vida nocturna,espectaculos,cine,principado de asturias,asturias,61332.0,807.0
ES,29,2025,11,otros,espectaculos,conferencias,andalucia,malaga,11625.0,300.0
ES,22,2025,11,otros,espectaculos,conferencias,aragon,huesca,13320.0,2220.0
ES,50,2025,11,otros,espectaculos,conferencias,aragon,zaragoza,13420.0,220.0
ES,35,2025,11,otros,espectaculos,conferencias,canarias,las palmas,103875.0,4155.0
ES,38,2025,11,otros,espectaculos,conferencias,canarias,santa cruz de tenerife,1980.0,198.0
ES,13,2025,11,otros,espectaculos,conferencias,castilla - la mancha,ciudad real,3157.0,451.0
ES,05,2025,11,otros,espectaculos,conferencias,castilla y leon,avila,3098.0,7745.0
ES,08,2025,11,otros,espectaculos,conferencias,cataluna,barcelona,65752.5,2277.75
ES,43,2025,11,otros,espectaculos,conferencias,cataluna,tarragona,31188.0,524.5
ES,28,2025,11,otros,espectaculos,conferencias,comunidad de madrid,madrid,150252.0,2043.5
ES,03,2025,11,otros,espectaculos,conferencias,comunitat valenciana,alicante/alacant,190355.5,2047.5
ES,46,2025,11,otros,espectaculos,conferencias,comunitat valenciana,valencia/valencia,74497.5,5593.0
ES,36,2025,11,otros,espectaculos,conferencias,galicia,pontevedra,2673.0,1215.0
ES,07,2025,11,otros,espectaculos,conferencias,illes balears,illes balears,2125.0,375.0
ES,33,2025,11,otros,espectaculos,conferencias,principado de asturias,asturias,9120.0,380.0
ES,04,2025,11,paisaje urbano,espectaculos,"cultura, teatro y danza",andalucia,almeria,280776.33,1269.0
ES,11,2025,11,paisaje urbano,espectaculos,"cultura, teatro y danza",andalucia,cadiz,35868.5,508.75
ES,14,2025,11,paisaje urbano,espectaculos,"cultura, teatro y danza",andalucia,cordoba,1432781.0,1379.0
ES,18,2025,11,paisaje urbano,espectaculos,"cultura, teatro y danza",andalucia,granada,336401.25,748.0
ES,21,2025,11,paisaje urbano,espectaculos,"cultura, teatro y danza",andalucia,huelva,47237.67,661.33
ES,23,2025,11,paisaje urbano,espectaculos,"cultura, teatro y danza",andalucia,jaen,3150.0,70.0
ES,29,2025,11,paisaje urbano,espectaculos,"cultura, teatro y danza",andalucia,malaga,229087.8,1440.8
ES,41,2025,11,paisaje urbano,espectaculos,"cultura, teatro y danza",andalucia,sevilla,1885104.0,912.0
ES,22,2025,11,paisaje urbano,espectaculos,"cultura, teatro y danza",aragon,huesca,93334.5,994.0
ES,50,2025,11,paisaje urbano,espectaculos,"cultura, teatro y danza",aragon,zaragoza,1101794.5,530.5
ES,35,2025,11,paisaje urbano,espectaculos,"cultura, teatro y danza",canarias,las palmas,289826.0,1354.5
ES,38,2025,11,paisaje urbano,espectaculos,"cultura, teatro y danza",canarias,santa cruz de tenerife,241795.83,1081.67
ES,39,2025,11,paisaje urbano,espectaculos,"cultura, teatro y danza",cantabria,cantabria,86832.0,804.0
ES,02,2025,11,paisaje urbano,espectaculos,"cultura, teatro y danza",castilla - la mancha,albacete,152547.67,952.67
ES,19,2025,11,paisaje urbano,espectaculos,"cultura, teatro y danza",castilla - la mancha,guadalajara,43500.0,174.0
ES,45,2025,11,paisaje urbano,espectaculos,"cultura, teatro y danza",castilla - la mancha,toledo,71827.67,1217.67
ES,09,2025,11,paisaje urbano,espectaculos,"cultura, teatro y danza",castilla y leon,burgos,240.0,120.0
ES,34,2025,11,paisaje urbano,espectaculos,"cultura, teatro y danza",castilla y leon,palencia,22765.0,785.0
ES,37,2025,11,paisaje urbano,espectaculos,"cultura, teatro y danza",castilla y leon,salamanca,451610.0,777.33
ES,42,2025,11,paisaje urbano,espectaculos,"cultura, teatro y danza",castilla y leon,soria,156.0,156.0
ES,47,2025,11,paisaje urbano,espectaculos,"cultura, teatro y danza",castilla y leon,valladolid,310527.12,785.62
ES,49,2025,11,paisaje urbano,espectaculos,"cultura, teatro y danza",castilla y leon,zamora,550.0,50.0
ES,08,2025,11,paisaje urbano,espectaculos,"cultura, teatro y danza",cataluna,barcelona,736419.55,741.09
ES,17,2025,11,paisaje urbano,espectaculos,"cultura, teatro y danza",cataluna,girona,952.0,129.0
ES,43,2025,11,paisaje urbano,espectaculos,"cultura, teatro y danza",cataluna,tarragona,281334.0,431.0
ES,51,2025,11,paisaje urbano,espectaculos,"cultura, teatro y danza",ceuta,ceuta,1520.0,80.0
ES,28,2025,11,paisaje urbano,espectaculos,"cultura, teatro y danza",comunidad de madrid,madrid,1972503.8,729.8
ES,03,2025,11,paisaje urbano,espectaculos,"cultura, teatro y danza",comunitat valenciana,alicante/alacant,200299.0,1820.17
ES,12,2025,11,paisaje urbano,espectaculos,"cultura, teatro y danza",comunitat valenciana,castellon/castello,314560.0,1966.67
ES,46,2025,11,paisaje urbano,espectaculos,"cultura, teatro y danza",comunitat valenciana,valencia/valencia,1154212.75,1257.25
ES,06,2025,11,paisaje urbano,espectaculos,"cultura, teatro y danza",extremadura,badajoz,24096.0,119.5
ES,10,2025,11,paisaje urbano,espectaculos,"cultura, teatro y danza",extremadura,caceres,8690.5,592.5
ES,15,2025,11,paisaje urbano,espectaculos,"cultura, teatro y danza",galicia,a coruna,94292.25,667.75
ES,36,2025,11,paisaje urbano,espectaculos,"cultura, teatro y danza",galicia,pontevedra,116561.0,476.0
ES,07,2025,11,paisaje urbano,espectaculos,"cultura, teatro y danza",illes balears,illes balears,108663.77,972.86
ES,26,2025,11,paisaje urbano,espectaculos,"cultura, teatro y danza",la rioja,la rioja,1652105.0,1963.0
ES,01,2025,11,paisaje urbano,espectaculos,"cultura, teatro y danza",pais vasco,araba/alava,138113.33,377.33
ES,48,2025,11,paisaje urbano,espectaculos,"cultura, teatro y danza",pais vasco,bizkaia,77728.33,1143.0
ES,20,2025,11,paisaje urbano,espectaculos,"cultura, teatro y danza",pais vasco,gipuzkoa,243260.62,1013.62
ES,33,2025,11,paisaje urbano,espectaculos,"cultura, teatro y danza",principado de asturias,asturias,46730.0,726.0
ES,30,2025,11,paisaje urbano,espectaculos,"cultura, teatro y danza",region de murcia,murcia,107166.0,512.2
ES,22,2025,11,compras,espectaculos,ferias,aragon,huesca,3940.0,1970.0
ES,35,2025,11,compras,espectaculos,ferias,canarias,las palmas,24696.0,1029.0
ES,13,2025,11,compras,espectaculos,ferias,castilla - la mancha,ciudad real,3157.0,451.0
ES,08,2025,11,compras,espectaculos,ferias,cataluna,barcelona,15540.0,1295.0
ES,28,2025,11,compras,espectaculos,ferias,comunidad de madrid,madrid,289824.0,3019.0
ES,03,2025,11,compras,espectaculos,ferias,comunitat valenciana,alicante/alacant,49408.0,3088.0
ES,46,2025,11,compras,espectaculos,ferias,comunitat valenciana,valencia/valencia,334593.0,47799.0
ES,33,2025,11,compras,espectaculos,ferias,principado de asturias,asturias,9120.0,380.0
ES,21,2025,11,paisaje urbano,espectaculos,museo y exposiciones,andalucia,huelva,47802.0,465.0
ES,50,2025,11,paisaje urbano,espectaculos,museo y exposiciones,aragon,zaragoza,35145.0,355.0
ES,45,2025,11,paisaje urbano,espectaculos,museo y exposiciones,castilla - la mancha,toledo,46848.0,732.0
ES,37,2025,11,paisaje urbano,espectaculos,museo y exposiciones,castilla y leon,salamanca,72885.0,215.0
ES,47,2025,11,paisaje urbano,espectaculos,museo y exposiciones,castilla y leon,valladolid,1786.0,47.0
ES,08,2025,11,paisaje urbano,espectaculos,museo y exposiciones,cataluna,barcelona,10512.0,146.0
ES,17,2025,11,paisaje urbano,espectaculos,museo y exposiciones,cataluna,girona,1120.0,160.0
ES,03,2025,11,paisaje urbano,espectaculos,museo y exposiciones,comunitat valenciana,alicante/alacant,84294.0,6021.0
ES,46,2025,11,paisaje urbano,espectaculos,museo y exposiciones,comunitat valenciana,valencia/valencia,2640.0,120.0
ES,07,2025,11,paisaje urbano,espectaculos,museo y exposiciones,illes balears,illes balears,20218.0,919.0
ES,04,2025,11,vida nocturna,espectaculos,musica,andalucia,almeria,557708.4,2036.4
ES,11,2025,11,vida nocturna,espectaculos,musica,andalucia,cadiz,390346.5,1155.5
ES,14,2025,11,vida nocturna,espectaculos,musica,andalucia,cordoba,554152.67,551.0
ES,18,2025,11,vida nocturna,espectaculos,musica,andalucia,granada,760876.8,1559.4
ES,23,2025,11,vida nocturna,espectaculos,musica,andalucia,jaen,88832.2,685.0
ES,29,2025,11,vida nocturna,espectaculos,musica,andalucia,malaga,516576.86,1826.0
ES,41,2025,11,vida nocturna,espectaculos,musica,andalucia,sevilla,974277.67,1163.17
ES,22,2025,11,vida nocturna,espectaculos,musica,aragon,huesca,177564.6,1090.2
ES,44,2025,11,vida nocturna,espectaculos,musica,aragon,teruel,413553.33,1608.33
ES,50,2025,11,vida nocturna,espectaculos,musica,aragon,zaragoza,2853121.0,441.0
ES,35,2025,11,vida nocturna,espectaculos,musica,canarias,las palmas,141624.17,574.83
ES,38,2025,11,vida nocturna,espectaculos,musica,canarias,santa cruz de tenerife,874748.22,1609.0
ES,39,2025,11,vida nocturna,espectaculos,musica,cantabria,cantabria,28351.5,751.5
ES,02,2025,11,vida nocturna,espectaculos,musica,castilla - la mancha,albacete,492737.67,1414.33
ES,13,2025,11,vida nocturna,espectaculos,musica,castilla - la mancha,ciudad real,24553.8,1007.0
ES,16,2025,11,vida nocturna,espectaculos,musica,castilla - la mancha,cuenca,20658.0,939.0
ES,19,2025,11,vida nocturna,espectaculos,musica,castilla - la mancha,guadalajara,333232.0,1412.0
ES,45,2025,11,vida nocturna,espectaculos,musica,castilla - la mancha,toledo,46840.5,1328.0
ES,05,2025,11,vida nocturna,espectaculos,musica,castilla y leon,avila,135382.0,801.5
ES,09,2025,11,vida nocturna,espectaculos,musica,castilla y leon,burgos,208750.0,805.5
ES,24,2025,11,vida nocturna,espectaculos,musica,castilla y leon,leon,516856.0,1007.5
ES,34,2025,11,vida nocturna,espectaculos,musica,castilla y leon,palencia,135081.0,675.0
ES,37,2025,11,vida nocturna,espectaculos,musica,castilla y leon,salamanca,144956.0,1169.0
ES,40,2025,11,vida nocturna,espectaculos,musica,castilla y leon,segovia,262565.67,881.67
ES,42,2025,11,vida nocturna,espectaculos,musica,castilla y leon,soria,1007532.0,1868.0
ES,47,2025,11,vida nocturna,espectaculos,musica,castilla y leon,valladolid,848990.33,1101.67
ES,49,2025,11,vida nocturna,espectaculos,musica,castilla y leon,zamora,773228.5,1274.5
ES,08,2025,11,vida nocturna,espectaculos,musica,cataluna,barcelona,1179450.54,1145.03
ES,17,2025,11,vida nocturna,espectaculos,musica,cataluna,girona,29816.36,796.55
ES,25,2025,11,vida nocturna,espectaculos,musica,cataluna,lleida,90023.8,887.4
ES,43,2025,11,vida nocturna,espectaculos,musica,cataluna,tarragona,106020.89,1207.89
ES,51,2025,11,vida nocturna,espectaculos,musica,ceuta,ceuta,494769.0,1551.0
ES,28,2025,11,vida nocturna,espectaculos,musica,comunidad de madrid,madrid,2205866.8,1569.28
ES,31,2025,11,vida nocturna,espectaculos,musica,comunidad foral de navarra,navarra,319834.0,1405.0
ES,03,2025,11,vida nocturna,espectaculos,musica,comunitat valenciana,alicante/alacant,134871.59,1473.18
ES,12,2025,11,vida nocturna,espectaculos,musica,comunitat valenciana,castellon/castello,491763.0,688.0
ES,46,2025,11,vida nocturna,espectaculos,musica,comunitat valenciana,valencia/valencia,739855.82,919.45
ES,06,2025,11,vida nocturna,espectaculos,musica,extremadura,badajoz,92872.2,609.2
ES,10,2025,11,vida nocturna,espectaculos,musica,extremadura,caceres,18629.5,1215.5
ES,15,2025,11,vida nocturna,espectaculos,musica,galicia,a coruna,133826.0,799.25
ES,27,2025,11,vida nocturna,espectaculos,musica,galicia,lugo,160562.5,1099.0
ES,32,2025,11,vida nocturna,espectaculos,musica,galicia,ourense,131784.0,1156.0
ES,36,2025,11,vida nocturna,espectaculos,musica,galicia,pontevedra,47213.83,939.33
ES,07,2025,11,vida nocturna,espectaculos,musica,illes balears,illes balears,440478.61,1214.14
ES,26,2025,11,vida nocturna,espectaculos,musica,la rioja,la rioja,31981.67,1171.0
ES,01,2025,11,vida nocturna,espectaculos,musica,pais vasco,araba/alava,34271.0,1594.0
ES,48,2025,11,vida nocturna,espectaculos,musica,pais vasco,bizkaia,1523382.43,1783.71
ES,20,2025,11,vida nocturna,espectaculos,musica,pais vasco,gipuzkoa,155789.45,891.91
ES,33,2025,11,vida nocturna,espectaculos,musica,principado de asturias,asturias,229448.89,862.67
ES,30,2025,11,vida nocturna,espectaculos,musica,region de murcia,murcia,1121997.5,1208.5
ES,04,2025,11,vida nocturna,espectaculos,musicales,andalucia,almeria,49192.0,1118.0
ES,14,2025,11,vida nocturna,espectaculos,musicales,andalucia,cordoba,24656.0,184.0
ES,18,2025,11,vida nocturna,espectaculos,musicales,andalucia,granada,112723.0,754.0
ES,21,2025,11,vida nocturna,espectaculos,musicales,andalucia,huelva,89267.0,1003.0
ES,29,2025,11,vida nocturna,espectaculos,musicales,andalucia,malaga,520.0,40.0
ES,41,2025,11,vida nocturna,espectaculos,musicales,andalucia,sevilla,22971.0,1178.0
ES,50,2025,11,vida nocturna,espectaculos,musicales,aragon,zaragoza,314002.0,929.0
ES,35,2025,11,vida nocturna,espectaculos,musicales,canarias,las palmas,115967.0,1303.0
ES,38,2025,11,vida nocturna,espectaculos,musicales,canarias,santa cruz de tenerife,1675.0,207.5
ES,39,2025,11,vida nocturna,espectaculos,musicales,cantabria,cantabria,17028.0,198.0
ES,02,2025,11,vida nocturna,espectaculos,musicales,castilla - la mancha,albacete,2490544.0,1202.0
ES,19,2025,11,vida nocturna,espectaculos,musicales,castilla - la mancha,guadalajara,43500.0,174.0
ES,37,2025,11,vida nocturna,espectaculos,musicales,castilla y leon,salamanca,122976.0,1952.0
ES,42,2025,11,vida nocturna,espectaculos,musicales,castilla y leon,soria,156.0,156.0
ES,47,2025,11,vida nocturna,espectaculos,musicales,castilla y leon,valladolid,40501.5,222.5
ES,08,2025,11,vida nocturna,espectaculos,musicales,cataluna,barcelona,435427.67,766.0
ES,28,2025,11,vida nocturna,espectaculos,musicales,comunidad de madrid,madrid,25720.0,933.5
ES,03,2025,11,vida nocturna,espectaculos,musicales,comunitat valenciana,alicante/alacant,4842.5,372.5
ES,46,2025,11,vida nocturna,espectaculos,musicales,comunitat valenciana,valencia/valencia,1676257.0,1067.0
ES,06,2025,11,vida nocturna,espectaculos,musicales,extremadura,badajoz,47652.0,209.0
ES,10,2025,11,vida nocturna,espectaculos,musicales,extremadura,caceres,122078.0,1969.0
ES,15,2025,11,vida nocturna,espectaculos,musicales,galicia,a coruna,2320.0,725.0
ES,07,2025,11,vida nocturna,espectaculos,musicales,illes balears,illes balears,46017.0,736.17
ES,26,2025,11,vida nocturna,espectaculos,musicales,la rioja,la rioja,175974.0,834.0
ES,20,2025,11,vida nocturna,espectaculos,musicales,pais vasco,gipuzkoa,106869.5,1215.5
ES,33,2025,11,vida nocturna,espectaculos,musicales,principado de asturias,asturias,2799.0,933.0
ES,30,2025,11,vida nocturna,espectaculos,musicales,region de murcia,murcia,130686.0,947.0
ES,08,2025,11,paisaje naturaleza,espectaculos,parques tematicos,cataluna,barcelona,10892.0,778.0
ES,04,2025,12,paisaje naturaleza,actividades,actividades infantiles,andalucia,almeria,2954.0,639.0
ES,11,2025,12,paisaje naturaleza,actividades,actividades infantiles,andalucia,cadiz,54907.5,2019.0
ES,14,2025,12,paisaje naturaleza,actividades,actividades infantiles,andalucia,cordoba,6512.0,88.0
ES,18,2025,12,paisaje naturaleza,actividades,actividades infantiles,andalucia,granada,8815.0,1075.0
ES,21,2025,12,paisaje naturaleza,actividades,actividades infantiles,andalucia,huelva,2254302.0,477.0
ES,29,2025,12,paisaje naturaleza,actividades,actividades infantiles,andalucia,malaga,30636.0,69.0
ES,41,2025,12,paisaje naturaleza,actividades,actividades infantiles,andalucia,sevilla,60845.5,429.75
ES,22,2025,12,paisaje naturaleza,actividades,actividades infantiles,aragon,huesca,13573.0,1385.0
ES,50,2025,12,paisaje naturaleza,actividades,actividades infantiles,aragon,zaragoza,527136.0,969.0
ES,35,2025,12,paisaje naturaleza,actividades,actividades infantiles,canarias,las palmas,5430.0,80.0
ES,38,2025,12,paisaje naturaleza,actividades,actividades infantiles,canarias,santa cruz de tenerife,10186.5,204.0
ES,39,2025,12,paisaje naturaleza,actividades,actividades infantiles,cantabria,cantabria,2940.0,70.0
ES,16,2025,12,paisaje naturaleza,actividades,actividades infantiles,castilla - la mancha,cuenca,3050.0,50.0
ES,45,2025,12,paisaje naturaleza,actividades,actividades infantiles,castilla - la mancha,toledo,88074.0,2097.0
ES,05,2025,12,paisaje naturaleza,actividades,actividades infantiles,castilla y leon,avila,4314.0,2157.0
ES,24,2025,12,paisaje naturaleza,actividades,actividades infantiles,castilla y leon,leon,40842.0,2269.0
ES,34,2025,12,paisaje naturaleza,actividades,actividades infantiles,castilla y leon,palencia,35071.0,2063.0
ES,37,2025,12,paisaje naturaleza,actividades,actividades infantiles,castilla y leon,salamanca,1091904.0,2068.0
ES,47,2025,12,paisaje naturaleza,actividades,actividades infantiles,castilla y leon,valladolid,85543.86,1034.86
ES,08,2025,12,paisaje naturaleza,actividades,actividades infantiles,cataluna,barcelona,422865.67,799.0
ES,17,2025,12,paisaje naturaleza,actividades,actividades infantiles,cataluna,girona,580.0,145.0
ES,25,2025,12,paisaje naturaleza,actividades,actividades infantiles,cataluna,lleida,108782.0,545.0
ES,43,2025,12,paisaje naturaleza,actividades,actividades infantiles,cataluna,tarragona,11865.0,1465.0
ES,28,2025,12,paisaje naturaleza,actividades,actividades infantiles,comunidad de madrid,madrid,345001.71,1389.0
ES,03,2025,12,paisaje naturaleza,actividades,actividades infantiles,comunitat valenciana,alicante/alacant,30241.83,932.83
ES,12,2025,12,paisaje naturaleza,actividades,actividades infantiles,comunitat valenciana,castellon/castello,220242.0,1551.0
ES,46,2025,12,paisaje naturaleza,actividades,actividades infantiles,comunitat valenciana,valencia/valencia,1027611.8,1103.8
ES,06,2025,12,paisaje naturaleza,actividades,actividades infantiles,extremadura,badajoz,758593.0,815.0
ES,10,2025,12,paisaje naturaleza,actividades,actividades infantiles,extremadura,caceres,25907.0,423.5
ES,15,2025,12,paisaje naturaleza,actividades,actividades infantiles,galicia,a coruna,31692.0,556.0
ES,32,2025,12,paisaje naturaleza,actividades,actividades infantiles,galicia,ourense,57155.0,805.0
ES,36,2025,12,paisaje naturaleza,actividades,actividades infantiles,galicia,pontevedra,166988.0,766.0
ES,07,2025,12,paisaje naturaleza,actividades,actividades infantiles,illes balears,illes balears,87064.91,1246.09
ES,01,2025,12,paisaje naturaleza,actividades,actividades infantiles,pais vasco,araba/alava,1579289.0,262.0
ES,48,2025,12,paisaje naturaleza,actividades,actividades infantiles,pais vasco,bizkaia,233389.25,1428.0
ES,20,2025,12,paisaje naturaleza,actividades,actividades infantiles,pais vasco,gipuzkoa,17485.0,65.0
ES,33,2025,12,paisaje naturaleza,actividades,actividades infantiles,principado de asturias,asturias,35418.4,1204.2
ES,18,2025,12,servicios,actividades,cursos,andalucia,granada,209309.0,5657.0
ES,29,2025,12,servicios,actividades,cursos,andalucia,malaga,145084.0,1577.0
ES,41,2025,12,servicios,actividades,cursos,andalucia,sevilla,1300.0,100.0
ES,50,2025,12,servicios,actividades,cursos,aragon,zaragoza,450.0,50.0
ES,35,2025,12,servicios,actividades,cursos,canarias,las palmas,46494.0,574.0
ES,38,2025,12,servicios,actividades,cursos,canarias,santa cruz de tenerife,9855.0,1580.0
ES,02,2025,12,servicios,actividades,cursos,castilla - la mancha,albacete,1800.0,100.0
ES,08,2025,12,servicios,actividades,cursos,cataluna,barcelona,1605604.0,4411.0
ES,28,2025,12,servicios,actividades,cursos,comunidad de madrid,madrid,1646674.0,6636.5
ES,31,2025,12,servicios,actividades,cursos,comunidad foral de navarra,navarra,14802.0,2467.0
ES,03,2025,12,servicios,actividades,cursos,comunitat valenciana,alicante/alacant,675.0,500.0
ES,15,2025,12,servicios,actividades,cursos,galicia,a coruna,3320.0,415.0
ES,36,2025,12,servicios,actividades,cursos,galicia,pontevedra,35854.0,2561.0
ES,07,2025,12,servicios,actividades,cursos,illes balears,illes balears,51726.0,1429.0
ES,01,2025,12,servicios,actividades,cursos,pais vasco,araba/alava,8500.0,100.0
ES,48,2025,12,servicios,actividades,cursos,pais vasco,bizkaia,56123.0,4791.5
ES,20,2025,12,servicios,actividades,cursos,pais vasco,gipuzkoa,21689.0,943.0
ES,30,2025,12,servicios,actividades,cursos,region de murcia,murcia,221503.0,4165.75
ES,29,2025,12,paisaje naturaleza,actividades,deportes y aventuras,andalucia,malaga,33839.0,569.0
ES,41,2025,12,paisaje naturaleza,actividades,deportes y aventuras,andalucia,sevilla,16042.0,617.0
ES,50,2025,12,paisaje naturaleza,actividades,deportes y aventuras,aragon,zaragoza,77400.0,200.0
ES,38,2025,12,paisaje naturaleza,actividades,deportes y aventuras,canarias,santa cruz de tenerife,7491.0,355.5
ES,02,2025,12,paisaje naturaleza,actividades,deportes y aventuras,castilla - la mancha,albacete,450.0,90.0
ES,37,2025,12,paisaje naturaleza,actividades,deportes y aventuras,castilla y leon,salamanca,16506.0,917.0
ES,47,2025,12,paisaje naturaleza,actividades,deportes y aventuras,castilla y leon,valladolid,84502.0,1837.0
ES,08,2025,12,paisaje naturaleza,actividades,deportes y aventuras,cataluna,barcelona,227139.0,4898.5
ES,43,2025,12,paisaje naturaleza,actividades,deportes y aventuras,cataluna,tarragona,11831.0,685.0
ES,28,2025,12,paisaje naturaleza,actividades,deportes y aventuras,comunidad de madrid,madrid,377274.0,1362.0
ES,31,2025,12,paisaje naturaleza,actividades,deportes y aventuras,comunidad foral de navarra,navarra,158585.0,4025.0
ES,03,2025,12,paisaje naturaleza,actividades,deportes y aventuras,comunitat valenciana,alicante/alacant,96448.0,704.0
ES,46,2025,12,paisaje naturaleza,actividades,deportes y aventuras,comunitat valenciana,valencia/valencia,107039.33,2391.33
ES,06,2025,12,paisaje naturaleza,actividades,deportes y aventuras,extremadura,badajoz,12922.0,457.33
ES,10,2025,12,paisaje naturaleza,actividades,deportes y aventuras,extremadura,caceres,345681.0,1239.0
ES,07,2025,12,paisaje naturaleza,actividades,deportes y aventuras,illes balears,illes balears,6376.67,395.33
ES,01,2025,12,paisaje naturaleza,actividades,deportes y aventuras,pais vasco,araba/alava,33991.0,1789.0
ES,48,2025,12,paisaje naturaleza,actividades,deportes y aventuras,pais vasco,bizkaia,209950.0,1615.0
ES,20,2025,12,paisaje naturaleza,actividades,deportes y aventuras,pais vasco,gipuzkoa,1193133.0,2903.0
ES,33,2025,12,paisaje naturaleza,actividades,deportes y aventuras,principado de asturias,asturias,9332.0,9332.0
ES,18,2025,12,comida y bebida,actividades,gastronomia,andalucia,granada,47216.0,908.0
ES,41,2025,12,comida y bebida,actividades,gastronomia,andalucia,sevilla,81162.0,1002.0
ES,50,2025,12,comida y bebida,actividades,gastronomia,aragon,zaragoza,13225.0,575.0
ES,35,2025,12,comida y bebida,actividades,gastronomia,canarias,las palmas,8580.0,130.0
ES,02,2025,12,comida y bebida,actividades,gastronomia,castilla - la mancha,albacete,39555.0,879.0
ES,08,2025,12,comida y bebida,actividades,gastronomia,cataluna,barcelona,39373.4,1327.6
ES,17,2025,12,comida y bebida,actividades,gastronomia,cataluna,girona,16566.0,1004.0
ES,28,2025,12,comida y bebida,actividades,gastronomia,comunidad de madrid,madrid,1151367.0,2289.0
ES,03,2025,12,comida y bebida,actividades,gastronomia,comunitat valenciana,alicante/alacant,19487.0,760.5
ES,46,2025,12,comida y bebida,actividades,gastronomia,comunitat valenciana,valencia/valencia,123377.0,615.67
ES,06,2025,12,comida y bebida,actividades,gastronomia,extremadura,badajoz,310.0,155.0
ES,07,2025,12,comida y bebida,actividades,gastronomia,illes balears,illes balears,127266.5,3609.5
ES,48,2025,12,comida y bebida,actividades,gastronomia,pais vasco,bizkaia,11911.0,277.0
ES,04,2025,12,vida nocturna,espectaculos,cine,andalucia,almeria,3060.0,612.0
ES,29,2025,12,vida nocturna,espectaculos,cine,andalucia,malaga,958815.0,1937.0
ES,41,2025,12,vida nocturna,espectaculos,cine,andalucia,sevilla,5040.0,40.0
ES,50,2025,12,vida nocturna,espectaculos,cine,aragon,zaragoza,24177.0,844.5
ES,38,2025,12,vida nocturna,espectaculos,cine,canarias,santa cruz de tenerife,25520.0,110.0
ES,02,2025,12,vida nocturna,espectaculos,cine,castilla - la mancha,albacete,4602.0,39.0
ES,47,2025,12,vida nocturna,espectaculos,cine,castilla y leon,valladolid,6534.0,605.0
ES,08,2025,12,vida nocturna,espectaculos,cine,cataluna,barcelona,154771.0,556.0
ES,17,2025,12,vida nocturna,espectaculos,cine,cataluna,girona,72239.0,2491.0
ES,28,2025,12,vida nocturna,espectaculos,cine,comunidad de madrid,madrid,408672.0,1376.0
ES,03,2025,12,vida nocturna,espectaculos,cine,comunitat valenciana,alicante/alacant,180613.67,971.33
ES,46,2025,12,vida nocturna,espectaculos,cine,comunitat valenciana,valencia/valencia,4114.5,157.0
ES,07,2025,12,vida nocturna,espectaculos,cine,illes balears,illes balears,7332.0,611.0
ES,20,2025,12,vida nocturna,espectaculos,cine,pais vasco,gipuzkoa,105819.33,298.0
ES,29,2025,12,otros,espectaculos,conferencias,andalucia,malaga,450.0,150.0
ES,22,2025,12,otros,espectaculos,conferencias,aragon,huesca,3940.0,1970.0
ES,44,2025,12,otros,espectaculos,conferencias,aragon,teruel,5750.0,230.0
ES,50,2025,12,otros,espectaculos,conferencias,aragon,zaragoza,33060.0,580.0
ES,35,2025,12,otros,espectaculos,conferencias,canarias,las palmas,1800.0,300.0
ES,13,2025,12,otros,espectaculos,conferencias,castilla - la mancha,ciudad real,215605.0,16585.0
ES,05,2025,12,otros,espectaculos,conferencias,castilla y leon,avila,1549.0,7745.0
ES,08,2025,12,otros,espectaculos,conferencias,cataluna,barcelona,150.0,375.0
ES,28,2025,12,otros,espectaculos,conferencias,comunidad de madrid,madrid,127848.0,5327.0
ES,03,2025,12,otros,espectaculos,conferencias,comunitat valenciana,alicante/alacant,73803.0,1011.0
ES,07,2025,12,otros,espectaculos,conferencias,illes balears,illes balears,27150.0,150.0
ES,01,2025,12,otros,espectaculos,conferencias,pais vasco,araba/alava,12999.0,4333.0
ES,33,2025,12,otros,espectaculos,conferencias,principado de asturias,asturias,89144.0,4052.0
ES,04,2025,12,paisaje urbano,espectaculos,"cultura, teatro y danza",andalucia,almeria,240745.0,1322.0
ES,11,2025,12,paisaje urbano,espectaculos,"cultura, teatro y danza",andalucia,cadiz,12086.0,1599.0
ES,14,2025,12,paisaje urbano,espectaculos,"cultura, teatro y danza",andalucia,cordoba,134425.0,1415.0
ES,18,2025,12,paisaje urbano,espectaculos,"cultura, teatro y danza",andalucia,granada,243715.67,654.67
ES,21,2025,12,paisaje urbano,espectaculos,"cultura, teatro y danza",andalucia,huelva,2254302.0,477.0
ES,23,2025,12,paisaje urbano,espectaculos,"cultura, teatro y danza",andalucia,jaen,47652.0,518.0
ES,29,2025,12,paisaje urbano,espectaculos,"cultura, teatro y danza",andalucia,malaga,157957.0,572.0
ES,41,2025,12,paisaje urbano,espectaculos,"cultura, teatro y danza",andalucia,sevilla,81496.0,976.0
ES,22,2025,12,paisaje urbano,espectaculos,"cultura, teatro y danza",aragon,huesca,78683.0,879.0
ES,50,2025,12,paisaje urbano,espectaculos,"cultura, teatro y danza",aragon,zaragoza,513359.33,1018.33
ES,35,2025,12,paisaje urbano,espectaculos,"cultura, teatro y danza",canarias,las palmas,263860.62,537.75
ES,38,2025,12,paisaje urbano,espectaculos,"cultura, teatro y danza",canarias,santa cruz de tenerife,410382.5,1451.5
ES,39,2025,12,paisaje urbano,espectaculos,"cultura, teatro y danza",cantabria,cantabria,34587.0,1134.0
ES,02,2025,12,paisaje urbano,espectaculos,"cultura, teatro y danza",castilla - la mancha,albacete,586049.0,1040.0
ES,16,2025,12,paisaje urbano,espectaculos,"cultura, teatro y danza",castilla - la mancha,cuenca,3050.0,50.0
ES,19,2025,12,paisaje urbano,espectaculos,"cultura, teatro y danza",castilla - la mancha,guadalajara,646377.0,341.0
ES,45,2025,12,paisaje urbano,espectaculos,"cultura, teatro y danza",castilla - la mancha,toledo,48981.0,1666.5
ES,34,2025,12,paisaje urbano,espectaculos,"cultura, teatro y danza",castilla y leon,palencia,38808.0,882.0
ES,37,2025,12,paisaje urbano,espectaculos,"cultura, teatro y danza",castilla y leon,salamanca,312679.33,723.33
ES,47,2025,12,paisaje urbano,espectaculos,"cultura, teatro y danza",castilla y leon,valladolid,86420.33,655.0
ES,49,2025,12,paisaje urbano,espectaculos,"cultura, teatro y danza",castilla y leon,zamora,3380.0,65.0
ES,08,2025,12,paisaje urbano,espectaculos,"cultura, teatro y danza",cataluna,barcelona,381807.06,923.22
ES,17,2025,12,paisaje urbano,espectaculos,"cultura, teatro y danza",cataluna,girona,580.0,145.0
ES,25,2025,12,paisaje urbano,espectaculos,"cultura, teatro y danza",cataluna,lleida,108782.0,545.0
ES,43,2025,12,paisaje urbano,espectaculos,"cultura, teatro y danza",cataluna,tarragona,81012.0,942.0
ES,28,2025,12,paisaje urbano,espectaculos,"cultura, teatro y danza",comunidad de madrid,madrid,827544.0,539.0
ES,31,2025,12,paisaje urbano,espectaculos,"cultura, teatro y danza",comunidad foral de navarra,navarra,1471.0,1471.0
ES,03,2025,12,paisaje urbano,espectaculos,"cultura, teatro y danza",comunitat valenciana,alicante/alacant,240247.0,872.67
ES,12,2025,12,paisaje urbano,espectaculos,"cultura, teatro y danza",comunitat valenciana,castellon/castello,381616.0,1403.0
ES,46,2025,12,paisaje urbano,espectaculos,"cultura, teatro y danza",comunitat valenciana,valencia/valencia,173699.67,537.89
ES,06,2025,12,paisaje urbano,espectaculos,"cultura, teatro y danza",extremadura,badajoz,62580.0,2086.0
ES,10,2025,12,paisaje urbano,espectaculos,"cultura, teatro y danza",extremadura,caceres,25993.0,1202.0
ES,15,2025,12,paisaje urbano,espectaculos,"cultura, teatro y danza",galicia,a coruna,74919.0,588.0
ES,32,2025,12,paisaje urbano,espectaculos,"cultura, teatro y danza",galicia,ourense,57155.0,805.0
ES,36,2025,12,paisaje urbano,espectaculos,"cultura, teatro y danza",galicia,pontevedra,176067.0,491.5
ES,07,2025,12,paisaje urbano,espectaculos,"cultura, teatro y danza",illes balears,illes balears,138865.67,868.94
ES,26,2025,12,paisaje urbano,espectaculos,"cultura, teatro y danza",la rioja,la rioja,25981.0,755.5
ES,01,2025,12,paisaje urbano,espectaculos,"cultura, teatro y danza",pais vasco,araba/alava,304558.0,448.5
ES,48,2025,12,paisaje urbano,espectaculos,"cultura, teatro y danza",pais vasco,bizkaia,163948.25,551.25
ES,20,2025,12,paisaje urbano,espectaculos,"cultura, teatro y danza",pais vasco,gipuzkoa,313696.4,530.4
ES,33,2025,12,paisaje urbano,espectaculos,"cultura, teatro y danza",principado de asturias,asturias,5322.0,647.0
ES,30,2025,12,paisaje urbano,espectaculos,"cultura, teatro y danza",region de murcia,murcia,127833.67,801.67
ES,35,2025,12,compras,espectaculos,ferias,canarias,las palmas,1800.0,300.0
ES,07,2025,12,compras,espectaculos,ferias,illes balears,illes balears,27150.0,150.0
ES,33,2025,12,compras,espectaculos,ferias,principado de asturias,asturias,89144.0,4052.0
ES,21,2025,12,paisaje urbano,espectaculos,museo y exposiciones,andalucia,huelva,2254302.0,477.0
ES,45,2025,12,paisaje urbano,espectaculos,museo y exposiciones,castilla - la mancha,toledo,21514.0,694.0
ES,37,2025,12,paisaje urbano,espectaculos,museo y exposiciones,castilla y leon,salamanca,71189.0,277.0
ES,47,2025,12,paisaje urbano,espectaculos,museo y exposiciones,castilla y leon,valladolid,990.0,45.0
ES,08,2025,12,paisaje urbano,espectaculos,museo y exposiciones,cataluna,barcelona,93728.0,1616.0
ES,17,2025,12,paisaje urbano,espectaculos,museo y exposiciones,cataluna,girona,580.0,145.0
ES,43,2025,12,paisaje urbano,espectaculos,museo y exposiciones,cataluna,tarragona,240.0,80.0
ES,46,2025,12,paisaje urbano,espectaculos,museo y exposiciones,comunitat valenciana,valencia/valencia,1118.0,334.0
ES,07,2025,12,paisaje urbano,espectaculos,museo y exposiciones,illes balears,illes balears,7256.0,907.0
ES,04,2025,12,vida nocturna,espectaculos,musica,andalucia,almeria,821325.33,3834.67
ES,11,2025,12,vida nocturna,espectaculos,musica,andalucia,cadiz,687673.5,1194.5
ES,14,2025,12,vida nocturna,espectaculos,musica,andalucia,cordoba,2217034.0,1423.0
ES,18,2025,12,vida nocturna,espectaculos,musica,andalucia,granada,164185.14,1352.57
ES,21,2025,12,vida nocturna,espectaculos,musica,andalucia,huelva,139518.0,1011.0
ES,23,2025,12,vida nocturna,espectaculos,musica,andalucia,jaen,30642.2,909.8
ES,29,2025,12,vida nocturna,espectaculos,musica,andalucia,malaga,918070.8,2802.2
ES,41,2025,12,vida nocturna,espectaculos,musica,andalucia,sevilla,735624.0,1325.57
ES,22,2025,12,vida nocturna,espectaculos,musica,aragon,huesca,243234.17,1258.5
ES,44,2025,12,vida nocturna,espectaculos,musica,aragon,teruel,300129.0,1326.5
ES,50,2025,12,vida nocturna,espectaculos,musica,aragon,zaragoza,5579422.5,845.0
ES,35,2025,12,vida nocturna,espectaculos,musica,canarias,las palmas,366381.0,2099.0
ES,38,2025,12,vida nocturna,espectaculos,musica,canarias,santa cruz de tenerife,1112866.12,1489.38
ES,39,2025,12,vida nocturna,espectaculos,musica,cantabria,cantabria,881705.0,1265.0
ES,02,2025,12,vida nocturna,espectaculos,musica,castilla - la mancha,albacete,168224.0,1159.5
ES,13,2025,12,vida nocturna,espectaculos,musica,castilla - la mancha,ciudad real,114997.5,964.5
ES,16,2025,12,vida nocturna,espectaculos,musica,castilla - la mancha,cuenca,111405.0,1061.0
ES,19,2025,12,vida nocturna,espectaculos,musica,castilla - la mancha,guadalajara,388258.0,1417.0
ES,45,2025,12,vida nocturna,espectaculos,musica,castilla - la mancha,toledo,17007.0,249.0
ES,05,2025,12,vida nocturna,espectaculos,musica,castilla y leon,avila,8749.0,1284.5
ES,09,2025,12,vida nocturna,espectaculos,musica,castilla y leon,burgos,205815.0,781.0
ES,24,2025,12,vida nocturna,espectaculos,musica,castilla y leon,leon,94056.5,1267.0
ES,34,2025,12,vida nocturna,espectaculos,musica,castilla y leon,palencia,77537.0,930.67
ES,37,2025,12,vida nocturna,espectaculos,musica,castilla y leon,salamanca,82896.0,1256.0
ES,40,2025,12,vida nocturna,espectaculos,musica,castilla y leon,segovia,85043.0,1037.0
ES,42,2025,12,vida nocturna,espectaculos,musica,castilla y leon,soria,122375.0,1540.0
ES,47,2025,12,vida nocturna,espectaculos,musica,castilla y leon,valladolid,3199733.33,1141.67
ES,49,2025,12,vida nocturna,espectaculos,musica,castilla y leon,zamora,153502.0,1334.0
ES,08,2025,12,vida nocturna,espectaculos,musica,cataluna,barcelona,1203985.51,1116.85
ES,17,2025,12,vida nocturna,espectaculos,musica,cataluna,girona,110217.45,947.27
ES,25,2025,12,vida nocturna,espectaculos,musica,cataluna,lleida,213512.25,759.0
ES,43,2025,12,vida nocturna,espectaculos,musica,cataluna,tarragona,240736.7,1123.1
ES,51,2025,12,vida nocturna,espectaculos,musica,ceuta,ceuta,78242.0,1102.0
ES,28,2025,12,vida nocturna,espectaculos,musica,comunidad de madrid,madrid,378775.5,1495.83
ES,31,2025,12,vida nocturna,espectaculos,musica,comunidad foral de navarra,navarra,830071.0,1279.0
ES,03,2025,12,vida nocturna,espectaculos,musica,comunitat valenciana,alicante/alacant,263118.0,1999.22
ES,12,2025,12,vida nocturna,espectaculos,musica,comunitat valenciana,castellon/castello,427879.5,768.0
ES,46,2025,12,vida nocturna,espectaculos,musica,comunitat valenciana,valencia/valencia,716424.11,1248.22
ES,06,2025,12,vida nocturna,espectaculos,musica,extremadura,badajoz,404666.75,776.5
ES,10,2025,12,vida nocturna,espectaculos,musica,extremadura,caceres,29596.0,1208.0
ES,15,2025,12,vida nocturna,espectaculos,musica,galicia,a coruna,401796.75,1168.25
ES,27,2025,12,vida nocturna,espectaculos,musica,galicia,lugo,344315.0,1026.0
ES,32,2025,12,vida nocturna,espectaculos,musica,galicia,ourense,126322.0,1289.0
ES,36,2025,12,vida nocturna,espectaculos,musica,galicia,pontevedra,536582.0,1022.5
ES,07,2025,12,vida nocturna,espectaculos,musica,illes balears,illes balears,784259.6,1129.97
ES,26,2025,12,vida nocturna,espectaculos,musica,la rioja,la rioja,126489.0,1393.5
ES,01,2025,12,vida nocturna,espectaculos,musica,pais vasco,araba/alava,80797.5,787.5
ES,48,2025,12,vida nocturna,espectaculos,musica,pais vasco,bizkaia,780122.5,2021.33
ES,20,2025,12,vida nocturna,espectaculos,musica,pais vasco,gipuzkoa,246326.0,963.3
ES,33,2025,12,vida nocturna,espectaculos,musica,principado de asturias,asturias,117981.78,934.89
ES,30,2025,12,vida nocturna,espectaculos,musica,region de murcia,murcia,340338.2,1653.2
ES,04,2025,12,vida nocturna,espectaculos,musicales,andalucia,almeria,3651.0,1217.0
ES,14,2025,12,vida nocturna,espectaculos,musicales,andalucia,cordoba,500492.0,2372.0
ES,18,2025,12,vida nocturna,espectaculos,musicales,andalucia,granada,50700.0,484.5
ES,41,2025,12,vida nocturna,espectaculos,musicales,andalucia,sevilla,156414.0,786.0
ES,50,2025,12,vida nocturna,espectaculos,musicales,aragon,zaragoza,240.0,120.0
ES,35,2025,12,vida nocturna,espectaculos,musicales,canarias,las palmas,8580.0,130.0
ES,38,2025,12,vida nocturna,espectaculos,musicales,canarias,santa cruz de tenerife,9210.0,30.0
ES,39,2025,12,vida nocturna,espectaculos,musicales,cantabria,cantabria,22176.0,198.0
ES,02,2025,12,vida nocturna,espectaculos,musicales,castilla - la mancha,albacete,111320.0,121.0
ES,19,2025,12,vida nocturna,espectaculos,musicales,castilla - la mancha,guadalajara,19950.0,190.0
ES,37,2025,12,vida nocturna,espectaculos,musicales,castilla y leon,salamanca,1091904.0,2068.0
ES,47,2025,12,vida nocturna,espectaculos,musicales,castilla y leon,valladolid,181904.0,1188.5
ES,08,2025,12,vida nocturna,espectaculos,musicales,cataluna,barcelona,164160.67,862.5
ES,25,2025,12,vida nocturna,espectaculos,musicales,cataluna,lleida,679544.0,491.0
ES,43,2025,12,vida nocturna,espectaculos,musicales,cataluna,tarragona,19652.0,1156.0
ES,28,2025,12,vida nocturna,espectaculos,musicales,comunidad de madrid,madrid,228394.67,814.33
ES,03,2025,12,vida nocturna,espectaculos,musicales,comunitat valenciana,alicante/alacant,37684.5,363.5
ES,46,2025,12,vida nocturna,espectaculos,musicales,comunitat valenciana,valencia/valencia,65012.0,398.0
ES,06,2025,12,vida nocturna,espectaculos,musicales,extremadura,badajoz,62580.0,2086.0
ES,10,2025,12,vida nocturna,espectaculos,musicales,extremadura,caceres,40586.0,223.0
ES,15,2025,12,vida nocturna,espectaculos,musicales,galicia,a coruna,5217.0,705.0
ES,07,2025,12,vida nocturna,espectaculos,musicales,illes balears,illes balears,89180.8,736.0
ES,26,2025,12,vida nocturna,espectaculos,musicales,la rioja,la rioja,42462.0,1011.0
ES,20,2025,12,vida nocturna,espectaculos,musicales,pais vasco,gipuzkoa,122304.0,1248.0
ES,33,2025,12,vida nocturna,espectaculos,musicales,principado de asturias,asturias,2200.0,110.0
ES,30,2025,12,vida nocturna,espectaculos,musicales,region de murcia,murcia,97911.0,989.0
