id_actividad,id_pais,id_ccaa,id_provincia,año,mes,categoria,producto,subcategoria,comunidad_autonoma,provincia,gasto_total_promedio,precio_medio_entrada_promedio,valoracion_por_categoria_promedio,valoracion_general_promedio,total_opiniones_categoria_promedio,hay_valoracion
1,ES,01,04,2023,7,paisaje naturaleza,actividades,actividades infantiles,andalucia,almeria,7455.0,125.0,4.32,4.19,23376,True
2,ES,01,11,2023,7,paisaje naturaleza,actividades,actividades infantiles,andalucia,cadiz,32707.5,949.5,4.27,4.26,12350,True
3,ES,01,14,2023,7,paisaje naturaleza,actividades,actividades infantiles,andalucia,cordoba,71552.5,1885.5,4.32,4.29,3767,True
4,ES,01,18,2023,7,paisaje naturaleza,actividades,actividades infantiles,andalucia,granada,14971.5,1034.5,4.52,4.37,18492,True
5,ES,01,21,2023,7,paisaje naturaleza,actividades,actividades infantiles,andalucia,huelva,106396.0,1588.0,4.12,4.11,8396,True
6,ES,01,23,2023,7,paisaje naturaleza,actividades,actividades infantiles,andalucia,jaen,27692.0,989.0,4.44,4.33,4366,True
7,ES,01,29,2023,7,paisaje naturaleza,actividades,actividades infantiles,andalucia,malaga,12816.0,1257.5,4.44,4.43,109648,True
8,ES,01,41,2023,7,paisaje naturaleza,actividades,actividades infantiles,andalucia,sevilla,119370.0,1264.0,4.47,4.34,21476,True
9,ES,02,22,2023,7,paisaje naturaleza,actividades,actividades infantiles,aragon,huesca,300.0,50.0,4.56,4.25,17445,True
10,ES,06,39,2023,7,paisaje naturaleza,actividades,actividades infantiles,cantabria,cantabria,1188.0,198.0,4.36,4.27,37946,True
11,ES,08,13,2023,7,paisaje naturaleza,actividades,actividades infantiles,castilla - la mancha,ciudad real,26312.0,2024.0,4.36,4.29,3026,True
12,ES,08,16,2023,7,paisaje naturaleza,actividades,actividades infantiles,castilla - la mancha,cuenca,1020.0,1020.0,4.42,4.19,3251,True
13,ES,07,09,2023,7,paisaje naturaleza,actividades,actividades infantiles,castilla y leon,burgos,55568.0,1208.0,4.44,4.28,6285,True
14,ES,07,24,2023,7,paisaje naturaleza,actividades,actividades infantiles,castilla y leon,leon,25256.0,616.0,4.52,4.21,4506,True
15,ES,07,47,2023,7,paisaje naturaleza,actividades,actividades infantiles,castilla y leon,valladolid,569359.0,1141.0,4.18,4.06,8696,True
16,ES,09,08,2023,7,paisaje naturaleza,actividades,actividades infantiles,cataluna,barcelona,272783.83,1121.67,4.13,4.05,200444,True
17,ES,09,17,2023,7,paisaje naturaleza,actividades,actividades infantiles,cataluna,girona,2528.0,2128.0,4.38,4.24,61683,True
18,ES,09,25,2023,7,paisaje naturaleza,actividades,actividades infantiles,cataluna,lleida,59204.0,3116.0,4.38,4.27,9898,True
19,ES,09,43,2023,7,paisaje naturaleza,actividades,actividades infantiles,cataluna,tarragona,74129.5,1491.0,4.26,4.2,33701,True
20,ES,13,28,2023,7,paisaje naturaleza,actividades,actividades infantiles,comunidad de madrid,madrid,98174.8,2115.2,4.19,4.1,121795,True
21,ES,15,31,2023,7,paisaje naturaleza,actividades,actividades infantiles,comunidad foral de navarra,navarra,862498.33,1733.33,4.33,4.23,7007,True
22,ES,10,03,2023,7,paisaje naturaleza,actividades,actividades infantiles,comunitat valenciana,alicante/alacant,11700.0,468.0,4.36,4.28,82424,True
23,ES,10,46,2023,7,paisaje naturaleza,actividades,actividades infantiles,comunitat valenciana,valencia/valencia,247640.0,1114.5,4.23,4.15,90776,True
24,ES,11,06,2023,7,paisaje naturaleza,actividades,actividades infantiles,extremadura,badajoz,70298.25,645.75,4.4,4.29,1116,True
25,ES,11,10,2023,7,paisaje naturaleza,actividades,actividades infantiles,extremadura,caceres,90508.0,4114.0,4.5,4.33,5814,True
26,ES,04,07,2023,7,paisaje naturaleza,actividades,actividades infantiles,illes balears,illes balears,109402.25,3066.75,4.42,4.33,203636,True
27,ES,17,26,2023,7,paisaje naturaleza,actividades,actividades infantiles,la rioja,la rioja,72096.0,751.0,4.4,4.31,18300,True
28,ES,16,01,2023,7,paisaje naturaleza,actividades,actividades infantiles,pais vasco,araba/alava,20787.0,533.0,4.66,4.41,11468,True
29,ES,16,48,2023,7,paisaje naturaleza,actividades,actividades infantiles,pais vasco,bizkaia,282340.0,6709.67,4.38,4.31,7925,True
30,ES,14,30,2023,7,paisaje naturaleza,actividades,actividades infantiles,region de murcia,murcia,1258864.0,1616.0,4.4,4.2,2633,True
31,ES,01,18,2023,7,servicios,actividades,cursos,andalucia,granada,300.0,150.0,4.47,4.37,1868,True
32,ES,01,23,2023,7,servicios,actividades,cursos,andalucia,jaen,27692.0,989.0,4.34,4.33,84,True
33,ES,01,41,2023,7,servicios,actividades,cursos,andalucia,sevilla,400.0,100.0,4.06,4.34,4859,True
34,ES,08,02,2023,7,servicios,actividades,cursos,castilla - la mancha,albacete,245.0,35.0,4.08,4.15,9,True
35,ES,08,16,2023,7,servicios,actividades,cursos,castilla - la mancha,cuenca,1020.0,1020.0,5.0,4.19,6,True
36,ES,09,08,2023,7,servicios,actividades,cursos,cataluna,barcelona,26184.0,6546.0,4.03,4.05,159935,True
37,ES,09,17,2023,7,servicios,actividades,cursos,cataluna,girona,1300.0,650.0,3.82,4.24,1146,True
38,ES,09,43,2023,7,servicios,actividades,cursos,cataluna,tarragona,1555.0,1555.0,3.44,4.2,9269,True
39,ES,13,28,2023,7,servicios,actividades,cursos,comunidad de madrid,madrid,15838.0,7919.0,3.92,4.1,42370,True
40,ES,15,31,2023,7,servicios,actividades,cursos,comunidad foral de navarra,navarra,1020.0,1020.0,1.93,4.23,108,True
41,ES,12,36,2023,7,servicios,actividades,cursos,galicia,pontevedra,1296.0,1296.0,4.14,4.17,1424,True
42,ES,04,07,2023,7,servicios,actividades,cursos,illes balears,illes balears,15408.71,1247.57,4.23,4.33,46354,True
43,ES,16,48,2023,7,servicios,actividades,cursos,pais vasco,bizkaia,15000.0,2500.0,4.03,4.31,13509,True
44,ES,14,30,2023,7,servicios,actividades,cursos,region de murcia,murcia,55083.5,2968.5,2.83,4.2,6,True
45,ES,01,23,2023,7,paisaje naturaleza,actividades,deportes y aventuras,andalucia,jaen,56205.0,3747.0,4.44,4.33,4366,True
46,ES,01,41,2023,7,paisaje naturaleza,actividades,deportes y aventuras,andalucia,sevilla,220.0,220.0,4.47,4.34,21476,True
47,ES,05,35,2023,7,paisaje naturaleza,actividades,deportes y aventuras,canarias,las palmas,2400.0,300.0,4.34,4.28,200378,True
48,ES,08,13,2023,7,paisaje naturaleza,actividades,deportes y aventuras,castilla - la mancha,ciudad real,26312.0,2024.0,4.36,4.29,3026,True
49,ES,08,16,2023,7,paisaje naturaleza,actividades,deportes y aventuras,castilla - la mancha,cuenca,2400.0,300.0,4.42,4.19,3251,True
50,ES,09,08,2023,7,paisaje naturaleza,actividades,deportes y aventuras,cataluna,barcelona,27584.5,1514.0,4.13,4.05,200444,True
51,ES,09,25,2023,7,paisaje naturaleza,actividades,deportes y aventuras,cataluna,lleida,59204.0,3116.0,4.38,4.27,9898,True
52,ES,13,28,2023,7,paisaje naturaleza,actividades,deportes y aventuras,comunidad de madrid,madrid,155835.0,1114.0,4.19,4.1,121795,True
53,ES,15,31,2023,7,paisaje naturaleza,actividades,deportes y aventuras,comunidad foral de navarra,navarra,624844.0,1291.0,4.33,4.23,7007,True
54,ES,11,06,2023,7,paisaje naturaleza,actividades,deportes y aventuras,extremadura,badajoz,209648.0,886.0,4.4,4.29,1116,True
55,ES,11,10,2023,7,paisaje naturaleza,actividades,deportes y aventuras,extremadura,caceres,353628.0,1786.0,4.5,4.33,5814,True
56,ES,04,07,2023,7,paisaje naturaleza,actividades,deportes y aventuras,illes balears,illes balears,10558.5,1151.0,4.42,4.33,203636,True
57,ES,16,48,2023,7,paisaje naturaleza,actividades,deportes y aventuras,pais vasco,bizkaia,11482.0,5741.0,4.38,4.31,7925,True
58,ES,16,20,2023,7,paisaje naturaleza,actividades,deportes y aventuras,pais vasco,gipuzkoa,55272.0,1316.0,4.61,4.41,26976,True
59,ES,14,30,2023,7,paisaje naturaleza,actividades,deportes y aventuras,region de murcia,murcia,1100.0,220.0,4.4,4.2,2633,True
60,ES,01,11,2023,7,comida y bebida,actividades,gastronomia,andalucia,cadiz,25185.0,3198.5,4.57,4.26,47,True
61,ES,01,41,2023,7,comida y bebida,actividades,gastronomia,andalucia,sevilla,249612.0,2013.0,4.76,4.34,8170,True
62,ES,02,50,2023,7,comida y bebida,actividades,gastronomia,aragon,zaragoza,11704.0,1463.0,4.03,4.21,35,True
63,ES,05,35,2023,7,comida y bebida,actividades,gastronomia,canarias,las palmas,37802.0,922.0,3.71,4.28,443,True
64,ES,05,38,2023,7,comida y bebida,actividades,gastronomia,canarias,santa cruz de tenerife,63626.0,2194.0,4.31,4.26,72,True
65,ES,08,16,2023,7,comida y bebida,actividades,gastronomia,castilla - la mancha,cuenca,1020.0,1020.0,4.68,4.19,102,True
66,ES,09,08,2023,7,comida y bebida,actividades,gastronomia,cataluna,barcelona,74754.0,687.5,4.67,4.05,3911,True
67,ES,09,17,2023,7,comida y bebida,actividades,gastronomia,cataluna,girona,65650.0,1357.5,4.57,4.24,183,True
68,ES,09,43,2023,7,comida y bebida,actividades,gastronomia,cataluna,tarragona,19992.0,1030.33,4.67,4.2,481,True
69,ES,13,28,2023,7,comida y bebida,actividades,gastronomia,comunidad de madrid,madrid,354432.0,2496.0,4.71,4.1,5856,True
70,ES,15,31,2023,7,comida y bebida,actividades,gastronomia,comunidad foral de navarra,navarra,2572.0,1025.5,4.63,4.23,135,True
71,ES,10,03,2023,7,comida y bebida,actividades,gastronomia,comunitat valenciana,alicante/alacant,17062.0,857.0,4.52,4.28,760,True
72,ES,04,07,2023,7,comida y bebida,actividades,gastronomia,illes balears,illes balears,42889.4,2730.2,4.86,4.33,2196,True
73,ES,01,41,2023,7,vida nocturna,espectaculos,cine,andalucia,sevilla,174264.0,548.0,4.05,4.34,39053,True
74,ES,02,22,2023,7,vida nocturna,espectaculos,cine,aragon,huesca,2560.0,80.0,3.85,4.25,1293,True
75,ES,05,35,2023,7,vida nocturna,espectaculos,cine,canarias,las palmas,120.0,60.0,4.24,4.28,129544,True
76,ES,09,08,2023,7,vida nocturna,espectaculos,cine,cataluna,barcelona,277544.0,1152.0,3.95,4.05,119743,True
77,ES,09,17,2023,7,vida nocturna,espectaculos,cine,cataluna,girona,100.0,50.0,3.8,4.24,12856,True
78,ES,04,07,2023,7,vida nocturna,espectaculos,cine,illes balears,illes balears,120.0,30.0,4.12,4.33,122452,True
79,ES,05,35,2023,7,otros,espectaculos,conferencias,canarias,las palmas,39928.5,930.5,4.32,4.28,176,True
80,ES,08,16,2023,7,otros,espectaculos,conferencias,castilla - la mancha,cuenca,61457.0,1661.0,4.51,4.19,3406,True
81,ES,09,08,2023,7,otros,espectaculos,conferencias,cataluna,barcelona,471932.0,929.0,3.9,4.05,2019,True
82,ES,09,43,2023,7,otros,espectaculos,conferencias,cataluna,tarragona,2850.0,475.0,4.01,4.2,1769,True
83,ES,13,28,2023,7,otros,espectaculos,conferencias,comunidad de madrid,madrid,14301.0,1358.0,3.97,4.1,1624,True
84,ES,01,04,2023,7,paisaje urbano,espectaculos,"cultura, teatro y danza",andalucia,almeria,855767.5,1201.25,4.25,4.19,14318,True
85,ES,01,11,2023,7,paisaje urbano,espectaculos,"cultura, teatro y danza",andalucia,cadiz,4314.5,163.5,4.35,4.26,8809,True
86,ES,01,14,2023,7,paisaje urbano,espectaculos,"cultura, teatro y danza",andalucia,cordoba,61899.0,1317.0,4.3,4.29,93962,True
87,ES,01,18,2023,7,paisaje urbano,espectaculos,"cultura, teatro y danza",andalucia,granada,24137.0,799.75,4.35,4.37,153042,True
88,ES,01,21,2023,7,paisaje urbano,espectaculos,"cultura, teatro y danza",andalucia,huelva,106396.0,1588.0,4.23,4.11,9984,True
89,ES,01,23,2023,7,paisaje urbano,espectaculos,"cultura, teatro y danza",andalucia,jaen,147334.0,3982.0,4.3,4.33,16236,True
90,ES,01,29,2023,7,paisaje urbano,espectaculos,"cultura, teatro y danza",andalucia,malaga,2522886.0,920.0,4.43,4.43,158253,True
91,ES,01,41,2023,7,paisaje urbano,espectaculos,"cultura, teatro y danza",andalucia,sevilla,83530.33,571.33,4.41,4.34,218279,True
92,ES,02,50,2023,7,paisaje urbano,espectaculos,"cultura, teatro y danza",aragon,zaragoza,2988.0,128.5,4.34,4.21,41352,True
93,ES,05,35,2023,7,paisaje urbano,espectaculos,"cultura, teatro y danza",canarias,las palmas,386861.33,607.33,4.27,4.28,51395,True
94,ES,05,38,2023,7,paisaje urbano,espectaculos,"cultura, teatro y danza",canarias,santa cruz de tenerife,108512.0,1624.0,4.28,4.26,66584,True
95,ES,06,39,2023,7,paisaje urbano,espectaculos,"cultura, teatro y danza",cantabria,cantabria,31680.0,132.0,4.28,4.27,27507,True
96,ES,08,02,2023,7,paisaje urbano,espectaculos,"cultura, teatro y danza",castilla - la mancha,albacete,55677.0,831.0,4.09,4.15,3663,True
97,ES,08,13,2023,7,paisaje urbano,espectaculos,"cultura, teatro y danza",castilla - la mancha,ciudad real,1980.0,792.0,4.33,4.29,7266,True
98,ES,08,16,2023,7,paisaje urbano,espectaculos,"cultura, teatro y danza",castilla - la mancha,cuenca,4527.5,1035.5,4.27,4.19,13771,True
99,ES,08,19,2023,7,paisaje urbano,espectaculos,"cultura, teatro y danza",castilla - la mancha,guadalajara,87240.0,30.0,4.18,4.04,6159,True
100,ES,07,05,2023,7,paisaje urbano,espectaculos,"cultura, teatro y danza",castilla y leon,avila,57015.0,1267.0,4.42,4.23,13407,True
101,ES,07,09,2023,7,paisaje urbano,espectaculos,"cultura, teatro y danza",castilla y leon,burgos,6201.0,2067.0,4.35,4.28,19776,True
102,ES,07,37,2023,7,paisaje urbano,espectaculos,"cultura, teatro y danza",castilla y leon,salamanca,72840.33,203.67,4.24,4.17,31972,True
103,ES,07,47,2023,7,paisaje urbano,espectaculos,"cultura, teatro y danza",castilla y leon,valladolid,202600.5,1205.5,4.14,4.06,13695,True
104,ES,09,08,2023,7,paisaje urbano,espectaculos,"cultura, teatro y danza",cataluna,barcelona,546691.7,767.4,4.07,4.05,732080,True
105,ES,09,17,2023,7,paisaje urbano,espectaculos,"cultura, teatro y danza",cataluna,girona,52194.67,743.33,4.24,4.24,50915,True
106,ES,09,25,2023,7,paisaje urbano,espectaculos,"cultura, teatro y danza",cataluna,lleida,59297.0,1379.0,4.29,4.27,7171,True
107,ES,09,43,2023,7,paisaje urbano,espectaculos,"cultura, teatro y danza",cataluna,tarragona,113763.0,2145.75,4.23,4.2,53439,True
108,ES,13,28,2023,7,paisaje urbano,espectaculos,"cultura, teatro y danza",comunidad de madrid,madrid,400106.83,1020.33,4.15,4.1,458466,True
109,ES,15,31,2023,7,paisaje urbano,espectaculos,"cultura, teatro y danza",comunidad foral de navarra,navarra,57630.33,7200.33,4.25,4.23,19680,True
110,ES,10,03,2023,7,paisaje urbano,espectaculos,"cultura, teatro y danza",comunitat valenciana,alicante/alacant,29744.67,321.0,4.28,4.28,67888,True
111,ES,10,46,2023,7,paisaje urbano,espectaculos,"cultura, teatro y danza",comunitat valenciana,valencia/valencia,383055.0,1255.67,4.25,4.15,114505,True
112,ES,11,06,2023,7,paisaje urbano,espectaculos,"cultura, teatro y danza",extremadura,badajoz,19880.0,1297.5,4.26,4.29,18348,True
113,ES,11,10,2023,7,paisaje urbano,espectaculos,"cultura, teatro y danza",extremadura,caceres,4500.0,100.0,4.31,4.33,23514,True
114,ES,12,15,2023,7,paisaje urbano,espectaculos,"cultura, teatro y danza",galicia,a coruna,13688.5,3580.5,4.26,4.21,50198,True
115,ES,12,27,2023,7,paisaje urbano,espectaculos,"cultura, teatro y danza",galicia,lugo,160.0,40.0,4.33,4.28,8872,True
116,ES,12,36,2023,7,paisaje urbano,espectaculos,"cultura, teatro y danza",galicia,pontevedra,751054.5,897.5,4.07,4.17,15892,True
117,ES,04,07,2023,7,paisaje urbano,espectaculos,"cultura, teatro y danza",illes balears,illes balears,136190.12,1227.12,4.21,4.33,107418,True
118,ES,17,26,2023,7,paisaje urbano,espectaculos,"cultura, teatro y danza",la rioja,la rioja,211831.5,1765.5,4.29,4.31,11493,True
119,ES,16,01,2023,7,paisaje urbano,espectaculos,"cultura, teatro y danza",pais vasco,araba/alava,10702.0,179.0,4.46,4.41,7811,True
120,ES,16,48,2023,7,paisaje urbano,espectaculos,"cultura, teatro y danza",pais vasco,bizkaia,356774.0,776.5,4.38,4.31,56425,True
121,ES,16,20,2023,7,paisaje urbano,espectaculos,"cultura, teatro y danza",pais vasco,gipuzkoa,86088.0,776.0,4.43,4.41,26949,True
122,ES,03,33,2023,7,paisaje urbano,espectaculos,"cultura, teatro y danza",principado de asturias,asturias,2376.0,198.0,4.37,4.35,40762,True
123,ES,14,30,2023,7,paisaje urbano,espectaculos,"cultura, teatro y danza",region de murcia,murcia,935556.0,1471.0,4.32,4.2,9308,True
124,ES,13,28,2023,7,compras,espectaculos,ferias,comunidad de madrid,madrid,17800.0,2225.0,3.83,4.1,89796,True
125,ES,07,37,2023,7,paisaje urbano,espectaculos,museo y exposiciones,castilla y leon,salamanca,136041.0,331.0,4.24,4.17,31972,True
126,ES,09,08,2023,7,paisaje urbano,espectaculos,museo y exposiciones,cataluna,barcelona,8769.0,818.0,4.07,4.05,732080,True
127,ES,09,43,2023,7,paisaje urbano,espectaculos,museo y exposiciones,cataluna,tarragona,17208.0,2151.0,4.23,4.2,53439,True
128,ES,10,03,2023,7,paisaje urbano,espectaculos,museo y exposiciones,comunitat valenciana,alicante/alacant,11700.0,468.0,4.28,4.28,67888,True
129,ES,10,46,2023,7,paisaje urbano,espectaculos,museo y exposiciones,comunitat valenciana,valencia/valencia,66798.0,1237.0,4.25,4.15,114505,True
130,ES,12,15,2023,7,paisaje urbano,espectaculos,museo y exposiciones,galicia,a coruna,23576.0,5894.0,4.26,4.21,50198,True
131,ES,12,27,2023,7,paisaje urbano,espectaculos,museo y exposiciones,galicia,lugo,160.0,40.0,4.33,4.28,8872,True
132,ES,04,07,2023,7,paisaje urbano,espectaculos,museo y exposiciones,illes balears,illes balears,2072.0,518.0,4.21,4.33,107418,True
133,ES,16,01,2023,7,paisaje urbano,espectaculos,museo y exposiciones,pais vasco,araba/alava,11948.0,412.0,4.46,4.41,7811,True
134,ES,16,48,2023,7,paisaje urbano,espectaculos,museo y exposiciones,pais vasco,bizkaia,618048.0,928.0,4.38,4.31,56425,True
135,ES,01,04,2023,7,vida nocturna,espectaculos,musica,andalucia,almeria,1146958.33,1321.83,3.72,4.19,5362,True
136,ES,01,11,2023,7,vida nocturna,espectaculos,musica,andalucia,cadiz,375798.89,1649.89,4.08,4.26,2343,True
137,ES,01,14,2023,7,vida nocturna,espectaculos,musica,andalucia,cordoba,129651.17,1568.5,4.3,4.29,1908,True
138,ES,01,18,2023,7,vida nocturna,espectaculos,musica,andalucia,granada,306286.38,1806.38,3.92,4.37,10900,True
139,ES,01,21,2023,7,vida nocturna,espectaculos,musica,andalucia,huelva,14154.0,1011.0,4.03,4.11,1623,True
140,ES,01,23,2023,7,vida nocturna,espectaculos,musica,andalucia,jaen,299137.0,1709.14,4.0,4.33,992,True
141,ES,01,29,2023,7,vida nocturna,espectaculos,musica,andalucia,malaga,763325.56,1759.44,4.3,4.43,56036,True
142,ES,01,41,2023,7,vida nocturna,espectaculos,musica,andalucia,sevilla,934062.67,707.33,4.05,4.34,39053,True
143,ES,02,22,2023,7,vida nocturna,espectaculos,musica,aragon,huesca,27594.0,1533.0,3.85,4.25,1293,True
144,ES,02,44,2023,7,vida nocturna,espectaculos,musica,aragon,teruel,62036.5,2380.0,4.35,4.28,950,True
145,ES,02,50,2023,7,vida nocturna,espectaculos,musica,aragon,zaragoza,291533.0,1505.71,3.75,4.21,1614,True
146,ES,05,35,2023,7,vida nocturna,espectaculos,musica,canarias,las palmas,373714.14,736.71,4.24,4.28,129544,True
147,ES,05,38,2023,7,vida nocturna,espectaculos,musica,canarias,santa cruz de tenerife,290672.38,1547.69,4.06,4.26,62671,True
148,ES,06,39,2023,7,vida nocturna,espectaculos,musica,cantabria,cantabria,56899.0,2590.67,4.02,4.27,5819,True
149,ES,08,02,2023,7,vida nocturna,espectaculos,musica,castilla - la mancha,albacete,55484.5,400.5,4.21,4.15,573,True
150,ES,08,13,2023,7,vida nocturna,espectaculos,musica,castilla - la mancha,ciudad real,222238.33,1388.33,4.17,4.29,385,True
151,ES,08,16,2023,7,vida nocturna,espectaculos,musica,castilla - la mancha,cuenca,651227.0,2351.0,3.91,4.19,760,True
152,ES,08,19,2023,7,vida nocturna,espectaculos,musica,castilla - la mancha,guadalajara,129619.33,867.67,3.23,4.04,447,True
153,ES,08,45,2023,7,vida nocturna,espectaculos,musica,castilla - la mancha,toledo,73905.0,5685.0,3.99,4.18,434,True
154,ES,07,05,2023,7,vida nocturna,espectaculos,musica,castilla y leon,avila,126616.0,2261.0,4.04,4.23,397,True
155,ES,07,09,2023,7,vida nocturna,espectaculos,musica,castilla y leon,burgos,150628.4,1190.8,3.95,4.28,970,True
156,ES,07,24,2023,7,vida nocturna,espectaculos,musica,castilla y leon,leon,134013.0,1441.0,3.97,4.21,1480,True
157,ES,07,37,2023,7,vida nocturna,espectaculos,musica,castilla y leon,salamanca,14057735.0,1103.0,3.66,4.17,3701,True
158,ES,07,40,2023,7,vida nocturna,espectaculos,musica,castilla y leon,segovia,310.0,155.0,3.91,4.07,263,True
159,ES,07,42,2023,7,vida nocturna,espectaculos,musica,castilla y leon,soria,3410.0,110.0,4.2,3.97,154,True
160,ES,07,47,2023,7,vida nocturna,espectaculos,musica,castilla y leon,valladolid,887112.67,2778.67,4.01,4.06,1293,True
161,ES,07,49,2023,7,vida nocturna,espectaculos,musica,castilla y leon,zamora,36399.0,1103.0,4.27,4.17,462,True
162,ES,09,08,2023,7,vida nocturna,espectaculos,musica,cataluna,barcelona,844822.43,1658.9,3.95,4.05,119743,True
163,ES,09,17,2023,7,vida nocturna,espectaculos,musica,cataluna,girona,188796.47,1270.11,3.8,4.24,12856,True
164,ES,09,25,2023,7,vida nocturna,espectaculos,musica,cataluna,lleida,202674.5,1830.5,3.84,4.27,1184,True
165,ES,09,43,2023,7,vida nocturna,espectaculos,musica,cataluna,tarragona,255957.85,942.65,4.1,4.2,22730,True
166,ES,18,51,2023,7,vida nocturna,espectaculos,musica,ceuta,ceuta,6048.0,96.0,0.0,0.0,0,False
167,ES,13,28,2023,7,vida nocturna,espectaculos,musica,comunidad de madrid,madrid,1790684.75,970.88,3.85,4.1,100430,True
168,ES,15,31,2023,7,vida nocturna,espectaculos,musica,comunidad foral de navarra,navarra,463272.57,2027.14,3.72,4.23,2565,True
169,ES,10,03,2023,7,vida nocturna,espectaculos,musica,comunitat valenciana,alicante/alacant,120728.31,1496.85,4.03,4.28,84389,True
170,ES,10,12,2023,7,vida nocturna,espectaculos,musica,comunitat valenciana,castellon/castello,33561.0,1056.0,3.88,4.2,2406,True
171,ES,10,46,2023,7,vida nocturna,espectaculos,musica,comunitat valenciana,valencia/valencia,1036629.0,1496.2,3.72,4.15,9307,True
172,ES,11,06,2023,7,vida nocturna,espectaculos,musica,extremadura,badajoz,16551.25,1278.0,4.31,4.29,2109,True
173,ES,11,10,2023,7,vida nocturna,espectaculos,musica,extremadura,caceres,67657.25,788.75,3.95,4.33,1377,True
174,ES,12,15,2023,7,vida nocturna,espectaculos,musica,galicia,a coruna,375328.12,877.62,3.74,4.21,5653,True
175,ES,12,27,2023,7,vida nocturna,espectaculos,musica,galicia,lugo,1790.0,236.0,4.18,4.28,502,True
176,ES,12,32,2023,7,vida nocturna,espectaculos,musica,galicia,ourense,10360.0,280.0,3.7,4.15,660,True
177,ES,12,36,2023,7,vida nocturna,espectaculos,musica,galicia,pontevedra,429890.57,1298.71,4.0,4.17,3092,True
178,ES,04,07,2023,7,vida nocturna,espectaculos,musica,illes balears,illes balears,399790.59,1656.69,4.12,4.33,122452,True
179,ES,17,26,2023,7,vida nocturna,espectaculos,musica,la rioja,la rioja,87169.0,1596.33,3.69,4.31,1866,True
180,ES,16,01,2023,7,vida nocturna,espectaculos,musica,pais vasco,araba/alava,33573.0,1083.0,3.82,4.41,1138,True
181,ES,16,48,2023,7,vida nocturna,espectaculos,musica,pais vasco,bizkaia,103964.25,1313.25,4.21,4.31,5615,True
182,ES,16,20,2023,7,vida nocturna,espectaculos,musica,pais vasco,gipuzkoa,113188.0,1495.67,4.14,4.41,5503,True
183,ES,03,33,2023,7,vida nocturna,espectaculos,musica,principado de asturias,asturias,143701.0,1022.33,4.18,4.35,9626,True
184,ES,14,30,2023,7,vida nocturna,espectaculos,musica,region de murcia,murcia,180908.67,1002.0,3.62,4.2,1488,True
185,ES,01,04,2023,7,vida nocturna,espectaculos,musicales,andalucia,almeria,7455.0,125.0,3.72,4.19,5362,True
186,ES,01,18,2023,7,vida nocturna,espectaculos,musicales,andalucia,granada,7095.0,165.0,3.92,4.37,10900,True
187,ES,01,29,2023,7,vida nocturna,espectaculos,musicales,andalucia,malaga,13554.0,502.0,4.3,4.43,56036,True
188,ES,05,35,2023,7,vida nocturna,espectaculos,musicales,canarias,las palmas,24526.0,535.5,4.24,4.28,129544,True
189,ES,05,38,2023,7,vida nocturna,espectaculos,musicales,canarias,santa cruz de tenerife,240.0,80.0,4.06,4.26,62671,True
190,ES,06,39,2023,7,vida nocturna,espectaculos,musicales,cantabria,cantabria,1188.0,198.0,4.02,4.27,5819,True
191,ES,07,37,2023,7,vida nocturna,espectaculos,musicales,castilla y leon,salamanca,80800.0,200.0,3.66,4.17,3701,True
192,ES,07,47,2023,7,vida nocturna,espectaculos,musicales,castilla y leon,valladolid,1440.0,160.0,4.01,4.06,1293,True
193,ES,09,08,2023,7,vida nocturna,espectaculos,musicales,cataluna,barcelona,1582266.0,1119.0,3.95,4.05,119743,True
194,ES,09,17,2023,7,vida nocturna,espectaculos,musicales,cataluna,girona,19520.0,80.0,3.8,4.24,12856,True
195,ES,09,43,2023,7,vida nocturna,espectaculos,musicales,cataluna,tarragona,150731.0,2471.0,4.1,4.2,22730,True
196,ES,13,28,2023,7,vida nocturna,espectaculos,musicales,comunidad de madrid,madrid,29358.67,892.67,3.85,4.1,100430,True
197,ES,10,46,2023,7,vida nocturna,espectaculos,musicales,comunitat valenciana,valencia/valencia,64445.5,949.5,3.72,4.15,9307,True
198,ES,11,06,2023,7,vida nocturna,espectaculos,musicales,extremadura,badajoz,800.0,160.0,4.31,4.29,2109,True
199,ES,04,07,2023,7,vida nocturna,espectaculos,musicales,illes balears,illes balears,400449.5,2845.0,4.12,4.33,122452,True
200,ES,08,13,2023,7,paisaje naturaleza,espectaculos,parques tematicos,castilla - la mancha,ciudad real,26312.0,2024.0,4.36,4.29,3026,True
201,ES,09,25,2023,7,paisaje naturaleza,espectaculos,parques tematicos,cataluna,lleida,59204.0,3116.0,4.38,4.27,9898,True
202,ES,13,28,2023,7,paisaje naturaleza,espectaculos,parques tematicos,comunidad de madrid,madrid,305664.0,512.0,4.19,4.1,121795,True
203,ES,01,11,2023,8,paisaje naturaleza,actividades,actividades infantiles,andalucia,cadiz,31536.0,2628.0,4.27,4.26,12350,True
204,ES,01,14,2023,8,paisaje naturaleza,actividades,actividades infantiles,andalucia,cordoba,569927.5,2602.5,4.32,4.29,3767,True
205,ES,01,21,2023,8,paisaje naturaleza,actividades,actividades infantiles,andalucia,huelva,680.0,170.0,4.12,4.11,8396,True
206,ES,01,23,2023,8,paisaje naturaleza,actividades,actividades infantiles,andalucia,jaen,3928.0,982.0,4.44,4.33,4366,True
207,ES,01,29,2023,8,paisaje naturaleza,actividades,actividades infantiles,andalucia,malaga,157943.0,2677.0,4.44,4.43,109648,True
208,ES,01,41,2023,8,paisaje naturaleza,actividades,actividades infantiles,andalucia,sevilla,147814.0,1423.5,4.47,4.34,21476,True
209,ES,02,22,2023,8,paisaje naturaleza,actividades,actividades infantiles,aragon,huesca,7150.0,50.0,4.56,4.25,17445,True
210,ES,02,50,2023,8,paisaje naturaleza,actividades,actividades infantiles,aragon,zaragoza,29397.0,717.0,4.36,4.21,5888,True
211,ES,06,39,2023,8,paisaje naturaleza,actividades,actividades infantiles,cantabria,cantabria,1782.0,198.0,4.36,4.27,37946,True
212,ES,08,13,2023,8,paisaje naturaleza,actividades,actividades infantiles,castilla - la mancha,ciudad real,8224.0,2056.0,4.36,4.29,3026,True
213,ES,08,45,2023,8,paisaje naturaleza,actividades,actividades infantiles,castilla - la mancha,toledo,128799.0,1301.0,4.16,4.18,1715,True
214,ES,07,09,2023,8,paisaje naturaleza,actividades,actividades infantiles,castilla y leon,burgos,371007.0,1057.0,4.44,4.28,6285,True
215,ES,09,08,2023,8,paisaje naturaleza,actividades,actividades infantiles,cataluna,barcelona,89107.75,2243.88,4.13,4.05,200444,True
216,ES,09,17,2023,8,paisaje naturaleza,actividades,actividades infantiles,cataluna,girona,27557.0,1317.0,4.38,4.24,61683,True
217,ES,09,43,2023,8,paisaje naturaleza,actividades,actividades infantiles,cataluna,tarragona,146090.0,1201.33,4.26,4.2,33701,True
218,ES,13,28,2023,8,paisaje naturaleza,actividades,actividades infantiles,comunidad de madrid,madrid,64579.0,1776.0,4.19,4.1,121795,True
219,ES,15,31,2023,8,paisaje naturaleza,actividades,actividades infantiles,comunidad foral de navarra,navarra,99589.5,1230.5,4.33,4.23,7007,True
220,ES,10,03,2023,8,paisaje naturaleza,actividades,actividades infantiles,comunitat valenciana,alicante/alacant,14736.0,2456.0,4.36,4.28,82424,True
221,ES,10,46,2023,8,paisaje naturaleza,actividades,actividades infantiles,comunitat valenciana,valencia/valencia,19572.0,656.0,4.23,4.15,90776,True
222,ES,11,06,2023,8,paisaje naturaleza,actividades,actividades infantiles,extremadura,badajoz,13029.0,756.25,4.4,4.29,1116,True
223,ES,11,10,2023,8,paisaje naturaleza,actividades,actividades infantiles,extremadura,caceres,6070.5,1671.5,4.5,4.33,5814,True
224,ES,12,27,2023,8,paisaje naturaleza,actividades,actividades infantiles,galicia,lugo,1155.0,165.0,4.57,4.28,8089,True
225,ES,12,32,2023,8,paisaje naturaleza,actividades,actividades infantiles,galicia,ourense,2475.0,165.0,4.42,4.15,1840,True
226,ES,04,07,2023,8,paisaje naturaleza,actividades,actividades infantiles,illes balears,illes balears,71058.75,3479.25,4.42,4.33,203636,True
227,ES,17,26,2023,8,paisaje naturaleza,actividades,actividades infantiles,la rioja,la rioja,8634.0,783.0,4.4,4.31,18300,True
228,ES,16,01,2023,8,paisaje naturaleza,actividades,actividades infantiles,pais vasco,araba/alava,26779.0,439.0,4.66,4.41,11468,True
229,ES,16,48,2023,8,paisaje naturaleza,actividades,actividades infantiles,pais vasco,bizkaia,440171.67,10720.67,4.38,4.31,7925,True
230,ES,16,20,2023,8,paisaje naturaleza,actividades,actividades infantiles,pais vasco,gipuzkoa,480.0,160.0,4.61,4.41,26976,True
231,ES,14,30,2023,8,paisaje naturaleza,actividades,actividades infantiles,region de murcia,murcia,551363.0,2575.0,4.4,4.2,2633,True
232,ES,01,23,2023,8,servicios,actividades,cursos,andalucia,jaen,3928.0,982.0,4.34,4.33,84,True
233,ES,01,29,2023,8,servicios,actividades,cursos,andalucia,malaga,20370.0,485.0,4.62,4.43,51898,True
234,ES,05,35,2023,8,servicios,actividades,cursos,canarias,las palmas,7859.0,7859.0,3.72,4.28,2863,True
235,ES,05,38,2023,8,servicios,actividades,cursos,canarias,santa cruz de tenerife,2616.0,1635.0,3.86,4.26,3753,True
236,ES,08,45,2023,8,servicios,actividades,cursos,castilla - la mancha,toledo,4840.0,220.0,3.33,4.18,29,True
237,ES,09,08,2023,8,servicios,actividades,cursos,cataluna,barcelona,136702.0,5298.0,4.03,4.05,159935,True
238,ES,09,43,2023,8,servicios,actividades,cursos,cataluna,tarragona,1220.0,1220.0,3.44,4.2,9269,True
239,ES,13,28,2023,8,servicios,actividades,cursos,comunidad de madrid,madrid,64818.0,10803.0,3.92,4.1,42370,True
240,ES,12,15,2023,8,servicios,actividades,cursos,galicia,a coruna,19431.0,6477.0,4.04,4.21,605,True
241,ES,04,07,2023,8,servicios,actividades,cursos,illes balears,illes balears,9982.0,758.62,4.23,4.33,46354,True
242,ES,16,48,2023,8,servicios,actividades,cursos,pais vasco,bizkaia,1350.0,1350.0,4.03,4.31,13509,True
243,ES,01,04,2023,8,paisaje naturaleza,actividades,deportes y aventuras,andalucia,almeria,3619.0,517.0,4.32,4.19,23376,True
244,ES,01,18,2023,8,paisaje naturaleza,actividades,deportes y aventuras,andalucia,granada,4144.0,518.0,4.52,4.37,18492,True
245,ES,01,29,2023,8,paisaje naturaleza,actividades,deportes y aventuras,andalucia,malaga,181496.0,3241.0,4.44,4.43,109648,True
246,ES,02,50,2023,8,paisaje naturaleza,actividades,deportes y aventuras,aragon,zaragoza,1350.0,50.0,4.36,4.21,5888,True
247,ES,08,13,2023,8,paisaje naturaleza,actividades,deportes y aventuras,castilla - la mancha,ciudad real,8224.0,2056.0,4.36,4.29,3026,True
248,ES,07,42,2023,8,paisaje naturaleza,actividades,deportes y aventuras,castilla y leon,soria,156228.0,564.0,4.14,3.97,2792,True
249,ES,09,08,2023,8,paisaje naturaleza,actividades,deportes y aventuras,cataluna,barcelona,159939.0,4101.0,4.13,4.05,200444,True
250,ES,09,17,2023,8,paisaje naturaleza,actividades,deportes y aventuras,cataluna,girona,4828.0,2414.0,4.38,4.24,61683,True
251,ES,13,28,2023,8,paisaje naturaleza,actividades,deportes y aventuras,comunidad de madrid,madrid,774345.0,3705.0,4.19,4.1,121795,True
252,ES,15,31,2023,8,paisaje naturaleza,actividades,deportes y aventuras,comunidad foral de navarra,navarra,1638.0,126.0,4.33,4.23,7007,True
253,ES,11,06,2023,8,paisaje naturaleza,actividades,deportes y aventuras,extremadura,badajoz,30269.33,782.67,4.4,4.29,1116,True
254,ES,11,10,2023,8,paisaje naturaleza,actividades,deportes y aventuras,extremadura,caceres,167978.0,1787.0,4.5,4.33,5814,True
255,ES,12,15,2023,8,paisaje naturaleza,actividades,deportes y aventuras,galicia,a coruna,500.0,100.0,4.39,4.21,18974,True
256,ES,04,07,2023,8,paisaje naturaleza,actividades,deportes y aventuras,illes balears,illes balears,9961.5,748.5,4.42,4.33,203636,True
257,ES,16,48,2023,8,paisaje naturaleza,actividades,deportes y aventuras,pais vasco,bizkaia,51576.0,1842.0,4.38,4.31,7925,True
258,ES,03,33,2023,8,paisaje naturaleza,actividades,deportes y aventuras,principado de asturias,asturias,27996.0,9332.0,4.42,4.35,44006,True
259,ES,01,11,2023,8,comida y bebida,actividades,gastronomia,andalucia,cadiz,5600.0,560.0,4.57,4.26,47,True
260,ES,01,29,2023,8,comida y bebida,actividades,gastronomia,andalucia,malaga,1473.0,1473.0,4.84,4.43,1395,True
261,ES,01,41,2023,8,comida y bebida,actividades,gastronomia,andalucia,sevilla,337512.0,2009.0,4.76,4.34,8170,True
262,ES,02,22,2023,8,comida y bebida,actividades,gastronomia,aragon,huesca,58292.0,2242.0,4.6,4.25,40,True
263,ES,02,50,2023,8,comida y bebida,actividades,gastronomia,aragon,zaragoza,30944.0,1934.0,4.03,4.21,35,True
264,ES,05,35,2023,8,comida y bebida,actividades,gastronomia,canarias,las palmas,28149.0,853.0,3.71,4.28,443,True
265,ES,09,08,2023,8,comida y bebida,actividades,gastronomia,cataluna,barcelona,395930.67,1202.67,4.67,4.05,3911,True
266,ES,09,17,2023,8,comida y bebida,actividades,gastronomia,cataluna,girona,35441.5,1669.0,4.57,4.24,183,True
267,ES,09,43,2023,8,comida y bebida,actividades,gastronomia,cataluna,tarragona,136408.0,2006.0,4.67,4.2,481,True
268,ES,13,28,2023,8,comida y bebida,actividades,gastronomia,comunidad de madrid,madrid,31734.0,1548.0,4.71,4.1,5856,True
269,ES,15,31,2023,8,comida y bebida,actividades,gastronomia,comunidad foral de navarra,navarra,17527.0,1031.0,4.63,4.23,135,True
270,ES,10,03,2023,8,comida y bebida,actividades,gastronomia,comunitat valenciana,alicante/alacant,1500.0,150.0,4.52,4.28,760,True
271,ES,10,12,2023,8,comida y bebida,actividades,gastronomia,comunitat valenciana,castellon/castello,68544.0,504.0,0.0,0.0,0,False
272,ES,10,46,2023,8,comida y bebida,actividades,gastronomia,comunitat valenciana,valencia/valencia,10388.0,2597.0,4.79,4.15,369,True
273,ES,04,07,2023,8,comida y bebida,actividades,gastronomia,illes balears,illes balears,14147.5,527.5,4.86,4.33,2196,True
274,ES,17,26,2023,8,comida y bebida,actividades,gastronomia,la rioja,la rioja,9362.0,302.0,4.62,4.31,110,True
275,ES,14,30,2023,8,comida y bebida,actividades,gastronomia,region de murcia,murcia,210.0,70.0,3.99,4.2,320,True
276,ES,01,41,2023,8,vida nocturna,espectaculos,cine,andalucia,sevilla,120802.0,374.0,4.05,4.34,39053,True
277,ES,02,22,2023,8,vida nocturna,espectaculos,cine,aragon,huesca,322875.0,1125.0,3.85,4.25,1293,True
278,ES,02,50,2023,8,vida nocturna,espectaculos,cine,aragon,zaragoza,41741.0,623.0,3.75,4.21,1614,True
279,ES,05,35,2023,8,vida nocturna,espectaculos,cine,canarias,las palmas,8568.0,612.0,4.24,4.28,129544,True
280,ES,08,02,2023,8,vida nocturna,espectaculos,cine,castilla - la mancha,albacete,6846.0,326.0,4.21,4.15,573,True
281,ES,09,08,2023,8,vida nocturna,espectaculos,cine,cataluna,barcelona,23167.67,590.33,3.95,4.05,119743,True
282,ES,09,43,2023,8,vida nocturna,espectaculos,cine,cataluna,tarragona,50472.0,701.0,4.1,4.2,22730,True
283,ES,13,28,2023,8,vida nocturna,espectaculos,cine,comunidad de madrid,madrid,5463.0,1821.0,3.85,4.1,100430,True
284,ES,04,07,2023,8,vida nocturna,espectaculos,cine,illes balears,illes balears,30.0,30.0,4.12,4.33,122452,True
285,ES,16,20,2023,8,vida nocturna,espectaculos,cine,pais vasco,gipuzkoa,1740.0,60.0,4.14,4.41,5503,True
286,ES,05,35,2023,8,otros,espectaculos,conferencias,canarias,las palmas,21000.0,200.0,4.32,4.28,176,True
287,ES,09,43,2023,8,otros,espectaculos,conferencias,cataluna,tarragona,46002.0,7667.0,4.01,4.2,1769,True
288,ES,13,28,2023,8,otros,espectaculos,conferencias,comunidad de madrid,madrid,266497.0,24227.0,3.97,4.1,1624,True
289,ES,01,04,2023,8,paisaje urbano,espectaculos,"cultura, teatro y danza",andalucia,almeria,1074118.5,2136.0,4.25,4.19,14318,True
290,ES,01,11,2023,8,paisaje urbano,espectaculos,"cultura, teatro y danza",andalucia,cadiz,65036.5,841.0,4.35,4.26,8809,True
291,ES,01,14,2023,8,paisaje urbano,espectaculos,"cultura, teatro y danza",andalucia,cordoba,1476176.0,1222.0,4.3,4.29,93962,True
292,ES,01,18,2023,8,paisaje urbano,espectaculos,"cultura, teatro y danza",andalucia,granada,154432.67,1699.67,4.35,4.37,153042,True
293,ES,01,21,2023,8,paisaje urbano,espectaculos,"cultura, teatro y danza",andalucia,huelva,680.0,170.0,4.23,4.11,9984,True
294,ES,01,23,2023,8,paisaje urbano,espectaculos,"cultura, teatro y danza",andalucia,jaen,56896.0,3556.0,4.3,4.33,16236,True
295,ES,01,29,2023,8,paisaje urbano,espectaculos,"cultura, teatro y danza",andalucia,malaga,701394.0,1682.0,4.43,4.43,158253,True
296,ES,01,41,2023,8,paisaje urbano,espectaculos,"cultura, teatro y danza",andalucia,sevilla,961408.0,1790.5,4.41,4.34,218279,True
297,ES,02,50,2023,8,paisaje urbano,espectaculos,"cultura, teatro y danza",aragon,zaragoza,58410.0,1143.0,4.34,4.21,41352,True
298,ES,05,35,2023,8,paisaje urbano,espectaculos,"cultura, teatro y danza",canarias,las palmas,40946.43,587.71,4.27,4.28,51395,True
299,ES,05,38,2023,8,paisaje urbano,espectaculos,"cultura, teatro y danza",canarias,santa cruz de tenerife,59032.5,1575.0,4.28,4.26,66584,True
300,ES,06,39,2023,8,paisaje urbano,espectaculos,"cultura, teatro y danza",cantabria,cantabria,13441.5,325.0,4.28,4.27,27507,True
301,ES,08,02,2023,8,paisaje urbano,espectaculos,"cultura, teatro y danza",castilla - la mancha,albacete,9263.0,785.0,4.09,4.15,3663,True
302,ES,08,16,2023,8,paisaje urbano,espectaculos,"cultura, teatro y danza",castilla - la mancha,cuenca,32325.0,1096.5,4.27,4.19,13771,True
303,ES,08,19,2023,8,paisaje urbano,espectaculos,"cultura, teatro y danza",castilla - la mancha,guadalajara,81918.0,999.0,4.18,4.04,6159,True
304,ES,08,45,2023,8,paisaje urbano,espectaculos,"cultura, teatro y danza",castilla - la mancha,toledo,128799.0,1301.0,4.19,4.18,55769,True
305,ES,07,05,2023,8,paisaje urbano,espectaculos,"cultura, teatro y danza",castilla y leon,avila,48222.0,1269.0,4.42,4.23,13407,True
306,ES,07,09,2023,8,paisaje urbano,espectaculos,"cultura, teatro y danza",castilla y leon,burgos,53015.5,1219.5,4.35,4.28,19776,True
307,ES,07,37,2023,8,paisaje urbano,espectaculos,"cultura, teatro y danza",castilla y leon,salamanca,450978.67,1029.67,4.24,4.17,31972,True
308,ES,07,47,2023,8,paisaje urbano,espectaculos,"cultura, teatro y danza",castilla y leon,valladolid,4590277.0,769.67,4.14,4.06,13695,True
309,ES,09,08,2023,8,paisaje urbano,espectaculos,"cultura, teatro y danza",cataluna,barcelona,173718.14,745.29,4.07,4.05,732080,True
310,ES,09,17,2023,8,paisaje urbano,espectaculos,"cultura, teatro y danza",cataluna,girona,1221025.0,18785.0,4.24,4.24,50915,True
311,ES,09,25,2023,8,paisaje urbano,espectaculos,"cultura, teatro y danza",cataluna,lleida,208824.0,1356.0,4.29,4.27,7171,True
312,ES,09,43,2023,8,paisaje urbano,espectaculos,"cultura, teatro y danza",cataluna,tarragona,101389.67,923.33,4.23,4.2,53439,True
313,ES,13,28,2023,8,paisaje urbano,espectaculos,"cultura, teatro y danza",comunidad de madrid,madrid,73184.0,1018.0,4.15,4.1,458466,True
314,ES,15,31,2023,8,paisaje urbano,espectaculos,"cultura, teatro y danza",comunidad foral de navarra,navarra,197653.0,1397.0,4.25,4.23,19680,True
315,ES,10,03,2023,8,paisaje urbano,espectaculos,"cultura, teatro y danza",comunitat valenciana,alicante/alacant,182364.0,1608.0,4.28,4.28,67888,True
316,ES,10,46,2023,8,paisaje urbano,espectaculos,"cultura, teatro y danza",comunitat valenciana,valencia/valencia,68312.67,1143.67,4.25,4.15,114505,True
317,ES,11,06,2023,8,paisaje urbano,espectaculos,"cultura, teatro y danza",extremadura,badajoz,50372.67,714.33,4.26,4.29,18348,True
318,ES,11,10,2023,8,paisaje urbano,espectaculos,"cultura, teatro y danza",extremadura,caceres,2640.0,176.0,4.31,4.33,23514,True
319,ES,12,15,2023,8,paisaje urbano,espectaculos,"cultura, teatro y danza",galicia,a coruna,18144.0,648.0,4.26,4.21,50198,True
320,ES,12,27,2023,8,paisaje urbano,espectaculos,"cultura, teatro y danza",galicia,lugo,1155.0,165.0,4.33,4.28,8872,True
321,ES,12,32,2023,8,paisaje urbano,espectaculos,"cultura, teatro y danza",galicia,ourense,2475.0,165.0,4.18,4.15,6495,True
322,ES,12,36,2023,8,paisaje urbano,espectaculos,"cultura, teatro y danza",galicia,pontevedra,18955.0,939.0,4.07,4.17,15892,True
323,ES,04,07,2023,8,paisaje urbano,espectaculos,"cultura, teatro y danza",illes balears,illes balears,106681.8,1046.2,4.21,4.33,107418,True
324,ES,17,26,2023,8,paisaje urbano,espectaculos,"cultura, teatro y danza",la rioja,la rioja,182505.0,724.5,4.29,4.31,11493,True
325,ES,16,01,2023,8,paisaje urbano,espectaculos,"cultura, teatro y danza",pais vasco,araba/alava,7613.0,414.5,4.46,4.41,7811,True
326,ES,16,48,2023,8,paisaje urbano,espectaculos,"cultura, teatro y danza",pais vasco,bizkaia,734873.67,862.0,4.38,4.31,56425,True
327,ES,16,20,2023,8,paisaje urbano,espectaculos,"cultura, teatro y danza",pais vasco,gipuzkoa,180776.0,1532.0,4.43,4.41,26949,True
328,ES,03,33,2023,8,paisaje urbano,espectaculos,"cultura, teatro y danza",principado de asturias,asturias,617561.5,9896.0,4.37,4.35,40762,True
329,ES,14,30,2023,8,paisaje urbano,espectaculos,"cultura, teatro y danza",region de murcia,murcia,75173.0,1505.0,4.32,4.2,9308,True
330,ES,13,28,2023,8,compras,espectaculos,ferias,comunidad de madrid,madrid,266497.0,24227.0,3.83,4.1,89796,True
331,ES,08,45,2023,8,paisaje urbano,espectaculos,museo y exposiciones,castilla - la mancha,toledo,56966.0,626.0,4.19,4.18,55769,True
332,ES,07,37,2023,8,paisaje urbano,espectaculos,museo y exposiciones,castilla y leon,salamanca,225302.0,418.0,4.24,4.17,31972,True
333,ES,09,08,2023,8,paisaje urbano,espectaculos,museo y exposiciones,cataluna,barcelona,69943.0,788.5,4.07,4.05,732080,True
334,ES,09,43,2023,8,paisaje urbano,espectaculos,museo y exposiciones,cataluna,tarragona,280612.0,1922.0,4.23,4.2,53439,True
335,ES,10,46,2023,8,paisaje urbano,espectaculos,museo y exposiciones,comunitat valenciana,valencia/valencia,42804.0,678.0,4.25,4.15,114505,True
336,ES,04,07,2023,8,paisaje urbano,espectaculos,museo y exposiciones,illes balears,illes balears,1036.0,518.0,4.21,4.33,107418,True
337,ES,16,01,2023,8,paisaje urbano,espectaculos,museo y exposiciones,pais vasco,araba/alava,19975.0,425.0,4.46,4.41,7811,True
338,ES,16,48,2023,8,paisaje urbano,espectaculos,museo y exposiciones,pais vasco,bizkaia,870464.0,938.0,4.38,4.31,56425,True
339,ES,01,04,2023,8,vida nocturna,espectaculos,musica,andalucia,almeria,6984868.75,2479.5,3.72,4.19,5362,True
340,ES,01,11,2023,8,vida nocturna,espectaculos,musica,andalucia,cadiz,864079.0,1836.5,4.08,4.26,2343,True
341,ES,01,14,2023,8,vida nocturna,espectaculos,musica,andalucia,cordoba,90893.2,2393.8,4.3,4.29,1908,True
342,ES,01,18,2023,8,vida nocturna,espectaculos,musica,andalucia,granada,182816.29,1122.43,3.92,4.37,10900,True
343,ES,01,23,2023,8,vida nocturna,espectaculos,musica,andalucia,jaen,188246.0,1908.75,4.0,4.33,992,True
344,ES,01,29,2023,8,vida nocturna,espectaculos,musica,andalucia,malaga,652708.0,1925.75,4.3,4.43,56036,True
345,ES,01,41,2023,8,vida nocturna,espectaculos,musica,andalucia,sevilla,1353579.0,2111.33,4.05,4.34,39053,True
346,ES,02,22,2023,8,vida nocturna,espectaculos,musica,aragon,huesca,82704.67,1606.0,3.85,4.25,1293,True
347,ES,02,44,2023,8,vida nocturna,espectaculos,musica,aragon,teruel,252702.25,1342.0,4.35,4.28,950,True
348,ES,02,50,2023,8,vida nocturna,espectaculos,musica,aragon,zaragoza,421324.17,1301.17,3.75,4.21,1614,True
349,ES,05,35,2023,8,vida nocturna,espectaculos,musica,canarias,las palmas,121985.33,783.56,4.24,4.28,129544,True
350,ES,05,38,2023,8,vida nocturna,espectaculos,musica,canarias,santa cruz de tenerife,181274.6,1882.7,4.06,4.26,62671,True
351,ES,06,39,2023,8,vida nocturna,espectaculos,musica,cantabria,cantabria,43737.0,1733.0,4.02,4.27,5819,True
352,ES,08,02,2023,8,vida nocturna,espectaculos,musica,castilla - la mancha,albacete,16720.0,115.0,4.21,4.15,573,True
353,ES,08,13,2023,8,vida nocturna,espectaculos,musica,castilla - la mancha,ciudad real,108510.67,1622.67,4.17,4.29,385,True
354,ES,08,16,2023,8,vida nocturna,espectaculos,musica,castilla - la mancha,cuenca,546.0,1365.0,3.91,4.19,760,True
355,ES,08,19,2023,8,vida nocturna,espectaculos,musica,castilla - la mancha,guadalajara,62547.0,3466.5,3.23,4.04,447,True
356,ES,08,45,2023,8,vida nocturna,espectaculos,musica,castilla - la mancha,toledo,50105.0,3555.5,3.99,4.18,434,True
357,ES,07,05,2023,8,vida nocturna,espectaculos,musica,castilla y leon,avila,3500.0,100.0,4.04,4.23,397,True
358,ES,07,09,2023,8,vida nocturna,espectaculos,musica,castilla y leon,burgos,125088.33,1240.67,3.95,4.28,970,True
359,ES,07,24,2023,8,vida nocturna,espectaculos,musica,castilla y leon,leon,25788.0,1535.0,3.97,4.21,1480,True
360,ES,07,37,2023,8,vida nocturna,espectaculos,musica,castilla y leon,salamanca,8459.0,574.0,3.66,4.17,3701,True
361,ES,07,40,2023,8,vida nocturna,espectaculos,musica,castilla y leon,segovia,953026.0,1789.0,3.91,4.07,263,True
362,ES,07,42,2023,8,vida nocturna,espectaculos,musica,castilla y leon,soria,3740.0,110.0,4.2,3.97,154,True
363,ES,07,47,2023,8,vida nocturna,espectaculos,musica,castilla y leon,valladolid,281455.33,2326.67,4.01,4.06,1293,True
364,ES,07,49,2023,8,vida nocturna,espectaculos,musica,castilla y leon,zamora,1325793.33,1116.33,4.27,4.17,462,True
365,ES,09,08,2023,8,vida nocturna,espectaculos,musica,cataluna,barcelona,558450.58,1699.96,3.95,4.05,119743,True
366,ES,09,17,2023,8,vida nocturna,espectaculos,musica,cataluna,girona,159404.33,1061.87,3.8,4.24,12856,True
367,ES,09,25,2023,8,vida nocturna,espectaculos,musica,cataluna,lleida,189927.67,2332.0,3.84,4.27,1184,True
368,ES,09,43,2023,8,vida nocturna,espectaculos,musica,cataluna,tarragona,199789.83,1014.74,4.1,4.2,22730,True
369,ES,13,28,2023,8,vida nocturna,espectaculos,musica,comunidad de madrid,madrid,2186762.33,2177.5,3.85,4.1,100430,True
370,ES,15,31,2023,8,vida nocturna,espectaculos,musica,comunidad foral de navarra,navarra,243608.89,1418.44,3.72,4.23,2565,True
371,ES,10,03,2023,8,vida nocturna,espectaculos,musica,comunitat valenciana,alicante/alacant,332152.91,1380.73,4.03,4.28,84389,True
372,ES,10,12,2023,8,vida nocturna,espectaculos,musica,comunitat valenciana,castellon/castello,407584.0,1504.0,3.88,4.2,2406,True
373,ES,10,46,2023,8,vida nocturna,espectaculos,musica,comunitat valenciana,valencia/valencia,175872.43,1136.86,3.72,4.15,9307,True
374,ES,11,06,2023,8,vida nocturna,espectaculos,musica,extremadura,badajoz,12897.25,1280.25,4.31,4.29,2109,True
375,ES,11,10,2023,8,vida nocturna,espectaculos,musica,extremadura,caceres,3039.0,1650.0,3.95,4.33,1377,True
376,ES,12,15,2023,8,vida nocturna,espectaculos,musica,galicia,a coruna,242446.43,1113.29,3.74,4.21,5653,True
377,ES,12,27,2023,8,vida nocturna,espectaculos,musica,galicia,lugo,1000.0,250.0,4.18,4.28,502,True
378,ES,12,32,2023,8,vida nocturna,espectaculos,musica,galicia,ourense,22208.0,2776.0,3.7,4.15,660,True
379,ES,12,36,2023,8,vida nocturna,espectaculos,musica,galicia,pontevedra,474844.0,1428.67,4.0,4.17,3092,True
380,ES,04,07,2023,8,vida nocturna,espectaculos,musica,illes balears,illes balears,978355.51,1986.71,4.12,4.33,122452,True
381,ES,17,26,2023,8,vida nocturna,espectaculos,musica,la rioja,la rioja,325254.0,1178.0,3.69,4.31,1866,True
382,ES,16,01,2023,8,vida nocturna,espectaculos,musica,pais vasco,araba/alava,85476.0,419.0,3.82,4.41,1138,True
383,ES,16,48,2023,8,vida nocturna,espectaculos,musica,pais vasco,bizkaia,176170.0,1003.0,4.21,4.31,5615,True
384,ES,16,20,2023,8,vida nocturna,espectaculos,musica,pais vasco,gipuzkoa,141470.17,1709.0,4.14,4.41,5503,True
385,ES,03,33,2023,8,vida nocturna,espectaculos,musica,principado de asturias,asturias,387062.0,1311.67,4.18,4.35,9626,True
386,ES,14,30,2023,8,vida nocturna,espectaculos,musica,region de murcia,murcia,452551.0,1330.2,3.62,4.2,1488,True
387,ES,01,14,2023,8,vida nocturna,espectaculos,musicales,andalucia,cordoba,2376.0,1188.0,4.3,4.29,1908,True
388,ES,01,41,2023,8,vida nocturna,espectaculos,musicales,andalucia,sevilla,14245.0,1295.0,4.05,4.34,39053,True
389,ES,02,50,2023,8,vida nocturna,espectaculos,musicales,aragon,zaragoza,1260.0,70.0,3.75,4.21,1614,True
390,ES,05,35,2023,8,vida nocturna,espectaculos,musicales,canarias,las palmas,28149.0,853.0,4.24,4.28,129544,True
391,ES,06,39,2023,8,vida nocturna,espectaculos,musicales,cantabria,cantabria,1782.0,198.0,4.02,4.27,5819,True
392,ES,07,37,2023,8,vida nocturna,espectaculos,musicales,castilla y leon,salamanca,677952.0,1926.0,3.66,4.17,3701,True
393,ES,07,47,2023,8,vida nocturna,espectaculos,musicales,castilla y leon,valladolid,3805.0,1522.0,4.01,4.06,1293,True
394,ES,09,08,2023,8,vida nocturna,espectaculos,musicales,cataluna,barcelona,18450.0,1476.0,3.95,4.05,119743,True
395,ES,09,43,2023,8,vida nocturna,espectaculos,musicales,cataluna,tarragona,20169.0,243.0,4.1,4.2,22730,True
396,ES,13,28,2023,8,vida nocturna,espectaculos,musicales,comunidad de madrid,madrid,848.33,93.67,3.85,4.1,100430,True
397,ES,10,46,2023,8,vida nocturna,espectaculos,musicales,comunitat valenciana,valencia/valencia,8726.0,610.0,3.72,4.15,9307,True
398,ES,11,06,2023,8,vida nocturna,espectaculos,musicales,extremadura,badajoz,1472.0,168.0,4.31,4.29,2109,True
399,ES,11,10,2023,8,vida nocturna,espectaculos,musicales,extremadura,caceres,2640.0,176.0,3.95,4.33,1377,True
400,ES,12,15,2023,8,vida nocturna,espectaculos,musicales,galicia,a coruna,18144.0,648.0,3.74,4.21,5653,True
401,ES,12,27,2023,8,vida nocturna,espectaculos,musicales,galicia,lugo,1155.0,165.0,4.18,4.28,502,True
402,ES,12,32,2023,8,vida nocturna,espectaculos,musicales,galicia,ourense,2475.0,165.0,3.7,4.15,660,True
403,ES,04,07,2023,8,vida nocturna,espectaculos,musicales,illes balears,illes balears,136864.5,2834.0,4.12,4.33,122452,True
404,ES,08,13,2023,8,paisaje naturaleza,espectaculos,parques tematicos,castilla - la mancha,ciudad real,8224.0,2056.0,4.36,4.29,3026,True
405,ES,01,04,2023,9,paisaje naturaleza,actividades,actividades infantiles,andalucia,almeria,400.0,100.0,4.32,4.19,23376,True
406,ES,01,11,2023,9,paisaje naturaleza,actividades,actividades infantiles,andalucia,cadiz,166992.0,1136.0,4.27,4.26,12350,True
407,ES,01,14,2023,9,paisaje naturaleza,actividades,actividades infantiles,andalucia,cordoba,101726.0,2466.0,4.32,4.29,3767,True
408,ES,01,18,2023,9,paisaje naturaleza,actividades,actividades infantiles,andalucia,granada,1316.0,1316.0,4.52,4.37,18492,True
409,ES,01,23,2023,9,paisaje naturaleza,actividades,actividades infantiles,andalucia,jaen,15079.0,4036.0,4.44,4.33,4366,True
410,ES,01,29,2023,9,paisaje naturaleza,actividades,actividades infantiles,andalucia,malaga,404145.0,1283.0,4.44,4.43,109648,True
411,ES,01,41,2023,9,paisaje naturaleza,actividades,actividades infantiles,andalucia,sevilla,43796.5,615.5,4.47,4.34,21476,True
412,ES,02,50,2023,9,paisaje naturaleza,actividades,actividades infantiles,aragon,zaragoza,944619.0,689.0,4.36,4.21,5888,True
413,ES,05,35,2023,9,paisaje naturaleza,actividades,actividades infantiles,canarias,las palmas,4650.0,62.0,4.34,4.28,200378,True
414,ES,05,38,2023,9,paisaje naturaleza,actividades,actividades infantiles,canarias,santa cruz de tenerife,109.0,109.0,4.31,4.26,190067,True
415,ES,06,39,2023,9,paisaje naturaleza,actividades,actividades infantiles,cantabria,cantabria,156512.0,1168.0,4.36,4.27,37946,True
416,ES,08,02,2023,9,paisaje naturaleza,actividades,actividades infantiles,castilla - la mancha,albacete,650.0,50.0,4.38,4.15,3169,True
417,ES,08,13,2023,9,paisaje naturaleza,actividades,actividades infantiles,castilla - la mancha,ciudad real,11886.0,849.0,4.36,4.29,3026,True
418,ES,08,45,2023,9,paisaje naturaleza,actividades,actividades infantiles,castilla - la mancha,toledo,93312.0,648.0,4.16,4.18,1715,True
419,ES,07,47,2023,9,paisaje naturaleza,actividades,actividades infantiles,castilla y leon,valladolid,2121.0,101.0,4.18,4.06,8696,True
420,ES,09,08,2023,9,paisaje naturaleza,actividades,actividades infantiles,cataluna,barcelona,232159.44,1503.44,4.13,4.05,200444,True
421,ES,09,17,2023,9,paisaje naturaleza,actividades,actividades infantiles,cataluna,girona,5725.0,1291.67,4.38,4.24,61683,True
422,ES,09,43,2023,9,paisaje naturaleza,actividades,actividades infantiles,cataluna,tarragona,70216.2,2115.2,4.26,4.2,33701,True
423,ES,13,28,2023,9,paisaje naturaleza,actividades,actividades infantiles,comunidad de madrid,madrid,173843.89,1185.89,4.19,4.1,121795,True
424,ES,15,31,2023,9,paisaje naturaleza,actividades,actividades infantiles,comunidad foral de navarra,navarra,672199.0,2013.0,4.33,4.23,7007,True
425,ES,10,03,2023,9,paisaje naturaleza,actividades,actividades infantiles,comunitat valenciana,alicante/alacant,114860.5,3831.5,4.36,4.28,82424,True
426,ES,10,46,2023,9,paisaje naturaleza,actividades,actividades infantiles,comunitat valenciana,valencia/valencia,1084404.25,1254.75,4.23,4.15,90776,True
427,ES,11,06,2023,9,paisaje naturaleza,actividades,actividades infantiles,extremadura,badajoz,19281.33,212.0,4.4,4.29,1116,True
428,ES,11,10,2023,9,paisaje naturaleza,actividades,actividades infantiles,extremadura,caceres,24288.0,176.0,4.5,4.33,5814,True
429,ES,12,15,2023,9,paisaje naturaleza,actividades,actividades infantiles,galicia,a coruna,9477.0,729.0,4.39,4.21,18974,True
430,ES,12,27,2023,9,paisaje naturaleza,actividades,actividades infantiles,galicia,lugo,103761.0,1647.0,4.57,4.28,8089,True
431,ES,12,32,2023,9,paisaje naturaleza,actividades,actividades infantiles,galicia,ourense,57892.0,164.0,4.42,4.15,1840,True
432,ES,04,07,2023,9,paisaje naturaleza,actividades,actividades infantiles,illes balears,illes balears,193094.17,797.67,4.42,4.33,203636,True
433,ES,16,01,2023,9,paisaje naturaleza,actividades,actividades infantiles,pais vasco,araba/alava,5796.0,483.0,4.66,4.41,11468,True
434,ES,16,48,2023,9,paisaje naturaleza,actividades,actividades infantiles,pais vasco,bizkaia,15908.67,1018.33,4.38,4.31,7925,True
435,ES,16,20,2023,9,paisaje naturaleza,actividades,actividades infantiles,pais vasco,gipuzkoa,590288.0,934.0,4.61,4.41,26976,True
436,ES,03,33,2023,9,paisaje naturaleza,actividades,actividades infantiles,principado de asturias,asturias,782.0,782.0,4.42,4.35,44006,True
437,ES,14,30,2023,9,paisaje naturaleza,actividades,actividades infantiles,region de murcia,murcia,14394.0,502.0,4.4,4.2,2633,True
438,ES,01,18,2023,9,servicios,actividades,cursos,andalucia,granada,1440.0,120.0,4.47,4.37,1868,True
439,ES,01,23,2023,9,servicios,actividades,cursos,andalucia,jaen,16016.0,1001.0,4.34,4.33,84,True
440,ES,01,29,2023,9,servicios,actividades,cursos,andalucia,malaga,135304.67,1832.67,4.62,4.43,51898,True
441,ES,01,41,2023,9,servicios,actividades,cursos,andalucia,sevilla,1550.0,50.0,4.06,4.34,4859,True
442,ES,05,35,2023,9,servicios,actividades,cursos,canarias,las palmas,4597.5,4460.0,3.72,4.28,2863,True
443,ES,05,38,2023,9,servicios,actividades,cursos,canarias,santa cruz de tenerife,2129.0,4258.0,3.86,4.26,3753,True
444,ES,06,39,2023,9,servicios,actividades,cursos,cantabria,cantabria,2400.0,800.0,3.94,4.27,4877,True
445,ES,08,45,2023,9,servicios,actividades,cursos,castilla - la mancha,toledo,25434.0,2826.0,3.33,4.18,29,True
446,ES,09,08,2023,9,servicios,actividades,cursos,cataluna,barcelona,240538.5,3611.5,4.03,4.05,159935,True
447,ES,09,17,2023,9,servicios,actividades,cursos,cataluna,girona,2190.0,795.0,3.82,4.24,1146,True
448,ES,09,43,2023,9,servicios,actividades,cursos,cataluna,tarragona,3045.0,1015.0,3.44,4.2,9269,True
449,ES,13,28,2023,9,servicios,actividades,cursos,comunidad de madrid,madrid,645354.5,2155.0,3.92,4.1,42370,True
450,ES,10,46,2023,9,servicios,actividades,cursos,comunitat valenciana,valencia/valencia,81905.5,6478.5,4.56,4.15,7124,True
451,ES,11,10,2023,9,servicios,actividades,cursos,extremadura,caceres,100.0,100.0,4.99,4.33,60,True
452,ES,12,36,2023,9,servicios,actividades,cursos,galicia,pontevedra,9191.0,1313.0,4.14,4.17,1424,True
453,ES,04,07,2023,9,servicios,actividades,cursos,illes balears,illes balears,14463.29,924.29,4.23,4.33,46354,True
454,ES,16,48,2023,9,servicios,actividades,cursos,pais vasco,bizkaia,68445.33,5183.0,4.03,4.31,13509,True
455,ES,16,20,2023,9,servicios,actividades,cursos,pais vasco,gipuzkoa,1875.0,375.0,3.84,4.41,140,True
456,ES,14,30,2023,9,servicios,actividades,cursos,region de murcia,murcia,860.0,430.0,2.83,4.2,6,True
457,ES,01,04,2023,9,paisaje naturaleza,actividades,deportes y aventuras,andalucia,almeria,225578.0,5246.0,4.32,4.19,23376,True
458,ES,01,11,2023,9,paisaje naturaleza,actividades,deportes y aventuras,andalucia,cadiz,166992.0,1136.0,4.27,4.26,12350,True
459,ES,01,18,2023,9,paisaje naturaleza,actividades,deportes y aventuras,andalucia,granada,4555.0,429.0,4.52,4.37,18492,True
460,ES,01,23,2023,9,paisaje naturaleza,actividades,deportes y aventuras,andalucia,jaen,14142.0,7071.0,4.44,4.33,4366,True
461,ES,01,29,2023,9,paisaje naturaleza,actividades,deportes y aventuras,andalucia,malaga,404019.0,2842.0,4.44,4.43,109648,True
462,ES,01,41,2023,9,paisaje naturaleza,actividades,deportes y aventuras,andalucia,sevilla,10507.0,553.0,4.47,4.34,21476,True
463,ES,02,50,2023,9,paisaje naturaleza,actividades,deportes y aventuras,aragon,zaragoza,59034.0,796.5,4.36,4.21,5888,True
464,ES,05,35,2023,9,paisaje naturaleza,actividades,deportes y aventuras,canarias,las palmas,214079.0,2207.0,4.34,4.28,200378,True
465,ES,05,38,2023,9,paisaje naturaleza,actividades,deportes y aventuras,canarias,santa cruz de tenerife,78584.0,4136.0,4.31,4.26,190067,True
466,ES,08,45,2023,9,paisaje naturaleza,actividades,deportes y aventuras,castilla - la mancha,toledo,250.0,250.0,4.16,4.18,1715,True
467,ES,07,05,2023,9,paisaje naturaleza,actividades,deportes y aventuras,castilla y leon,avila,13324.0,6662.0,4.56,4.23,1874,True
468,ES,09,08,2023,9,paisaje naturaleza,actividades,deportes y aventuras,cataluna,barcelona,154820.4,1569.2,4.13,4.05,200444,True
469,ES,09,17,2023,9,paisaje naturaleza,actividades,deportes y aventuras,cataluna,girona,38890.67,433.67,4.38,4.24,61683,True
470,ES,09,43,2023,9,paisaje naturaleza,actividades,deportes y aventuras,cataluna,tarragona,1089.0,363.0,4.26,4.2,33701,True
471,ES,13,28,2023,9,paisaje naturaleza,actividades,deportes y aventuras,comunidad de madrid,madrid,63108.0,1464.5,4.19,4.1,121795,True
472,ES,15,31,2023,9,paisaje naturaleza,actividades,deportes y aventuras,comunidad foral de navarra,navarra,254896.0,1432.0,4.33,4.23,7007,True
473,ES,10,03,2023,9,paisaje naturaleza,actividades,deportes y aventuras,comunitat valenciana,alicante/alacant,86576.0,3472.67,4.36,4.28,82424,True
474,ES,10,12,2023,9,paisaje naturaleza,actividades,deportes y aventuras,comunitat valenciana,castellon/castello,39930.0,165.0,4.22,4.2,6934,True
475,ES,10,46,2023,9,paisaje naturaleza,actividades,deportes y aventuras,comunitat valenciana,valencia/valencia,29472.0,2456.0,4.23,4.15,90776,True
476,ES,11,06,2023,9,paisaje naturaleza,actividades,deportes y aventuras,extremadura,badajoz,3360.0,105.0,4.4,4.29,1116,True
477,ES,11,10,2023,9,paisaje naturaleza,actividades,deportes y aventuras,extremadura,caceres,11904.0,124.0,4.5,4.33,5814,True
478,ES,12,15,2023,9,paisaje naturaleza,actividades,deportes y aventuras,galicia,a coruna,67201.0,1003.0,4.39,4.21,18974,True
479,ES,04,07,2023,9,paisaje naturaleza,actividades,deportes y aventuras,illes balears,illes balears,23052.5,773.5,4.42,4.33,203636,True
480,ES,16,01,2023,9,paisaje naturaleza,actividades,deportes y aventuras,pais vasco,araba/alava,982.0,982.0,4.66,4.41,11468,True
481,ES,16,48,2023,9,paisaje naturaleza,actividades,deportes y aventuras,pais vasco,bizkaia,352182.0,2229.0,4.38,4.31,7925,True
482,ES,14,30,2023,9,paisaje naturaleza,actividades,deportes y aventuras,region de murcia,murcia,10372.0,2593.0,4.4,4.2,2633,True
483,ES,01,29,2023,9,comida y bebida,actividades,gastronomia,andalucia,malaga,12027.0,1266.0,4.84,4.43,1395,True
484,ES,01,41,2023,9,comida y bebida,actividades,gastronomia,andalucia,sevilla,2600.0,100.0,4.76,4.34,8170,True
485,ES,02,22,2023,9,comida y bebida,actividades,gastronomia,aragon,huesca,36416.0,2276.0,4.6,4.25,40,True
486,ES,02,50,2023,9,comida y bebida,actividades,gastronomia,aragon,zaragoza,51588.0,2866.0,4.03,4.21,35,True
487,ES,05,35,2023,9,comida y bebida,actividades,gastronomia,canarias,las palmas,550.0,275.0,3.71,4.28,443,True
488,ES,09,08,2023,9,comida y bebida,actividades,gastronomia,cataluna,barcelona,394199.2,548.4,4.67,4.05,3911,True
489,ES,09,17,2023,9,comida y bebida,actividades,gastronomia,cataluna,girona,2313.0,771.67,4.57,4.24,183,True
490,ES,09,43,2023,9,comida y bebida,actividades,gastronomia,cataluna,tarragona,181599.0,5503.0,4.67,4.2,481,True
491,ES,13,28,2023,9,comida y bebida,actividades,gastronomia,comunidad de madrid,madrid,168472.5,3831.5,4.71,4.1,5856,True
492,ES,10,03,2023,9,comida y bebida,actividades,gastronomia,comunitat valenciana,alicante/alacant,49848.0,1608.0,4.52,4.28,760,True
493,ES,10,12,2023,9,comida y bebida,actividades,gastronomia,comunitat valenciana,castellon/castello,95256.0,504.0,0.0,0.0,0,False
494,ES,10,46,2023,9,comida y bebida,actividades,gastronomia,comunitat valenciana,valencia/valencia,1020.0,60.0,4.79,4.15,369,True
495,ES,04,07,2023,9,comida y bebida,actividades,gastronomia,illes balears,illes balears,16726.67,573.33,4.86,4.33,2196,True
496,ES,17,26,2023,9,comida y bebida,actividades,gastronomia,la rioja,la rioja,570.0,30.0,4.62,4.31,110,True
497,ES,16,20,2023,9,comida y bebida,actividades,gastronomia,pais vasco,gipuzkoa,90219.0,1037.0,4.44,4.41,1099,True
498,ES,14,30,2023,9,comida y bebida,actividades,gastronomia,region de murcia,murcia,1400.0,70.0,3.99,4.2,320,True
499,ES,01,41,2023,9,vida nocturna,espectaculos,cine,andalucia,sevilla,356588.0,373.0,4.05,4.34,39053,True
500,ES,02,22,2023,9,vida nocturna,espectaculos,cine,aragon,huesca,2300.0,50.0,3.85,4.25,1293,True
501,ES,02,50,2023,9,vida nocturna,espectaculos,cine,aragon,zaragoza,726.0,66.0,3.75,4.21,1614,True
502,ES,06,39,2023,9,vida nocturna,espectaculos,cine,cantabria,cantabria,480.0,120.0,4.02,4.27,5819,True
503,ES,08,02,2023,9,vida nocturna,espectaculos,cine,castilla - la mancha,albacete,5334.0,762.0,4.21,4.15,573,True
504,ES,09,08,2023,9,vida nocturna,espectaculos,cine,cataluna,barcelona,95664.67,536.0,3.95,4.05,119743,True
505,ES,09,17,2023,9,vida nocturna,espectaculos,cine,cataluna,girona,100.0,50.0,3.8,4.24,12856,True
506,ES,09,43,2023,9,vida nocturna,espectaculos,cine,cataluna,tarragona,1330.0,70.0,4.1,4.2,22730,True
507,ES,13,28,2023,9,vida nocturna,espectaculos,cine,comunidad de madrid,madrid,98736.0,816.0,3.85,4.1,100430,True
508,ES,10,03,2023,9,vida nocturna,espectaculos,cine,comunitat valenciana,alicante/alacant,300.0,50.0,4.03,4.28,84389,True
509,ES,04,07,2023,9,vida nocturna,espectaculos,cine,illes balears,illes balears,90.0,30.0,4.12,4.33,122452,True
510,ES,16,48,2023,9,vida nocturna,espectaculos,cine,pais vasco,bizkaia,6120.0,30.0,4.21,4.31,5615,True
511,ES,16,20,2023,9,vida nocturna,espectaculos,cine,pais vasco,gipuzkoa,7146.0,208.0,4.14,4.41,5503,True
512,ES,01,29,2023,9,otros,espectaculos,conferencias,andalucia,malaga,9129.0,628.5,4.25,4.43,1156,True
513,ES,02,50,2023,9,otros,espectaculos,conferencias,aragon,zaragoza,1170.0,195.0,3.75,4.21,158,True
514,ES,05,35,2023,9,otros,espectaculos,conferencias,canarias,las palmas,27400.0,200.0,4.32,4.28,176,True
515,ES,13,28,2023,9,otros,espectaculos,conferencias,comunidad de madrid,madrid,228821.5,11003.5,3.97,4.1,1624,True
516,ES,04,07,2023,9,otros,espectaculos,conferencias,illes balears,illes balears,20190.0,2019.0,4.21,4.33,296,True
517,ES,01,04,2023,9,paisaje urbano,espectaculos,"cultura, teatro y danza",andalucia,almeria,843543.33,1414.67,4.25,4.19,14318,True
518,ES,01,11,2023,9,paisaje urbano,espectaculos,"cultura, teatro y danza",andalucia,cadiz,1338.0,669.0,4.35,4.26,8809,True
519,ES,01,14,2023,9,paisaje urbano,espectaculos,"cultura, teatro y danza",andalucia,cordoba,645904.0,1264.0,4.3,4.29,93962,True
520,ES,01,18,2023,9,paisaje urbano,espectaculos,"cultura, teatro y danza",andalucia,granada,106154.33,971.0,4.35,4.37,153042,True
521,ES,01,29,2023,9,paisaje urbano,espectaculos,"cultura, teatro y danza",andalucia,malaga,275355.33,675.33,4.43,4.43,158253,True
522,ES,01,41,2023,9,paisaje urbano,espectaculos,"cultura, teatro y danza",andalucia,sevilla,861118.33,386.67,4.41,4.34,218279,True
523,ES,02,50,2023,9,paisaje urbano,espectaculos,"cultura, teatro y danza",aragon,zaragoza,1243853.0,587.0,4.34,4.21,41352,True
524,ES,05,35,2023,9,paisaje urbano,espectaculos,"cultura, teatro y danza",canarias,las palmas,223965.67,772.5,4.27,4.28,51395,True
525,ES,05,38,2023,9,paisaje urbano,espectaculos,"cultura, teatro y danza",canarias,santa cruz de tenerife,98168.67,1736.0,4.28,4.26,66584,True
526,ES,06,39,2023,9,paisaje urbano,espectaculos,"cultura, teatro y danza",cantabria,cantabria,45540.0,180.0,4.28,4.27,27507,True
527,ES,08,02,2023,9,paisaje urbano,espectaculos,"cultura, teatro y danza",castilla - la mancha,albacete,6444.0,716.0,4.09,4.15,3663,True
528,ES,08,13,2023,9,paisaje urbano,espectaculos,"cultura, teatro y danza",castilla - la mancha,ciudad real,22086.0,818.0,4.33,4.29,7266,True
529,ES,08,45,2023,9,paisaje urbano,espectaculos,"cultura, teatro y danza",castilla - la mancha,toledo,85992.0,622.0,4.19,4.18,55769,True
530,ES,07,09,2023,9,paisaje urbano,espectaculos,"cultura, teatro y danza",castilla y leon,burgos,4512.0,48.0,4.35,4.28,19776,True
531,ES,07,37,2023,9,paisaje urbano,espectaculos,"cultura, teatro y danza",castilla y leon,salamanca,540934.5,694.0,4.24,4.17,31972,True
532,ES,07,47,2023,9,paisaje urbano,espectaculos,"cultura, teatro y danza",castilla y leon,valladolid,91740.0,272.33,4.14,4.06,13695,True
533,ES,09,08,2023,9,paisaje urbano,espectaculos,"cultura, teatro y danza",cataluna,barcelona,415479.67,938.0,4.07,4.05,732080,True
534,ES,09,17,2023,9,paisaje urbano,espectaculos,"cultura, teatro y danza",cataluna,girona,15118.67,1317.33,4.24,4.24,50915,True
535,ES,09,25,2023,9,paisaje urbano,espectaculos,"cultura, teatro y danza",cataluna,lleida,1305.0,40.0,4.29,4.27,7171,True
536,ES,09,43,2023,9,paisaje urbano,espectaculos,"cultura, teatro y danza",cataluna,tarragona,87400.4,1562.4,4.23,4.2,53439,True
537,ES,18,51,2023,9,paisaje urbano,espectaculos,"cultura, teatro y danza",ceuta,ceuta,14239.0,491.0,0.0,0.0,0,False
538,ES,13,28,2023,9,paisaje urbano,espectaculos,"cultura, teatro y danza",comunidad de madrid,madrid,287426.6,565.3,4.15,4.1,458466,True
539,ES,15,31,2023,9,paisaje urbano,espectaculos,"cultura, teatro y danza",comunidad foral de navarra,navarra,1560.0,390.0,4.25,4.23,19680,True
540,ES,10,03,2023,9,paisaje urbano,espectaculos,"cultura, teatro y danza",comunitat valenciana,alicante/alacant,213703.33,1265.0,4.28,4.28,67888,True
541,ES,10,12,2023,9,paisaje urbano,espectaculos,"cultura, teatro y danza",comunitat valenciana,castellon/castello,7074.0,786.0,4.14,4.2,13212,True
542,ES,10,46,2023,9,paisaje urbano,espectaculos,"cultura, teatro y danza",comunitat valenciana,valencia/valencia,1221132.0,1163.0,4.25,4.15,114505,True
543,ES,11,06,2023,9,paisaje urbano,espectaculos,"cultura, teatro y danza",extremadura,badajoz,26672.0,168.0,4.26,4.29,18348,True
544,ES,11,10,2023,9,paisaje urbano,espectaculos,"cultura, teatro y danza",extremadura,caceres,32986.0,701.0,4.31,4.33,23514,True
545,ES,12,15,2023,9,paisaje urbano,espectaculos,"cultura, teatro y danza",galicia,a coruna,17725.0,709.0,4.26,4.21,50198,True
546,ES,12,27,2023,9,paisaje urbano,espectaculos,"cultura, teatro y danza",galicia,lugo,52273.5,954.5,4.33,4.28,8872,True
547,ES,12,32,2023,9,paisaje urbano,espectaculos,"cultura, teatro y danza",galicia,ourense,57892.0,164.0,4.18,4.15,6495,True
548,ES,12,36,2023,9,paisaje urbano,espectaculos,"cultura, teatro y danza",galicia,pontevedra,279265.0,707.0,4.07,4.17,15892,True
549,ES,04,07,2023,9,paisaje urbano,espectaculos,"cultura, teatro y danza",illes balears,illes balears,187180.86,930.0,4.21,4.33,107418,True
550,ES,17,26,2023,9,paisaje urbano,espectaculos,"cultura, teatro y danza",la rioja,la rioja,315224.0,1732.0,4.29,4.31,11493,True
551,ES,16,01,2023,9,paisaje urbano,espectaculos,"cultura, teatro y danza",pais vasco,araba/alava,129122.0,802.0,4.46,4.41,7811,True
552,ES,16,48,2023,9,paisaje urbano,espectaculos,"cultura, teatro y danza",pais vasco,bizkaia,17055.67,736.0,4.38,4.31,56425,True
553,ES,16,20,2023,9,paisaje urbano,espectaculos,"cultura, teatro y danza",pais vasco,gipuzkoa,177434.0,849.0,4.43,4.41,26949,True
554,ES,03,33,2023,9,paisaje urbano,espectaculos,"cultura, teatro y danza",principado de asturias,asturias,15771.67,706.33,4.37,4.35,40762,True
555,ES,14,30,2023,9,paisaje urbano,espectaculos,"cultura, teatro y danza",region de murcia,murcia,57416.0,413.0,4.32,4.2,9308,True
556,ES,01,29,2023,9,compras,espectaculos,ferias,andalucia,malaga,12008.0,632.0,4.36,4.43,19512,True
557,ES,13,28,2023,9,compras,espectaculos,ferias,comunidad de madrid,madrid,438501.0,20881.0,3.83,4.1,89796,True
558,ES,04,07,2023,9,compras,espectaculos,ferias,illes balears,illes balears,20190.0,2019.0,4.17,4.33,22175,True
559,ES,02,50,2023,9,paisaje urbano,espectaculos,museo y exposiciones,aragon,zaragoza,67374.0,342.0,4.34,4.21,41352,True
560,ES,08,45,2023,9,paisaje urbano,espectaculos,museo y exposiciones,castilla - la mancha,toledo,93312.0,648.0,4.19,4.18,55769,True
561,ES,07,37,2023,9,paisaje urbano,espectaculos,museo y exposiciones,castilla y leon,salamanca,100005.0,339.0,4.24,4.17,31972,True
562,ES,09,08,2023,9,paisaje urbano,espectaculos,museo y exposiciones,cataluna,barcelona,53119.0,822.5,4.07,4.05,732080,True
563,ES,09,43,2023,9,paisaje urbano,espectaculos,museo y exposiciones,cataluna,tarragona,87467.0,1861.0,4.23,4.2,53439,True
564,ES,13,28,2023,9,paisaje urbano,espectaculos,museo y exposiciones,comunidad de madrid,madrid,120.0,120.0,4.15,4.1,458466,True
565,ES,10,46,2023,9,paisaje urbano,espectaculos,museo y exposiciones,comunitat valenciana,valencia/valencia,36612.0,1356.0,4.25,4.15,114505,True
566,ES,04,07,2023,9,paisaje urbano,espectaculos,museo y exposiciones,illes balears,illes balears,3453.33,518.0,4.21,4.33,107418,True
567,ES,16,48,2023,9,paisaje urbano,espectaculos,museo y exposiciones,pais vasco,bizkaia,31527.0,93.0,4.38,4.31,56425,True
568,ES,01,04,2023,9,vida nocturna,espectaculos,musica,andalucia,almeria,299007.75,1389.75,3.72,4.19,5362,True
569,ES,01,11,2023,9,vida nocturna,espectaculos,musica,andalucia,cadiz,131708.57,732.14,4.08,4.26,2343,True
570,ES,01,14,2023,9,vida nocturna,espectaculos,musica,andalucia,cordoba,193538.75,1903.5,4.3,4.29,1908,True
571,ES,01,18,2023,9,vida nocturna,espectaculos,musica,andalucia,granada,122973.0,942.75,3.92,4.37,10900,True
572,ES,01,23,2023,9,vida nocturna,espectaculos,musica,andalucia,jaen,56688.25,1610.0,4.0,4.33,992,True
573,ES,01,29,2023,9,vida nocturna,espectaculos,musica,andalucia,malaga,354948.86,1374.0,4.3,4.43,56036,True
574,ES,01,41,2023,9,vida nocturna,espectaculos,musica,andalucia,sevilla,1096072.5,1835.5,4.05,4.34,39053,True
575,ES,02,22,2023,9,vida nocturna,espectaculos,musica,aragon,huesca,91257.33,1700.0,3.85,4.25,1293,True
576,ES,02,44,2023,9,vida nocturna,espectaculos,musica,aragon,teruel,195997.0,1625.5,4.35,4.28,950,True
577,ES,02,50,2023,9,vida nocturna,espectaculos,musica,aragon,zaragoza,2164636.67,1445.67,3.75,4.21,1614,True
578,ES,05,35,2023,9,vida nocturna,espectaculos,musica,canarias,las palmas,232548.11,1343.89,4.24,4.28,129544,True
579,ES,05,38,2023,9,vida nocturna,espectaculos,musica,canarias,santa cruz de tenerife,475059.33,1482.33,4.06,4.26,62671,True
580,ES,06,39,2023,9,vida nocturna,espectaculos,musica,cantabria,cantabria,1401608.0,1573.0,4.02,4.27,5819,True
581,ES,08,02,2023,9,vida nocturna,espectaculos,musica,castilla - la mancha,albacete,285003.33,1380.67,4.21,4.15,573,True
582,ES,08,13,2023,9,vida nocturna,espectaculos,musica,castilla - la mancha,ciudad real,66042.75,1576.0,4.17,4.29,385,True
583,ES,08,16,2023,9,vida nocturna,espectaculos,musica,castilla - la mancha,cuenca,28908.0,1314.0,3.91,4.19,760,True
584,ES,08,19,2023,9,vida nocturna,espectaculos,musica,castilla - la mancha,guadalajara,22044.0,1002.0,3.23,4.04,447,True
585,ES,08,45,2023,9,vida nocturna,espectaculos,musica,castilla - la mancha,toledo,24470.33,2324.67,3.99,4.18,434,True
586,ES,07,09,2023,9,vida nocturna,espectaculos,musica,castilla y leon,burgos,119720.0,1466.0,3.95,4.28,970,True
587,ES,07,24,2023,9,vida nocturna,espectaculos,musica,castilla y leon,leon,23498.0,769.0,3.97,4.21,1480,True
588,ES,07,34,2023,9,vida nocturna,espectaculos,musica,castilla y leon,palencia,18072.0,1506.0,4.23,4.35,379,True
589,ES,07,37,2023,9,vida nocturna,espectaculos,musica,castilla y leon,salamanca,340215.0,770.5,3.66,4.17,3701,True
590,ES,07,40,2023,9,vida nocturna,espectaculos,musica,castilla y leon,segovia,1284203.5,1620.5,3.91,4.07,263,True
591,ES,07,42,2023,9,vida nocturna,espectaculos,musica,castilla y leon,soria,45150.0,150.0,4.2,3.97,154,True
592,ES,07,47,2023,9,vida nocturna,espectaculos,musica,castilla y leon,valladolid,70655.67,1499.67,4.01,4.06,1293,True
593,ES,07,49,2023,9,vida nocturna,espectaculos,musica,castilla y leon,zamora,502109.0,1789.0,4.27,4.17,462,True
594,ES,09,08,2023,9,vida nocturna,espectaculos,musica,cataluna,barcelona,216603.77,1228.38,3.95,4.05,119743,True
595,ES,09,17,2023,9,vida nocturna,espectaculos,musica,cataluna,girona,75529.94,978.65,3.8,4.24,12856,True
596,ES,09,25,2023,9,vida nocturna,espectaculos,musica,cataluna,lleida,56653.8,840.4,3.84,4.27,1184,True
597,ES,09,43,2023,9,vida nocturna,espectaculos,musica,cataluna,tarragona,146191.52,1035.05,4.1,4.2,22730,True
598,ES,13,28,2023,9,vida nocturna,espectaculos,musica,comunidad de madrid,madrid,2232058.81,1151.31,3.85,4.1,100430,True
599,ES,15,31,2023,9,vida nocturna,espectaculos,musica,comunidad foral de navarra,navarra,1213552.0,2368.67,3.72,4.23,2565,True
600,ES,10,03,2023,9,vida nocturna,espectaculos,musica,comunitat valenciana,alicante/alacant,499155.86,1485.07,4.03,4.28,84389,True
601,ES,10,12,2023,9,vida nocturna,espectaculos,musica,comunitat valenciana,castellon/castello,39984.0,756.0,3.88,4.2,2406,True
602,ES,10,46,2023,9,vida nocturna,espectaculos,musica,comunitat valenciana,valencia/valencia,432539.4,896.0,3.72,4.15,9307,True
603,ES,11,06,2023,9,vida nocturna,espectaculos,musica,extremadura,badajoz,138769.0,1087.5,4.31,4.29,2109,True
604,ES,11,10,2023,9,vida nocturna,espectaculos,musica,extremadura,caceres,62226.5,1166.5,3.95,4.33,1377,True
605,ES,12,15,2023,9,vida nocturna,espectaculos,musica,galicia,a coruna,251875.29,1080.0,3.74,4.21,5653,True
606,ES,12,27,2023,9,vida nocturna,espectaculos,musica,galicia,lugo,8878.0,583.5,4.18,4.28,502,True
607,ES,12,32,2023,9,vida nocturna,espectaculos,musica,galicia,ourense,463090.0,1861.0,3.7,4.15,660,True
608,ES,12,36,2023,9,vida nocturna,espectaculos,musica,galicia,pontevedra,256247.75,1249.25,4.0,4.17,3092,True
609,ES,04,07,2023,9,vida nocturna,espectaculos,musica,illes balears,illes balears,619084.76,1376.07,4.12,4.33,122452,True
610,ES,17,26,2023,9,vida nocturna,espectaculos,musica,la rioja,la rioja,231657.0,2052.0,3.69,4.31,1866,True
611,ES,16,01,2023,9,vida nocturna,espectaculos,musica,pais vasco,araba/alava,109815.5,664.5,3.82,4.41,1138,True
612,ES,16,48,2023,9,vida nocturna,espectaculos,musica,pais vasco,bizkaia,399809.5,1135.0,4.21,4.31,5615,True
613,ES,16,20,2023,9,vida nocturna,espectaculos,musica,pais vasco,gipuzkoa,147000.25,1341.62,4.14,4.41,5503,True
614,ES,03,33,2023,9,vida nocturna,espectaculos,musica,principado de asturias,asturias,411381.0,947.25,4.18,4.35,9626,True
615,ES,14,30,2023,9,vida nocturna,espectaculos,musica,region de murcia,murcia,937488.0,1215.0,3.62,4.2,1488,True
616,ES,01,14,2023,9,vida nocturna,espectaculos,musicales,andalucia,cordoba,27216.0,1134.0,4.3,4.29,1908,True
617,ES,01,18,2023,9,vida nocturna,espectaculos,musicales,andalucia,granada,825.0,75.0,3.92,4.37,10900,True
618,ES,01,29,2023,9,vida nocturna,espectaculos,musicales,andalucia,malaga,342574.0,2182.0,4.3,4.43,56036,True
619,ES,01,41,2023,9,vida nocturna,espectaculos,musicales,andalucia,sevilla,7684.0,113.0,4.05,4.34,39053,True
620,ES,02,50,2023,9,vida nocturna,espectaculos,musicales,aragon,zaragoza,309802.0,811.0,3.75,4.21,1614,True
621,ES,05,35,2023,9,vida nocturna,espectaculos,musicales,canarias,las palmas,6697.0,905.0,4.24,4.28,129544,True
622,ES,06,39,2023,9,vida nocturna,espectaculos,musicales,cantabria,cantabria,130764.0,1282.0,4.02,4.27,5819,True
623,ES,08,13,2023,9,vida nocturna,espectaculos,musicales,castilla - la mancha,ciudad real,10218.0,786.0,4.17,4.29,385,True
624,ES,07,37,2023,9,vida nocturna,espectaculos,musicales,castilla y leon,salamanca,981864.0,1049.0,3.66,4.17,3701,True
625,ES,07,47,2023,9,vida nocturna,espectaculos,musicales,castilla y leon,valladolid,120744.0,1548.0,4.01,4.06,1293,True
626,ES,09,08,2023,9,vida nocturna,espectaculos,musicales,cataluna,barcelona,305932.0,1383.75,3.95,4.05,119743,True
627,ES,09,43,2023,9,vida nocturna,espectaculos,musicales,cataluna,tarragona,403568.0,2293.0,4.1,4.2,22730,True
628,ES,13,28,2023,9,vida nocturna,espectaculos,musicales,comunidad de madrid,madrid,39120.0,779.0,3.85,4.1,100430,True
629,ES,10,46,2023,9,vida nocturna,espectaculos,musicales,comunitat valenciana,valencia/valencia,473824.0,1020.0,3.72,4.15,9307,True
630,ES,11,06,2023,9,vida nocturna,espectaculos,musicales,extremadura,badajoz,26672.0,168.0,4.31,4.29,2109,True
631,ES,11,10,2023,9,vida nocturna,espectaculos,musicales,extremadura,caceres,32986.0,701.0,3.95,4.33,1377,True
632,ES,12,15,2023,9,vida nocturna,espectaculos,musicales,galicia,a coruna,16192.0,704.0,3.74,4.21,5653,True
633,ES,12,27,2023,9,vida nocturna,espectaculos,musicales,galicia,lugo,103761.0,1647.0,4.18,4.28,502,True
634,ES,12,32,2023,9,vida nocturna,espectaculos,musicales,galicia,ourense,57892.0,164.0,3.7,4.15,660,True
635,ES,12,36,2023,9,vida nocturna,espectaculos,musicales,galicia,pontevedra,95795.0,805.0,4.0,4.17,3092,True
636,ES,04,07,2023,9,vida nocturna,espectaculos,musicales,illes balears,illes balears,340953.17,1146.17,4.12,4.33,122452,True
637,ES,03,33,2023,9,vida nocturna,espectaculos,musicales,principado de asturias,asturias,6504.0,813.0,4.18,4.35,9626,True
638,ES,09,43,2023,9,paisaje naturaleza,espectaculos,parques tematicos,cataluna,tarragona,1089.0,363.0,4.26,4.2,33701,True
639,ES,01,04,2023,10,paisaje naturaleza,actividades,actividades infantiles,andalucia,almeria,13081.0,145.67,4.32,4.19,23376,True
640,ES,01,11,2023,10,paisaje naturaleza,actividades,actividades infantiles,andalucia,cadiz,285480.0,1321.5,4.27,4.26,12350,True
641,ES,01,14,2023,10,paisaje naturaleza,actividades,actividades infantiles,andalucia,cordoba,83421.5,2414.5,4.32,4.29,3767,True
642,ES,01,18,2023,10,paisaje naturaleza,actividades,actividades infantiles,andalucia,granada,1396.0,1396.0,4.52,4.37,18492,True
643,ES,01,23,2023,10,paisaje naturaleza,actividades,actividades infantiles,andalucia,jaen,160088.5,968.0,4.44,4.33,4366,True
644,ES,01,29,2023,10,paisaje naturaleza,actividades,actividades infantiles,andalucia,malaga,297352.0,872.0,4.44,4.43,109648,True
645,ES,01,41,2023,10,paisaje naturaleza,actividades,actividades infantiles,andalucia,sevilla,399889.0,1586.0,4.47,4.34,21476,True
646,ES,02,50,2023,10,paisaje naturaleza,actividades,actividades infantiles,aragon,zaragoza,79618.0,658.0,4.36,4.21,5888,True
647,ES,05,35,2023,10,paisaje naturaleza,actividades,actividades infantiles,canarias,las palmas,11346.0,62.0,4.34,4.28,200378,True
648,ES,05,38,2023,10,paisaje naturaleza,actividades,actividades infantiles,canarias,santa cruz de tenerife,8683.0,1227.5,4.31,4.26,190067,True
649,ES,06,39,2023,10,paisaje naturaleza,actividades,actividades infantiles,cantabria,cantabria,22401.0,1179.0,4.36,4.27,37946,True
650,ES,08,02,2023,10,paisaje naturaleza,actividades,actividades infantiles,castilla - la mancha,albacete,1416.0,59.0,4.38,4.15,3169,True
651,ES,08,13,2023,10,paisaje naturaleza,actividades,actividades infantiles,castilla - la mancha,ciudad real,29084.0,661.0,4.36,4.29,3026,True
652,ES,08,19,2023,10,paisaje naturaleza,actividades,actividades infantiles,castilla - la mancha,guadalajara,141791.0,2534.0,4.19,4.04,1303,True
653,ES,08,45,2023,10,paisaje naturaleza,actividades,actividades infantiles,castilla - la mancha,toledo,9035.0,65.0,4.16,4.18,1715,True
654,ES,07,47,2023,10,paisaje naturaleza,actividades,actividades infantiles,castilla y leon,valladolid,76898.0,738.0,4.18,4.06,8696,True
655,ES,09,08,2023,10,paisaje naturaleza,actividades,actividades infantiles,cataluna,barcelona,234356.73,1280.27,4.13,4.05,200444,True
656,ES,09,17,2023,10,paisaje naturaleza,actividades,actividades infantiles,cataluna,girona,24272.0,1288.0,4.38,4.24,61683,True
657,ES,09,43,2023,10,paisaje naturaleza,actividades,actividades infantiles,cataluna,tarragona,61447.0,1000.0,4.26,4.2,33701,True
658,ES,13,28,2023,10,paisaje naturaleza,actividades,actividades infantiles,comunidad de madrid,madrid,106741.09,812.27,4.19,4.1,121795,True
659,ES,15,31,2023,10,paisaje naturaleza,actividades,actividades infantiles,comunidad foral de navarra,navarra,6674.0,142.0,4.33,4.23,7007,True
660,ES,10,03,2023,10,paisaje naturaleza,actividades,actividades infantiles,comunitat valenciana,alicante/alacant,227532.5,1291.5,4.36,4.28,82424,True
661,ES,10,12,2023,10,paisaje naturaleza,actividades,actividades infantiles,comunitat valenciana,castellon/castello,5250.0,150.0,4.22,4.2,6934,True
662,ES,10,46,2023,10,paisaje naturaleza,actividades,actividades infantiles,comunitat valenciana,valencia/valencia,1470771.6,1713.2,4.23,4.15,90776,True
663,ES,11,06,2023,10,paisaje naturaleza,actividades,actividades infantiles,extremadura,badajoz,198138.0,837.0,4.4,4.29,1116,True
664,ES,11,10,2023,10,paisaje naturaleza,actividades,actividades infantiles,extremadura,caceres,4650.67,894.0,4.5,4.33,5814,True
665,ES,12,15,2023,10,paisaje naturaleza,actividades,actividades infantiles,galicia,a coruna,156674.0,722.0,4.39,4.21,18974,True
666,ES,12,27,2023,10,paisaje naturaleza,actividades,actividades infantiles,galicia,lugo,63412.0,1609.5,4.57,4.28,8089,True
667,ES,04,07,2023,10,paisaje naturaleza,actividades,actividades infantiles,illes balears,illes balears,127332.14,543.14,4.42,4.33,203636,True
668,ES,17,26,2023,10,paisaje naturaleza,actividades,actividades infantiles,la rioja,la rioja,3795.0,165.0,4.4,4.31,18300,True
669,ES,16,01,2023,10,paisaje naturaleza,actividades,actividades infantiles,pais vasco,araba/alava,11011.75,500.5,4.66,4.41,11468,True
670,ES,16,48,2023,10,paisaje naturaleza,actividades,actividades infantiles,pais vasco,bizkaia,199884.5,811.5,4.38,4.31,7925,True
671,ES,16,20,2023,10,paisaje naturaleza,actividades,actividades infantiles,pais vasco,gipuzkoa,53393.0,328.67,4.61,4.41,26976,True
672,ES,03,33,2023,10,paisaje naturaleza,actividades,actividades infantiles,principado de asturias,asturias,98400.67,719.0,4.42,4.35,44006,True
673,ES,14,30,2023,10,paisaje naturaleza,actividades,actividades infantiles,region de murcia,murcia,26911.0,203.0,4.4,4.2,2633,True
674,ES,01,11,2023,10,servicios,actividades,cursos,andalucia,cadiz,9286.0,9286.0,4.74,4.26,39,True
675,ES,01,18,2023,10,servicios,actividades,cursos,andalucia,granada,840.0,120.0,4.47,4.37,1868,True
676,ES,01,29,2023,10,servicios,actividades,cursos,andalucia,malaga,31986.67,596.0,4.62,4.43,51898,True
677,ES,01,41,2023,10,servicios,actividades,cursos,andalucia,sevilla,250.0,50.0,4.06,4.34,4859,True
678,ES,05,35,2023,10,servicios,actividades,cursos,canarias,las palmas,40643.0,5058.5,3.72,4.28,2863,True
679,ES,05,38,2023,10,servicios,actividades,cursos,canarias,santa cruz de tenerife,1308.0,1308.0,3.86,4.26,3753,True
680,ES,06,39,2023,10,servicios,actividades,cursos,cantabria,cantabria,110997.0,12333.0,3.94,4.27,4877,True
681,ES,08,45,2023,10,servicios,actividades,cursos,castilla - la mancha,toledo,3160.0,316.0,3.33,4.18,29,True
682,ES,07,47,2023,10,servicios,actividades,cursos,castilla y leon,valladolid,1200.0,300.0,2.7,4.06,292,True
683,ES,09,08,2023,10,servicios,actividades,cursos,cataluna,barcelona,171295.33,1765.67,4.03,4.05,159935,True
684,ES,09,17,2023,10,servicios,actividades,cursos,cataluna,girona,5976.0,1992.0,3.82,4.24,1146,True
685,ES,09,43,2023,10,servicios,actividades,cursos,cataluna,tarragona,985.0,737.5,3.44,4.2,9269,True
686,ES,13,28,2023,10,servicios,actividades,cursos,comunidad de madrid,madrid,1913918.0,4787.5,3.92,4.1,42370,True
687,ES,10,03,2023,10,servicios,actividades,cursos,comunitat valenciana,alicante/alacant,1560.0,390.0,3.73,4.28,29657,True
688,ES,10,46,2023,10,servicios,actividades,cursos,comunitat valenciana,valencia/valencia,190207.5,4629.0,4.56,4.15,7124,True
689,ES,11,10,2023,10,servicios,actividades,cursos,extremadura,caceres,100.0,100.0,4.99,4.33,60,True
690,ES,12,15,2023,10,servicios,actividades,cursos,galicia,a coruna,50778.0,7254.0,4.04,4.21,605,True
691,ES,04,07,2023,10,servicios,actividades,cursos,illes balears,illes balears,240457.8,1717.4,4.23,4.33,46354,True
692,ES,16,20,2023,10,servicios,actividades,cursos,pais vasco,gipuzkoa,600.0,600.0,3.84,4.41,140,True
693,ES,03,33,2023,10,servicios,actividades,cursos,principado de asturias,asturias,250.0,250.0,3.91,4.35,2389,True
694,ES,14,30,2023,10,servicios,actividades,cursos,region de murcia,murcia,4300.0,430.0,2.83,4.2,6,True
695,ES,01,04,2023,10,paisaje naturaleza,actividades,deportes y aventuras,andalucia,almeria,23937.5,362.5,4.32,4.19,23376,True
696,ES,01,11,2023,10,paisaje naturaleza,actividades,deportes y aventuras,andalucia,cadiz,285480.0,1321.5,4.27,4.26,12350,True
697,ES,01,18,2023,10,paisaje naturaleza,actividades,deportes y aventuras,andalucia,granada,34979.0,1943.0,4.52,4.37,18492,True
698,ES,01,23,2023,10,paisaje naturaleza,actividades,deportes y aventuras,andalucia,jaen,160088.5,968.0,4.44,4.33,4366,True
699,ES,01,29,2023,10,paisaje naturaleza,actividades,deportes y aventuras,andalucia,malaga,1284989.0,2320.5,4.44,4.43,109648,True
700,ES,01,41,2023,10,paisaje naturaleza,actividades,deportes y aventuras,andalucia,sevilla,46165.5,286.5,4.47,4.34,21476,True
701,ES,02,50,2023,10,paisaje naturaleza,actividades,deportes y aventuras,aragon,zaragoza,1000602.0,2372.0,4.36,4.21,5888,True
702,ES,05,35,2023,10,paisaje naturaleza,actividades,deportes y aventuras,canarias,las palmas,37567.33,325.0,4.34,4.28,200378,True
703,ES,05,38,2023,10,paisaje naturaleza,actividades,deportes y aventuras,canarias,santa cruz de tenerife,62118.0,1479.0,4.31,4.26,190067,True
704,ES,08,13,2023,10,paisaje naturaleza,actividades,deportes y aventuras,castilla - la mancha,ciudad real,8118.0,1804.0,4.36,4.29,3026,True
705,ES,08,19,2023,10,paisaje naturaleza,actividades,deportes y aventuras,castilla - la mancha,guadalajara,141791.0,2534.0,4.19,4.04,1303,True
706,ES,09,08,2023,10,paisaje naturaleza,actividades,deportes y aventuras,cataluna,barcelona,284754.88,2037.62,4.13,4.05,200444,True
707,ES,09,17,2023,10,paisaje naturaleza,actividades,deportes y aventuras,cataluna,girona,50.0,50.0,4.38,4.24,61683,True
708,ES,09,43,2023,10,paisaje naturaleza,actividades,deportes y aventuras,cataluna,tarragona,726.0,363.0,4.26,4.2,33701,True
709,ES,15,31,2023,10,paisaje naturaleza,actividades,deportes y aventuras,comunidad foral de navarra,navarra,10290.0,147.0,4.33,4.23,7007,True
710,ES,10,03,2023,10,paisaje naturaleza,actividades,deportes y aventuras,comunitat valenciana,alicante/alacant,192890.2,1387.8,4.36,4.28,82424,True
711,ES,10,46,2023,10,paisaje naturaleza,actividades,deportes y aventuras,comunitat valenciana,valencia/valencia,363921.0,4089.0,4.23,4.15,90776,True
712,ES,11,06,2023,10,paisaje naturaleza,actividades,deportes y aventuras,extremadura,badajoz,108671.0,1553.5,4.4,4.29,1116,True
713,ES,11,10,2023,10,paisaje naturaleza,actividades,deportes y aventuras,extremadura,caceres,13046.0,1832.0,4.5,4.33,5814,True
714,ES,12,36,2023,10,paisaje naturaleza,actividades,deportes y aventuras,galicia,pontevedra,200.0,50.0,4.29,4.17,15699,True
715,ES,04,07,2023,10,paisaje naturaleza,actividades,deportes y aventuras,illes balears,illes balears,871010.33,3191.33,4.42,4.33,203636,True
716,ES,16,48,2023,10,paisaje naturaleza,actividades,deportes y aventuras,pais vasco,bizkaia,448096.0,1577.0,4.38,4.31,7925,True
717,ES,14,30,2023,10,paisaje naturaleza,actividades,deportes y aventuras,region de murcia,murcia,44607.33,1622.0,4.4,4.2,2633,True
718,ES,01,29,2023,10,comida y bebida,actividades,gastronomia,andalucia,malaga,63448.0,1442.0,4.84,4.43,1395,True
719,ES,02,50,2023,10,comida y bebida,actividades,gastronomia,aragon,zaragoza,15429.0,139.0,4.03,4.21,35,True
720,ES,05,35,2023,10,comida y bebida,actividades,gastronomia,canarias,las palmas,3520.0,80.0,3.71,4.28,443,True
721,ES,09,08,2023,10,comida y bebida,actividades,gastronomia,cataluna,barcelona,122996.5,1032.25,4.67,4.05,3911,True
722,ES,09,17,2023,10,comida y bebida,actividades,gastronomia,cataluna,girona,6262.0,101.0,4.57,4.24,183,True
723,ES,13,28,2023,10,comida y bebida,actividades,gastronomia,comunidad de madrid,madrid,39214.0,1783.5,4.71,4.1,5856,True
724,ES,10,03,2023,10,comida y bebida,actividades,gastronomia,comunitat valenciana,alicante/alacant,29138.0,1714.0,4.52,4.28,760,True
725,ES,10,46,2023,10,comida y bebida,actividades,gastronomia,comunitat valenciana,valencia/valencia,97692.0,2326.0,4.79,4.15,369,True
726,ES,12,15,2023,10,comida y bebida,actividades,gastronomia,galicia,a coruna,3000.0,300.0,4.21,4.21,75,True
727,ES,04,07,2023,10,comida y bebida,actividades,gastronomia,illes balears,illes balears,56336.0,4024.0,4.86,4.33,2196,True
728,ES,03,33,2023,10,comida y bebida,actividades,gastronomia,principado de asturias,asturias,85116.0,1038.0,4.33,4.35,124,True
729,ES,01,23,2023,10,vida nocturna,espectaculos,cine,andalucia,jaen,13335.0,635.0,4.0,4.33,992,True
730,ES,01,41,2023,10,vida nocturna,espectaculos,cine,andalucia,sevilla,16480.0,40.0,4.05,4.34,39053,True
731,ES,02,44,2023,10,vida nocturna,espectaculos,cine,aragon,teruel,360.0,45.0,4.35,4.28,950,True
732,ES,05,35,2023,10,vida nocturna,espectaculos,cine,canarias,las palmas,500.0,50.0,4.24,4.28,129544,True
733,ES,08,02,2023,10,vida nocturna,espectaculos,cine,castilla - la mancha,albacete,2025.0,75.0,4.21,4.15,573,True
734,ES,08,16,2023,10,vida nocturna,espectaculos,cine,castilla - la mancha,cuenca,500.0,50.0,3.91,4.19,760,True
735,ES,09,08,2023,10,vida nocturna,espectaculos,cine,cataluna,barcelona,70586.5,443.5,3.95,4.05,119743,True
736,ES,09,17,2023,10,vida nocturna,espectaculos,cine,cataluna,girona,1353.33,46.67,3.8,4.24,12856,True
737,ES,13,28,2023,10,vida nocturna,espectaculos,cine,comunidad de madrid,madrid,12025.0,925.0,3.85,4.1,100430,True
738,ES,10,03,2023,10,vida nocturna,espectaculos,cine,comunitat valenciana,alicante/alacant,950.0,50.0,4.03,4.28,84389,True
739,ES,10,46,2023,10,vida nocturna,espectaculos,cine,comunitat valenciana,valencia/valencia,1150.0,46.0,3.72,4.15,9307,True
740,ES,12,15,2023,10,vida nocturna,espectaculos,cine,galicia,a coruna,75642.0,5403.0,3.74,4.21,5653,True
741,ES,04,07,2023,10,vida nocturna,espectaculos,cine,illes balears,illes balears,11898.33,584.33,4.12,4.33,122452,True
742,ES,16,20,2023,10,vida nocturna,espectaculos,cine,pais vasco,gipuzkoa,36232.67,135.67,4.14,4.41,5503,True
743,ES,14,30,2023,10,vida nocturna,espectaculos,cine,region de murcia,murcia,25755.0,303.0,3.62,4.2,1488,True
744,ES,01,11,2023,10,otros,espectaculos,conferencias,andalucia,cadiz,1500.0,300.0,4.12,4.26,284,True
745,ES,01,29,2023,10,otros,espectaculos,conferencias,andalucia,malaga,15600.0,650.0,4.25,4.43,1156,True
746,ES,02,50,2023,10,otros,espectaculos,conferencias,aragon,zaragoza,16504.0,2063.0,3.75,4.21,158,True
747,ES,05,35,2023,10,otros,espectaculos,conferencias,canarias,las palmas,1950.0,50.0,4.32,4.28,176,True
748,ES,08,13,2023,10,otros,espectaculos,conferencias,castilla - la mancha,ciudad real,4200.0,600.0,4.21,4.29,156,True
749,ES,07,24,2023,10,otros,espectaculos,conferencias,castilla y leon,leon,11795.0,337.0,3.98,4.21,146,True
750,ES,09,08,2023,10,otros,espectaculos,conferencias,cataluna,barcelona,786.0,655.0,3.9,4.05,2019,True
751,ES,13,28,2023,10,otros,espectaculos,conferencias,comunidad de madrid,madrid,131171.0,7877.5,3.97,4.1,1624,True
752,ES,04,07,2023,10,otros,espectaculos,conferencias,illes balears,illes balears,2198.0,1161.5,4.21,4.33,296,True
753,ES,17,26,2023,10,otros,espectaculos,conferencias,la rioja,la rioja,277617.0,3191.0,4.09,4.31,363,True
754,ES,01,04,2023,10,paisaje urbano,espectaculos,"cultura, teatro y danza",andalucia,almeria,43076.67,671.33,4.25,4.19,14318,True
755,ES,01,11,2023,10,paisaje urbano,espectaculos,"cultura, teatro y danza",andalucia,cadiz,5709.33,862.0,4.35,4.26,8809,True
756,ES,01,14,2023,10,paisaje urbano,espectaculos,"cultura, teatro y danza",andalucia,cordoba,124009.0,1345.0,4.3,4.29,93962,True
757,ES,01,18,2023,10,paisaje urbano,espectaculos,"cultura, teatro y danza",andalucia,granada,245451.5,458.5,4.35,4.37,153042,True
758,ES,01,23,2023,10,paisaje urbano,espectaculos,"cultura, teatro y danza",andalucia,jaen,484.0,484.0,4.3,4.33,16236,True
759,ES,01,29,2023,10,paisaje urbano,espectaculos,"cultura, teatro y danza",andalucia,malaga,258387.0,1198.5,4.43,4.43,158253,True
760,ES,01,41,2023,10,paisaje urbano,espectaculos,"cultura, teatro y danza",andalucia,sevilla,821834.4,949.4,4.41,4.34,218279,True
761,ES,02,50,2023,10,paisaje urbano,espectaculos,"cultura, teatro y danza",aragon,zaragoza,1092023.5,689.0,4.34,4.21,41352,True
762,ES,05,35,2023,10,paisaje urbano,espectaculos,"cultura, teatro y danza",canarias,las palmas,158784.17,824.5,4.27,4.28,51395,True
763,ES,05,38,2023,10,paisaje urbano,espectaculos,"cultura, teatro y danza",canarias,santa cruz de tenerife,84747.33,1581.33,4.28,4.26,66584,True
764,ES,06,39,2023,10,paisaje urbano,espectaculos,"cultura, teatro y danza",cantabria,cantabria,52452.0,1116.0,4.28,4.27,27507,True
765,ES,08,02,2023,10,paisaje urbano,espectaculos,"cultura, teatro y danza",castilla - la mancha,albacete,114879.0,771.0,4.09,4.15,3663,True
766,ES,08,13,2023,10,paisaje urbano,espectaculos,"cultura, teatro y danza",castilla - la mancha,ciudad real,3515.0,703.0,4.33,4.29,7266,True
767,ES,08,16,2023,10,paisaje urbano,espectaculos,"cultura, teatro y danza",castilla - la mancha,cuenca,9072.0,1296.0,4.27,4.19,13771,True
768,ES,08,45,2023,10,paisaje urbano,espectaculos,"cultura, teatro y danza",castilla - la mancha,toledo,28359.5,294.5,4.19,4.18,55769,True
769,ES,07,09,2023,10,paisaje urbano,espectaculos,"cultura, teatro y danza",castilla y leon,burgos,300.0,100.0,4.35,4.28,19776,True
770,ES,07,37,2023,10,paisaje urbano,espectaculos,"cultura, teatro y danza",castilla y leon,salamanca,178075.2,626.8,4.24,4.17,31972,True
771,ES,07,47,2023,10,paisaje urbano,espectaculos,"cultura, teatro y danza",castilla y leon,valladolid,214627.83,814.33,4.14,4.06,13695,True
772,ES,09,08,2023,10,paisaje urbano,espectaculos,"cultura, teatro y danza",cataluna,barcelona,548148.64,867.0,4.07,4.05,732080,True
773,ES,09,17,2023,10,paisaje urbano,espectaculos,"cultura, teatro y danza",cataluna,girona,4388.8,237.6,4.24,4.24,50915,True
774,ES,09,25,2023,10,paisaje urbano,espectaculos,"cultura, teatro y danza",cataluna,lleida,224087.0,677.0,4.29,4.27,7171,True
775,ES,09,43,2023,10,paisaje urbano,espectaculos,"cultura, teatro y danza",cataluna,tarragona,180628.5,880.25,4.23,4.2,53439,True
776,ES,13,28,2023,10,paisaje urbano,espectaculos,"cultura, teatro y danza",comunidad de madrid,madrid,92648.86,605.0,4.15,4.1,458466,True
777,ES,10,03,2023,10,paisaje urbano,espectaculos,"cultura, teatro y danza",comunitat valenciana,alicante/alacant,374756.8,1246.6,4.28,4.28,67888,True
778,ES,10,12,2023,10,paisaje urbano,espectaculos,"cultura, teatro y danza",comunitat valenciana,castellon/castello,100606.5,468.5,4.14,4.2,13212,True
779,ES,10,46,2023,10,paisaje urbano,espectaculos,"cultura, teatro y danza",comunitat valenciana,valencia/valencia,238104.33,959.0,4.25,4.15,114505,True
780,ES,11,06,2023,10,paisaje urbano,espectaculos,"cultura, teatro y danza",extremadura,badajoz,147356.75,942.5,4.26,4.29,18348,True
781,ES,11,10,2023,10,paisaje urbano,espectaculos,"cultura, teatro y danza",extremadura,caceres,10947.0,521.0,4.31,4.33,23514,True
782,ES,12,15,2023,10,paisaje urbano,espectaculos,"cultura, teatro y danza",galicia,a coruna,156674.0,722.0,4.26,4.21,50198,True
783,ES,12,27,2023,10,paisaje urbano,espectaculos,"cultura, teatro y danza",galicia,lugo,43489.33,1680.33,4.33,4.28,8872,True
784,ES,12,36,2023,10,paisaje urbano,espectaculos,"cultura, teatro y danza",galicia,pontevedra,215172.0,556.0,4.07,4.17,15892,True
785,ES,04,07,2023,10,paisaje urbano,espectaculos,"cultura, teatro y danza",illes balears,illes balears,158318.89,878.63,4.21,4.33,107418,True
786,ES,17,26,2023,10,paisaje urbano,espectaculos,"cultura, teatro y danza",la rioja,la rioja,6160.0,1925.0,4.29,4.31,11493,True
787,ES,16,01,2023,10,paisaje urbano,espectaculos,"cultura, teatro y danza",pais vasco,araba/alava,8505.33,615.67,4.46,4.41,7811,True
788,ES,16,48,2023,10,paisaje urbano,espectaculos,"cultura, teatro y danza",pais vasco,bizkaia,325778.0,512.0,4.38,4.31,56425,True
789,ES,16,20,2023,10,paisaje urbano,espectaculos,"cultura, teatro y danza",pais vasco,gipuzkoa,31636.75,168.75,4.43,4.41,26949,True
790,ES,03,33,2023,10,paisaje urbano,espectaculos,"cultura, teatro y danza",principado de asturias,asturias,5350.0,153.67,4.37,4.35,40762,True
791,ES,14,30,2023,10,paisaje urbano,espectaculos,"cultura, teatro y danza",region de murcia,murcia,33258.0,446.0,4.32,4.2,9308,True
792,ES,01,11,2023,10,compras,espectaculos,ferias,andalucia,cadiz,1500.0,300.0,4.16,4.26,1319,True
793,ES,05,35,2023,10,compras,espectaculos,ferias,canarias,las palmas,1950.0,50.0,3.9,4.28,20086,True
794,ES,07,24,2023,10,compras,espectaculos,ferias,castilla y leon,leon,11795.0,337.0,4.31,4.21,389,True
795,ES,13,28,2023,10,compras,espectaculos,ferias,comunidad de madrid,madrid,131171.0,7877.5,3.83,4.1,89796,True
796,ES,04,07,2023,10,compras,espectaculos,ferias,illes balears,illes balears,250.0,250.0,4.17,4.33,22175,True
797,ES,17,26,2023,10,compras,espectaculos,ferias,la rioja,la rioja,277617.0,3191.0,4.36,4.31,872,True
798,ES,01,29,2023,10,paisaje urbano,espectaculos,museo y exposiciones,andalucia,malaga,120.0,40.0,4.43,4.43,158253,True
799,ES,01,41,2023,10,paisaje urbano,espectaculos,museo y exposiciones,andalucia,sevilla,24992.0,781.0,4.41,4.34,218279,True
800,ES,02,50,2023,10,paisaje urbano,espectaculos,museo y exposiciones,aragon,zaragoza,3337.0,355.0,4.34,4.21,41352,True
801,ES,08,45,2023,10,paisaje urbano,espectaculos,museo y exposiciones,castilla - la mancha,toledo,9035.0,65.0,4.19,4.18,55769,True
802,ES,07,37,2023,10,paisaje urbano,espectaculos,museo y exposiciones,castilla y leon,salamanca,212216.0,328.0,4.24,4.17,31972,True
803,ES,09,08,2023,10,paisaje urbano,espectaculos,museo y exposiciones,cataluna,barcelona,67588.5,851.5,4.07,4.05,732080,True
804,ES,09,43,2023,10,paisaje urbano,espectaculos,museo y exposiciones,cataluna,tarragona,179944.0,2168.0,4.23,4.2,53439,True
805,ES,10,46,2023,10,paisaje urbano,espectaculos,museo y exposiciones,comunitat valenciana,valencia/valencia,15405.0,1185.0,4.25,4.15,114505,True
806,ES,04,07,2023,10,paisaje urbano,espectaculos,museo y exposiciones,illes balears,illes balears,2590.0,777.0,4.21,4.33,107418,True
807,ES,16,48,2023,10,paisaje urbano,espectaculos,museo y exposiciones,pais vasco,bizkaia,649026.0,909.0,4.38,4.31,56425,True
808,ES,01,04,2023,10,vida nocturna,espectaculos,musica,andalucia,almeria,676058.0,1943.6,3.72,4.19,5362,True
809,ES,01,11,2023,10,vida nocturna,espectaculos,musica,andalucia,cadiz,203434.12,1127.88,4.08,4.26,2343,True
810,ES,01,14,2023,10,vida nocturna,espectaculos,musica,andalucia,cordoba,209327.67,2463.67,4.3,4.29,1908,True
811,ES,01,18,2023,10,vida nocturna,espectaculos,musica,andalucia,granada,84216.83,1476.0,3.92,4.37,10900,True
812,ES,01,21,2023,10,vida nocturna,espectaculos,musica,andalucia,huelva,900.0,100.0,4.03,4.11,1623,True
813,ES,01,23,2023,10,vida nocturna,espectaculos,musica,andalucia,jaen,101016.0,1411.5,4.0,4.33,992,True
814,ES,01,29,2023,10,vida nocturna,espectaculos,musica,andalucia,malaga,607870.0,1361.75,4.3,4.43,56036,True
815,ES,01,41,2023,10,vida nocturna,espectaculos,musica,andalucia,sevilla,1051008.14,1161.29,4.05,4.34,39053,True
816,ES,02,22,2023,10,vida nocturna,espectaculos,musica,aragon,huesca,137222.5,973.75,3.85,4.25,1293,True
817,ES,02,44,2023,10,vida nocturna,espectaculos,musica,aragon,teruel,266814.0,1169.0,4.35,4.28,950,True
818,ES,02,50,2023,10,vida nocturna,espectaculos,musica,aragon,zaragoza,2508629.0,991.0,3.75,4.21,1614,True
819,ES,05,35,2023,10,vida nocturna,espectaculos,musica,canarias,las palmas,133593.5,1365.5,4.24,4.28,129544,True
820,ES,05,38,2023,10,vida nocturna,espectaculos,musica,canarias,santa cruz de tenerife,580474.67,1702.5,4.06,4.26,62671,True
821,ES,06,39,2023,10,vida nocturna,espectaculos,musica,cantabria,cantabria,41008.0,1165.0,4.02,4.27,5819,True
822,ES,08,02,2023,10,vida nocturna,espectaculos,musica,castilla - la mancha,albacete,52634.0,607.0,4.21,4.15,573,True
823,ES,08,13,2023,10,vida nocturna,espectaculos,musica,castilla - la mancha,ciudad real,119238.5,1029.25,4.17,4.29,385,True
824,ES,08,16,2023,10,vida nocturna,espectaculos,musica,castilla - la mancha,cuenca,158056.0,859.0,3.91,4.19,760,True
825,ES,08,19,2023,10,vida nocturna,espectaculos,musica,castilla - la mancha,guadalajara,1989.0,153.0,3.23,4.04,447,True
826,ES,08,45,2023,10,vida nocturna,espectaculos,musica,castilla - la mancha,toledo,63685.0,2261.33,3.99,4.18,434,True
827,ES,07,05,2023,10,vida nocturna,espectaculos,musica,castilla y leon,avila,80384.0,1256.0,4.04,4.23,397,True
828,ES,07,09,2023,10,vida nocturna,espectaculos,musica,castilla y leon,burgos,122557.67,1083.0,3.95,4.28,970,True
829,ES,07,24,2023,10,vida nocturna,espectaculos,musica,castilla y leon,leon,95193.0,1288.0,3.97,4.21,1480,True
830,ES,07,34,2023,10,vida nocturna,espectaculos,musica,castilla y leon,palencia,18044.0,1388.0,4.23,4.35,379,True
831,ES,07,37,2023,10,vida nocturna,espectaculos,musica,castilla y leon,salamanca,30006.5,1132.0,3.66,4.17,3701,True
832,ES,07,40,2023,10,vida nocturna,espectaculos,musica,castilla y leon,segovia,151292.0,1388.0,3.91,4.07,263,True
833,ES,07,42,2023,10,vida nocturna,espectaculos,musica,castilla y leon,soria,478036.0,1508.0,4.2,3.97,154,True
834,ES,07,47,2023,10,vida nocturna,espectaculos,musica,castilla y leon,valladolid,314179.0,1689.33,4.01,4.06,1293,True
835,ES,07,49,2023,10,vida nocturna,espectaculos,musica,castilla y leon,zamora,55209.0,1195.0,4.27,4.17,462,True
836,ES,09,08,2023,10,vida nocturna,espectaculos,musica,cataluna,barcelona,212778.07,1058.7,3.95,4.05,119743,True
837,ES,09,17,2023,10,vida nocturna,espectaculos,musica,cataluna,girona,98074.23,1018.31,3.8,4.24,12856,True
838,ES,09,25,2023,10,vida nocturna,espectaculos,musica,cataluna,lleida,90222.86,648.29,3.84,4.27,1184,True
839,ES,09,43,2023,10,vida nocturna,espectaculos,musica,cataluna,tarragona,254556.0,1249.64,4.1,4.2,22730,True
840,ES,18,51,2023,10,vida nocturna,espectaculos,musica,ceuta,ceuta,59413.0,1121.0,0.0,0.0,0,False
841,ES,13,28,2023,10,vida nocturna,espectaculos,musica,comunidad de madrid,madrid,2472660.67,755.5,3.85,4.1,100430,True
842,ES,15,31,2023,10,vida nocturna,espectaculos,musica,comunidad foral de navarra,navarra,415582.17,1491.0,3.72,4.23,2565,True
843,ES,10,03,2023,10,vida nocturna,espectaculos,musica,comunitat valenciana,alicante/alacant,599588.6,1087.93,4.03,4.28,84389,True
844,ES,10,12,2023,10,vida nocturna,espectaculos,musica,comunitat valenciana,castellon/castello,315797.0,911.33,3.88,4.2,2406,True
845,ES,10,46,2023,10,vida nocturna,espectaculos,musica,comunitat valenciana,valencia/valencia,549106.64,1141.64,3.72,4.15,9307,True
846,ES,11,06,2023,10,vida nocturna,espectaculos,musica,extremadura,badajoz,348015.5,1255.0,4.31,4.29,2109,True
847,ES,11,10,2023,10,vida nocturna,espectaculos,musica,extremadura,caceres,30102.2,968.8,3.95,4.33,1377,True
848,ES,12,15,2023,10,vida nocturna,espectaculos,musica,galicia,a coruna,251653.17,958.5,3.74,4.21,5653,True
849,ES,12,27,2023,10,vida nocturna,espectaculos,musica,galicia,lugo,5506.0,108.0,4.18,4.28,502,True
850,ES,12,32,2023,10,vida nocturna,espectaculos,musica,galicia,ourense,444852.0,1764.0,3.7,4.15,660,True
851,ES,12,36,2023,10,vida nocturna,espectaculos,musica,galicia,pontevedra,95873.5,1447.5,4.0,4.17,3092,True
852,ES,04,07,2023,10,vida nocturna,espectaculos,musica,illes balears,illes balears,2125911.04,1319.56,4.12,4.33,122452,True
853,ES,17,26,2023,10,vida nocturna,espectaculos,musica,la rioja,la rioja,66321.33,661.0,3.69,4.31,1866,True
854,ES,16,01,2023,10,vida nocturna,espectaculos,musica,pais vasco,araba/alava,54751.5,1256.0,3.82,4.41,1138,True
855,ES,16,48,2023,10,vida nocturna,espectaculos,musica,pais vasco,bizkaia,565459.83,1011.0,4.21,4.31,5615,True
856,ES,16,20,2023,10,vida nocturna,espectaculos,musica,pais vasco,gipuzkoa,300944.83,1128.5,4.14,4.41,5503,True
857,ES,03,33,2023,10,vida nocturna,espectaculos,musica,principado de asturias,asturias,646312.33,1033.67,4.18,4.35,9626,True
858,ES,14,30,2023,10,vida nocturna,espectaculos,musica,region de murcia,murcia,2022742.0,1147.75,3.62,4.2,1488,True
859,ES,01,18,2023,10,vida nocturna,espectaculos,musicales,andalucia,granada,42845.0,779.0,3.92,4.37,10900,True
860,ES,01,29,2023,10,vida nocturna,espectaculos,musicales,andalucia,malaga,369018.0,2158.0,4.3,4.43,56036,True
861,ES,01,41,2023,10,vida nocturna,espectaculos,musicales,andalucia,sevilla,221946.0,1563.0,4.05,4.34,39053,True
862,ES,02,50,2023,10,vida nocturna,espectaculos,musicales,aragon,zaragoza,35290.5,56.0,3.75,4.21,1614,True
863,ES,05,35,2023,10,vida nocturna,espectaculos,musicales,canarias,las palmas,109586.0,698.0,4.24,4.28,129544,True
864,ES,06,39,2023,10,vida nocturna,espectaculos,musicales,cantabria,cantabria,157638.0,2021.0,4.02,4.27,5819,True
865,ES,07,37,2023,10,vida nocturna,espectaculos,musicales,castilla y leon,salamanca,296278.5,843.0,3.66,4.17,3701,True
866,ES,07,47,2023,10,vida nocturna,espectaculos,musicales,castilla y leon,valladolid,135904.0,1096.0,4.01,4.06,1293,True
867,ES,09,08,2023,10,vida nocturna,espectaculos,musicales,cataluna,barcelona,843213.33,1308.0,3.95,4.05,119743,True
868,ES,09,43,2023,10,vida nocturna,espectaculos,musicales,cataluna,tarragona,18436.0,2095.0,4.1,4.2,22730,True
869,ES,13,28,2023,10,vida nocturna,espectaculos,musicales,comunidad de madrid,madrid,75206.67,546.17,3.85,4.1,100430,True
870,ES,10,03,2023,10,vida nocturna,espectaculos,musicales,comunitat valenciana,alicante/alacant,1050.0,150.0,4.03,4.28,84389,True
871,ES,10,12,2023,10,vida nocturna,espectaculos,musicales,comunitat valenciana,castellon/castello,5250.0,150.0,3.88,4.2,2406,True
872,ES,10,46,2023,10,vida nocturna,espectaculos,musicales,comunitat valenciana,valencia/valencia,314853.0,957.0,3.72,4.15,9307,True
873,ES,11,06,2023,10,vida nocturna,espectaculos,musicales,extremadura,badajoz,276171.5,1716.5,4.31,4.29,2109,True
874,ES,11,10,2023,10,vida nocturna,espectaculos,musicales,extremadura,caceres,7733.0,209.0,3.95,4.33,1377,True
875,ES,12,15,2023,10,vida nocturna,espectaculos,musicales,galicia,a coruna,33934.0,722.0,3.74,4.21,5653,True
876,ES,12,27,2023,10,vida nocturna,espectaculos,musicales,galicia,lugo,63412.0,1609.5,4.18,4.28,502,True
877,ES,12,36,2023,10,vida nocturna,espectaculos,musicales,galicia,pontevedra,432.0,432.0,4.0,4.17,3092,True
878,ES,04,07,2023,10,vida nocturna,espectaculos,musicales,illes balears,illes balears,41286.67,1203.0,4.12,4.33,122452,True
879,ES,17,26,2023,10,vida nocturna,espectaculos,musicales,la rioja,la rioja,3795.0,165.0,3.69,4.31,1866,True
880,ES,03,33,2023,10,vida nocturna,espectaculos,musicales,principado de asturias,asturias,1561.5,427.0,4.18,4.35,9626,True
881,ES,14,30,2023,10,vida nocturna,espectaculos,musicales,region de murcia,murcia,4136.0,1034.0,3.62,4.2,1488,True
882,ES,09,43,2023,10,paisaje naturaleza,espectaculos,parques tematicos,cataluna,tarragona,726.0,363.0,4.26,4.2,33701,True
883,ES,01,04,2023,11,paisaje naturaleza,actividades,actividades infantiles,andalucia,almeria,3832.0,116.0,4.32,4.19,23376,True
884,ES,01,11,2023,11,paisaje naturaleza,actividades,actividades infantiles,andalucia,cadiz,6698.0,197.0,4.27,4.26,12350,True
885,ES,01,14,2023,11,paisaje naturaleza,actividades,actividades infantiles,andalucia,cordoba,211092.0,1077.0,4.32,4.29,3767,True
886,ES,01,18,2023,11,paisaje naturaleza,actividades,actividades infantiles,andalucia,granada,16552.5,712.5,4.52,4.37,18492,True
887,ES,01,21,2023,11,paisaje naturaleza,actividades,actividades infantiles,andalucia,huelva,292023.0,457.0,4.12,4.11,8396,True
888,ES,01,23,2023,11,paisaje naturaleza,actividades,actividades infantiles,andalucia,jaen,50000.0,250.0,4.44,4.33,4366,True
889,ES,01,29,2023,11,paisaje naturaleza,actividades,actividades infantiles,andalucia,malaga,937705.0,1123.0,4.44,4.43,109648,True
890,ES,01,41,2023,11,paisaje naturaleza,actividades,actividades infantiles,andalucia,sevilla,168766.5,976.0,4.47,4.34,21476,True
891,ES,02,50,2023,11,paisaje naturaleza,actividades,actividades infantiles,aragon,zaragoza,64975.0,565.0,4.36,4.21,5888,True
892,ES,05,35,2023,11,paisaje naturaleza,actividades,actividades infantiles,canarias,las palmas,28078.5,301.75,4.34,4.28,200378,True
893,ES,05,38,2023,11,paisaje naturaleza,actividades,actividades infantiles,canarias,santa cruz de tenerife,95803.0,1174.33,4.31,4.26,190067,True
894,ES,06,39,2023,11,paisaje naturaleza,actividades,actividades infantiles,cantabria,cantabria,133224.0,1586.0,4.36,4.27,37946,True
895,ES,08,02,2023,11,paisaje naturaleza,actividades,actividades infantiles,castilla - la mancha,albacete,198528.0,517.0,4.38,4.15,3169,True
896,ES,08,13,2023,11,paisaje naturaleza,actividades,actividades infantiles,castilla - la mancha,ciudad real,4128.0,516.0,4.36,4.29,3026,True
897,ES,08,19,2023,11,paisaje naturaleza,actividades,actividades infantiles,castilla - la mancha,guadalajara,149816.0,1228.0,4.19,4.04,1303,True
898,ES,08,45,2023,11,paisaje naturaleza,actividades,actividades infantiles,castilla - la mancha,toledo,39294.0,666.0,4.16,4.18,1715,True
899,ES,07,47,2023,11,paisaje naturaleza,actividades,actividades infantiles,castilla y leon,valladolid,71262.5,701.5,4.18,4.06,8696,True
900,ES,09,08,2023,11,paisaje naturaleza,actividades,actividades infantiles,cataluna,barcelona,173745.82,557.64,4.13,4.05,200444,True
901,ES,09,17,2023,11,paisaje naturaleza,actividades,actividades infantiles,cataluna,girona,27462.0,983.5,4.38,4.24,61683,True
902,ES,09,43,2023,11,paisaje naturaleza,actividades,actividades infantiles,cataluna,tarragona,42004.5,2085.5,4.26,4.2,33701,True
903,ES,13,28,2023,11,paisaje naturaleza,actividades,actividades infantiles,comunidad de madrid,madrid,122834.4,591.1,4.19,4.1,121795,True
904,ES,15,31,2023,11,paisaje naturaleza,actividades,actividades infantiles,comunidad foral de navarra,navarra,4818.0,146.0,4.33,4.23,7007,True
905,ES,10,03,2023,11,paisaje naturaleza,actividades,actividades infantiles,comunitat valenciana,alicante/alacant,90200.0,827.25,4.36,4.28,82424,True
906,ES,10,12,2023,11,paisaje naturaleza,actividades,actividades infantiles,comunitat valenciana,castellon/castello,447848.0,1258.0,4.22,4.2,6934,True
907,ES,10,46,2023,11,paisaje naturaleza,actividades,actividades infantiles,comunitat valenciana,valencia/valencia,2281296.67,1290.0,4.23,4.15,90776,True
908,ES,11,06,2023,11,paisaje naturaleza,actividades,actividades infantiles,extremadura,badajoz,46993.67,1076.0,4.4,4.29,1116,True
909,ES,11,10,2023,11,paisaje naturaleza,actividades,actividades infantiles,extremadura,caceres,3504.67,1620.67,4.5,4.33,5814,True
910,ES,12,15,2023,11,paisaje naturaleza,actividades,actividades infantiles,galicia,a coruna,92202.0,726.0,4.39,4.21,18974,True
911,ES,12,27,2023,11,paisaje naturaleza,actividades,actividades infantiles,galicia,lugo,75478.0,1618.5,4.57,4.28,8089,True
912,ES,04,07,2023,11,paisaje naturaleza,actividades,actividades infantiles,illes balears,illes balears,172787.29,847.57,4.42,4.33,203636,True
913,ES,17,26,2023,11,paisaje naturaleza,actividades,actividades infantiles,la rioja,la rioja,20273.0,97.0,4.4,4.31,18300,True
914,ES,16,01,2023,11,paisaje naturaleza,actividades,actividades infantiles,pais vasco,araba/alava,173190.5,362.0,4.66,4.41,11468,True
915,ES,16,48,2023,11,paisaje naturaleza,actividades,actividades infantiles,pais vasco,bizkaia,255594.0,1532.0,4.38,4.31,7925,True
916,ES,16,20,2023,11,paisaje naturaleza,actividades,actividades infantiles,pais vasco,gipuzkoa,281650.0,386.0,4.61,4.41,26976,True
917,ES,03,33,2023,11,paisaje naturaleza,actividades,actividades infantiles,principado de asturias,asturias,11987.33,159.33,4.42,4.35,44006,True
918,ES,14,30,2023,11,paisaje naturaleza,actividades,actividades infantiles,region de murcia,murcia,18920.0,1034.5,4.4,4.2,2633,True
919,ES,01,11,2023,11,servicios,actividades,cursos,andalucia,cadiz,1200.0,1200.0,4.74,4.26,39,True
920,ES,01,18,2023,11,servicios,actividades,cursos,andalucia,granada,720.0,120.0,4.47,4.37,1868,True
921,ES,01,29,2023,11,servicios,actividades,cursos,andalucia,malaga,13138.67,1020.0,4.62,4.43,51898,True
922,ES,05,35,2023,11,servicios,actividades,cursos,canarias,las palmas,110.0,110.0,3.72,4.28,2863,True
923,ES,05,38,2023,11,servicios,actividades,cursos,canarias,santa cruz de tenerife,15776.0,986.0,3.86,4.26,3753,True
924,ES,06,39,2023,11,servicios,actividades,cursos,cantabria,cantabria,5000.0,1250.0,3.94,4.27,4877,True
925,ES,08,45,2023,11,servicios,actividades,cursos,castilla - la mancha,toledo,130.0,130.0,3.33,4.18,29,True
926,ES,07,47,2023,11,servicios,actividades,cursos,castilla y leon,valladolid,136928.0,3112.0,2.7,4.06,292,True
927,ES,09,08,2023,11,servicios,actividades,cursos,cataluna,barcelona,259989.0,4423.0,4.03,4.05,159935,True
928,ES,09,17,2023,11,servicios,actividades,cursos,cataluna,girona,4525.0,1215.0,3.82,4.24,1146,True
929,ES,09,43,2023,11,servicios,actividades,cursos,cataluna,tarragona,4722.5,587.5,3.44,4.2,9269,True
930,ES,13,28,2023,11,servicios,actividades,cursos,comunidad de madrid,madrid,1009648.5,2756.0,3.92,4.1,42370,True
931,ES,15,31,2023,11,servicios,actividades,cursos,comunidad foral de navarra,navarra,520.0,104.0,1.93,4.23,108,True
932,ES,10,03,2023,11,servicios,actividades,cursos,comunitat valenciana,alicante/alacant,48204.0,4017.0,3.73,4.28,29657,True
933,ES,10,46,2023,11,servicios,actividades,cursos,comunitat valenciana,valencia/valencia,2910.0,970.0,4.56,4.15,7124,True
934,ES,11,10,2023,11,servicios,actividades,cursos,extremadura,caceres,500.0,100.0,4.99,4.33,60,True
935,ES,12,15,2023,11,servicios,actividades,cursos,galicia,a coruna,54649.0,7807.0,4.04,4.21,605,True
936,ES,04,07,2023,11,servicios,actividades,cursos,illes balears,illes balears,262942.8,2071.8,4.23,4.33,46354,True
937,ES,16,01,2023,11,servicios,actividades,cursos,pais vasco,araba/alava,750.0,30.0,5.0,4.41,18,True
938,ES,16,48,2023,11,servicios,actividades,cursos,pais vasco,bizkaia,6135.0,382.0,4.03,4.31,13509,True
939,ES,16,20,2023,11,servicios,actividades,cursos,pais vasco,gipuzkoa,150.0,150.0,3.84,4.41,140,True
940,ES,03,33,2023,11,servicios,actividades,cursos,principado de asturias,asturias,450.0,225.0,3.91,4.35,2389,True
941,ES,01,04,2023,11,paisaje naturaleza,actividades,deportes y aventuras,andalucia,almeria,4653.0,517.0,4.32,4.19,23376,True
942,ES,01,11,2023,11,paisaje naturaleza,actividades,deportes y aventuras,andalucia,cadiz,6698.0,197.0,4.27,4.26,12350,True
943,ES,01,18,2023,11,paisaje naturaleza,actividades,deportes y aventuras,andalucia,granada,600.0,200.0,4.52,4.37,18492,True
944,ES,01,29,2023,11,paisaje naturaleza,actividades,deportes y aventuras,andalucia,malaga,11890.0,290.0,4.44,4.43,109648,True
945,ES,01,41,2023,11,paisaje naturaleza,actividades,deportes y aventuras,andalucia,sevilla,9135.0,523.0,4.47,4.34,21476,True
946,ES,02,50,2023,11,paisaje naturaleza,actividades,deportes y aventuras,aragon,zaragoza,26168.0,6542.0,4.36,4.21,5888,True
947,ES,05,35,2023,11,paisaje naturaleza,actividades,deportes y aventuras,canarias,las palmas,18137.0,259.67,4.34,4.28,200378,True
948,ES,05,38,2023,11,paisaje naturaleza,actividades,deportes y aventuras,canarias,santa cruz de tenerife,43934.0,1997.0,4.31,4.26,190067,True
949,ES,08,13,2023,11,paisaje naturaleza,actividades,deportes y aventuras,castilla - la mancha,ciudad real,738.0,1845.0,4.36,4.29,3026,True
950,ES,07,24,2023,11,paisaje naturaleza,actividades,deportes y aventuras,castilla y leon,leon,108768.0,2266.0,4.52,4.21,4506,True
951,ES,09,08,2023,11,paisaje naturaleza,actividades,deportes y aventuras,cataluna,barcelona,259280.5,1797.5,4.13,4.05,200444,True
952,ES,09,17,2023,11,paisaje naturaleza,actividades,deportes y aventuras,cataluna,girona,45261.0,423.0,4.38,4.24,61683,True
953,ES,09,43,2023,11,paisaje naturaleza,actividades,deportes y aventuras,cataluna,tarragona,59202.0,4554.0,4.26,4.2,33701,True
954,ES,13,28,2023,11,paisaje naturaleza,actividades,deportes y aventuras,comunidad de madrid,madrid,147024.0,2042.0,4.19,4.1,121795,True
955,ES,15,31,2023,11,paisaje naturaleza,actividades,deportes y aventuras,comunidad foral de navarra,navarra,240396.0,1541.0,4.33,4.23,7007,True
956,ES,10,03,2023,11,paisaje naturaleza,actividades,deportes y aventuras,comunitat valenciana,alicante/alacant,190826.0,2347.0,4.36,4.28,82424,True
957,ES,10,12,2023,11,paisaje naturaleza,actividades,deportes y aventuras,comunitat valenciana,castellon/castello,19854.0,1103.0,4.22,4.2,6934,True
958,ES,10,46,2023,11,paisaje naturaleza,actividades,deportes y aventuras,comunitat valenciana,valencia/valencia,60537.0,1187.0,4.23,4.15,90776,True
959,ES,11,06,2023,11,paisaje naturaleza,actividades,deportes y aventuras,extremadura,badajoz,22089.0,1556.5,4.4,4.29,1116,True
960,ES,11,10,2023,11,paisaje naturaleza,actividades,deportes y aventuras,extremadura,caceres,73404.0,2156.0,4.5,4.33,5814,True
961,ES,12,27,2023,11,paisaje naturaleza,actividades,deportes y aventuras,galicia,lugo,242128.0,6544.0,4.57,4.28,8089,True
962,ES,04,07,2023,11,paisaje naturaleza,actividades,deportes y aventuras,illes balears,illes balears,22750.0,650.0,4.42,4.33,203636,True
963,ES,16,48,2023,11,paisaje naturaleza,actividades,deportes y aventuras,pais vasco,bizkaia,2212608.0,2144.0,4.38,4.31,7925,True
964,ES,14,30,2023,11,paisaje naturaleza,actividades,deportes y aventuras,region de murcia,murcia,19124.0,4781.0,4.4,4.2,2633,True
965,ES,01,29,2023,11,comida y bebida,actividades,gastronomia,andalucia,malaga,336918.0,1446.0,4.84,4.43,1395,True
966,ES,02,50,2023,11,comida y bebida,actividades,gastronomia,aragon,zaragoza,144375.0,1155.0,4.03,4.21,35,True
967,ES,05,35,2023,11,comida y bebida,actividades,gastronomia,canarias,las palmas,51136.0,799.0,3.71,4.28,443,True
968,ES,09,08,2023,11,comida y bebida,actividades,gastronomia,cataluna,barcelona,174026.67,950.33,4.67,4.05,3911,True
969,ES,09,17,2023,11,comida y bebida,actividades,gastronomia,cataluna,girona,7200.0,1200.0,4.57,4.24,183,True
970,ES,13,28,2023,11,comida y bebida,actividades,gastronomia,comunidad de madrid,madrid,40345.5,1774.5,4.71,4.1,5856,True
971,ES,15,31,2023,11,comida y bebida,actividades,gastronomia,comunidad foral de navarra,navarra,520.0,104.0,4.63,4.23,135,True
972,ES,10,03,2023,11,comida y bebida,actividades,gastronomia,comunitat valenciana,alicante/alacant,119592.0,1661.0,4.52,4.28,760,True
973,ES,10,46,2023,11,comida y bebida,actividades,gastronomia,comunitat valenciana,valencia/valencia,86924.0,1561.67,4.79,4.15,369,True
974,ES,04,07,2023,11,comida y bebida,actividades,gastronomia,illes balears,illes balears,673354.0,2651.0,4.86,4.33,2196,True
975,ES,16,01,2023,11,comida y bebida,actividades,gastronomia,pais vasco,araba/alava,750.0,30.0,4.37,4.41,303,True
976,ES,14,30,2023,11,comida y bebida,actividades,gastronomia,region de murcia,murcia,35992.0,818.0,3.99,4.2,320,True
977,ES,01,41,2023,11,vida nocturna,espectaculos,cine,andalucia,sevilla,116907.0,399.0,4.05,4.34,39053,True
978,ES,02,44,2023,11,vida nocturna,espectaculos,cine,aragon,teruel,315.0,45.0,4.35,4.28,950,True
979,ES,02,50,2023,11,vida nocturna,espectaculos,cine,aragon,zaragoza,11220.0,55.0,3.75,4.21,1614,True
980,ES,05,35,2023,11,vida nocturna,espectaculos,cine,canarias,las palmas,450.0,50.0,4.24,4.28,129544,True
981,ES,08,02,2023,11,vida nocturna,espectaculos,cine,castilla - la mancha,albacete,10574.0,311.0,4.21,4.15,573,True
982,ES,08,16,2023,11,vida nocturna,espectaculos,cine,castilla - la mancha,cuenca,450.0,50.0,3.91,4.19,760,True
983,ES,07,40,2023,11,vida nocturna,espectaculos,cine,castilla y leon,segovia,300.0,30.0,3.91,4.07,263,True
984,ES,09,08,2023,11,vida nocturna,espectaculos,cine,cataluna,barcelona,16562.0,637.0,3.95,4.05,119743,True
985,ES,09,17,2023,11,vida nocturna,espectaculos,cine,cataluna,girona,90.0,45.0,3.8,4.24,12856,True
986,ES,13,28,2023,11,vida nocturna,espectaculos,cine,comunidad de madrid,madrid,817.0,817.0,3.85,4.1,100430,True
987,ES,10,03,2023,11,vida nocturna,espectaculos,cine,comunitat valenciana,alicante/alacant,1150.0,50.0,4.03,4.28,84389,True
988,ES,12,15,2023,11,vida nocturna,espectaculos,cine,galicia,a coruna,14735.0,2947.0,3.74,4.21,5653,True
989,ES,04,07,2023,11,vida nocturna,espectaculos,cine,illes balears,illes balears,10204.67,502.33,4.12,4.33,122452,True
990,ES,16,01,2023,11,vida nocturna,espectaculos,cine,pais vasco,araba/alava,369977.0,419.0,3.82,4.41,1138,True
991,ES,16,20,2023,11,vida nocturna,espectaculos,cine,pais vasco,gipuzkoa,16291.0,329.0,4.14,4.41,5503,True
992,ES,01,11,2023,11,otros,espectaculos,conferencias,andalucia,cadiz,874832.0,2044.0,4.12,4.26,284,True
993,ES,02,50,2023,11,otros,espectaculos,conferencias,aragon,zaragoza,80500.0,500.0,3.75,4.21,158,True
994,ES,05,35,2023,11,otros,espectaculos,conferencias,canarias,las palmas,2700.0,50.0,4.32,4.28,176,True
995,ES,08,13,2023,11,otros,espectaculos,conferencias,castilla - la mancha,ciudad real,14400.0,600.0,4.21,4.29,156,True
996,ES,09,08,2023,11,otros,espectaculos,conferencias,cataluna,barcelona,194481.0,1323.0,3.9,4.05,2019,True
997,ES,13,28,2023,11,otros,espectaculos,conferencias,comunidad de madrid,madrid,103582.33,4931.0,3.97,4.1,1624,True
998,ES,15,31,2023,11,otros,espectaculos,conferencias,comunidad foral de navarra,navarra,15504.0,3876.0,4.27,4.23,500,True
999,ES,12,32,2023,11,otros,espectaculos,conferencias,galicia,ourense,1000.0,100.0,4.73,4.15,26,True
1000,ES,12,36,2023,11,otros,espectaculos,conferencias,galicia,pontevedra,80352.0,1296.0,4.43,4.17,119,True
1001,ES,04,07,2023,11,otros,espectaculos,conferencias,illes balears,illes balears,900.0,450.0,4.21,4.33,296,True
1002,ES,01,04,2023,11,paisaje urbano,espectaculos,"cultura, teatro y danza",andalucia,almeria,299621.75,926.75,4.25,4.19,14318,True
1003,ES,01,11,2023,11,paisaje urbano,espectaculos,"cultura, teatro y danza",andalucia,cadiz,43935.0,990.0,4.35,4.26,8809,True
1004,ES,01,14,2023,11,paisaje urbano,espectaculos,"cultura, teatro y danza",andalucia,cordoba,1874125.0,1375.0,4.3,4.29,93962,True
1005,ES,01,18,2023,11,paisaje urbano,espectaculos,"cultura, teatro y danza",andalucia,granada,189082.33,977.67,4.35,4.37,153042,True
1006,ES,01,21,2023,11,paisaje urbano,espectaculos,"cultura, teatro y danza",andalucia,huelva,292023.0,457.0,4.23,4.11,9984,True
1007,ES,01,23,2023,11,paisaje urbano,espectaculos,"cultura, teatro y danza",andalucia,jaen,53878.0,682.0,4.3,4.33,16236,True
1008,ES,01,29,2023,11,paisaje urbano,espectaculos,"cultura, teatro y danza",andalucia,malaga,164323.5,807.0,4.43,4.43,158253,True
1009,ES,01,41,2023,11,paisaje urbano,espectaculos,"cultura, teatro y danza",andalucia,sevilla,613714.0,780.25,4.41,4.34,218279,True
1010,ES,02,50,2023,11,paisaje urbano,espectaculos,"cultura, teatro y danza",aragon,zaragoza,162220.0,696.5,4.34,4.21,41352,True
1011,ES,05,35,2023,11,paisaje urbano,espectaculos,"cultura, teatro y danza",canarias,las palmas,272971.5,596.0,4.27,4.28,51395,True
1012,ES,05,38,2023,11,paisaje urbano,espectaculos,"cultura, teatro y danza",canarias,santa cruz de tenerife,149085.0,1500.0,4.28,4.26,66584,True
1013,ES,06,39,2023,11,paisaje urbano,espectaculos,"cultura, teatro y danza",cantabria,cantabria,524888.0,824.0,4.28,4.27,27507,True
1014,ES,08,02,2023,11,paisaje urbano,espectaculos,"cultura, teatro y danza",castilla - la mancha,albacete,233392.0,1006.0,4.09,4.15,3663,True
1015,ES,08,13,2023,11,paisaje urbano,espectaculos,"cultura, teatro y danza",castilla - la mancha,ciudad real,44336.0,652.0,4.33,4.29,7266,True
1016,ES,08,16,2023,11,paisaje urbano,espectaculos,"cultura, teatro y danza",castilla - la mancha,cuenca,3888.0,1296.0,4.27,4.19,13771,True
1017,ES,08,45,2023,11,paisaje urbano,espectaculos,"cultura, teatro y danza",castilla - la mancha,toledo,35565.0,827.67,4.19,4.18,55769,True
1018,ES,07,09,2023,11,paisaje urbano,espectaculos,"cultura, teatro y danza",castilla y leon,burgos,8398.0,1105.0,4.35,4.28,19776,True
1019,ES,07,37,2023,11,paisaje urbano,espectaculos,"cultura, teatro y danza",castilla y leon,salamanca,55722.5,634.0,4.24,4.17,31972,True
1020,ES,07,42,2023,11,paisaje urbano,espectaculos,"cultura, teatro y danza",castilla y leon,soria,4508.0,1127.0,4.17,3.97,6300,True
1021,ES,07,47,2023,11,paisaje urbano,espectaculos,"cultura, teatro y danza",castilla y leon,valladolid,112065.83,701.83,4.14,4.06,13695,True
1022,ES,09,08,2023,11,paisaje urbano,espectaculos,"cultura, teatro y danza",cataluna,barcelona,341788.89,890.05,4.07,4.05,732080,True
1023,ES,09,17,2023,11,paisaje urbano,espectaculos,"cultura, teatro y danza",cataluna,girona,22721.5,1161.5,4.24,4.24,50915,True
1024,ES,09,43,2023,11,paisaje urbano,espectaculos,"cultura, teatro y danza",cataluna,tarragona,63974.67,1201.67,4.23,4.2,53439,True
1025,ES,13,28,2023,11,paisaje urbano,espectaculos,"cultura, teatro y danza",comunidad de madrid,madrid,105153.69,472.77,4.15,4.1,458466,True
1026,ES,10,03,2023,11,paisaje urbano,espectaculos,"cultura, teatro y danza",comunitat valenciana,alicante/alacant,157552.86,1011.71,4.28,4.28,67888,True
1027,ES,10,12,2023,11,paisaje urbano,espectaculos,"cultura, teatro y danza",comunitat valenciana,castellon/castello,306925.0,1494.0,4.14,4.2,13212,True
1028,ES,10,46,2023,11,paisaje urbano,espectaculos,"cultura, teatro y danza",comunitat valenciana,valencia/valencia,1316073.5,947.5,4.25,4.15,114505,True
1029,ES,11,06,2023,11,paisaje urbano,espectaculos,"cultura, teatro y danza",extremadura,badajoz,75878.0,1158.67,4.26,4.29,18348,True
1030,ES,11,10,2023,11,paisaje urbano,espectaculos,"cultura, teatro y danza",extremadura,caceres,118733.5,1460.5,4.31,4.33,23514,True
1031,ES,12,15,2023,11,paisaje urbano,espectaculos,"cultura, teatro y danza",galicia,a coruna,92202.0,726.0,4.26,4.21,50198,True
1032,ES,12,27,2023,11,paisaje urbano,espectaculos,"cultura, teatro y danza",galicia,lugo,75478.0,1618.5,4.33,4.28,8872,True
1033,ES,12,36,2023,11,paisaje urbano,espectaculos,"cultura, teatro y danza",galicia,pontevedra,261124.0,673.0,4.07,4.17,15892,True
1034,ES,04,07,2023,11,paisaje urbano,espectaculos,"cultura, teatro y danza",illes balears,illes balears,185663.06,802.65,4.21,4.33,107418,True
1035,ES,17,26,2023,11,paisaje urbano,espectaculos,"cultura, teatro y danza",la rioja,la rioja,919704.5,1500.5,4.29,4.31,11493,True
1036,ES,16,01,2023,11,paisaje urbano,espectaculos,"cultura, teatro y danza",pais vasco,araba/alava,137271.67,570.33,4.46,4.41,7811,True
1037,ES,16,48,2023,11,paisaje urbano,espectaculos,"cultura, teatro y danza",pais vasco,bizkaia,155857.5,965.0,4.38,4.31,56425,True
1038,ES,16,20,2023,11,paisaje urbano,espectaculos,"cultura, teatro y danza",pais vasco,gipuzkoa,114598.8,509.0,4.43,4.41,26949,True
1039,ES,03,33,2023,11,paisaje urbano,espectaculos,"cultura, teatro y danza",principado de asturias,asturias,13729.67,409.0,4.37,4.35,40762,True
1040,ES,14,30,2023,11,paisaje urbano,espectaculos,"cultura, teatro y danza",region de murcia,murcia,52823.0,792.0,4.32,4.2,9308,True
1041,ES,01,11,2023,11,compras,espectaculos,ferias,andalucia,cadiz,874832.0,2044.0,4.16,4.26,1319,True
1042,ES,02,50,2023,11,compras,espectaculos,ferias,aragon,zaragoza,63500.0,500.0,4.41,4.21,3119,True
1043,ES,05,35,2023,11,compras,espectaculos,ferias,canarias,las palmas,2700.0,50.0,3.9,4.28,20086,True
1044,ES,13,28,2023,11,compras,espectaculos,ferias,comunidad de madrid,madrid,154096.5,6119.5,3.83,4.1,89796,True
1045,ES,01,21,2023,11,paisaje urbano,espectaculos,museo y exposiciones,andalucia,huelva,292023.0,457.0,4.23,4.11,9984,True
1046,ES,01,41,2023,11,paisaje urbano,espectaculos,museo y exposiciones,andalucia,sevilla,17859.5,1139.5,4.41,4.34,218279,True
1047,ES,02,50,2023,11,paisaje urbano,espectaculos,museo y exposiciones,aragon,zaragoza,39785.0,365.0,4.34,4.21,41352,True
1048,ES,08,45,2023,11,paisaje urbano,espectaculos,museo y exposiciones,castilla - la mancha,toledo,39294.0,666.0,4.19,4.18,55769,True
1049,ES,09,08,2023,11,paisaje urbano,espectaculos,museo y exposiciones,cataluna,barcelona,6871.5,815.0,4.07,4.05,732080,True
1050,ES,09,43,2023,11,paisaje urbano,espectaculos,museo y exposiciones,cataluna,tarragona,5912.0,1478.0,4.23,4.2,53439,True
1051,ES,10,46,2023,11,paisaje urbano,espectaculos,museo y exposiciones,comunitat valenciana,valencia/valencia,3367.0,1295.0,4.25,4.15,114505,True
1052,ES,04,07,2023,11,paisaje urbano,espectaculos,museo y exposiciones,illes balears,illes balears,3625.0,633.0,4.21,4.33,107418,True
1053,ES,16,48,2023,11,paisaje urbano,espectaculos,museo y exposiciones,pais vasco,bizkaia,228114.0,874.0,4.38,4.31,56425,True
1054,ES,01,04,2023,11,vida nocturna,espectaculos,musica,andalucia,almeria,927366.4,1711.4,3.72,4.19,5362,True
1055,ES,01,11,2023,11,vida nocturna,espectaculos,musica,andalucia,cadiz,130803.62,965.75,4.08,4.26,2343,True
1056,ES,01,14,2023,11,vida nocturna,espectaculos,musica,andalucia,cordoba,44299.0,705.5,4.3,4.29,1908,True
1057,ES,01,18,2023,11,vida nocturna,espectaculos,musica,andalucia,granada,322796.0,1273.5,3.92,4.37,10900,True
1058,ES,01,21,2023,11,vida nocturna,espectaculos,musica,andalucia,huelva,11099.0,1009.0,4.03,4.11,1623,True
1059,ES,01,23,2023,11,vida nocturna,espectaculos,musica,andalucia,jaen,24572.2,771.0,4.0,4.33,992,True
1060,ES,01,29,2023,11,vida nocturna,espectaculos,musica,andalucia,malaga,423073.43,1250.86,4.3,4.43,56036,True
1061,ES,01,41,2023,11,vida nocturna,espectaculos,musica,andalucia,sevilla,466687.78,1208.56,4.05,4.34,39053,True
1062,ES,02,22,2023,11,vida nocturna,espectaculos,musica,aragon,huesca,143668.25,877.5,3.85,4.25,1293,True
1063,ES,02,44,2023,11,vida nocturna,espectaculos,musica,aragon,teruel,1423557.0,2593.0,4.35,4.28,950,True
1064,ES,02,50,2023,11,vida nocturna,espectaculos,musica,aragon,zaragoza,220345.67,344.33,3.75,4.21,1614,True
1065,ES,05,35,2023,11,vida nocturna,espectaculos,musica,canarias,las palmas,403310.64,1511.55,4.24,4.28,129544,True
1066,ES,05,38,2023,11,vida nocturna,espectaculos,musica,canarias,santa cruz de tenerife,340712.5,1288.75,4.06,4.26,62671,True
1067,ES,06,39,2023,11,vida nocturna,espectaculos,musica,cantabria,cantabria,322335.0,1235.0,4.02,4.27,5819,True
1068,ES,08,02,2023,11,vida nocturna,espectaculos,musica,castilla - la mancha,albacete,668664.0,1332.0,4.21,4.15,573,True
1069,ES,08,13,2023,11,vida nocturna,espectaculos,musica,castilla - la mancha,ciudad real,19418.5,878.25,4.17,4.29,385,True
1070,ES,08,16,2023,11,vida nocturna,espectaculos,musica,castilla - la mancha,cuenca,3378.0,1126.0,3.91,4.19,760,True
1071,ES,08,19,2023,11,vida nocturna,espectaculos,musica,castilla - la mancha,guadalajara,309191.0,1327.0,3.23,4.04,447,True
1072,ES,08,45,2023,11,vida nocturna,espectaculos,musica,castilla - la mancha,toledo,185405.33,2794.33,3.99,4.18,434,True
1073,ES,07,05,2023,11,vida nocturna,espectaculos,musica,castilla y leon,avila,89907.0,1303.0,4.04,4.23,397,True
1074,ES,07,09,2023,11,vida nocturna,espectaculos,musica,castilla y leon,burgos,113611.33,1671.67,3.95,4.28,970,True
1075,ES,07,24,2023,11,vida nocturna,espectaculos,musica,castilla y leon,leon,214396.0,1225.0,3.97,4.21,1480,True
1076,ES,07,34,2023,11,vida nocturna,espectaculos,musica,castilla y leon,palencia,112258.0,1517.0,4.23,4.35,379,True
1077,ES,07,37,2023,11,vida nocturna,espectaculos,musica,castilla y leon,salamanca,86640.0,120.0,3.66,4.17,3701,True
1078,ES,07,40,2023,11,vida nocturna,espectaculos,musica,castilla y leon,segovia,89192.5,785.0,3.91,4.07,263,True
1079,ES,07,42,2023,11,vida nocturna,espectaculos,musica,castilla y leon,soria,569562.0,1337.0,4.2,3.97,154,True
1080,ES,07,47,2023,11,vida nocturna,espectaculos,musica,castilla y leon,valladolid,1617567.0,1379.0,4.01,4.06,1293,True
1081,ES,07,49,2023,11,vida nocturna,espectaculos,musica,castilla y leon,zamora,456088.0,1213.0,4.27,4.17,462,True
1082,ES,09,08,2023,11,vida nocturna,espectaculos,musica,cataluna,barcelona,742263.13,1336.5,3.95,4.05,119743,True
1083,ES,09,17,2023,11,vida nocturna,espectaculos,musica,cataluna,girona,148111.92,1069.0,3.8,4.24,12856,True
1084,ES,09,25,2023,11,vida nocturna,espectaculos,musica,cataluna,lleida,151773.4,670.6,3.84,4.27,1184,True
1085,ES,09,43,2023,11,vida nocturna,espectaculos,musica,cataluna,tarragona,280235.0,1668.31,4.1,4.2,22730,True
1086,ES,18,51,2023,11,vida nocturna,espectaculos,musica,ceuta,ceuta,133532.0,1004.0,0.0,0.0,0,False
1087,ES,13,28,2023,11,vida nocturna,espectaculos,musica,comunidad de madrid,madrid,2916663.53,1376.12,3.85,4.1,100430,True
1088,ES,15,31,2023,11,vida nocturna,espectaculos,musica,comunidad foral de navarra,navarra,3129667.0,1508.0,3.72,4.23,2565,True
1089,ES,10,03,2023,11,vida nocturna,espectaculos,musica,comunitat valenciana,alicante/alacant,139955.62,1265.38,4.03,4.28,84389,True
1090,ES,10,12,2023,11,vida nocturna,espectaculos,musica,comunitat valenciana,castellon/castello,61666.5,678.0,3.88,4.2,2406,True
1091,ES,10,46,2023,11,vida nocturna,espectaculos,musica,comunitat valenciana,valencia/valencia,575137.43,1198.57,3.72,4.15,9307,True
1092,ES,11,06,2023,11,vida nocturna,espectaculos,musica,extremadura,badajoz,90233.0,939.2,4.31,4.29,2109,True
1093,ES,11,10,2023,11,vida nocturna,espectaculos,musica,extremadura,caceres,20644.4,956.6,3.95,4.33,1377,True
1094,ES,12,15,2023,11,vida nocturna,espectaculos,musica,galicia,a coruna,499134.0,1249.4,3.74,4.21,5653,True
1095,ES,12,27,2023,11,vida nocturna,espectaculos,musica,galicia,lugo,135998.0,1283.0,4.18,4.28,502,True
1096,ES,12,32,2023,11,vida nocturna,espectaculos,musica,galicia,ourense,196427.0,1818.5,3.7,4.15,660,True
1097,ES,12,36,2023,11,vida nocturna,espectaculos,musica,galicia,pontevedra,416061.0,1101.5,4.0,4.17,3092,True
1098,ES,04,07,2023,11,vida nocturna,espectaculos,musica,illes balears,illes balears,803680.27,1051.42,4.12,4.33,122452,True
1099,ES,17,26,2023,11,vida nocturna,espectaculos,musica,la rioja,la rioja,204993.25,1031.75,3.69,4.31,1866,True
1100,ES,16,01,2023,11,vida nocturna,espectaculos,musica,pais vasco,araba/alava,103900.5,754.5,3.82,4.41,1138,True
1101,ES,16,48,2023,11,vida nocturna,espectaculos,musica,pais vasco,bizkaia,802245.17,1111.83,4.21,4.31,5615,True
1102,ES,16,20,2023,11,vida nocturna,espectaculos,musica,pais vasco,gipuzkoa,397471.29,532.86,4.14,4.41,5503,True
1103,ES,03,33,2023,11,vida nocturna,espectaculos,musica,principado de asturias,asturias,288026.0,1635.8,4.18,4.35,9626,True
1104,ES,14,30,2023,11,vida nocturna,espectaculos,musica,region de murcia,murcia,699120.0,1156.5,3.62,4.2,1488,True
1105,ES,01,11,2023,11,vida nocturna,espectaculos,musicales,andalucia,cadiz,24426.0,1357.0,4.08,4.26,2343,True
1106,ES,01,14,2023,11,vida nocturna,espectaculos,musicales,andalucia,cordoba,879416.0,2971.0,4.3,4.29,1908,True
1107,ES,01,18,2023,11,vida nocturna,espectaculos,musicales,andalucia,granada,77018.0,794.0,3.92,4.37,10900,True
1108,ES,01,29,2023,11,vida nocturna,espectaculos,musicales,andalucia,malaga,321147.0,2099.0,4.3,4.43,56036,True
1109,ES,01,41,2023,11,vida nocturna,espectaculos,musicales,andalucia,sevilla,226252.0,988.0,4.05,4.34,39053,True
1110,ES,02,50,2023,11,vida nocturna,espectaculos,musicales,aragon,zaragoza,112843.5,294.0,3.75,4.21,1614,True
1111,ES,05,35,2023,11,vida nocturna,espectaculos,musicales,canarias,las palmas,180616.0,844.0,4.24,4.28,129544,True
1112,ES,06,39,2023,11,vida nocturna,espectaculos,musicales,cantabria,cantabria,16037.0,203.0,4.02,4.27,5819,True
1113,ES,07,37,2023,11,vida nocturna,espectaculos,musicales,castilla y leon,salamanca,2010.0,1005.0,3.66,4.17,3701,True
1114,ES,07,47,2023,11,vida nocturna,espectaculos,musicales,castilla y leon,valladolid,14652.0,148.0,4.01,4.06,1293,True
1115,ES,09,08,2023,11,vida nocturna,espectaculos,musicales,cataluna,barcelona,161831.0,608.0,3.95,4.05,119743,True
1116,ES,09,17,2023,11,vida nocturna,espectaculos,musicales,cataluna,girona,6824.0,712.0,3.8,4.24,12856,True
1117,ES,13,28,2023,11,vida nocturna,espectaculos,musicales,comunidad de madrid,madrid,82346.0,370.5,3.85,4.1,100430,True
1118,ES,10,03,2023,11,vida nocturna,espectaculos,musicales,comunitat valenciana,alicante/alacant,85373.67,325.33,4.03,4.28,84389,True
1119,ES,10,12,2023,11,vida nocturna,espectaculos,musicales,comunitat valenciana,castellon/castello,517616.0,1496.0,3.88,4.2,2406,True
1120,ES,10,46,2023,11,vida nocturna,espectaculos,musicales,comunitat valenciana,valencia/valencia,859026.0,1086.0,3.72,4.15,9307,True
1121,ES,11,06,2023,11,vida nocturna,espectaculos,musicales,extremadura,badajoz,75878.0,1158.67,4.31,4.29,2109,True
1122,ES,11,10,2023,11,vida nocturna,espectaculos,musicales,extremadura,caceres,181656.0,2088.0,3.95,4.33,1377,True
1123,ES,12,15,2023,11,vida nocturna,espectaculos,musicales,galicia,a coruna,20216.0,722.0,3.74,4.21,5653,True
1124,ES,12,27,2023,11,vida nocturna,espectaculos,musicales,galicia,lugo,75478.0,1618.5,4.18,4.28,502,True
1125,ES,12,36,2023,11,vida nocturna,espectaculos,musicales,galicia,pontevedra,28944.0,432.0,4.0,4.17,3092,True
1126,ES,04,07,2023,11,vida nocturna,espectaculos,musicales,illes balears,illes balears,6227.0,171.5,4.12,4.33,122452,True
1127,ES,17,26,2023,11,vida nocturna,espectaculos,musicales,la rioja,la rioja,129481.0,1639.0,3.69,4.31,1866,True
1128,ES,03,33,2023,11,vida nocturna,espectaculos,musicales,principado de asturias,asturias,11431.67,361.67,4.18,4.35,9626,True
1129,ES,14,30,2023,11,vida nocturna,espectaculos,musicales,region de murcia,murcia,107841.0,1047.0,3.62,4.2,1488,True
1130,ES,01,04,2023,12,paisaje naturaleza,actividades,actividades infantiles,andalucia,almeria,1690.0,130.0,4.32,4.19,23376,True
1131,ES,01,11,2023,12,paisaje naturaleza,actividades,actividades infantiles,andalucia,cadiz,94872.0,472.0,4.27,4.26,12350,True
1132,ES,01,14,2023,12,paisaje naturaleza,actividades,actividades infantiles,andalucia,cordoba,39171.0,1187.0,4.32,4.29,3767,True
1133,ES,01,18,2023,12,paisaje naturaleza,actividades,actividades infantiles,andalucia,granada,31701.33,1552.67,4.52,4.37,18492,True
1134,ES,01,21,2023,12,paisaje naturaleza,actividades,actividades infantiles,andalucia,huelva,1942592.0,478.0,4.12,4.11,8396,True
1135,ES,01,23,2023,12,paisaje naturaleza,actividades,actividades infantiles,andalucia,jaen,80985.0,1876.5,4.44,4.33,4366,True
1136,ES,01,29,2023,12,paisaje naturaleza,actividades,actividades infantiles,andalucia,malaga,30659.0,713.0,4.44,4.43,109648,True
1137,ES,01,41,2023,12,paisaje naturaleza,actividades,actividades infantiles,andalucia,sevilla,621462.33,885.0,4.47,4.34,21476,True
1138,ES,02,22,2023,12,paisaje naturaleza,actividades,actividades infantiles,aragon,huesca,9400.0,40.0,4.56,4.25,17445,True
1139,ES,02,50,2023,12,paisaje naturaleza,actividades,actividades infantiles,aragon,zaragoza,286848.0,864.0,4.36,4.21,5888,True
1140,ES,05,35,2023,12,paisaje naturaleza,actividades,actividades infantiles,canarias,las palmas,4551.5,155.75,4.34,4.28,200378,True
1141,ES,05,38,2023,12,paisaje naturaleza,actividades,actividades infantiles,canarias,santa cruz de tenerife,130045.0,839.0,4.31,4.26,190067,True
1142,ES,06,39,2023,12,paisaje naturaleza,actividades,actividades infantiles,cantabria,cantabria,234232.0,1273.0,4.36,4.27,37946,True
1143,ES,08,02,2023,12,paisaje naturaleza,actividades,actividades infantiles,castilla - la mancha,albacete,9297.0,1033.0,4.38,4.15,3169,True
1144,ES,08,13,2023,12,paisaje naturaleza,actividades,actividades infantiles,castilla - la mancha,ciudad real,22297.0,541.0,4.36,4.29,3026,True
1145,ES,08,19,2023,12,paisaje naturaleza,actividades,actividades infantiles,castilla - la mancha,guadalajara,234352.0,1208.0,4.19,4.04,1303,True
1146,ES,08,45,2023,12,paisaje naturaleza,actividades,actividades infantiles,castilla - la mancha,toledo,92805.0,1345.0,4.16,4.18,1715,True
1147,ES,07,24,2023,12,paisaje naturaleza,actividades,actividades infantiles,castilla y leon,leon,12298.0,946.0,4.52,4.21,4506,True
1148,ES,07,47,2023,12,paisaje naturaleza,actividades,actividades infantiles,castilla y leon,valladolid,1270844.25,821.25,4.18,4.06,8696,True
1149,ES,07,49,2023,12,paisaje naturaleza,actividades,actividades infantiles,castilla y leon,zamora,601036.0,2162.0,4.38,4.17,2116,True
1150,ES,09,08,2023,12,paisaje naturaleza,actividades,actividades infantiles,cataluna,barcelona,493414.46,755.38,4.13,4.05,200444,True
1151,ES,09,17,2023,12,paisaje naturaleza,actividades,actividades infantiles,cataluna,girona,14509.0,707.75,4.38,4.24,61683,True
1152,ES,09,25,2023,12,paisaje naturaleza,actividades,actividades infantiles,cataluna,lleida,171972.0,1062.0,4.38,4.27,9898,True
1153,ES,09,43,2023,12,paisaje naturaleza,actividades,actividades infantiles,cataluna,tarragona,42222.5,912.75,4.26,4.2,33701,True
1154,ES,13,28,2023,12,paisaje naturaleza,actividades,actividades infantiles,comunidad de madrid,madrid,132925.75,494.42,4.19,4.1,121795,True
1155,ES,15,31,2023,12,paisaje naturaleza,actividades,actividades infantiles,comunidad foral de navarra,navarra,350442.0,3500.5,4.33,4.23,7007,True
1156,ES,10,03,2023,12,paisaje naturaleza,actividades,actividades infantiles,comunitat valenciana,alicante/alacant,51789.57,455.57,4.36,4.28,82424,True
1157,ES,10,12,2023,12,paisaje naturaleza,actividades,actividades infantiles,comunitat valenciana,castellon/castello,305108.5,2405.5,4.22,4.2,6934,True
1158,ES,10,46,2023,12,paisaje naturaleza,actividades,actividades infantiles,comunitat valenciana,valencia/valencia,2084830.0,747.67,4.23,4.15,90776,True
1159,ES,11,06,2023,12,paisaje naturaleza,actividades,actividades infantiles,extremadura,badajoz,8215.0,635.0,4.4,4.29,1116,True
1160,ES,11,10,2023,12,paisaje naturaleza,actividades,actividades infantiles,extremadura,caceres,54297.0,2011.0,4.5,4.33,5814,True
1161,ES,12,15,2023,12,paisaje naturaleza,actividades,actividades infantiles,galicia,a coruna,76622.0,842.0,4.39,4.21,18974,True
1162,ES,12,27,2023,12,paisaje naturaleza,actividades,actividades infantiles,galicia,lugo,13325.0,1625.0,4.57,4.28,8089,True
1163,ES,12,36,2023,12,paisaje naturaleza,actividades,actividades infantiles,galicia,pontevedra,3888.0,432.0,4.29,4.17,15699,True
1164,ES,04,07,2023,12,paisaje naturaleza,actividades,actividades infantiles,illes balears,illes balears,218797.0,726.8,4.42,4.33,203636,True
1165,ES,17,26,2023,12,paisaje naturaleza,actividades,actividades infantiles,la rioja,la rioja,184416.0,1632.0,4.4,4.31,18300,True
1166,ES,16,01,2023,12,paisaje naturaleza,actividades,actividades infantiles,pais vasco,araba/alava,170114.0,527.5,4.66,4.41,11468,True
1167,ES,16,48,2023,12,paisaje naturaleza,actividades,actividades infantiles,pais vasco,bizkaia,392371.67,1478.67,4.38,4.31,7925,True
1168,ES,16,20,2023,12,paisaje naturaleza,actividades,actividades infantiles,pais vasco,gipuzkoa,168116.0,689.0,4.61,4.41,26976,True
1169,ES,03,33,2023,12,paisaje naturaleza,actividades,actividades infantiles,principado de asturias,asturias,51834.67,942.67,4.42,4.35,44006,True
1170,ES,14,30,2023,12,paisaje naturaleza,actividades,actividades infantiles,region de murcia,murcia,113152.5,1012.5,4.4,4.2,2633,True
1171,ES,01,18,2023,12,servicios,actividades,cursos,andalucia,granada,600.0,120.0,4.47,4.37,1868,True
1172,ES,01,23,2023,12,servicios,actividades,cursos,andalucia,jaen,1446.0,1205.0,4.34,4.33,84,True
1173,ES,01,41,2023,12,servicios,actividades,cursos,andalucia,sevilla,24849.0,251.0,4.06,4.34,4859,True
1174,ES,02,50,2023,12,servicios,actividades,cursos,aragon,zaragoza,5404.0,2702.0,4.05,4.21,61,True
1175,ES,05,35,2023,12,servicios,actividades,cursos,canarias,las palmas,1330.0,3325.0,3.72,4.28,2863,True
1176,ES,05,38,2023,12,servicios,actividades,cursos,canarias,santa cruz de tenerife,218.0,218.0,3.86,4.26,3753,True
1177,ES,08,02,2023,12,servicios,actividades,cursos,castilla - la mancha,albacete,800.0,200.0,4.08,4.15,9,True
1178,ES,08,45,2023,12,servicios,actividades,cursos,castilla - la mancha,toledo,510.0,255.0,3.33,4.18,29,True
1179,ES,07,47,2023,12,servicios,actividades,cursos,castilla y leon,valladolid,900.0,450.0,2.7,4.06,292,True
1180,ES,09,08,2023,12,servicios,actividades,cursos,cataluna,barcelona,102212.0,4646.0,4.03,4.05,159935,True
1181,ES,09,17,2023,12,servicios,actividades,cursos,cataluna,girona,88702.5,18423.5,3.82,4.24,1146,True
1182,ES,09,25,2023,12,servicios,actividades,cursos,cataluna,lleida,3240.0,1620.0,3.81,4.27,313,True
1183,ES,09,43,2023,12,servicios,actividades,cursos,cataluna,tarragona,12060.0,1005.0,3.44,4.2,9269,True
1184,ES,13,28,2023,12,servicios,actividades,cursos,comunidad de madrid,madrid,348733.0,7117.0,3.92,4.1,42370,True
1185,ES,10,03,2023,12,servicios,actividades,cursos,comunitat valenciana,alicante/alacant,2900.0,2900.0,3.73,4.28,29657,True
1186,ES,04,07,2023,12,servicios,actividades,cursos,illes balears,illes balears,78902.0,2241.5,4.23,4.33,46354,True
1187,ES,16,48,2023,12,servicios,actividades,cursos,pais vasco,bizkaia,372384.0,6896.0,4.03,4.31,13509,True
1188,ES,16,20,2023,12,servicios,actividades,cursos,pais vasco,gipuzkoa,210.0,70.0,3.84,4.41,140,True
1189,ES,03,33,2023,12,servicios,actividades,cursos,principado de asturias,asturias,7500.0,2500.0,3.91,4.35,2389,True
1190,ES,14,30,2023,12,servicios,actividades,cursos,region de murcia,murcia,1866208.0,8044.0,2.83,4.2,6,True
1191,ES,01,18,2023,12,paisaje naturaleza,actividades,deportes y aventuras,andalucia,granada,64836.0,3602.0,4.52,4.37,18492,True
1192,ES,01,41,2023,12,paisaje naturaleza,actividades,deportes y aventuras,andalucia,sevilla,74947.0,1006.0,4.47,4.34,21476,True
1193,ES,02,50,2023,12,paisaje naturaleza,actividades,deportes y aventuras,aragon,zaragoza,4800.0,400.0,4.36,4.21,5888,True
1194,ES,05,35,2023,12,paisaje naturaleza,actividades,deportes y aventuras,canarias,las palmas,1739.0,47.0,4.34,4.28,200378,True
1195,ES,05,38,2023,12,paisaje naturaleza,actividades,deportes y aventuras,canarias,santa cruz de tenerife,17226.0,594.0,4.31,4.26,190067,True
1196,ES,08,13,2023,12,paisaje naturaleza,actividades,deportes y aventuras,castilla - la mancha,ciudad real,43808.0,296.0,4.36,4.29,3026,True
1197,ES,07,49,2023,12,paisaje naturaleza,actividades,deportes y aventuras,castilla y leon,zamora,36396.0,1348.0,4.38,4.17,2116,True
1198,ES,09,08,2023,12,paisaje naturaleza,actividades,deportes y aventuras,cataluna,barcelona,108336.5,1250.5,4.13,4.05,200444,True
1199,ES,09,17,2023,12,paisaje naturaleza,actividades,deportes y aventuras,cataluna,girona,123384.0,424.0,4.38,4.24,61683,True
1200,ES,09,43,2023,12,paisaje naturaleza,actividades,deportes y aventuras,cataluna,tarragona,18108.0,503.0,4.26,4.2,33701,True
1201,ES,13,28,2023,12,paisaje naturaleza,actividades,deportes y aventuras,comunidad de madrid,madrid,7294.0,521.0,4.19,4.1,121795,True
1202,ES,15,31,2023,12,paisaje naturaleza,actividades,deportes y aventuras,comunidad foral de navarra,navarra,1051195.0,1411.0,4.33,4.23,7007,True
1203,ES,10,03,2023,12,paisaje naturaleza,actividades,deportes y aventuras,comunitat valenciana,alicante/alacant,16822.0,2588.0,4.36,4.28,82424,True
1204,ES,10,12,2023,12,paisaje naturaleza,actividades,deportes y aventuras,comunitat valenciana,castellon/castello,194317.5,2324.0,4.22,4.2,6934,True
1205,ES,11,06,2023,12,paisaje naturaleza,actividades,deportes y aventuras,extremadura,badajoz,2205.0,105.0,4.4,4.29,1116,True
1206,ES,11,10,2023,12,paisaje naturaleza,actividades,deportes y aventuras,extremadura,caceres,10752.0,1344.0,4.5,4.33,5814,True
1207,ES,12,27,2023,12,paisaje naturaleza,actividades,deportes y aventuras,galicia,lugo,2600.0,650.0,4.57,4.28,8089,True
1208,ES,12,36,2023,12,paisaje naturaleza,actividades,deportes y aventuras,galicia,pontevedra,3888.0,432.0,4.29,4.17,15699,True
1209,ES,04,07,2023,12,paisaje naturaleza,actividades,deportes y aventuras,illes balears,illes balears,44780.5,879.5,4.42,4.33,203636,True
1210,ES,01,41,2023,12,comida y bebida,actividades,gastronomia,andalucia,sevilla,750.0,150.0,4.76,4.34,8170,True
1211,ES,02,50,2023,12,comida y bebida,actividades,gastronomia,aragon,zaragoza,1400.0,200.0,4.03,4.21,35,True
1212,ES,05,35,2023,12,comida y bebida,actividades,gastronomia,canarias,las palmas,172099.0,1523.0,3.71,4.28,443,True
1213,ES,09,08,2023,12,comida y bebida,actividades,gastronomia,cataluna,barcelona,168312.67,671.0,4.67,4.05,3911,True
1214,ES,09,25,2023,12,comida y bebida,actividades,gastronomia,cataluna,lleida,3240.0,1620.0,4.81,4.27,19,True
1215,ES,13,28,2023,12,comida y bebida,actividades,gastronomia,comunidad de madrid,madrid,591632.0,1648.0,4.71,4.1,5856,True
1216,ES,10,46,2023,12,comida y bebida,actividades,gastronomia,comunitat valenciana,valencia/valencia,207088.67,911.33,4.79,4.15,369,True
1217,ES,04,07,2023,12,comida y bebida,actividades,gastronomia,illes balears,illes balears,170012.0,2237.0,4.86,4.33,2196,True
1218,ES,01,41,2023,12,vida nocturna,espectaculos,cine,andalucia,sevilla,8520.0,40.0,4.05,4.34,39053,True
1219,ES,02,44,2023,12,vida nocturna,espectaculos,cine,aragon,teruel,90.0,45.0,4.35,4.28,950,True
1220,ES,02,50,2023,12,vida nocturna,espectaculos,cine,aragon,zaragoza,36307.0,315.5,3.75,4.21,1614,True
1221,ES,08,02,2023,12,vida nocturna,espectaculos,cine,castilla - la mancha,albacete,5148.0,286.0,4.21,4.15,573,True
1222,ES,07,40,2023,12,vida nocturna,espectaculos,cine,castilla y leon,segovia,480.0,30.0,3.91,4.07,263,True
1223,ES,09,08,2023,12,vida nocturna,espectaculos,cine,cataluna,barcelona,108871.0,721.0,3.95,4.05,119743,True
1224,ES,09,17,2023,12,vida nocturna,espectaculos,cine,cataluna,girona,440.0,40.0,3.8,4.24,12856,True
1225,ES,13,28,2023,12,vida nocturna,espectaculos,cine,comunidad de madrid,madrid,1200.0,100.0,3.85,4.1,100430,True
1226,ES,10,03,2023,12,vida nocturna,espectaculos,cine,comunitat valenciana,alicante/alacant,53068.25,357.75,4.03,4.28,84389,True
1227,ES,12,15,2023,12,vida nocturna,espectaculos,cine,galicia,a coruna,2947.0,2947.0,3.74,4.21,5653,True
1228,ES,04,07,2023,12,vida nocturna,espectaculos,cine,illes balears,illes balears,2559.0,379.5,4.12,4.33,122452,True
1229,ES,16,20,2023,12,vida nocturna,espectaculos,cine,pais vasco,gipuzkoa,32465.67,319.67,4.14,4.41,5503,True
1230,ES,13,28,2023,12,otros,espectaculos,conferencias,comunidad de madrid,madrid,1277.0,2554.0,3.97,4.1,1624,True
1231,ES,10,03,2023,12,otros,espectaculos,conferencias,comunitat valenciana,alicante/alacant,80.0,80.0,4.26,4.28,392,True
1232,ES,04,07,2023,12,otros,espectaculos,conferencias,illes balears,illes balears,11204.0,5602.0,4.21,4.33,296,True
1233,ES,01,04,2023,12,paisaje urbano,espectaculos,"cultura, teatro y danza",andalucia,almeria,136763.75,1313.75,4.25,4.19,14318,True
1234,ES,01,11,2023,12,paisaje urbano,espectaculos,"cultura, teatro y danza",andalucia,cadiz,136168.75,1071.0,4.35,4.26,8809,True
1235,ES,01,14,2023,12,paisaje urbano,espectaculos,"cultura, teatro y danza",andalucia,cordoba,1084248.0,1369.0,4.3,4.29,93962,True
1236,ES,01,18,2023,12,paisaje urbano,espectaculos,"cultura, teatro y danza",andalucia,granada,79868.75,510.0,4.35,4.37,153042,True
1237,ES,01,21,2023,12,paisaje urbano,espectaculos,"cultura, teatro y danza",andalucia,huelva,1942592.0,478.0,4.23,4.11,9984,True
1238,ES,01,23,2023,12,paisaje urbano,espectaculos,"cultura, teatro y danza",andalucia,jaen,9468.0,526.0,4.3,4.33,16236,True
1239,ES,01,29,2023,12,paisaje urbano,espectaculos,"cultura, teatro y danza",andalucia,malaga,459261.0,536.5,4.43,4.43,158253,True
1240,ES,01,41,2023,12,paisaje urbano,espectaculos,"cultura, teatro y danza",andalucia,sevilla,3275363.67,1581.33,4.41,4.34,218279,True
1241,ES,02,22,2023,12,paisaje urbano,espectaculos,"cultura, teatro y danza",aragon,huesca,19600.0,392.0,4.12,4.25,10916,True
1242,ES,02,50,2023,12,paisaje urbano,espectaculos,"cultura, teatro y danza",aragon,zaragoza,407672.33,553.0,4.34,4.21,41352,True
1243,ES,05,35,2023,12,paisaje urbano,espectaculos,"cultura, teatro y danza",canarias,las palmas,55854.67,547.44,4.27,4.28,51395,True
1244,ES,05,38,2023,12,paisaje urbano,espectaculos,"cultura, teatro y danza",canarias,santa cruz de tenerife,160685.75,1057.0,4.28,4.26,66584,True
1245,ES,06,39,2023,12,paisaje urbano,espectaculos,"cultura, teatro y danza",cantabria,cantabria,522288.0,1404.0,4.28,4.27,27507,True
1246,ES,08,02,2023,12,paisaje urbano,espectaculos,"cultura, teatro y danza",castilla - la mancha,albacete,2871905.0,937.0,4.09,4.15,3663,True
1247,ES,08,13,2023,12,paisaje urbano,espectaculos,"cultura, teatro y danza",castilla - la mancha,ciudad real,2010.0,804.0,4.33,4.29,7266,True
1248,ES,08,16,2023,12,paisaje urbano,espectaculos,"cultura, teatro y danza",castilla - la mancha,cuenca,2592.0,1296.0,4.27,4.19,13771,True
1249,ES,08,19,2023,12,paisaje urbano,espectaculos,"cultura, teatro y danza",castilla - la mancha,guadalajara,68160.0,30.0,4.18,4.04,6159,True
1250,ES,08,45,2023,12,paisaje urbano,espectaculos,"cultura, teatro y danza",castilla - la mancha,toledo,92805.0,1345.0,4.19,4.18,55769,True
1251,ES,07,24,2023,12,paisaje urbano,espectaculos,"cultura, teatro y danza",castilla y leon,leon,17600.0,275.0,4.22,4.21,19169,True
1252,ES,07,34,2023,12,paisaje urbano,espectaculos,"cultura, teatro y danza",castilla y leon,palencia,37471.0,707.0,4.45,4.35,4984,True
1253,ES,07,37,2023,12,paisaje urbano,espectaculos,"cultura, teatro y danza",castilla y leon,salamanca,33985.0,415.67,4.24,4.17,31972,True
1254,ES,07,42,2023,12,paisaje urbano,espectaculos,"cultura, teatro y danza",castilla y leon,soria,16058.0,1147.0,4.17,3.97,6300,True
1255,ES,07,47,2023,12,paisaje urbano,espectaculos,"cultura, teatro y danza",castilla y leon,valladolid,430660.5,767.0,4.14,4.06,13695,True
1256,ES,07,49,2023,12,paisaje urbano,espectaculos,"cultura, teatro y danza",castilla y leon,zamora,165013.0,5323.0,4.19,4.17,5872,True
1257,ES,09,08,2023,12,paisaje urbano,espectaculos,"cultura, teatro y danza",cataluna,barcelona,162064.5,914.67,4.07,4.05,732080,True
1258,ES,09,17,2023,12,paisaje urbano,espectaculos,"cultura, teatro y danza",cataluna,girona,25943.67,1325.0,4.24,4.24,50915,True
1259,ES,09,25,2023,12,paisaje urbano,espectaculos,"cultura, teatro y danza",cataluna,lleida,346064.0,503.0,4.29,4.27,7171,True
1260,ES,09,43,2023,12,paisaje urbano,espectaculos,"cultura, teatro y danza",cataluna,tarragona,41129.5,713.5,4.23,4.2,53439,True
1261,ES,13,28,2023,12,paisaje urbano,espectaculos,"cultura, teatro y danza",comunidad de madrid,madrid,510141.6,707.8,4.15,4.1,458466,True
1262,ES,10,03,2023,12,paisaje urbano,espectaculos,"cultura, teatro y danza",comunitat valenciana,alicante/alacant,36694.17,545.5,4.28,4.28,67888,True
1263,ES,10,12,2023,12,paisaje urbano,espectaculos,"cultura, teatro y danza",comunitat valenciana,castellon/castello,240884.0,1205.5,4.14,4.2,13212,True
1264,ES,10,46,2023,12,paisaje urbano,espectaculos,"cultura, teatro y danza",comunitat valenciana,valencia/valencia,213939.0,926.75,4.25,4.15,114505,True
1265,ES,11,06,2023,12,paisaje urbano,espectaculos,"cultura, teatro y danza",extremadura,badajoz,71915.0,607.25,4.26,4.29,18348,True
1266,ES,11,10,2023,12,paisaje urbano,espectaculos,"cultura, teatro y danza",extremadura,caceres,8894.0,129.5,4.31,4.33,23514,True
1267,ES,12,15,2023,12,paisaje urbano,espectaculos,"cultura, teatro y danza",galicia,a coruna,52925.0,725.0,4.26,4.21,50198,True
1268,ES,12,27,2023,12,paisaje urbano,espectaculos,"cultura, teatro y danza",galicia,lugo,13325.0,1625.0,4.33,4.28,8872,True
1269,ES,12,36,2023,12,paisaje urbano,espectaculos,"cultura, teatro y danza",galicia,pontevedra,156558.0,807.0,4.07,4.17,15892,True
1270,ES,04,07,2023,12,paisaje urbano,espectaculos,"cultura, teatro y danza",illes balears,illes balears,116629.92,643.17,4.21,4.33,107418,True
1271,ES,17,26,2023,12,paisaje urbano,espectaculos,"cultura, teatro y danza",la rioja,la rioja,71928.0,256.0,4.29,4.31,11493,True
1272,ES,16,01,2023,12,paisaje urbano,espectaculos,"cultura, teatro y danza",pais vasco,araba/alava,233018.67,630.67,4.46,4.41,7811,True
1273,ES,16,48,2023,12,paisaje urbano,espectaculos,"cultura, teatro y danza",pais vasco,bizkaia,116278.0,1103.33,4.38,4.31,56425,True
1274,ES,16,20,2023,12,paisaje urbano,espectaculos,"cultura, teatro y danza",pais vasco,gipuzkoa,296469.0,608.5,4.43,4.41,26949,True
1275,ES,03,33,2023,12,paisaje urbano,espectaculos,"cultura, teatro y danza",principado de asturias,asturias,46126.0,707.0,4.37,4.35,40762,True
1276,ES,14,30,2023,12,paisaje urbano,espectaculos,"cultura, teatro y danza",region de murcia,murcia,258356.33,579.67,4.32,4.2,9308,True
1277,ES,10,03,2023,12,compras,espectaculos,ferias,comunitat valenciana,alicante/alacant,80.0,80.0,4.22,4.28,12577,True
1278,ES,01,21,2023,12,paisaje urbano,espectaculos,museo y exposiciones,andalucia,huelva,1942592.0,478.0,4.23,4.11,9984,True
1279,ES,01,41,2023,12,paisaje urbano,espectaculos,museo y exposiciones,andalucia,sevilla,4352.0,128.0,4.41,4.34,218279,True
1280,ES,08,45,2023,12,paisaje urbano,espectaculos,museo y exposiciones,castilla - la mancha,toledo,38584.0,689.0,4.19,4.18,55769,True
1281,ES,07,37,2023,12,paisaje urbano,espectaculos,museo y exposiciones,castilla y leon,salamanca,6641.0,229.0,4.24,4.17,31972,True
1282,ES,09,08,2023,12,paisaje urbano,espectaculos,museo y exposiciones,cataluna,barcelona,74266.0,899.0,4.07,4.05,732080,True
1283,ES,09,43,2023,12,paisaje urbano,espectaculos,museo y exposiciones,cataluna,tarragona,55902.0,1694.0,4.23,4.2,53439,True
1284,ES,13,28,2023,12,paisaje urbano,espectaculos,museo y exposiciones,comunidad de madrid,madrid,700.0,100.0,4.15,4.1,458466,True
1285,ES,10,46,2023,12,paisaje urbano,espectaculos,museo y exposiciones,comunitat valenciana,valencia/valencia,42912.0,1192.0,4.25,4.15,114505,True
1286,ES,16,48,2023,12,paisaje urbano,espectaculos,museo y exposiciones,pais vasco,bizkaia,273896.0,938.0,4.38,4.31,56425,True
1287,ES,01,04,2023,12,vida nocturna,espectaculos,musica,andalucia,almeria,3108960.33,2481.0,3.72,4.19,5362,True
1288,ES,01,11,2023,12,vida nocturna,espectaculos,musica,andalucia,cadiz,124800.86,858.71,4.08,4.26,2343,True
1289,ES,01,14,2023,12,vida nocturna,espectaculos,musica,andalucia,cordoba,120865.5,865.5,4.3,4.29,1908,True
1290,ES,01,18,2023,12,vida nocturna,espectaculos,musica,andalucia,granada,303410.86,1259.29,3.92,4.37,10900,True
1291,ES,01,23,2023,12,vida nocturna,espectaculos,musica,andalucia,jaen,87963.8,867.8,4.0,4.33,992,True
1292,ES,01,29,2023,12,vida nocturna,espectaculos,musica,andalucia,malaga,95805.0,1193.83,4.3,4.43,56036,True
1293,ES,01,41,2023,12,vida nocturna,espectaculos,musica,andalucia,sevilla,715619.67,1248.56,4.05,4.34,39053,True
1294,ES,02,22,2023,12,vida nocturna,espectaculos,musica,aragon,huesca,590257.33,1394.0,3.85,4.25,1293,True
1295,ES,02,44,2023,12,vida nocturna,espectaculos,musica,aragon,teruel,461616.0,2608.0,4.35,4.28,950,True
1296,ES,02,50,2023,12,vida nocturna,espectaculos,musica,aragon,zaragoza,145032.5,710.0,3.75,4.21,1614,True
1297,ES,05,35,2023,12,vida nocturna,espectaculos,musica,canarias,las palmas,264942.55,1564.45,4.24,4.28,129544,True
1298,ES,05,38,2023,12,vida nocturna,espectaculos,musica,canarias,santa cruz de tenerife,296181.0,1736.14,4.06,4.26,62671,True
1299,ES,06,39,2023,12,vida nocturna,espectaculos,musica,cantabria,cantabria,140553.5,760.5,4.02,4.27,5819,True
1300,ES,08,02,2023,12,vida nocturna,espectaculos,musica,castilla - la mancha,albacete,546065.0,1355.0,4.21,4.15,573,True
1301,ES,08,13,2023,12,vida nocturna,espectaculos,musica,castilla - la mancha,ciudad real,41683.0,1017.0,4.17,4.29,385,True
1302,ES,08,16,2023,12,vida nocturna,espectaculos,musica,castilla - la mancha,cuenca,16224.0,1248.0,3.91,4.19,760,True
1303,ES,08,19,2023,12,vida nocturna,espectaculos,musica,castilla - la mancha,guadalajara,402556.0,1307.0,3.23,4.04,447,True
1304,ES,08,45,2023,12,vida nocturna,espectaculos,musica,castilla - la mancha,toledo,66592.25,2525.0,3.99,4.18,434,True
1305,ES,07,05,2023,12,vida nocturna,espectaculos,musica,castilla y leon,avila,14801.5,705.5,4.04,4.23,397,True
1306,ES,07,09,2023,12,vida nocturna,espectaculos,musica,castilla y leon,burgos,66895.0,1611.0,3.95,4.28,970,True
1307,ES,07,24,2023,12,vida nocturna,espectaculos,musica,castilla y leon,leon,311250.0,1083.0,3.97,4.21,1480,True
1308,ES,07,37,2023,12,vida nocturna,espectaculos,musica,castilla y leon,salamanca,207777.5,1319.0,3.66,4.17,3701,True
1309,ES,07,40,2023,12,vida nocturna,espectaculos,musica,castilla y leon,segovia,208429.5,831.0,3.91,4.07,263,True
1310,ES,07,42,2023,12,vida nocturna,espectaculos,musica,castilla y leon,soria,168227.0,747.0,4.2,3.97,154,True
1311,ES,07,47,2023,12,vida nocturna,espectaculos,musica,castilla y leon,valladolid,1663251.2,1120.2,4.01,4.06,1293,True
1312,ES,07,49,2023,12,vida nocturna,espectaculos,musica,castilla y leon,zamora,469517.0,2623.0,4.27,4.17,462,True
1313,ES,09,08,2023,12,vida nocturna,espectaculos,musica,cataluna,barcelona,294842.37,899.17,3.95,4.05,119743,True
1314,ES,09,17,2023,12,vida nocturna,espectaculos,musica,cataluna,girona,612899.22,1303.0,3.8,4.24,12856,True
1315,ES,09,25,2023,12,vida nocturna,espectaculos,musica,cataluna,lleida,560998.6,1583.6,3.84,4.27,1184,True
1316,ES,09,43,2023,12,vida nocturna,espectaculos,musica,cataluna,tarragona,221204.64,1149.57,4.1,4.2,22730,True
1317,ES,18,51,2023,12,vida nocturna,espectaculos,musica,ceuta,ceuta,62433.0,991.0,0.0,0.0,0,False
1318,ES,13,28,2023,12,vida nocturna,espectaculos,musica,comunidad de madrid,madrid,411137.53,1365.73,3.85,4.1,100430,True
1319,ES,15,31,2023,12,vida nocturna,espectaculos,musica,comunidad foral de navarra,navarra,1980792.8,3173.0,3.72,4.23,2565,True
1320,ES,10,03,2023,12,vida nocturna,espectaculos,musica,comunitat valenciana,alicante/alacant,997567.2,1285.5,4.03,4.28,84389,True
1321,ES,10,12,2023,12,vida nocturna,espectaculos,musica,comunitat valenciana,castellon/castello,30114.0,126.0,3.88,4.2,2406,True
1322,ES,10,46,2023,12,vida nocturna,espectaculos,musica,comunitat valenciana,valencia/valencia,189550.12,1261.88,3.72,4.15,9307,True
1323,ES,11,06,2023,12,vida nocturna,espectaculos,musica,extremadura,badajoz,111199.33,1121.67,4.31,4.29,2109,True
1324,ES,11,10,2023,12,vida nocturna,espectaculos,musica,extremadura,caceres,291895.5,1798.5,3.95,4.33,1377,True
1325,ES,12,15,2023,12,vida nocturna,espectaculos,musica,galicia,a coruna,355154.83,1409.0,3.74,4.21,5653,True
1326,ES,12,27,2023,12,vida nocturna,espectaculos,musica,galicia,lugo,357918.0,1122.0,4.18,4.28,502,True
1327,ES,12,32,2023,12,vida nocturna,espectaculos,musica,galicia,ourense,5099.0,1118.0,3.7,4.15,660,True
1328,ES,12,36,2023,12,vida nocturna,espectaculos,musica,galicia,pontevedra,294125.5,1365.0,4.0,4.17,3092,True
1329,ES,04,07,2023,12,vida nocturna,espectaculos,musica,illes balears,illes balears,1371412.0,1250.31,4.12,4.33,122452,True
1330,ES,17,26,2023,12,vida nocturna,espectaculos,musica,la rioja,la rioja,127250.25,1109.75,3.69,4.31,1866,True
1331,ES,16,01,2023,12,vida nocturna,espectaculos,musica,pais vasco,araba/alava,18381.5,1020.0,3.82,4.41,1138,True
1332,ES,16,48,2023,12,vida nocturna,espectaculos,musica,pais vasco,bizkaia,828857.4,956.8,4.21,4.31,5615,True
1333,ES,16,20,2023,12,vida nocturna,espectaculos,musica,pais vasco,gipuzkoa,154985.33,887.67,4.14,4.41,5503,True
1334,ES,03,33,2023,12,vida nocturna,espectaculos,musica,principado de asturias,asturias,217634.8,1593.6,4.18,4.35,9626,True
1335,ES,14,30,2023,12,vida nocturna,espectaculos,musica,region de murcia,murcia,1306180.25,1238.5,3.62,4.2,1488,True
1336,ES,01,11,2023,12,vida nocturna,espectaculos,musicales,andalucia,cadiz,31395.0,1365.0,4.08,4.26,2343,True
1337,ES,01,14,2023,12,vida nocturna,espectaculos,musicales,andalucia,cordoba,115836.0,2955.0,4.3,4.29,1908,True
1338,ES,01,29,2023,12,vida nocturna,espectaculos,musicales,andalucia,malaga,726788.0,2489.0,4.3,4.43,56036,True
1339,ES,01,41,2023,12,vida nocturna,espectaculos,musicales,andalucia,sevilla,37944.0,93.0,4.05,4.34,39053,True
1340,ES,02,50,2023,12,vida nocturna,espectaculos,musicales,aragon,zaragoza,28613.0,267.0,3.75,4.21,1614,True
1341,ES,05,35,2023,12,vida nocturna,espectaculos,musicales,canarias,las palmas,97236.0,876.0,4.24,4.28,129544,True
1342,ES,06,39,2023,12,vida nocturna,espectaculos,musicales,cantabria,cantabria,183429.0,2061.0,4.02,4.27,5819,True
1343,ES,08,02,2023,12,vida nocturna,espectaculos,musicales,castilla - la mancha,albacete,3677774.0,1217.0,4.21,4.15,573,True
1344,ES,07,24,2023,12,vida nocturna,espectaculos,musicales,castilla y leon,leon,17600.0,275.0,3.97,4.21,1480,True
1345,ES,07,37,2023,12,vida nocturna,espectaculos,musicales,castilla y leon,salamanca,9198.0,1022.0,3.66,4.17,3701,True
1346,ES,07,47,2023,12,vida nocturna,espectaculos,musicales,castilla y leon,valladolid,238926.0,999.0,4.01,4.06,1293,True
1347,ES,09,08,2023,12,vida nocturna,espectaculos,musicales,cataluna,barcelona,603433.33,709.33,3.95,4.05,119743,True
1348,ES,09,17,2023,12,vida nocturna,espectaculos,musicales,cataluna,girona,37612.0,684.0,3.8,4.24,12856,True
1349,ES,09,25,2023,12,vida nocturna,espectaculos,musicales,cataluna,lleida,96768.0,504.0,3.84,4.27,1184,True
1350,ES,13,28,2023,12,vida nocturna,espectaculos,musicales,comunidad de madrid,madrid,309754.8,721.2,3.85,4.1,100430,True
1351,ES,10,03,2023,12,vida nocturna,espectaculos,musicales,comunitat valenciana,alicante/alacant,66199.5,437.0,4.03,4.28,84389,True
1352,ES,10,12,2023,12,vida nocturna,espectaculos,musicales,comunitat valenciana,castellon/castello,614658.0,1529.0,3.88,4.2,2406,True
1353,ES,10,46,2023,12,vida nocturna,espectaculos,musicales,comunitat valenciana,valencia/valencia,2535048.0,1096.0,3.72,4.15,9307,True
1354,ES,11,06,2023,12,vida nocturna,espectaculos,musicales,extremadura,badajoz,93936.0,721.0,4.31,4.29,2109,True
1355,ES,11,10,2023,12,vida nocturna,espectaculos,musicales,extremadura,caceres,17138.0,209.0,3.95,4.33,1377,True
1356,ES,12,27,2023,12,vida nocturna,espectaculos,musicales,galicia,lugo,13325.0,1625.0,4.18,4.28,502,True
1357,ES,12,36,2023,12,vida nocturna,espectaculos,musicales,galicia,pontevedra,3456.0,432.0,4.0,4.17,3092,True
1358,ES,04,07,2023,12,vida nocturna,espectaculos,musicales,illes balears,illes balears,234146.0,555.0,4.12,4.33,122452,True
1359,ES,17,26,2023,12,vida nocturna,espectaculos,musicales,la rioja,la rioja,184416.0,1632.0,3.69,4.31,1866,True
1360,ES,03,33,2023,12,vida nocturna,espectaculos,musicales,principado de asturias,asturias,66608.0,1016.0,4.18,4.35,9626,True
1361,ES,14,30,2023,12,vida nocturna,espectaculos,musicales,region de murcia,murcia,54749.0,1033.0,3.62,4.2,1488,True
1362,ES,01,14,2024,1,paisaje naturaleza,actividades,actividades infantiles,andalucia,cordoba,193812.0,1042.0,4.32,4.29,3767,True
1363,ES,01,18,2024,1,paisaje naturaleza,actividades,actividades infantiles,andalucia,granada,27856.5,246.5,4.52,4.37,18492,True
1364,ES,01,21,2024,1,paisaje naturaleza,actividades,actividades infantiles,andalucia,huelva,35478.0,486.0,4.12,4.11,8396,True
1365,ES,01,23,2024,1,paisaje naturaleza,actividades,actividades infantiles,andalucia,jaen,1500.0,300.0,4.44,4.33,4366,True
1366,ES,01,29,2024,1,paisaje naturaleza,actividades,actividades infantiles,andalucia,malaga,401184.0,735.33,4.44,4.43,109648,True
1367,ES,01,41,2024,1,paisaje naturaleza,actividades,actividades infantiles,andalucia,sevilla,652270.0,783.33,4.47,4.34,21476,True
1368,ES,02,50,2024,1,paisaje naturaleza,actividades,actividades infantiles,aragon,zaragoza,489132.0,647.0,4.36,4.21,5888,True
1369,ES,05,35,2024,1,paisaje naturaleza,actividades,actividades infantiles,canarias,las palmas,5934.0,1255.67,4.34,4.28,200378,True
1370,ES,05,38,2024,1,paisaje naturaleza,actividades,actividades infantiles,canarias,santa cruz de tenerife,32237.67,497.0,4.31,4.26,190067,True
1371,ES,06,39,2024,1,paisaje naturaleza,actividades,actividades infantiles,cantabria,cantabria,165923.0,543.0,4.36,4.27,37946,True
1372,ES,08,02,2024,1,paisaje naturaleza,actividades,actividades infantiles,castilla - la mancha,albacete,12003.0,442.5,4.38,4.15,3169,True
1373,ES,08,45,2024,1,paisaje naturaleza,actividades,actividades infantiles,castilla - la mancha,toledo,52782.5,1611.0,4.16,4.18,1715,True
1374,ES,07,05,2024,1,paisaje naturaleza,actividades,actividades infantiles,castilla y leon,avila,9854.0,758.0,4.56,4.23,1874,True
1375,ES,07,24,2024,1,paisaje naturaleza,actividades,actividades infantiles,castilla y leon,leon,360.0,120.0,4.52,4.21,4506,True
1376,ES,07,37,2024,1,paisaje naturaleza,actividades,actividades infantiles,castilla y leon,salamanca,20748.0,1976.0,4.39,4.17,3319,True
1377,ES,07,47,2024,1,paisaje naturaleza,actividades,actividades infantiles,castilla y leon,valladolid,53240.0,523.67,4.18,4.06,8696,True
1378,ES,07,49,2024,1,paisaje naturaleza,actividades,actividades infantiles,castilla y leon,zamora,22154.0,209.0,4.38,4.17,2116,True
1379,ES,09,08,2024,1,paisaje naturaleza,actividades,actividades infantiles,cataluna,barcelona,398654.29,866.43,4.13,4.05,200444,True
1380,ES,09,17,2024,1,paisaje naturaleza,actividades,actividades infantiles,cataluna,girona,43231.25,947.25,4.38,4.24,61683,True
1381,ES,09,43,2024,1,paisaje naturaleza,actividades,actividades infantiles,cataluna,tarragona,59764.0,1158.0,4.26,4.2,33701,True
1382,ES,13,28,2024,1,paisaje naturaleza,actividades,actividades infantiles,comunidad de madrid,madrid,47372.0,672.33,4.19,4.1,121795,True
1383,ES,15,31,2024,1,paisaje naturaleza,actividades,actividades infantiles,comunidad foral de navarra,navarra,7819434.0,4878.0,4.33,4.23,7007,True
1384,ES,10,03,2024,1,paisaje naturaleza,actividades,actividades infantiles,comunitat valenciana,alicante/alacant,72069.67,806.67,4.36,4.28,82424,True
1385,ES,10,46,2024,1,paisaje naturaleza,actividades,actividades infantiles,comunitat valenciana,valencia/valencia,2890068.0,914.0,4.23,4.15,90776,True
1386,ES,11,06,2024,1,paisaje naturaleza,actividades,actividades infantiles,extremadura,badajoz,2288.0,176.0,4.4,4.29,1116,True
1387,ES,11,10,2024,1,paisaje naturaleza,actividades,actividades infantiles,extremadura,caceres,66960.0,943.5,4.5,4.33,5814,True
1388,ES,12,15,2024,1,paisaje naturaleza,actividades,actividades infantiles,galicia,a coruna,16441.0,802.0,4.39,4.21,18974,True
1389,ES,04,07,2024,1,paisaje naturaleza,actividades,actividades infantiles,illes balears,illes balears,55835.0,808.29,4.42,4.33,203636,True
1390,ES,17,26,2024,1,paisaje naturaleza,actividades,actividades infantiles,la rioja,la rioja,43988.0,1571.0,4.4,4.31,18300,True
1391,ES,16,01,2024,1,paisaje naturaleza,actividades,actividades infantiles,pais vasco,araba/alava,37890.5,289.75,4.66,4.41,11468,True
1392,ES,16,48,2024,1,paisaje naturaleza,actividades,actividades infantiles,pais vasco,bizkaia,450648.0,2038.0,4.38,4.31,7925,True
1393,ES,16,20,2024,1,paisaje naturaleza,actividades,actividades infantiles,pais vasco,gipuzkoa,91872.0,352.0,4.61,4.41,26976,True
1394,ES,03,33,2024,1,paisaje naturaleza,actividades,actividades infantiles,principado de asturias,asturias,32425.0,914.0,4.42,4.35,44006,True
1395,ES,14,30,2024,1,paisaje naturaleza,actividades,actividades infantiles,region de murcia,murcia,29934.0,1015.0,4.4,4.2,2633,True
1396,ES,01,11,2024,1,servicios,actividades,cursos,andalucia,cadiz,460.0,115.0,4.74,4.26,39,True
1397,ES,01,29,2024,1,servicios,actividades,cursos,andalucia,malaga,33264.0,1188.0,4.62,4.43,51898,True
1398,ES,02,50,2024,1,servicios,actividades,cursos,aragon,zaragoza,28626.0,2202.0,4.05,4.21,61,True
1399,ES,05,35,2024,1,servicios,actividades,cursos,canarias,las palmas,2000.0,1000.0,3.72,4.28,2863,True
1400,ES,05,38,2024,1,servicios,actividades,cursos,canarias,santa cruz de tenerife,19071.0,2119.0,3.86,4.26,3753,True
1401,ES,06,39,2024,1,servicios,actividades,cursos,cantabria,cantabria,7800.0,1300.0,3.94,4.27,4877,True
1402,ES,08,45,2024,1,servicios,actividades,cursos,castilla - la mancha,toledo,620.0,310.0,3.33,4.18,29,True
1403,ES,07,47,2024,1,servicios,actividades,cursos,castilla y leon,valladolid,116231.0,2473.0,2.7,4.06,292,True
1404,ES,09,08,2024,1,servicios,actividades,cursos,cataluna,barcelona,183630.67,3394.0,4.03,4.05,159935,True
1405,ES,09,43,2024,1,servicios,actividades,cursos,cataluna,tarragona,1000.0,1000.0,3.44,4.2,9269,True
1406,ES,13,28,2024,1,servicios,actividades,cursos,comunidad de madrid,madrid,76121.75,1726.75,3.92,4.1,42370,True
1407,ES,10,03,2024,1,servicios,actividades,cursos,comunitat valenciana,alicante/alacant,10062.0,1868.0,3.73,4.28,29657,True
1408,ES,10,46,2024,1,servicios,actividades,cursos,comunitat valenciana,valencia/valencia,3675.0,3675.0,4.56,4.15,7124,True
1409,ES,11,06,2024,1,servicios,actividades,cursos,extremadura,badajoz,109895.0,709.0,0.0,0.0,0,False
1410,ES,11,10,2024,1,servicios,actividades,cursos,extremadura,caceres,1000.0,500.0,4.99,4.33,60,True
1411,ES,04,07,2024,1,servicios,actividades,cursos,illes balears,illes balears,243455.33,2708.33,4.23,4.33,46354,True
1412,ES,16,48,2024,1,servicios,actividades,cursos,pais vasco,bizkaia,519365.0,6745.0,4.03,4.31,13509,True
1413,ES,16,20,2024,1,servicios,actividades,cursos,pais vasco,gipuzkoa,330.0,110.0,3.84,4.41,140,True
1414,ES,03,33,2024,1,servicios,actividades,cursos,principado de asturias,asturias,23000.0,2300.0,3.91,4.35,2389,True
1415,ES,14,30,2024,1,servicios,actividades,cursos,region de murcia,murcia,208597.0,7193.0,2.83,4.2,6,True
1416,ES,01,04,2024,1,paisaje naturaleza,actividades,deportes y aventuras,andalucia,almeria,1250.0,250.0,4.32,4.19,23376,True
1417,ES,01,41,2024,1,paisaje naturaleza,actividades,deportes y aventuras,andalucia,sevilla,134551.0,683.0,4.47,4.34,21476,True
1418,ES,02,50,2024,1,paisaje naturaleza,actividades,deportes y aventuras,aragon,zaragoza,57096.0,1586.0,4.36,4.21,5888,True
1419,ES,05,35,2024,1,paisaje naturaleza,actividades,deportes y aventuras,canarias,las palmas,12013.5,455.5,4.34,4.28,200378,True
1420,ES,05,38,2024,1,paisaje naturaleza,actividades,deportes y aventuras,canarias,santa cruz de tenerife,540.0,60.0,4.31,4.26,190067,True
1421,ES,09,08,2024,1,paisaje naturaleza,actividades,deportes y aventuras,cataluna,barcelona,76360.0,1650.25,4.13,4.05,200444,True
1422,ES,13,28,2024,1,paisaje naturaleza,actividades,deportes y aventuras,comunidad de madrid,madrid,12605.0,695.0,4.19,4.1,121795,True
1423,ES,10,03,2024,1,paisaje naturaleza,actividades,deportes y aventuras,comunitat valenciana,alicante/alacant,7260.0,605.0,4.36,4.28,82424,True
1424,ES,11,06,2024,1,paisaje naturaleza,actividades,deportes y aventuras,extremadura,badajoz,2940.0,105.0,4.4,4.29,1116,True
1425,ES,11,10,2024,1,paisaje naturaleza,actividades,deportes y aventuras,extremadura,caceres,16740.0,108.0,4.5,4.33,5814,True
1426,ES,16,01,2024,1,paisaje naturaleza,actividades,deportes y aventuras,pais vasco,araba/alava,1100.0,100.0,4.66,4.41,11468,True
1427,ES,14,30,2024,1,paisaje naturaleza,actividades,deportes y aventuras,region de murcia,murcia,1395.0,155.0,4.4,4.2,2633,True
1428,ES,01,29,2024,1,comida y bebida,actividades,gastronomia,andalucia,malaga,187325.0,1475.0,4.84,4.43,1395,True
1429,ES,01,41,2024,1,comida y bebida,actividades,gastronomia,andalucia,sevilla,42658.0,714.0,4.76,4.34,8170,True
1430,ES,02,50,2024,1,comida y bebida,actividades,gastronomia,aragon,zaragoza,62049.0,1591.0,4.03,4.21,35,True
1431,ES,05,35,2024,1,comida y bebida,actividades,gastronomia,canarias,las palmas,45405.0,1009.0,3.71,4.28,443,True
1432,ES,07,47,2024,1,comida y bebida,actividades,gastronomia,castilla y leon,valladolid,116231.0,2473.0,4.44,4.06,252,True
1433,ES,09,08,2024,1,comida y bebida,actividades,gastronomia,cataluna,barcelona,504052.0,1885.67,4.67,4.05,3911,True
1434,ES,13,28,2024,1,comida y bebida,actividades,gastronomia,comunidad de madrid,madrid,317159.0,1709.5,4.71,4.1,5856,True
1435,ES,10,46,2024,1,comida y bebida,actividades,gastronomia,comunitat valenciana,valencia/valencia,1245.0,415.0,4.79,4.15,369,True
1436,ES,04,07,2024,1,comida y bebida,actividades,gastronomia,illes balears,illes balears,208860.0,2190.5,4.86,4.33,2196,True
1437,ES,01,29,2024,1,vida nocturna,espectaculos,cine,andalucia,malaga,561267.0,1359.0,4.3,4.43,56036,True
1438,ES,01,41,2024,1,vida nocturna,espectaculos,cine,andalucia,sevilla,61824.0,483.0,4.05,4.34,39053,True
1439,ES,02,50,2024,1,vida nocturna,espectaculos,cine,aragon,zaragoza,21151.0,496.5,3.75,4.21,1614,True
1440,ES,05,38,2024,1,vida nocturna,espectaculos,cine,canarias,santa cruz de tenerife,9864.0,548.0,4.06,4.26,62671,True
1441,ES,08,02,2024,1,vida nocturna,espectaculos,cine,castilla - la mancha,albacete,1740.0,29.0,4.21,4.15,573,True
1442,ES,09,08,2024,1,vida nocturna,espectaculos,cine,cataluna,barcelona,32445.0,721.0,3.95,4.05,119743,True
1443,ES,09,17,2024,1,vida nocturna,espectaculos,cine,cataluna,girona,7956.0,442.0,3.8,4.24,12856,True
1444,ES,13,28,2024,1,vida nocturna,espectaculos,cine,comunidad de madrid,madrid,394119.0,1327.0,3.85,4.1,100430,True
1445,ES,10,03,2024,1,vida nocturna,espectaculos,cine,comunitat valenciana,alicante/alacant,54239.75,617.5,4.03,4.28,84389,True
1446,ES,10,46,2024,1,vida nocturna,espectaculos,cine,comunitat valenciana,valencia/valencia,19205.0,115.0,3.72,4.15,9307,True
1447,ES,12,15,2024,1,vida nocturna,espectaculos,cine,galicia,a coruna,19645.0,3929.0,3.74,4.21,5653,True
1448,ES,04,07,2024,1,vida nocturna,espectaculos,cine,illes balears,illes balears,1712.0,162.0,4.12,4.33,122452,True
1449,ES,16,20,2024,1,vida nocturna,espectaculos,cine,pais vasco,gipuzkoa,72960.33,416.33,4.14,4.41,5503,True
1450,ES,14,30,2024,1,vida nocturna,espectaculos,cine,region de murcia,murcia,1400.0,350.0,3.62,4.2,1488,True
1451,ES,01,14,2024,1,otros,espectaculos,conferencias,andalucia,cordoba,57600.0,200.0,4.46,4.29,478,True
1452,ES,01,29,2024,1,otros,espectaculos,conferencias,andalucia,malaga,17820.0,660.0,4.25,4.43,1156,True
1453,ES,09,08,2024,1,otros,espectaculos,conferencias,cataluna,barcelona,44676.0,438.0,3.9,4.05,2019,True
1454,ES,13,28,2024,1,otros,espectaculos,conferencias,comunidad de madrid,madrid,150819.0,1319.5,3.97,4.1,1624,True
1455,ES,15,31,2024,1,otros,espectaculos,conferencias,comunidad foral de navarra,navarra,985152.0,4398.0,4.27,4.23,500,True
1456,ES,10,03,2024,1,otros,espectaculos,conferencias,comunitat valenciana,alicante/alacant,4520.0,904.0,4.26,4.28,392,True
1457,ES,04,07,2024,1,otros,espectaculos,conferencias,illes balears,illes balears,53353.0,3565.0,4.21,4.33,296,True
1458,ES,16,48,2024,1,otros,espectaculos,conferencias,pais vasco,bizkaia,2300.0,50.0,4.87,4.31,794,True
1459,ES,01,04,2024,1,paisaje urbano,espectaculos,"cultura, teatro y danza",andalucia,almeria,500416.0,1476.0,4.25,4.19,14318,True
1460,ES,01,11,2024,1,paisaje urbano,espectaculos,"cultura, teatro y danza",andalucia,cadiz,7822.67,1088.0,4.35,4.26,8809,True
1461,ES,01,14,2024,1,paisaje urbano,espectaculos,"cultura, teatro y danza",andalucia,cordoba,160126.0,1357.0,4.3,4.29,93962,True
1462,ES,01,18,2024,1,paisaje urbano,espectaculos,"cultura, teatro y danza",andalucia,granada,352129.5,656.0,4.35,4.37,153042,True
1463,ES,01,21,2024,1,paisaje urbano,espectaculos,"cultura, teatro y danza",andalucia,huelva,35478.0,486.0,4.23,4.11,9984,True
1464,ES,01,23,2024,1,paisaje urbano,espectaculos,"cultura, teatro y danza",andalucia,jaen,1962.0,981.0,4.3,4.33,16236,True
1465,ES,01,29,2024,1,paisaje urbano,espectaculos,"cultura, teatro y danza",andalucia,malaga,134261.67,905.33,4.43,4.43,158253,True
1466,ES,01,41,2024,1,paisaje urbano,espectaculos,"cultura, teatro y danza",andalucia,sevilla,353832.0,1498.67,4.41,4.34,218279,True
1467,ES,02,22,2024,1,paisaje urbano,espectaculos,"cultura, teatro y danza",aragon,huesca,25872.0,616.0,4.12,4.25,10916,True
1468,ES,02,50,2024,1,paisaje urbano,espectaculos,"cultura, teatro y danza",aragon,zaragoza,514739.33,1095.33,4.34,4.21,41352,True
1469,ES,05,35,2024,1,paisaje urbano,espectaculos,"cultura, teatro y danza",canarias,las palmas,340070.0,658.12,4.27,4.28,51395,True
1470,ES,05,38,2024,1,paisaje urbano,espectaculos,"cultura, teatro y danza",canarias,santa cruz de tenerife,381674.8,1148.8,4.28,4.26,66584,True
1471,ES,06,39,2024,1,paisaje urbano,espectaculos,"cultura, teatro y danza",cantabria,cantabria,63350.0,1267.0,4.28,4.27,27507,True
1472,ES,08,02,2024,1,paisaje urbano,espectaculos,"cultura, teatro y danza",castilla - la mancha,albacete,355454.5,903.0,4.09,4.15,3663,True
1473,ES,08,13,2024,1,paisaje urbano,espectaculos,"cultura, teatro y danza",castilla - la mancha,ciudad real,1042.5,122.5,4.33,4.29,7266,True
1474,ES,08,16,2024,1,paisaje urbano,espectaculos,"cultura, teatro y danza",castilla - la mancha,cuenca,42024.0,766.0,4.27,4.19,13771,True
1475,ES,08,45,2024,1,paisaje urbano,espectaculos,"cultura, teatro y danza",castilla - la mancha,toledo,26587.5,377.5,4.19,4.18,55769,True
1476,ES,07,05,2024,1,paisaje urbano,espectaculos,"cultura, teatro y danza",castilla y leon,avila,350.0,50.0,4.42,4.23,13407,True
1477,ES,07,24,2024,1,paisaje urbano,espectaculos,"cultura, teatro y danza",castilla y leon,leon,10725.0,275.0,4.22,4.21,19169,True
1478,ES,07,37,2024,1,paisaje urbano,espectaculos,"cultura, teatro y danza",castilla y leon,salamanca,176126.0,595.33,4.24,4.17,31972,True
1479,ES,07,47,2024,1,paisaje urbano,espectaculos,"cultura, teatro y danza",castilla y leon,valladolid,17487.5,626.5,4.14,4.06,13695,True
1480,ES,07,49,2024,1,paisaje urbano,espectaculos,"cultura, teatro y danza",castilla y leon,zamora,11880.0,540.0,4.19,4.17,5872,True
1481,ES,09,08,2024,1,paisaje urbano,espectaculos,"cultura, teatro y danza",cataluna,barcelona,713270.92,798.23,4.07,4.05,732080,True
1482,ES,09,17,2024,1,paisaje urbano,espectaculos,"cultura, teatro y danza",cataluna,girona,17919.5,383.0,4.24,4.24,50915,True
1483,ES,09,43,2024,1,paisaje urbano,espectaculos,"cultura, teatro y danza",cataluna,tarragona,343506.67,897.83,4.23,4.2,53439,True
1484,ES,13,28,2024,1,paisaje urbano,espectaculos,"cultura, teatro y danza",comunidad de madrid,madrid,1756191.83,632.67,4.15,4.1,458466,True
1485,ES,15,31,2024,1,paisaje urbano,espectaculos,"cultura, teatro y danza",comunidad foral de navarra,navarra,1484.0,106.0,4.25,4.23,19680,True
1486,ES,10,03,2024,1,paisaje urbano,espectaculos,"cultura, teatro y danza",comunitat valenciana,alicante/alacant,187216.0,946.29,4.28,4.28,67888,True
1487,ES,10,12,2024,1,paisaje urbano,espectaculos,"cultura, teatro y danza",comunitat valenciana,castellon/castello,720.0,30.0,4.14,4.2,13212,True
1488,ES,10,46,2024,1,paisaje urbano,espectaculos,"cultura, teatro y danza",comunitat valenciana,valencia/valencia,140981.33,389.33,4.25,4.15,114505,True
1489,ES,11,06,2024,1,paisaje urbano,espectaculos,"cultura, teatro y danza",extremadura,badajoz,20060.0,140.0,4.26,4.29,18348,True
1490,ES,11,10,2024,1,paisaje urbano,espectaculos,"cultura, teatro y danza",extremadura,caceres,66481.33,1204.67,4.31,4.33,23514,True
1491,ES,12,15,2024,1,paisaje urbano,espectaculos,"cultura, teatro y danza",galicia,a coruna,65542.5,523.5,4.26,4.21,50198,True
1492,ES,12,32,2024,1,paisaje urbano,espectaculos,"cultura, teatro y danza",galicia,ourense,660.0,220.0,4.18,4.15,6495,True
1493,ES,12,36,2024,1,paisaje urbano,espectaculos,"cultura, teatro y danza",galicia,pontevedra,218578.0,746.0,4.07,4.17,15892,True
1494,ES,04,07,2024,1,paisaje urbano,espectaculos,"cultura, teatro y danza",illes balears,illes balears,121144.07,688.27,4.21,4.33,107418,True
1495,ES,17,26,2024,1,paisaje urbano,espectaculos,"cultura, teatro y danza",la rioja,la rioja,764445.0,1353.0,4.29,4.31,11493,True
1496,ES,16,01,2024,1,paisaje urbano,espectaculos,"cultura, teatro y danza",pais vasco,araba/alava,8324.67,468.67,4.46,4.41,7811,True
1497,ES,16,48,2024,1,paisaje urbano,espectaculos,"cultura, teatro y danza",pais vasco,bizkaia,237191.0,1101.0,4.38,4.31,56425,True
1498,ES,16,20,2024,1,paisaje urbano,espectaculos,"cultura, teatro y danza",pais vasco,gipuzkoa,109860.0,516.25,4.43,4.41,26949,True
1499,ES,03,33,2024,1,paisaje urbano,espectaculos,"cultura, teatro y danza",principado de asturias,asturias,51785.0,977.33,4.37,4.35,40762,True
1500,ES,14,30,2024,1,paisaje urbano,espectaculos,"cultura, teatro y danza",region de murcia,murcia,240117.0,1005.33,4.32,4.2,9308,True
1501,ES,13,28,2024,1,compras,espectaculos,ferias,comunidad de madrid,madrid,299988.0,2564.0,3.83,4.1,89796,True
1502,ES,10,03,2024,1,compras,espectaculos,ferias,comunitat valenciana,alicante/alacant,4520.0,904.0,4.22,4.28,12577,True
1503,ES,16,48,2024,1,compras,espectaculos,ferias,pais vasco,bizkaia,2300.0,50.0,3.8,4.31,694,True
1504,ES,01,21,2024,1,paisaje urbano,espectaculos,museo y exposiciones,andalucia,huelva,35478.0,486.0,4.23,4.11,9984,True
1505,ES,01,41,2024,1,paisaje urbano,espectaculos,museo y exposiciones,andalucia,sevilla,40236.67,748.67,4.41,4.34,218279,True
1506,ES,08,02,2024,1,paisaje urbano,espectaculos,museo y exposiciones,castilla - la mancha,albacete,9926.0,709.0,4.09,4.15,3663,True
1507,ES,08,45,2024,1,paisaje urbano,espectaculos,museo y exposiciones,castilla - la mancha,toledo,40071.0,703.0,4.19,4.18,55769,True
1508,ES,09,08,2024,1,paisaje urbano,espectaculos,museo y exposiciones,cataluna,barcelona,145692.0,1349.0,4.07,4.05,732080,True
1509,ES,09,43,2024,1,paisaje urbano,espectaculos,museo y exposiciones,cataluna,tarragona,59555.0,1385.0,4.23,4.2,53439,True
1510,ES,13,28,2024,1,paisaje urbano,espectaculos,museo y exposiciones,comunidad de madrid,madrid,300.0,100.0,4.15,4.1,458466,True
1511,ES,10,46,2024,1,paisaje urbano,espectaculos,museo y exposiciones,comunitat valenciana,valencia/valencia,400.0,100.0,4.25,4.15,114505,True
1512,ES,16,48,2024,1,paisaje urbano,espectaculos,museo y exposiciones,pais vasco,bizkaia,203619.0,897.0,4.38,4.31,56425,True
1513,ES,01,04,2024,1,vida nocturna,espectaculos,musica,andalucia,almeria,317248.5,359.5,3.72,4.19,5362,True
1514,ES,01,11,2024,1,vida nocturna,espectaculos,musica,andalucia,cadiz,258483.71,945.14,4.08,4.26,2343,True
1515,ES,01,14,2024,1,vida nocturna,espectaculos,musica,andalucia,cordoba,42193.0,763.0,4.3,4.29,1908,True
1516,ES,01,18,2024,1,vida nocturna,espectaculos,musica,andalucia,granada,688957.0,995.8,3.92,4.37,10900,True
1517,ES,01,21,2024,1,vida nocturna,espectaculos,musica,andalucia,huelva,200.0,100.0,4.03,4.11,1623,True
1518,ES,01,23,2024,1,vida nocturna,espectaculos,musica,andalucia,jaen,118918.6,892.6,4.0,4.33,992,True
1519,ES,01,29,2024,1,vida nocturna,espectaculos,musica,andalucia,malaga,138804.5,1248.17,4.3,4.43,56036,True
1520,ES,01,41,2024,1,vida nocturna,espectaculos,musica,andalucia,sevilla,778441.86,1200.57,4.05,4.34,39053,True
1521,ES,02,22,2024,1,vida nocturna,espectaculos,musica,aragon,huesca,93597.0,1365.5,3.85,4.25,1293,True
1522,ES,02,44,2024,1,vida nocturna,espectaculos,musica,aragon,teruel,476438.0,2258.0,4.35,4.28,950,True
1523,ES,02,50,2024,1,vida nocturna,espectaculos,musica,aragon,zaragoza,2283738.5,868.5,3.75,4.21,1614,True
1524,ES,05,35,2024,1,vida nocturna,espectaculos,musica,canarias,las palmas,1054460.67,2053.67,4.24,4.28,129544,True
1525,ES,05,38,2024,1,vida nocturna,espectaculos,musica,canarias,santa cruz de tenerife,158129.25,1205.12,4.06,4.26,62671,True
1526,ES,06,39,2024,1,vida nocturna,espectaculos,musica,cantabria,cantabria,8293.5,1104.5,4.02,4.27,5819,True
1527,ES,08,02,2024,1,vida nocturna,espectaculos,musica,castilla - la mancha,albacete,359979.5,2799.5,4.21,4.15,573,True
1528,ES,08,13,2024,1,vida nocturna,espectaculos,musica,castilla - la mancha,ciudad real,14499.75,1081.25,4.17,4.29,385,True
1529,ES,08,16,2024,1,vida nocturna,espectaculos,musica,castilla - la mancha,cuenca,95641.0,1051.0,3.91,4.19,760,True
1530,ES,08,19,2024,1,vida nocturna,espectaculos,musica,castilla - la mancha,guadalajara,414288.0,1512.0,3.23,4.04,447,True
1531,ES,08,45,2024,1,vida nocturna,espectaculos,musica,castilla - la mancha,toledo,74606.6,2073.8,3.99,4.18,434,True
1532,ES,07,05,2024,1,vida nocturna,espectaculos,musica,castilla y leon,avila,88451.5,1255.5,4.04,4.23,397,True
1533,ES,07,09,2024,1,vida nocturna,espectaculos,musica,castilla y leon,burgos,739577.0,1453.0,3.95,4.28,970,True
1534,ES,07,24,2024,1,vida nocturna,espectaculos,musica,castilla y leon,leon,272531.0,1147.0,3.97,4.21,1480,True
1535,ES,07,34,2024,1,vida nocturna,espectaculos,musica,castilla y leon,palencia,923013.0,1449.0,4.23,4.35,379,True
1536,ES,07,37,2024,1,vida nocturna,espectaculos,musica,castilla y leon,salamanca,524774.0,1254.0,3.66,4.17,3701,True
1537,ES,07,40,2024,1,vida nocturna,espectaculos,musica,castilla y leon,segovia,73417.5,1865.5,3.91,4.07,263,True
1538,ES,07,42,2024,1,vida nocturna,espectaculos,musica,castilla y leon,soria,6931.0,978.5,4.2,3.97,154,True
1539,ES,07,47,2024,1,vida nocturna,espectaculos,musica,castilla y leon,valladolid,167260.0,797.5,4.01,4.06,1293,True
1540,ES,07,49,2024,1,vida nocturna,espectaculos,musica,castilla y leon,zamora,64992.0,1885.5,4.27,4.17,462,True
1541,ES,09,08,2024,1,vida nocturna,espectaculos,musica,cataluna,barcelona,1077692.93,1011.11,3.95,4.05,119743,True
1542,ES,09,17,2024,1,vida nocturna,espectaculos,musica,cataluna,girona,174544.44,1759.44,3.8,4.24,12856,True
1543,ES,09,25,2024,1,vida nocturna,espectaculos,musica,cataluna,lleida,407751.6,1107.0,3.84,4.27,1184,True
1544,ES,09,43,2024,1,vida nocturna,espectaculos,musica,cataluna,tarragona,244072.5,2416.5,4.1,4.2,22730,True
1545,ES,13,28,2024,1,vida nocturna,espectaculos,musica,comunidad de madrid,madrid,2931468.36,1470.29,3.85,4.1,100430,True
1546,ES,15,31,2024,1,vida nocturna,espectaculos,musica,comunidad foral de navarra,navarra,2768638.43,2317.86,3.72,4.23,2565,True
1547,ES,10,03,2024,1,vida nocturna,espectaculos,musica,comunitat valenciana,alicante/alacant,422332.31,1146.77,4.03,4.28,84389,True
1548,ES,10,12,2024,1,vida nocturna,espectaculos,musica,comunitat valenciana,castellon/castello,214047.5,722.5,3.88,4.2,2406,True
1549,ES,10,46,2024,1,vida nocturna,espectaculos,musica,comunitat valenciana,valencia/valencia,1238718.67,1407.17,3.72,4.15,9307,True
1550,ES,11,06,2024,1,vida nocturna,espectaculos,musica,extremadura,badajoz,107997.33,1393.0,4.31,4.29,2109,True
1551,ES,11,10,2024,1,vida nocturna,espectaculos,musica,extremadura,caceres,57380.75,1231.25,3.95,4.33,1377,True
1552,ES,12,15,2024,1,vida nocturna,espectaculos,musica,galicia,a coruna,208229.33,1364.17,3.74,4.21,5653,True
1553,ES,12,27,2024,1,vida nocturna,espectaculos,musica,galicia,lugo,40839.0,867.0,4.18,4.28,502,True
1554,ES,12,32,2024,1,vida nocturna,espectaculos,musica,galicia,ourense,18944.0,1184.0,3.7,4.15,660,True
1555,ES,12,36,2024,1,vida nocturna,espectaculos,musica,galicia,pontevedra,479316.0,1354.0,4.0,4.17,3092,True
1556,ES,04,07,2024,1,vida nocturna,espectaculos,musica,illes balears,illes balears,740872.35,1242.3,4.12,4.33,122452,True
1557,ES,17,26,2024,1,vida nocturna,espectaculos,musica,la rioja,la rioja,222645.33,2167.33,3.69,4.31,1866,True
1558,ES,16,01,2024,1,vida nocturna,espectaculos,musica,pais vasco,araba/alava,41791.0,316.0,3.82,4.41,1138,True
1559,ES,16,48,2024,1,vida nocturna,espectaculos,musica,pais vasco,bizkaia,542948.22,953.44,4.21,4.31,5615,True
1560,ES,16,20,2024,1,vida nocturna,espectaculos,musica,pais vasco,gipuzkoa,331414.78,718.89,4.14,4.41,5503,True
1561,ES,03,33,2024,1,vida nocturna,espectaculos,musica,principado de asturias,asturias,362525.4,1009.4,4.18,4.35,9626,True
1562,ES,14,30,2024,1,vida nocturna,espectaculos,musica,region de murcia,murcia,1885574.0,538.0,3.62,4.2,1488,True
1563,ES,01,14,2024,1,vida nocturna,espectaculos,musicales,andalucia,cordoba,1195183.0,1969.0,4.3,4.29,1908,True
1564,ES,01,18,2024,1,vida nocturna,espectaculos,musicales,andalucia,granada,6808.0,1702.0,3.92,4.37,10900,True
1565,ES,01,29,2024,1,vida nocturna,espectaculos,musicales,andalucia,malaga,121361.5,143.0,4.3,4.43,56036,True
1566,ES,01,41,2024,1,vida nocturna,espectaculos,musicales,andalucia,sevilla,76531.0,841.0,4.05,4.34,39053,True
1567,ES,02,50,2024,1,vida nocturna,espectaculos,musicales,aragon,zaragoza,209874.0,789.0,3.75,4.21,1614,True
1568,ES,05,35,2024,1,vida nocturna,espectaculos,musicales,canarias,las palmas,127478.5,476.5,4.24,4.28,129544,True
1569,ES,05,38,2024,1,vida nocturna,espectaculos,musicales,canarias,santa cruz de tenerife,177564.5,854.5,4.06,4.26,62671,True
1570,ES,06,39,2024,1,vida nocturna,espectaculos,musicales,cantabria,cantabria,4400.0,220.0,4.02,4.27,5819,True
1571,ES,08,02,2024,1,vida nocturna,espectaculos,musicales,castilla - la mancha,albacete,439356.0,1786.0,4.21,4.15,573,True
1572,ES,07,24,2024,1,vida nocturna,espectaculos,musicales,castilla y leon,leon,10725.0,275.0,3.97,4.21,1480,True
1573,ES,07,37,2024,1,vida nocturna,espectaculos,musicales,castilla y leon,salamanca,549188.0,2188.0,3.66,4.17,3701,True
1574,ES,07,47,2024,1,vida nocturna,espectaculos,musicales,castilla y leon,valladolid,7128.0,198.0,4.01,4.06,1293,True
1575,ES,09,08,2024,1,vida nocturna,espectaculos,musicales,cataluna,barcelona,67889.67,514.33,3.95,4.05,119743,True
1576,ES,09,17,2024,1,vida nocturna,espectaculos,musicales,cataluna,girona,32141.0,591.0,3.8,4.24,12856,True
1577,ES,13,28,2024,1,vida nocturna,espectaculos,musicales,comunidad de madrid,madrid,51125.0,442.25,3.85,4.1,100430,True
1578,ES,10,03,2024,1,vida nocturna,espectaculos,musicales,comunitat valenciana,alicante/alacant,296102.67,778.0,4.03,4.28,84389,True
1579,ES,10,46,2024,1,vida nocturna,espectaculos,musicales,comunitat valenciana,valencia/valencia,621908.0,931.0,3.72,4.15,9307,True
1580,ES,11,06,2024,1,vida nocturna,espectaculos,musicales,extremadura,badajoz,37840.0,220.0,4.31,4.29,2109,True
1581,ES,11,10,2024,1,vida nocturna,espectaculos,musicales,extremadura,caceres,47658.5,2096.0,3.95,4.33,1377,True
1582,ES,12,32,2024,1,vida nocturna,espectaculos,musicales,galicia,ourense,660.0,220.0,3.7,4.15,660,True
1583,ES,12,36,2024,1,vida nocturna,espectaculos,musicales,galicia,pontevedra,1944.0,432.0,4.0,4.17,3092,True
1584,ES,04,07,2024,1,vida nocturna,espectaculos,musicales,illes balears,illes balears,49256.5,1573.5,4.12,4.33,122452,True
1585,ES,17,26,2024,1,vida nocturna,espectaculos,musicales,la rioja,la rioja,43988.0,1571.0,3.69,4.31,1866,True
1586,ES,03,33,2024,1,vida nocturna,espectaculos,musicales,principado de asturias,asturias,30565.5,994.5,4.18,4.35,9626,True
1587,ES,14,30,2024,1,vida nocturna,espectaculos,musicales,region de murcia,murcia,140593.0,695.5,3.62,4.2,1488,True
1588,ES,01,04,2024,2,paisaje naturaleza,actividades,actividades infantiles,andalucia,almeria,27137.0,2467.0,4.32,4.19,23376,True
1589,ES,01,11,2024,2,paisaje naturaleza,actividades,actividades infantiles,andalucia,cadiz,461402.0,1642.0,4.27,4.26,12350,True
1590,ES,01,14,2024,2,paisaje naturaleza,actividades,actividades infantiles,andalucia,cordoba,4284.0,102.0,4.32,4.29,3767,True
1591,ES,01,18,2024,2,paisaje naturaleza,actividades,actividades infantiles,andalucia,granada,76062.67,1554.0,4.52,4.37,18492,True
1592,ES,01,23,2024,2,paisaje naturaleza,actividades,actividades infantiles,andalucia,jaen,540.0,270.0,4.44,4.33,4366,True
1593,ES,01,29,2024,2,paisaje naturaleza,actividades,actividades infantiles,andalucia,malaga,24062.0,292.33,4.44,4.43,109648,True
1594,ES,01,41,2024,2,paisaje naturaleza,actividades,actividades infantiles,andalucia,sevilla,28638.5,1983.0,4.47,4.34,21476,True
1595,ES,02,50,2024,2,paisaje naturaleza,actividades,actividades infantiles,aragon,zaragoza,986904.0,648.0,4.36,4.21,5888,True
1596,ES,05,35,2024,2,paisaje naturaleza,actividades,actividades infantiles,canarias,las palmas,5614.5,101.5,4.34,4.28,200378,True
1597,ES,05,38,2024,2,paisaje naturaleza,actividades,actividades infantiles,canarias,santa cruz de tenerife,47413.0,469.0,4.31,4.26,190067,True
1598,ES,06,39,2024,2,paisaje naturaleza,actividades,actividades infantiles,cantabria,cantabria,10292.0,342.5,4.36,4.27,37946,True
1599,ES,08,02,2024,2,paisaje naturaleza,actividades,actividades infantiles,castilla - la mancha,albacete,25696.0,176.0,4.38,4.15,3169,True
1600,ES,08,45,2024,2,paisaje naturaleza,actividades,actividades infantiles,castilla - la mancha,toledo,59715.0,1511.5,4.16,4.18,1715,True
1601,ES,07,05,2024,2,paisaje naturaleza,actividades,actividades infantiles,castilla y leon,avila,23276.0,1012.0,4.56,4.23,1874,True
1602,ES,07,24,2024,2,paisaje naturaleza,actividades,actividades infantiles,castilla y leon,leon,3336.0,1112.0,4.52,4.21,4506,True
1603,ES,07,37,2024,2,paisaje naturaleza,actividades,actividades infantiles,castilla y leon,salamanca,25467.0,1959.0,4.39,4.17,3319,True
1604,ES,07,47,2024,2,paisaje naturaleza,actividades,actividades infantiles,castilla y leon,valladolid,760618.0,553.67,4.18,4.06,8696,True
1605,ES,07,49,2024,2,paisaje naturaleza,actividades,actividades infantiles,castilla y leon,zamora,55081.0,247.0,4.38,4.17,2116,True
1606,ES,09,08,2024,2,paisaje naturaleza,actividades,actividades infantiles,cataluna,barcelona,271345.4,870.2,4.13,4.05,200444,True
1607,ES,09,17,2024,2,paisaje naturaleza,actividades,actividades infantiles,cataluna,girona,9486.75,468.75,4.38,4.24,61683,True
1608,ES,09,43,2024,2,paisaje naturaleza,actividades,actividades infantiles,cataluna,tarragona,673687.0,1701.5,4.26,4.2,33701,True
1609,ES,13,28,2024,2,paisaje naturaleza,actividades,actividades infantiles,comunidad de madrid,madrid,213805.33,657.33,4.19,4.1,121795,True
1610,ES,15,31,2024,2,paisaje naturaleza,actividades,actividades infantiles,comunidad foral de navarra,navarra,3381414.0,4922.0,4.33,4.23,7007,True
1611,ES,10,03,2024,2,paisaje naturaleza,actividades,actividades infantiles,comunitat valenciana,alicante/alacant,700.0,70.0,4.36,4.28,82424,True
1612,ES,10,46,2024,2,paisaje naturaleza,actividades,actividades infantiles,comunitat valenciana,valencia/valencia,1059159.67,1060.33,4.23,4.15,90776,True
1613,ES,11,06,2024,2,paisaje naturaleza,actividades,actividades infantiles,extremadura,badajoz,19888.0,176.0,4.4,4.29,1116,True
1614,ES,11,10,2024,2,paisaje naturaleza,actividades,actividades infantiles,extremadura,caceres,173114.5,912.0,4.5,4.33,5814,True
1615,ES,12,15,2024,2,paisaje naturaleza,actividades,actividades infantiles,galicia,a coruna,8609.5,798.5,4.39,4.21,18974,True
1616,ES,12,27,2024,2,paisaje naturaleza,actividades,actividades infantiles,galicia,lugo,17424.0,176.0,4.57,4.28,8089,True
1617,ES,04,07,2024,2,paisaje naturaleza,actividades,actividades infantiles,illes balears,illes balears,51682.0,845.44,4.42,4.33,203636,True
1618,ES,16,01,2024,2,paisaje naturaleza,actividades,actividades infantiles,pais vasco,araba/alava,3103.0,233.0,4.66,4.41,11468,True
1619,ES,16,48,2024,2,paisaje naturaleza,actividades,actividades infantiles,pais vasco,bizkaia,192774.33,7021.33,4.38,4.31,7925,True
1620,ES,16,20,2024,2,paisaje naturaleza,actividades,actividades infantiles,pais vasco,gipuzkoa,31652.0,386.0,4.61,4.41,26976,True
1621,ES,03,33,2024,2,paisaje naturaleza,actividades,actividades infantiles,principado de asturias,asturias,22302.0,826.0,4.42,4.35,44006,True
1622,ES,14,30,2024,2,paisaje naturaleza,actividades,actividades infantiles,region de murcia,murcia,25006.0,419.0,4.4,4.2,2633,True
1623,ES,01,11,2024,2,servicios,actividades,cursos,andalucia,cadiz,1690.0,130.0,4.74,4.26,39,True
1624,ES,01,29,2024,2,servicios,actividades,cursos,andalucia,malaga,16562.0,1274.0,4.62,4.43,51898,True
1625,ES,01,41,2024,2,servicios,actividades,cursos,andalucia,sevilla,1300.0,100.0,4.06,4.34,4859,True
1626,ES,02,50,2024,2,servicios,actividades,cursos,aragon,zaragoza,2947.0,2947.0,4.05,4.21,61,True
1627,ES,05,35,2024,2,servicios,actividades,cursos,canarias,las palmas,939.0,939.0,3.72,4.28,2863,True
1628,ES,05,38,2024,2,servicios,actividades,cursos,canarias,santa cruz de tenerife,4796.0,2398.0,3.86,4.26,3753,True
1629,ES,06,39,2024,2,servicios,actividades,cursos,cantabria,cantabria,2600.0,1300.0,3.94,4.27,4877,True
1630,ES,07,47,2024,2,servicios,actividades,cursos,castilla y leon,valladolid,375.0,125.0,2.7,4.06,292,True
1631,ES,09,08,2024,2,servicios,actividades,cursos,cataluna,barcelona,106895.25,1816.25,4.03,4.05,159935,True
1632,ES,09,17,2024,2,servicios,actividades,cursos,cataluna,girona,45935.5,2295.5,3.82,4.24,1146,True
1633,ES,13,28,2024,2,servicios,actividades,cursos,comunidad de madrid,madrid,162145.33,2966.33,3.92,4.1,42370,True
1634,ES,10,03,2024,2,servicios,actividades,cursos,comunitat valenciana,alicante/alacant,190297.0,8979.5,3.73,4.28,29657,True
1635,ES,10,46,2024,2,servicios,actividades,cursos,comunitat valenciana,valencia/valencia,420.0,210.0,4.56,4.15,7124,True
1636,ES,04,07,2024,2,servicios,actividades,cursos,illes balears,illes balears,1294096.83,8307.83,4.23,4.33,46354,True
1637,ES,16,48,2024,2,servicios,actividades,cursos,pais vasco,bizkaia,26740.33,4667.33,4.03,4.31,13509,True
1638,ES,16,20,2024,2,servicios,actividades,cursos,pais vasco,gipuzkoa,300.0,150.0,3.84,4.41,140,True
1639,ES,03,33,2024,2,servicios,actividades,cursos,principado de asturias,asturias,300006.0,21429.0,3.91,4.35,2389,True
1640,ES,14,30,2024,2,servicios,actividades,cursos,region de murcia,murcia,732798.0,7402.0,2.83,4.2,6,True
1641,ES,01,41,2024,2,paisaje naturaleza,actividades,deportes y aventuras,andalucia,sevilla,23205.0,455.0,4.47,4.34,21476,True
1642,ES,02,50,2024,2,paisaje naturaleza,actividades,deportes y aventuras,aragon,zaragoza,291102.0,1673.0,4.36,4.21,5888,True
1643,ES,05,35,2024,2,paisaje naturaleza,actividades,deportes y aventuras,canarias,las palmas,4979.0,285.5,4.34,4.28,200378,True
1644,ES,05,38,2024,2,paisaje naturaleza,actividades,deportes y aventuras,canarias,santa cruz de tenerife,1812.0,604.0,4.31,4.26,190067,True
1645,ES,09,08,2024,2,paisaje naturaleza,actividades,deportes y aventuras,cataluna,barcelona,279203.6,1979.4,4.13,4.05,200444,True
1646,ES,13,28,2024,2,paisaje naturaleza,actividades,deportes y aventuras,comunidad de madrid,madrid,760746.0,1239.0,4.19,4.1,121795,True
1647,ES,15,31,2024,2,paisaje naturaleza,actividades,deportes y aventuras,comunidad foral de navarra,navarra,122496.0,348.0,4.33,4.23,7007,True
1648,ES,10,03,2024,2,paisaje naturaleza,actividades,deportes y aventuras,comunitat valenciana,alicante/alacant,96212.5,2877.5,4.36,4.28,82424,True
1649,ES,10,46,2024,2,paisaje naturaleza,actividades,deportes y aventuras,comunitat valenciana,valencia/valencia,700.0,100.0,4.23,4.15,90776,True
1650,ES,11,06,2024,2,paisaje naturaleza,actividades,deportes y aventuras,extremadura,badajoz,2297.5,302.5,4.4,4.29,1116,True
1651,ES,11,10,2024,2,paisaje naturaleza,actividades,deportes y aventuras,extremadura,caceres,210686.0,1043.0,4.5,4.33,5814,True
1652,ES,12,15,2024,2,paisaje naturaleza,actividades,deportes y aventuras,galicia,a coruna,2520.0,1008.0,4.39,4.21,18974,True
1653,ES,16,48,2024,2,paisaje naturaleza,actividades,deportes y aventuras,pais vasco,bizkaia,99446.5,1714.0,4.38,4.31,7925,True
1654,ES,14,30,2024,2,paisaje naturaleza,actividades,deportes y aventuras,region de murcia,murcia,455.0,2275.0,4.4,4.2,2633,True
1655,ES,01,23,2024,2,comida y bebida,actividades,gastronomia,andalucia,jaen,2100.0,150.0,5.0,4.33,9,True
1656,ES,01,29,2024,2,comida y bebida,actividades,gastronomia,andalucia,malaga,165876.5,764.5,4.84,4.43,1395,True
1657,ES,01,41,2024,2,comida y bebida,actividades,gastronomia,andalucia,sevilla,9714.0,1531.0,4.76,4.34,8170,True
1658,ES,02,50,2024,2,comida y bebida,actividades,gastronomia,aragon,zaragoza,3520.0,110.0,4.03,4.21,35,True
1659,ES,05,35,2024,2,comida y bebida,actividades,gastronomia,canarias,las palmas,650.0,650.0,3.71,4.28,443,True
1660,ES,08,02,2024,2,comida y bebida,actividades,gastronomia,castilla - la mancha,albacete,80738.0,1022.0,4.88,4.15,33,True
1661,ES,07,47,2024,2,comida y bebida,actividades,gastronomia,castilla y leon,valladolid,375.0,125.0,4.44,4.06,252,True
1662,ES,09,08,2024,2,comida y bebida,actividades,gastronomia,cataluna,barcelona,248579.5,1277.5,4.67,4.05,3911,True
1663,ES,13,28,2024,2,comida y bebida,actividades,gastronomia,comunidad de madrid,madrid,217366.0,1639.0,4.71,4.1,5856,True
1664,ES,11,10,2024,2,comida y bebida,actividades,gastronomia,extremadura,caceres,9042.0,822.0,4.5,4.33,6,True
1665,ES,04,07,2024,2,comida y bebida,actividades,gastronomia,illes balears,illes balears,280220.33,2781.0,4.86,4.33,2196,True
1666,ES,01,41,2024,2,vida nocturna,espectaculos,cine,andalucia,sevilla,123453.0,473.0,4.05,4.34,39053,True
1667,ES,02,22,2024,2,vida nocturna,espectaculos,cine,aragon,huesca,175732.0,1467.5,3.85,4.25,1293,True
1668,ES,02,50,2024,2,vida nocturna,espectaculos,cine,aragon,zaragoza,2821.5,319.0,3.75,4.21,1614,True
1669,ES,08,02,2024,2,vida nocturna,espectaculos,cine,castilla - la mancha,albacete,288.0,32.0,4.21,4.15,573,True
1670,ES,09,08,2024,2,vida nocturna,espectaculos,cine,cataluna,barcelona,40368.0,696.0,3.95,4.05,119743,True
1671,ES,09,17,2024,2,vida nocturna,espectaculos,cine,cataluna,girona,4203.0,467.0,3.8,4.24,12856,True
1672,ES,09,25,2024,2,vida nocturna,espectaculos,cine,cataluna,lleida,1600.0,200.0,3.84,4.27,1184,True
1673,ES,13,28,2024,2,vida nocturna,espectaculos,cine,comunidad de madrid,madrid,407056.0,1957.0,3.85,4.1,100430,True
1674,ES,10,03,2024,2,vida nocturna,espectaculos,cine,comunitat valenciana,alicante/alacant,3677.5,92.5,4.03,4.28,84389,True
1675,ES,04,07,2024,2,vida nocturna,espectaculos,cine,illes balears,illes balears,14811.33,258.33,4.12,4.33,122452,True
1676,ES,16,20,2024,2,vida nocturna,espectaculos,cine,pais vasco,gipuzkoa,26702.4,261.0,4.14,4.41,5503,True
1677,ES,14,30,2024,2,vida nocturna,espectaculos,cine,region de murcia,murcia,14497.0,665.0,3.62,4.2,1488,True
1678,ES,01,14,2024,2,otros,espectaculos,conferencias,andalucia,cordoba,12400.0,200.0,4.46,4.29,478,True
1679,ES,01,29,2024,2,otros,espectaculos,conferencias,andalucia,malaga,72827.0,3833.0,4.25,4.43,1156,True
1680,ES,07,37,2024,2,otros,espectaculos,conferencias,castilla y leon,salamanca,35328.0,1536.0,4.17,4.17,760,True
1681,ES,07,47,2024,2,otros,espectaculos,conferencias,castilla y leon,valladolid,525.0,525.0,4.45,4.06,83,True
1682,ES,09,08,2024,2,otros,espectaculos,conferencias,cataluna,barcelona,1726.5,301.5,3.9,4.05,2019,True
1683,ES,13,28,2024,2,otros,espectaculos,conferencias,comunidad de madrid,madrid,1006281.0,2762.5,3.97,4.1,1624,True
1684,ES,15,31,2024,2,otros,espectaculos,conferencias,comunidad foral de navarra,navarra,306.0,306.0,4.27,4.23,500,True
1685,ES,10,03,2024,2,otros,espectaculos,conferencias,comunitat valenciana,alicante/alacant,14768.0,923.0,4.26,4.28,392,True
1686,ES,04,07,2024,2,otros,espectaculos,conferencias,illes balears,illes balears,21458.5,2960.0,4.21,4.33,296,True
1687,ES,16,48,2024,2,otros,espectaculos,conferencias,pais vasco,bizkaia,8125.0,125.0,4.87,4.31,794,True
1688,ES,01,04,2024,2,paisaje urbano,espectaculos,"cultura, teatro y danza",andalucia,almeria,218899.0,1383.75,4.25,4.19,14318,True
1689,ES,01,11,2024,2,paisaje urbano,espectaculos,"cultura, teatro y danza",andalucia,cadiz,117198.5,772.0,4.35,4.26,8809,True
1690,ES,01,14,2024,2,paisaje urbano,espectaculos,"cultura, teatro y danza",andalucia,cordoba,227824.0,1107.5,4.3,4.29,93962,True
1691,ES,01,18,2024,2,paisaje urbano,espectaculos,"cultura, teatro y danza",andalucia,granada,302469.0,1067.0,4.35,4.37,153042,True
1692,ES,01,21,2024,2,paisaje urbano,espectaculos,"cultura, teatro y danza",andalucia,huelva,32130.0,119.0,4.23,4.11,9984,True
1693,ES,01,23,2024,2,paisaje urbano,espectaculos,"cultura, teatro y danza",andalucia,jaen,34958.0,1106.0,4.3,4.33,16236,True
1694,ES,01,29,2024,2,paisaje urbano,espectaculos,"cultura, teatro y danza",andalucia,malaga,37489.4,701.6,4.43,4.43,158253,True
1695,ES,01,41,2024,2,paisaje urbano,espectaculos,"cultura, teatro y danza",andalucia,sevilla,3941172.5,2144.5,4.41,4.34,218279,True
1696,ES,02,22,2024,2,paisaje urbano,espectaculos,"cultura, teatro y danza",aragon,huesca,214064.0,787.0,4.12,4.25,10916,True
1697,ES,02,50,2024,2,paisaje urbano,espectaculos,"cultura, teatro y danza",aragon,zaragoza,397729.5,833.25,4.34,4.21,41352,True
1698,ES,05,35,2024,2,paisaje urbano,espectaculos,"cultura, teatro y danza",canarias,las palmas,448856.29,757.43,4.27,4.28,51395,True
1699,ES,05,38,2024,2,paisaje urbano,espectaculos,"cultura, teatro y danza",canarias,santa cruz de tenerife,233196.8,1234.6,4.28,4.26,66584,True
1700,ES,06,39,2024,2,paisaje urbano,espectaculos,"cultura, teatro y danza",cantabria,cantabria,78812.0,122.0,4.28,4.27,27507,True
1701,ES,08,02,2024,2,paisaje urbano,espectaculos,"cultura, teatro y danza",castilla - la mancha,albacete,3569692.0,1058.0,4.09,4.15,3663,True
1702,ES,08,13,2024,2,paisaje urbano,espectaculos,"cultura, teatro y danza",castilla - la mancha,ciudad real,1155.0,165.0,4.33,4.29,7266,True
1703,ES,08,16,2024,2,paisaje urbano,espectaculos,"cultura, teatro y danza",castilla - la mancha,cuenca,50730.5,854.5,4.27,4.19,13771,True
1704,ES,08,45,2024,2,paisaje urbano,espectaculos,"cultura, teatro y danza",castilla - la mancha,toledo,173011.5,467.0,4.19,4.18,55769,True
1705,ES,07,37,2024,2,paisaje urbano,espectaculos,"cultura, teatro y danza",castilla y leon,salamanca,142617.33,610.67,4.24,4.17,31972,True
1706,ES,07,40,2024,2,paisaje urbano,espectaculos,"cultura, teatro y danza",castilla y leon,segovia,19800.0,550.0,4.12,4.07,27928,True
1707,ES,07,47,2024,2,paisaje urbano,espectaculos,"cultura, teatro y danza",castilla y leon,valladolid,17111.25,232.25,4.14,4.06,13695,True
1708,ES,07,49,2024,2,paisaje urbano,espectaculos,"cultura, teatro y danza",castilla y leon,zamora,92397.0,4863.0,4.19,4.17,5872,True
1709,ES,09,08,2024,2,paisaje urbano,espectaculos,"cultura, teatro y danza",cataluna,barcelona,480561.94,600.44,4.07,4.05,732080,True
1710,ES,09,17,2024,2,paisaje urbano,espectaculos,"cultura, teatro y danza",cataluna,girona,14807.0,954.6,4.24,4.24,50915,True
1711,ES,09,25,2024,2,paisaje urbano,espectaculos,"cultura, teatro y danza",cataluna,lleida,300.0,150.0,4.29,4.27,7171,True
1712,ES,09,43,2024,2,paisaje urbano,espectaculos,"cultura, teatro y danza",cataluna,tarragona,12995.5,589.5,4.23,4.2,53439,True
1713,ES,13,28,2024,2,paisaje urbano,espectaculos,"cultura, teatro y danza",comunidad de madrid,madrid,188492.11,754.33,4.15,4.1,458466,True
1714,ES,15,31,2024,2,paisaje urbano,espectaculos,"cultura, teatro y danza",comunidad foral de navarra,navarra,8268.0,106.0,4.25,4.23,19680,True
1715,ES,10,03,2024,2,paisaje urbano,espectaculos,"cultura, teatro y danza",comunitat valenciana,alicante/alacant,122967.43,1453.43,4.28,4.28,67888,True
1716,ES,10,12,2024,2,paisaje urbano,espectaculos,"cultura, teatro y danza",comunitat valenciana,castellon/castello,17966.0,691.0,4.14,4.2,13212,True
1717,ES,10,46,2024,2,paisaje urbano,espectaculos,"cultura, teatro y danza",comunitat valenciana,valencia/valencia,969408.75,1012.75,4.25,4.15,114505,True
1718,ES,11,06,2024,2,paisaje urbano,espectaculos,"cultura, teatro y danza",extremadura,badajoz,12140.75,238.25,4.26,4.29,18348,True
1719,ES,11,10,2024,2,paisaje urbano,espectaculos,"cultura, teatro y danza",extremadura,caceres,308931.0,928.5,4.31,4.33,23514,True
1720,ES,12,15,2024,2,paisaje urbano,espectaculos,"cultura, teatro y danza",galicia,a coruna,250046.0,986.5,4.26,4.21,50198,True
1721,ES,12,27,2024,2,paisaje urbano,espectaculos,"cultura, teatro y danza",galicia,lugo,17424.0,176.0,4.33,4.28,8872,True
1722,ES,12,36,2024,2,paisaje urbano,espectaculos,"cultura, teatro y danza",galicia,pontevedra,101326.0,370.67,4.07,4.17,15892,True
1723,ES,04,07,2024,2,paisaje urbano,espectaculos,"cultura, teatro y danza",illes balears,illes balears,95377.75,776.69,4.21,4.33,107418,True
1724,ES,17,26,2024,2,paisaje urbano,espectaculos,"cultura, teatro y danza",la rioja,la rioja,157920.0,235.0,4.29,4.31,11493,True
1725,ES,16,01,2024,2,paisaje urbano,espectaculos,"cultura, teatro y danza",pais vasco,araba/alava,5917.0,478.75,4.46,4.41,7811,True
1726,ES,16,48,2024,2,paisaje urbano,espectaculos,"cultura, teatro y danza",pais vasco,bizkaia,225231.67,1156.0,4.38,4.31,56425,True
1727,ES,16,20,2024,2,paisaje urbano,espectaculos,"cultura, teatro y danza",pais vasco,gipuzkoa,65470.0,745.0,4.43,4.41,26949,True
1728,ES,03,33,2024,2,paisaje urbano,espectaculos,"cultura, teatro y danza",principado de asturias,asturias,29407.0,593.5,4.37,4.35,40762,True
1729,ES,14,30,2024,2,paisaje urbano,espectaculos,"cultura, teatro y danza",region de murcia,murcia,92961.5,714.5,4.32,4.2,9308,True
1730,ES,07,37,2024,2,compras,espectaculos,ferias,castilla y leon,salamanca,35328.0,1536.0,4.47,4.17,470,True
1731,ES,07,47,2024,2,compras,espectaculos,ferias,castilla y leon,valladolid,525.0,525.0,4.08,4.06,485,True
1732,ES,13,28,2024,2,compras,espectaculos,ferias,comunidad de madrid,madrid,775047.0,2171.0,3.83,4.1,89796,True
1733,ES,10,03,2024,2,compras,espectaculos,ferias,comunitat valenciana,alicante/alacant,14768.0,923.0,4.22,4.28,12577,True
1734,ES,04,07,2024,2,compras,espectaculos,ferias,illes balears,illes balears,1250.0,250.0,4.17,4.33,22175,True
1735,ES,16,48,2024,2,compras,espectaculos,ferias,pais vasco,bizkaia,3150.0,50.0,3.8,4.31,694,True
1736,ES,01,41,2024,2,paisaje urbano,espectaculos,museo y exposiciones,andalucia,sevilla,3315.0,130.0,4.41,4.34,218279,True
1737,ES,02,50,2024,2,paisaje urbano,espectaculos,museo y exposiciones,aragon,zaragoza,2600.0,260.0,4.34,4.21,41352,True
1738,ES,08,45,2024,2,paisaje urbano,espectaculos,museo y exposiciones,castilla - la mancha,toledo,96726.0,658.0,4.19,4.18,55769,True
1739,ES,09,08,2024,2,paisaje urbano,espectaculos,museo y exposiciones,cataluna,barcelona,81902.0,1321.0,4.07,4.05,732080,True
1740,ES,09,43,2024,2,paisaje urbano,espectaculos,museo y exposiciones,cataluna,tarragona,7182.0,2052.0,4.23,4.2,53439,True
1741,ES,10,46,2024,2,paisaje urbano,espectaculos,museo y exposiciones,comunitat valenciana,valencia/valencia,12653.0,643.0,4.25,4.15,114505,True
1742,ES,12,36,2024,2,paisaje urbano,espectaculos,museo y exposiciones,galicia,pontevedra,840.0,105.0,4.07,4.17,15892,True
1743,ES,04,07,2024,2,paisaje urbano,espectaculos,museo y exposiciones,illes balears,illes balears,3625.0,725.0,4.21,4.33,107418,True
1744,ES,16,48,2024,2,paisaje urbano,espectaculos,museo y exposiciones,pais vasco,bizkaia,271268.0,929.0,4.38,4.31,56425,True
1745,ES,01,04,2024,2,vida nocturna,espectaculos,musica,andalucia,almeria,577378.0,2097.4,3.72,4.19,5362,True
1746,ES,01,11,2024,2,vida nocturna,espectaculos,musica,andalucia,cadiz,294535.4,944.8,4.08,4.26,2343,True
1747,ES,01,14,2024,2,vida nocturna,espectaculos,musica,andalucia,cordoba,287208.0,786.0,4.3,4.29,1908,True
1748,ES,01,18,2024,2,vida nocturna,espectaculos,musica,andalucia,granada,418122.43,1275.86,3.92,4.37,10900,True
1749,ES,01,21,2024,2,vida nocturna,espectaculos,musica,andalucia,huelva,4464.0,558.0,4.03,4.11,1623,True
1750,ES,01,23,2024,2,vida nocturna,espectaculos,musica,andalucia,jaen,99871.57,881.43,4.0,4.33,992,True
1751,ES,01,29,2024,2,vida nocturna,espectaculos,musica,andalucia,malaga,197546.0,1384.8,4.3,4.43,56036,True
1752,ES,01,41,2024,2,vida nocturna,espectaculos,musica,andalucia,sevilla,634174.38,1412.62,4.05,4.34,39053,True
1753,ES,02,22,2024,2,vida nocturna,espectaculos,musica,aragon,huesca,306242.0,1036.0,3.85,4.25,1293,True
1754,ES,02,44,2024,2,vida nocturna,espectaculos,musica,aragon,teruel,253102.5,1198.0,4.35,4.28,950,True
1755,ES,02,50,2024,2,vida nocturna,espectaculos,musica,aragon,zaragoza,720544.0,1424.0,3.75,4.21,1614,True
1756,ES,05,35,2024,2,vida nocturna,espectaculos,musica,canarias,las palmas,975543.2,1768.2,4.24,4.28,129544,True
1757,ES,05,38,2024,2,vida nocturna,espectaculos,musica,canarias,santa cruz de tenerife,244359.62,1250.25,4.06,4.26,62671,True
1758,ES,06,39,2024,2,vida nocturna,espectaculos,musica,cantabria,cantabria,159711.33,941.0,4.02,4.27,5819,True
1759,ES,08,02,2024,2,vida nocturna,espectaculos,musica,castilla - la mancha,albacete,202067.33,1735.33,4.21,4.15,573,True
1760,ES,08,13,2024,2,vida nocturna,espectaculos,musica,castilla - la mancha,ciudad real,94590.5,1175.5,4.17,4.29,385,True
1761,ES,08,16,2024,2,vida nocturna,espectaculos,musica,castilla - la mancha,cuenca,389659.0,1182.0,3.91,4.19,760,True
1762,ES,08,19,2024,2,vida nocturna,espectaculos,musica,castilla - la mancha,guadalajara,212316.0,1361.0,3.23,4.04,447,True
1763,ES,08,45,2024,2,vida nocturna,espectaculos,musica,castilla - la mancha,toledo,109189.4,2615.8,3.99,4.18,434,True
1764,ES,07,05,2024,2,vida nocturna,espectaculos,musica,castilla y leon,avila,32351.0,1004.0,4.04,4.23,397,True
1765,ES,07,09,2024,2,vida nocturna,espectaculos,musica,castilla y leon,burgos,208376.0,1708.0,3.95,4.28,970,True
1766,ES,07,24,2024,2,vida nocturna,espectaculos,musica,castilla y leon,leon,240627.0,1145.0,3.97,4.21,1480,True
1767,ES,07,34,2024,2,vida nocturna,espectaculos,musica,castilla y leon,palencia,89828.0,1321.0,4.23,4.35,379,True
1768,ES,07,37,2024,2,vida nocturna,espectaculos,musica,castilla y leon,salamanca,627792.0,1276.0,3.66,4.17,3701,True
1769,ES,07,40,2024,2,vida nocturna,espectaculos,musica,castilla y leon,segovia,38506.0,1748.0,3.91,4.07,263,True
1770,ES,07,42,2024,2,vida nocturna,espectaculos,musica,castilla y leon,soria,120737.0,978.0,4.2,3.97,154,True
1771,ES,07,47,2024,2,vida nocturna,espectaculos,musica,castilla y leon,valladolid,52743.25,890.25,4.01,4.06,1293,True
1772,ES,07,49,2024,2,vida nocturna,espectaculos,musica,castilla y leon,zamora,326584.0,1163.0,4.27,4.17,462,True
1773,ES,09,08,2024,2,vida nocturna,espectaculos,musica,cataluna,barcelona,1072096.4,1194.14,3.95,4.05,119743,True
1774,ES,09,17,2024,2,vida nocturna,espectaculos,musica,cataluna,girona,93181.45,1327.0,3.8,4.24,12856,True
1775,ES,09,25,2024,2,vida nocturna,espectaculos,musica,cataluna,lleida,203858.75,1217.0,3.84,4.27,1184,True
1776,ES,09,43,2024,2,vida nocturna,espectaculos,musica,cataluna,tarragona,303814.0,1352.5,4.1,4.2,22730,True
1777,ES,13,28,2024,2,vida nocturna,espectaculos,musica,comunidad de madrid,madrid,2183308.44,1013.67,3.85,4.1,100430,True
1778,ES,15,31,2024,2,vida nocturna,espectaculos,musica,comunidad foral de navarra,navarra,1962870.14,2646.86,3.72,4.23,2565,True
1779,ES,10,03,2024,2,vida nocturna,espectaculos,musica,comunitat valenciana,alicante/alacant,341132.47,1446.35,4.03,4.28,84389,True
1780,ES,10,12,2024,2,vida nocturna,espectaculos,musica,comunitat valenciana,castellon/castello,308686.5,1297.5,3.88,4.2,2406,True
1781,ES,10,46,2024,2,vida nocturna,espectaculos,musica,comunitat valenciana,valencia/valencia,536110.54,1285.92,3.72,4.15,9307,True
1782,ES,11,06,2024,2,vida nocturna,espectaculos,musica,extremadura,badajoz,135971.5,1084.5,4.31,4.29,2109,True
1783,ES,11,10,2024,2,vida nocturna,espectaculos,musica,extremadura,caceres,69443.5,1101.0,3.95,4.33,1377,True
1784,ES,12,15,2024,2,vida nocturna,espectaculos,musica,galicia,a coruna,401059.86,1099.29,3.74,4.21,5653,True
1785,ES,12,27,2024,2,vida nocturna,espectaculos,musica,galicia,lugo,14697.5,829.5,4.18,4.28,502,True
1786,ES,12,32,2024,2,vida nocturna,espectaculos,musica,galicia,ourense,155052.0,1062.0,3.7,4.15,660,True
1787,ES,12,36,2024,2,vida nocturna,espectaculos,musica,galicia,pontevedra,39110.0,413.0,4.0,4.17,3092,True
1788,ES,04,07,2024,2,vida nocturna,espectaculos,musica,illes balears,illes balears,1037851.93,1377.7,4.12,4.33,122452,True
1789,ES,17,26,2024,2,vida nocturna,espectaculos,musica,la rioja,la rioja,141028.0,1250.75,3.69,4.31,1866,True
1790,ES,16,01,2024,2,vida nocturna,espectaculos,musica,pais vasco,araba/alava,43709.0,487.5,3.82,4.41,1138,True
1791,ES,16,48,2024,2,vida nocturna,espectaculos,musica,pais vasco,bizkaia,93954.33,801.56,4.21,4.31,5615,True
1792,ES,16,20,2024,2,vida nocturna,espectaculos,musica,pais vasco,gipuzkoa,224365.75,968.12,4.14,4.41,5503,True
1793,ES,03,33,2024,2,vida nocturna,espectaculos,musica,principado de asturias,asturias,239856.29,844.29,4.18,4.35,9626,True
1794,ES,14,30,2024,2,vida nocturna,espectaculos,musica,region de murcia,murcia,701696.8,1347.2,3.62,4.2,1488,True
1795,ES,01,04,2024,2,vida nocturna,espectaculos,musicales,andalucia,almeria,58087.0,967.5,3.72,4.19,5362,True
1796,ES,01,11,2024,2,vida nocturna,espectaculos,musicales,andalucia,cadiz,461402.0,1642.0,4.08,4.26,2343,True
1797,ES,01,14,2024,2,vida nocturna,espectaculos,musicales,andalucia,cordoba,3173.5,572.0,4.3,4.29,1908,True
1798,ES,01,18,2024,2,vida nocturna,espectaculos,musicales,andalucia,granada,1740.0,258.0,3.92,4.37,10900,True
1799,ES,01,29,2024,2,vida nocturna,espectaculos,musicales,andalucia,malaga,7792.33,352.33,4.3,4.43,56036,True
1800,ES,02,50,2024,2,vida nocturna,espectaculos,musicales,aragon,zaragoza,462941.0,1013.0,3.75,4.21,1614,True
1801,ES,05,35,2024,2,vida nocturna,espectaculos,musicales,canarias,las palmas,8112.0,118.0,4.24,4.28,129544,True
1802,ES,05,38,2024,2,vida nocturna,espectaculos,musicales,canarias,santa cruz de tenerife,47413.0,469.0,4.06,4.26,62671,True
1803,ES,08,02,2024,2,vida nocturna,espectaculos,musicales,castilla - la mancha,albacete,548418.0,178.0,4.21,4.15,573,True
1804,ES,07,37,2024,2,vida nocturna,espectaculos,musicales,castilla y leon,salamanca,445836.0,2103.0,3.66,4.17,3701,True
1805,ES,07,47,2024,2,vida nocturna,espectaculos,musicales,castilla y leon,valladolid,6721.0,260.0,4.01,4.06,1293,True
1806,ES,09,08,2024,2,vida nocturna,espectaculos,musicales,cataluna,barcelona,84226.2,883.6,3.95,4.05,119743,True
1807,ES,09,43,2024,2,vida nocturna,espectaculos,musicales,cataluna,tarragona,44154.0,198.0,4.1,4.2,22730,True
1808,ES,13,28,2024,2,vida nocturna,espectaculos,musicales,comunidad de madrid,madrid,76479.29,646.57,3.85,4.1,100430,True
1809,ES,10,03,2024,2,vida nocturna,espectaculos,musicales,comunitat valenciana,alicante/alacant,98153.0,959.0,4.03,4.28,84389,True
1810,ES,10,46,2024,2,vida nocturna,espectaculos,musicales,comunitat valenciana,valencia/valencia,1093492.0,922.0,3.72,4.15,9307,True
1811,ES,11,06,2024,2,vida nocturna,espectaculos,musicales,extremadura,badajoz,30528.0,192.0,4.31,4.29,2109,True
1812,ES,11,10,2024,2,vida nocturna,espectaculos,musicales,extremadura,caceres,356664.0,1149.5,3.95,4.33,1377,True
1813,ES,12,27,2024,2,vida nocturna,espectaculos,musicales,galicia,lugo,17424.0,176.0,4.18,4.28,502,True
1814,ES,12,36,2024,2,vida nocturna,espectaculos,musicales,galicia,pontevedra,12096.0,432.0,4.0,4.17,3092,True
1815,ES,04,07,2024,2,vida nocturna,espectaculos,musicales,illes balears,illes balears,71296.5,907.0,4.12,4.33,122452,True
1816,ES,14,30,2024,2,vida nocturna,espectaculos,musicales,region de murcia,murcia,74853.5,1107.0,3.62,4.2,1488,True
1817,ES,01,04,2024,3,paisaje naturaleza,actividades,actividades infantiles,andalucia,almeria,1040.0,260.0,4.32,4.19,23376,True
1818,ES,01,11,2024,3,paisaje naturaleza,actividades,actividades infantiles,andalucia,cadiz,205838.5,1050.5,4.27,4.26,12350,True
1819,ES,01,14,2024,3,paisaje naturaleza,actividades,actividades infantiles,andalucia,cordoba,154845.0,999.0,4.32,4.29,3767,True
1820,ES,01,18,2024,3,paisaje naturaleza,actividades,actividades infantiles,andalucia,granada,370622.0,2111.0,4.52,4.37,18492,True
1821,ES,01,23,2024,3,paisaje naturaleza,actividades,actividades infantiles,andalucia,jaen,1602.0,2043.0,4.44,4.33,4366,True
1822,ES,01,29,2024,3,paisaje naturaleza,actividades,actividades infantiles,andalucia,malaga,62594.2,1062.4,4.44,4.43,109648,True
1823,ES,01,41,2024,3,paisaje naturaleza,actividades,actividades infantiles,andalucia,sevilla,12622.0,1427.5,4.47,4.34,21476,True
1824,ES,02,44,2024,3,paisaje naturaleza,actividades,actividades infantiles,aragon,teruel,2120.0,40.0,4.32,4.28,3578,True
1825,ES,02,50,2024,3,paisaje naturaleza,actividades,actividades infantiles,aragon,zaragoza,225510.0,310.0,4.36,4.21,5888,True
1826,ES,05,35,2024,3,paisaje naturaleza,actividades,actividades infantiles,canarias,las palmas,26032.2,177.4,4.34,4.28,200378,True
1827,ES,05,38,2024,3,paisaje naturaleza,actividades,actividades infantiles,canarias,santa cruz de tenerife,22348.0,302.0,4.31,4.26,190067,True
1828,ES,06,39,2024,3,paisaje naturaleza,actividades,actividades infantiles,cantabria,cantabria,37833.0,476.5,4.36,4.27,37946,True
1829,ES,08,02,2024,3,paisaje naturaleza,actividades,actividades infantiles,castilla - la mancha,albacete,24992.0,176.0,4.38,4.15,3169,True
1830,ES,08,19,2024,3,paisaje naturaleza,actividades,actividades infantiles,castilla - la mancha,guadalajara,27506.0,809.0,4.19,4.04,1303,True
1831,ES,08,45,2024,3,paisaje naturaleza,actividades,actividades infantiles,castilla - la mancha,toledo,54187.5,487.5,4.16,4.18,1715,True
1832,ES,07,24,2024,3,paisaje naturaleza,actividades,actividades infantiles,castilla y leon,leon,924.0,924.0,4.52,4.21,4506,True
1833,ES,07,37,2024,3,paisaje naturaleza,actividades,actividades infantiles,castilla y leon,salamanca,183676.0,1954.0,4.39,4.17,3319,True
1834,ES,07,47,2024,3,paisaje naturaleza,actividades,actividades infantiles,castilla y leon,valladolid,28133.67,671.67,4.18,4.06,8696,True
1835,ES,07,49,2024,3,paisaje naturaleza,actividades,actividades infantiles,castilla y leon,zamora,52503.0,2838.0,4.38,4.17,2116,True
1836,ES,09,08,2024,3,paisaje naturaleza,actividades,actividades infantiles,cataluna,barcelona,286207.73,953.09,4.13,4.05,200444,True
1837,ES,09,17,2024,3,paisaje naturaleza,actividades,actividades infantiles,cataluna,girona,134368.5,1187.5,4.38,4.24,61683,True
1838,ES,09,25,2024,3,paisaje naturaleza,actividades,actividades infantiles,cataluna,lleida,58986.0,2034.0,4.38,4.27,9898,True
1839,ES,09,43,2024,3,paisaje naturaleza,actividades,actividades infantiles,cataluna,tarragona,36549.75,1134.5,4.26,4.2,33701,True
1840,ES,13,28,2024,3,paisaje naturaleza,actividades,actividades infantiles,comunidad de madrid,madrid,140622.62,890.25,4.19,4.1,121795,True
1841,ES,15,31,2024,3,paisaje naturaleza,actividades,actividades infantiles,comunidad foral de navarra,navarra,548060.5,2306.0,4.33,4.23,7007,True
1842,ES,10,03,2024,3,paisaje naturaleza,actividades,actividades infantiles,comunitat valenciana,alicante/alacant,1195.0,75.0,4.36,4.28,82424,True
1843,ES,10,12,2024,3,paisaje naturaleza,actividades,actividades infantiles,comunitat valenciana,castellon/castello,1680.0,120.0,4.22,4.2,6934,True
1844,ES,10,46,2024,3,paisaje naturaleza,actividades,actividades infantiles,comunitat valenciana,valencia/valencia,1553916.0,871.0,4.23,4.15,90776,True
1845,ES,11,06,2024,3,paisaje naturaleza,actividades,actividades infantiles,extremadura,badajoz,23408.0,176.0,4.4,4.29,1116,True
1846,ES,11,10,2024,3,paisaje naturaleza,actividades,actividades infantiles,extremadura,caceres,30294.0,170.5,4.5,4.33,5814,True
1847,ES,12,15,2024,3,paisaje naturaleza,actividades,actividades infantiles,galicia,a coruna,53056.0,389.0,4.39,4.21,18974,True
1848,ES,12,27,2024,3,paisaje naturaleza,actividades,actividades infantiles,galicia,lugo,8800.0,176.0,4.57,4.28,8089,True
1849,ES,04,07,2024,3,paisaje naturaleza,actividades,actividades infantiles,illes balears,illes balears,793533.1,1035.1,4.42,4.33,203636,True
1850,ES,16,01,2024,3,paisaje naturaleza,actividades,actividades infantiles,pais vasco,araba/alava,156121.0,612.5,4.66,4.41,11468,True
1851,ES,16,48,2024,3,paisaje naturaleza,actividades,actividades infantiles,pais vasco,bizkaia,151155.0,3459.5,4.38,4.31,7925,True
1852,ES,16,20,2024,3,paisaje naturaleza,actividades,actividades infantiles,pais vasco,gipuzkoa,4156.0,314.0,4.61,4.41,26976,True
1853,ES,03,33,2024,3,paisaje naturaleza,actividades,actividades infantiles,principado de asturias,asturias,57591.0,711.0,4.42,4.35,44006,True
1854,ES,14,30,2024,3,paisaje naturaleza,actividades,actividades infantiles,region de murcia,murcia,7274.0,771.33,4.4,4.2,2633,True
1855,ES,01,11,2024,3,servicios,actividades,cursos,andalucia,cadiz,1365.0,195.0,4.74,4.26,39,True
1856,ES,01,18,2024,3,servicios,actividades,cursos,andalucia,granada,1430.0,130.0,4.47,4.37,1868,True
1857,ES,01,23,2024,3,servicios,actividades,cursos,andalucia,jaen,1962.0,981.0,4.34,4.33,84,True
1858,ES,01,29,2024,3,servicios,actividades,cursos,andalucia,malaga,1102029.0,12667.0,4.62,4.43,51898,True
1859,ES,01,41,2024,3,servicios,actividades,cursos,andalucia,sevilla,245772.0,6827.0,4.06,4.34,4859,True
1860,ES,05,35,2024,3,servicios,actividades,cursos,canarias,las palmas,3400.0,680.0,3.72,4.28,2863,True
1861,ES,05,38,2024,3,servicios,actividades,cursos,canarias,santa cruz de tenerife,4796.0,2398.0,3.86,4.26,3753,True
1862,ES,09,08,2024,3,servicios,actividades,cursos,cataluna,barcelona,199000.4,5138.0,4.03,4.05,159935,True
1863,ES,09,17,2024,3,servicios,actividades,cursos,cataluna,girona,56284.0,2434.5,3.82,4.24,1146,True
1864,ES,09,43,2024,3,servicios,actividades,cursos,cataluna,tarragona,3360.0,626.0,3.44,4.2,9269,True
1865,ES,13,28,2024,3,servicios,actividades,cursos,comunidad de madrid,madrid,2575054.67,6317.0,3.92,4.1,42370,True
1866,ES,10,03,2024,3,servicios,actividades,cursos,comunitat valenciana,alicante/alacant,11305.0,770.0,3.73,4.28,29657,True
1867,ES,10,46,2024,3,servicios,actividades,cursos,comunitat valenciana,valencia/valencia,68400.0,3600.0,4.56,4.15,7124,True
1868,ES,12,27,2024,3,servicios,actividades,cursos,galicia,lugo,6188.0,1547.0,4.19,4.28,560,True
1869,ES,04,07,2024,3,servicios,actividades,cursos,illes balears,illes balears,110782.0,3298.2,4.23,4.33,46354,True
1870,ES,16,48,2024,3,servicios,actividades,cursos,pais vasco,bizkaia,76035.0,3810.75,4.03,4.31,13509,True
1871,ES,16,20,2024,3,servicios,actividades,cursos,pais vasco,gipuzkoa,750.0,750.0,3.84,4.41,140,True
1872,ES,14,30,2024,3,servicios,actividades,cursos,region de murcia,murcia,22875.0,2055.0,2.83,4.2,6,True
1873,ES,01,29,2024,3,paisaje naturaleza,actividades,deportes y aventuras,andalucia,malaga,59551.5,2248.0,4.44,4.43,109648,True
1874,ES,01,41,2024,3,paisaje naturaleza,actividades,deportes y aventuras,andalucia,sevilla,29568.0,528.0,4.47,4.34,21476,True
1875,ES,02,50,2024,3,paisaje naturaleza,actividades,deportes y aventuras,aragon,zaragoza,36697.5,1255.5,4.36,4.21,5888,True
1876,ES,05,35,2024,3,paisaje naturaleza,actividades,deportes y aventuras,canarias,las palmas,5098.0,372.0,4.34,4.28,200378,True
1877,ES,05,38,2024,3,paisaje naturaleza,actividades,deportes y aventuras,canarias,santa cruz de tenerife,3010.0,70.0,4.31,4.26,190067,True
1878,ES,09,08,2024,3,paisaje naturaleza,actividades,deportes y aventuras,cataluna,barcelona,571537.0,1555.33,4.13,4.05,200444,True
1879,ES,13,28,2024,3,paisaje naturaleza,actividades,deportes y aventuras,comunidad de madrid,madrid,34874.0,388.25,4.19,4.1,121795,True
1880,ES,15,31,2024,3,paisaje naturaleza,actividades,deportes y aventuras,comunidad foral de navarra,navarra,239736.0,4281.0,4.33,4.23,7007,True
1881,ES,10,03,2024,3,paisaje naturaleza,actividades,deportes y aventuras,comunitat valenciana,alicante/alacant,2667.0,2667.0,4.36,4.28,82424,True
1882,ES,10,46,2024,3,paisaje naturaleza,actividades,deportes y aventuras,comunitat valenciana,valencia/valencia,900.0,100.0,4.23,4.15,90776,True
1883,ES,11,06,2024,3,paisaje naturaleza,actividades,deportes y aventuras,extremadura,badajoz,27114.67,857.33,4.4,4.29,1116,True
1884,ES,11,10,2024,3,paisaje naturaleza,actividades,deportes y aventuras,extremadura,caceres,17604.0,1304.0,4.5,4.33,5814,True
1885,ES,12,15,2024,3,paisaje naturaleza,actividades,deportes y aventuras,galicia,a coruna,97485.0,1005.0,4.39,4.21,18974,True
1886,ES,04,07,2024,3,paisaje naturaleza,actividades,deportes y aventuras,illes balears,illes balears,145577.0,2717.0,4.42,4.33,203636,True
1887,ES,16,01,2024,3,paisaje naturaleza,actividades,deportes y aventuras,pais vasco,araba/alava,3468.0,515.5,4.66,4.41,11468,True
1888,ES,16,48,2024,3,paisaje naturaleza,actividades,deportes y aventuras,pais vasco,bizkaia,386712.67,518.0,4.38,4.31,7925,True
1889,ES,14,30,2024,3,paisaje naturaleza,actividades,deportes y aventuras,region de murcia,murcia,1395.0,155.0,4.4,4.2,2633,True
1890,ES,01,23,2024,3,comida y bebida,actividades,gastronomia,andalucia,jaen,500.0,250.0,5.0,4.33,9,True
1891,ES,01,29,2024,3,comida y bebida,actividades,gastronomia,andalucia,malaga,26028.0,1446.0,4.84,4.43,1395,True
1892,ES,01,41,2024,3,comida y bebida,actividades,gastronomia,andalucia,sevilla,17730.0,713.0,4.76,4.34,8170,True
1893,ES,05,35,2024,3,comida y bebida,actividades,gastronomia,canarias,las palmas,3250.0,390.0,3.71,4.28,443,True
1894,ES,08,02,2024,3,comida y bebida,actividades,gastronomia,castilla - la mancha,albacete,9527.5,656.5,4.88,4.15,33,True
1895,ES,07,37,2024,3,comida y bebida,actividades,gastronomia,castilla y leon,salamanca,14053.0,1495.0,4.84,4.17,54,True
1896,ES,09,08,2024,3,comida y bebida,actividades,gastronomia,cataluna,barcelona,184362.0,1856.25,4.67,4.05,3911,True
1897,ES,09,43,2024,3,comida y bebida,actividades,gastronomia,cataluna,tarragona,20419.5,1155.0,4.67,4.2,481,True
1898,ES,13,28,2024,3,comida y bebida,actividades,gastronomia,comunidad de madrid,madrid,13538.0,1934.0,4.71,4.1,5856,True
1899,ES,10,03,2024,3,comida y bebida,actividades,gastronomia,comunitat valenciana,alicante/alacant,55144.5,758.5,4.52,4.28,760,True
1900,ES,11,10,2024,3,comida y bebida,actividades,gastronomia,extremadura,caceres,648.0,162.0,4.5,4.33,6,True
1901,ES,04,07,2024,3,comida y bebida,actividades,gastronomia,illes balears,illes balears,243699.0,1704.33,4.86,4.33,2196,True
1902,ES,16,01,2024,3,comida y bebida,actividades,gastronomia,pais vasco,araba/alava,810.0,30.0,4.37,4.41,303,True
1903,ES,02,22,2024,3,vida nocturna,espectaculos,cine,aragon,huesca,59325.33,909.67,3.85,4.25,1293,True
1904,ES,02,50,2024,3,vida nocturna,espectaculos,cine,aragon,zaragoza,28371.0,579.0,3.75,4.21,1614,True
1905,ES,08,02,2024,3,vida nocturna,espectaculos,cine,castilla - la mancha,albacete,648.0,27.0,4.21,4.15,573,True
1906,ES,09,08,2024,3,vida nocturna,espectaculos,cine,cataluna,barcelona,108485.67,479.33,3.95,4.05,119743,True
1907,ES,09,17,2024,3,vida nocturna,espectaculos,cine,cataluna,girona,360.0,45.0,3.8,4.24,12856,True
1908,ES,09,25,2024,3,vida nocturna,espectaculos,cine,cataluna,lleida,21593.0,143.0,3.84,4.27,1184,True
1909,ES,13,28,2024,3,vida nocturna,espectaculos,cine,comunidad de madrid,madrid,266228.0,1178.0,3.85,4.1,100430,True
1910,ES,10,03,2024,3,vida nocturna,espectaculos,cine,comunitat valenciana,alicante/alacant,454532.0,1054.25,4.03,4.28,84389,True
1911,ES,04,07,2024,3,vida nocturna,espectaculos,cine,illes balears,illes balears,1789.0,337.0,4.12,4.33,122452,True
1912,ES,16,20,2024,3,vida nocturna,espectaculos,cine,pais vasco,gipuzkoa,25871.5,373.75,4.14,4.41,5503,True
1913,ES,14,30,2024,3,vida nocturna,espectaculos,cine,region de murcia,murcia,347578.0,671.0,3.62,4.2,1488,True
1914,ES,01,14,2024,3,otros,espectaculos,conferencias,andalucia,cordoba,8600.0,100.0,4.46,4.29,478,True
1915,ES,01,29,2024,3,otros,espectaculos,conferencias,andalucia,malaga,548158.0,1454.0,4.25,4.43,1156,True
1916,ES,02,50,2024,3,otros,espectaculos,conferencias,aragon,zaragoza,26016.0,813.0,3.75,4.21,158,True
1917,ES,05,35,2024,3,otros,espectaculos,conferencias,canarias,las palmas,6240.0,160.0,4.32,4.28,176,True
1918,ES,07,37,2024,3,otros,espectaculos,conferencias,castilla y leon,salamanca,5643.0,1254.0,4.17,4.17,760,True
1919,ES,07,47,2024,3,otros,espectaculos,conferencias,castilla y leon,valladolid,2625.0,525.0,4.45,4.06,83,True
1920,ES,09,08,2024,3,otros,espectaculos,conferencias,cataluna,barcelona,4950.0,190.0,3.9,4.05,2019,True
1921,ES,09,43,2024,3,otros,espectaculos,conferencias,cataluna,tarragona,92399.0,2106.5,4.01,4.2,1769,True
1922,ES,13,28,2024,3,otros,espectaculos,conferencias,comunidad de madrid,madrid,7530.0,6275.0,3.97,4.1,1624,True
1923,ES,10,46,2024,3,otros,espectaculos,conferencias,comunitat valenciana,valencia/valencia,114308.5,851.5,4.49,4.15,621,True
1924,ES,04,07,2024,3,otros,espectaculos,conferencias,illes balears,illes balears,283435.0,1706.33,4.21,4.33,296,True
1925,ES,16,48,2024,3,otros,espectaculos,conferencias,pais vasco,bizkaia,93996.0,2238.0,4.87,4.31,794,True
1926,ES,03,33,2024,3,otros,espectaculos,conferencias,principado de asturias,asturias,27076.0,6769.0,4.4,4.35,92,True
1927,ES,01,04,2024,3,paisaje urbano,espectaculos,"cultura, teatro y danza",andalucia,almeria,180097.67,1137.67,4.25,4.19,14318,True
1928,ES,01,11,2024,3,paisaje urbano,espectaculos,"cultura, teatro y danza",andalucia,cadiz,127365.75,1713.25,4.35,4.26,8809,True
1929,ES,01,14,2024,3,paisaje urbano,espectaculos,"cultura, teatro y danza",andalucia,cordoba,310470.5,1262.5,4.3,4.29,93962,True
1930,ES,01,18,2024,3,paisaje urbano,espectaculos,"cultura, teatro y danza",andalucia,granada,706484.0,956.0,4.35,4.37,153042,True
1931,ES,01,23,2024,3,paisaje urbano,espectaculos,"cultura, teatro y danza",andalucia,jaen,9105.0,1214.0,4.3,4.33,16236,True
1932,ES,01,29,2024,3,paisaje urbano,espectaculos,"cultura, teatro y danza",andalucia,malaga,48854.33,1411.67,4.43,4.43,158253,True
1933,ES,01,41,2024,3,paisaje urbano,espectaculos,"cultura, teatro y danza",andalucia,sevilla,193932.25,1443.5,4.41,4.34,218279,True
1934,ES,02,22,2024,3,paisaje urbano,espectaculos,"cultura, teatro y danza",aragon,huesca,1876068.0,1044.0,4.12,4.25,10916,True
1935,ES,02,44,2024,3,paisaje urbano,espectaculos,"cultura, teatro y danza",aragon,teruel,2120.0,40.0,4.27,4.28,11015,True
1936,ES,02,50,2024,3,paisaje urbano,espectaculos,"cultura, teatro y danza",aragon,zaragoza,110270.33,829.33,4.34,4.21,41352,True
1937,ES,05,35,2024,3,paisaje urbano,espectaculos,"cultura, teatro y danza",canarias,las palmas,390566.25,668.25,4.27,4.28,51395,True
1938,ES,05,38,2024,3,paisaje urbano,espectaculos,"cultura, teatro y danza",canarias,santa cruz de tenerife,334999.4,1257.6,4.28,4.26,66584,True
1939,ES,06,39,2024,3,paisaje urbano,espectaculos,"cultura, teatro y danza",cantabria,cantabria,422685.0,1395.0,4.28,4.27,27507,True
1940,ES,08,02,2024,3,paisaje urbano,espectaculos,"cultura, teatro y danza",castilla - la mancha,albacete,143577.0,1113.0,4.09,4.15,3663,True
1941,ES,08,16,2024,3,paisaje urbano,espectaculos,"cultura, teatro y danza",castilla - la mancha,cuenca,6335.0,377.0,4.27,4.19,13771,True
1942,ES,08,45,2024,3,paisaje urbano,espectaculos,"cultura, teatro y danza",castilla - la mancha,toledo,68476.0,374.25,4.19,4.18,55769,True
1943,ES,07,09,2024,3,paisaje urbano,espectaculos,"cultura, teatro y danza",castilla y leon,burgos,264.0,132.0,4.35,4.28,19776,True
1944,ES,07,34,2024,3,paisaje urbano,espectaculos,"cultura, teatro y danza",castilla y leon,palencia,720.0,120.0,4.45,4.35,4984,True
1945,ES,07,37,2024,3,paisaje urbano,espectaculos,"cultura, teatro y danza",castilla y leon,salamanca,150111.0,552.33,4.24,4.17,31972,True
1946,ES,07,47,2024,3,paisaje urbano,espectaculos,"cultura, teatro y danza",castilla y leon,valladolid,65933.67,743.83,4.14,4.06,13695,True
1947,ES,07,49,2024,3,paisaje urbano,espectaculos,"cultura, teatro y danza",castilla y leon,zamora,65996.0,4714.0,4.19,4.17,5872,True
1948,ES,09,08,2024,3,paisaje urbano,espectaculos,"cultura, teatro y danza",cataluna,barcelona,721553.48,675.05,4.07,4.05,732080,True
1949,ES,09,17,2024,3,paisaje urbano,espectaculos,"cultura, teatro y danza",cataluna,girona,8373.5,921.5,4.24,4.24,50915,True
1950,ES,09,25,2024,3,paisaje urbano,espectaculos,"cultura, teatro y danza",cataluna,lleida,65568.0,782.0,4.29,4.27,7171,True
1951,ES,09,43,2024,3,paisaje urbano,espectaculos,"cultura, teatro y danza",cataluna,tarragona,135933.75,1287.5,4.23,4.2,53439,True
1952,ES,13,28,2024,3,paisaje urbano,espectaculos,"cultura, teatro y danza",comunidad de madrid,madrid,2018677.5,665.0,4.15,4.1,458466,True
1953,ES,15,31,2024,3,paisaje urbano,espectaculos,"cultura, teatro y danza",comunidad foral de navarra,navarra,661362.0,10842.0,4.25,4.23,19680,True
1954,ES,10,03,2024,3,paisaje urbano,espectaculos,"cultura, teatro y danza",comunitat valenciana,alicante/alacant,186751.2,2133.6,4.28,4.28,67888,True
1955,ES,10,12,2024,3,paisaje urbano,espectaculos,"cultura, teatro y danza",comunitat valenciana,castellon/castello,27809.5,678.0,4.14,4.2,13212,True
1956,ES,10,46,2024,3,paisaje urbano,espectaculos,"cultura, teatro y danza",comunitat valenciana,valencia/valencia,1164024.0,812.5,4.25,4.15,114505,True
1957,ES,11,06,2024,3,paisaje urbano,espectaculos,"cultura, teatro y danza",extremadura,badajoz,16108.75,91.25,4.26,4.29,18348,True
1958,ES,11,10,2024,3,paisaje urbano,espectaculos,"cultura, teatro y danza",extremadura,caceres,298759.5,897.0,4.31,4.33,23514,True
1959,ES,12,15,2024,3,paisaje urbano,espectaculos,"cultura, teatro y danza",galicia,a coruna,81472.5,523.5,4.26,4.21,50198,True
1960,ES,12,27,2024,3,paisaje urbano,espectaculos,"cultura, teatro y danza",galicia,lugo,17653.33,839.0,4.33,4.28,8872,True
1961,ES,12,36,2024,3,paisaje urbano,espectaculos,"cultura, teatro y danza",galicia,pontevedra,172692.0,702.0,4.07,4.17,15892,True
1962,ES,04,07,2024,3,paisaje urbano,espectaculos,"cultura, teatro y danza",illes balears,illes balears,63445.89,652.78,4.21,4.33,107418,True
1963,ES,17,26,2024,3,paisaje urbano,espectaculos,"cultura, teatro y danza",la rioja,la rioja,32940.0,2196.0,4.29,4.31,11493,True
1964,ES,16,01,2024,3,paisaje urbano,espectaculos,"cultura, teatro y danza",pais vasco,araba/alava,155697.25,671.5,4.46,4.41,7811,True
1965,ES,16,48,2024,3,paisaje urbano,espectaculos,"cultura, teatro y danza",pais vasco,bizkaia,147907.75,726.25,4.38,4.31,56425,True
1966,ES,16,20,2024,3,paisaje urbano,espectaculos,"cultura, teatro y danza",pais vasco,gipuzkoa,94594.4,489.4,4.43,4.41,26949,True
1967,ES,03,33,2024,3,paisaje urbano,espectaculos,"cultura, teatro y danza",principado de asturias,asturias,67788.0,807.0,4.37,4.35,40762,True
1968,ES,14,30,2024,3,paisaje urbano,espectaculos,"cultura, teatro y danza",region de murcia,murcia,55223.75,718.0,4.32,4.2,9308,True
1969,ES,02,50,2024,3,compras,espectaculos,ferias,aragon,zaragoza,26016.0,813.0,4.41,4.21,3119,True
1970,ES,07,37,2024,3,compras,espectaculos,ferias,castilla y leon,salamanca,5643.0,1254.0,4.47,4.17,470,True
1971,ES,07,47,2024,3,compras,espectaculos,ferias,castilla y leon,valladolid,2625.0,525.0,4.08,4.06,485,True
1972,ES,09,43,2024,3,compras,espectaculos,ferias,cataluna,tarragona,200.0,200.0,4.19,4.2,2200,True
1973,ES,04,07,2024,3,compras,espectaculos,ferias,illes balears,illes balears,598332.0,2514.0,4.17,4.33,22175,True
1974,ES,01,41,2024,3,paisaje urbano,espectaculos,museo y exposiciones,andalucia,sevilla,6778.67,294.33,4.41,4.34,218279,True
1975,ES,02,50,2024,3,paisaje urbano,espectaculos,museo y exposiciones,aragon,zaragoza,73568.0,352.0,4.34,4.21,41352,True
1976,ES,08,45,2024,3,paisaje urbano,espectaculos,museo y exposiciones,castilla - la mancha,toledo,103275.0,675.0,4.19,4.18,55769,True
1977,ES,07,37,2024,3,paisaje urbano,espectaculos,museo y exposiciones,castilla y leon,salamanca,100224.0,288.0,4.24,4.17,31972,True
1978,ES,09,08,2024,3,paisaje urbano,espectaculos,museo y exposiciones,cataluna,barcelona,113724.0,1404.0,4.07,4.05,732080,True
1979,ES,09,43,2024,3,paisaje urbano,espectaculos,museo y exposiciones,cataluna,tarragona,60812.0,1322.0,4.23,4.2,53439,True
1980,ES,10,46,2024,3,paisaje urbano,espectaculos,museo y exposiciones,comunitat valenciana,valencia/valencia,1256.0,1256.0,4.25,4.15,114505,True
1981,ES,04,07,2024,3,paisaje urbano,espectaculos,museo y exposiciones,illes balears,illes balears,1554.0,777.0,4.21,4.33,107418,True
1982,ES,16,01,2024,3,paisaje urbano,espectaculos,museo y exposiciones,pais vasco,araba/alava,29448.0,2454.0,4.46,4.41,7811,True
1983,ES,16,48,2024,3,paisaje urbano,espectaculos,museo y exposiciones,pais vasco,bizkaia,169926.0,892.0,4.38,4.31,56425,True
1984,ES,01,04,2024,3,vida nocturna,espectaculos,musica,andalucia,almeria,906827.4,1342.4,3.72,4.19,5362,True
1985,ES,01,11,2024,3,vida nocturna,espectaculos,musica,andalucia,cadiz,165310.88,987.75,4.08,4.26,2343,True
1986,ES,01,14,2024,3,vida nocturna,espectaculos,musica,andalucia,cordoba,27642.0,771.0,4.3,4.29,1908,True
1987,ES,01,18,2024,3,vida nocturna,espectaculos,musica,andalucia,granada,470282.67,1283.78,3.92,4.37,10900,True
1988,ES,01,21,2024,3,vida nocturna,espectaculos,musica,andalucia,huelva,6902.0,632.0,4.03,4.11,1623,True
1989,ES,01,23,2024,3,vida nocturna,espectaculos,musica,andalucia,jaen,123032.0,1191.57,4.0,4.33,992,True
1990,ES,01,29,2024,3,vida nocturna,espectaculos,musica,andalucia,malaga,1589873.25,1250.25,4.3,4.43,56036,True
1991,ES,01,41,2024,3,vida nocturna,espectaculos,musica,andalucia,sevilla,727563.0,777.8,4.05,4.34,39053,True
1992,ES,02,22,2024,3,vida nocturna,espectaculos,musica,aragon,huesca,181816.5,1118.25,3.85,4.25,1293,True
1993,ES,02,44,2024,3,vida nocturna,espectaculos,musica,aragon,teruel,374767.33,1503.67,4.35,4.28,950,True
1994,ES,02,50,2024,3,vida nocturna,espectaculos,musica,aragon,zaragoza,704411.0,1385.0,3.75,4.21,1614,True
1995,ES,05,35,2024,3,vida nocturna,espectaculos,musica,canarias,las palmas,243985.0,764.67,4.24,4.28,129544,True
1996,ES,05,38,2024,3,vida nocturna,espectaculos,musica,canarias,santa cruz de tenerife,325877.86,1443.86,4.06,4.26,62671,True
1997,ES,06,39,2024,3,vida nocturna,espectaculos,musica,cantabria,cantabria,222205.0,887.67,4.02,4.27,5819,True
1998,ES,08,02,2024,3,vida nocturna,espectaculos,musica,castilla - la mancha,albacete,44803.0,1499.0,4.21,4.15,573,True
1999,ES,08,13,2024,3,vida nocturna,espectaculos,musica,castilla - la mancha,ciudad real,27876.67,834.67,4.17,4.29,385,True
2000,ES,08,16,2024,3,vida nocturna,espectaculos,musica,castilla - la mancha,cuenca,459982.5,1507.0,3.91,4.19,760,True
2001,ES,08,19,2024,3,vida nocturna,espectaculos,musica,castilla - la mancha,guadalajara,23223.5,1133.0,3.23,4.04,447,True
2002,ES,08,45,2024,3,vida nocturna,espectaculos,musica,castilla - la mancha,toledo,37380.4,978.0,3.99,4.18,434,True
2003,ES,07,05,2024,3,vida nocturna,espectaculos,musica,castilla y leon,avila,15312.0,638.0,4.04,4.23,397,True
2004,ES,07,09,2024,3,vida nocturna,espectaculos,musica,castilla y leon,burgos,14580.0,1024.5,3.95,4.28,970,True
2005,ES,07,24,2024,3,vida nocturna,espectaculos,musica,castilla y leon,leon,54955.33,506.0,3.97,4.21,1480,True
2006,ES,07,34,2024,3,vida nocturna,espectaculos,musica,castilla y leon,palencia,132048.0,1179.0,4.23,4.35,379,True
2007,ES,07,37,2024,3,vida nocturna,espectaculos,musica,castilla y leon,salamanca,461071.0,1223.0,3.66,4.17,3701,True
2008,ES,07,40,2024,3,vida nocturna,espectaculos,musica,castilla y leon,segovia,240759.0,999.0,3.91,4.07,263,True
2009,ES,07,42,2024,3,vida nocturna,espectaculos,musica,castilla y leon,soria,298664.5,854.5,4.2,3.97,154,True
2010,ES,07,47,2024,3,vida nocturna,espectaculos,musica,castilla y leon,valladolid,146647.57,1057.0,4.01,4.06,1293,True
2011,ES,07,49,2024,3,vida nocturna,espectaculos,musica,castilla y leon,zamora,1128816.0,1742.0,4.27,4.17,462,True
2012,ES,09,08,2024,3,vida nocturna,espectaculos,musica,cataluna,barcelona,1009616.11,900.39,3.95,4.05,119743,True
2013,ES,09,17,2024,3,vida nocturna,espectaculos,musica,cataluna,girona,164335.5,1425.71,3.8,4.24,12856,True
2014,ES,09,25,2024,3,vida nocturna,espectaculos,musica,cataluna,lleida,277455.0,1595.0,3.84,4.27,1184,True
2015,ES,09,43,2024,3,vida nocturna,espectaculos,musica,cataluna,tarragona,296217.5,1198.42,4.1,4.2,22730,True
2016,ES,18,51,2024,3,vida nocturna,espectaculos,musica,ceuta,ceuta,22829.0,617.0,0.0,0.0,0,False
2017,ES,13,28,2024,3,vida nocturna,espectaculos,musica,comunidad de madrid,madrid,418905.35,882.2,3.85,4.1,100430,True
2018,ES,15,31,2024,3,vida nocturna,espectaculos,musica,comunidad foral de navarra,navarra,1421693.12,2059.25,3.72,4.23,2565,True
2019,ES,10,03,2024,3,vida nocturna,espectaculos,musica,comunitat valenciana,alicante/alacant,297587.33,1552.39,4.03,4.28,84389,True
2020,ES,10,12,2024,3,vida nocturna,espectaculos,musica,comunitat valenciana,castellon/castello,47267.0,701.0,3.88,4.2,2406,True
2021,ES,10,46,2024,3,vida nocturna,espectaculos,musica,comunitat valenciana,valencia/valencia,418757.08,1574.31,3.72,4.15,9307,True
2022,ES,11,06,2024,3,vida nocturna,espectaculos,musica,extremadura,badajoz,100276.33,1272.33,4.31,4.29,2109,True
2023,ES,11,10,2024,3,vida nocturna,espectaculos,musica,extremadura,caceres,156800.67,1054.67,3.95,4.33,1377,True
2024,ES,12,15,2024,3,vida nocturna,espectaculos,musica,galicia,a coruna,298838.44,944.78,3.74,4.21,5653,True
2025,ES,12,27,2024,3,vida nocturna,espectaculos,musica,galicia,lugo,37075.5,1693.0,4.18,4.28,502,True
2026,ES,12,32,2024,3,vida nocturna,espectaculos,musica,galicia,ourense,281799.0,1323.0,3.7,4.15,660,True
2027,ES,12,36,2024,3,vida nocturna,espectaculos,musica,galicia,pontevedra,285096.14,1235.43,4.0,4.17,3092,True
2028,ES,04,07,2024,3,vida nocturna,espectaculos,musica,illes balears,illes balears,984190.89,1116.63,4.12,4.33,122452,True
2029,ES,17,26,2024,3,vida nocturna,espectaculos,musica,la rioja,la rioja,150527.25,1848.75,3.69,4.31,1866,True
2030,ES,16,01,2024,3,vida nocturna,espectaculos,musica,pais vasco,araba/alava,12493.0,887.0,3.82,4.41,1138,True
2031,ES,16,48,2024,3,vida nocturna,espectaculos,musica,pais vasco,bizkaia,102013.71,1163.14,4.21,4.31,5615,True
2032,ES,16,20,2024,3,vida nocturna,espectaculos,musica,pais vasco,gipuzkoa,179515.5,967.0,4.14,4.41,5503,True
2033,ES,03,33,2024,3,vida nocturna,espectaculos,musica,principado de asturias,asturias,289598.83,1468.33,4.18,4.35,9626,True
2034,ES,14,30,2024,3,vida nocturna,espectaculos,musica,region de murcia,murcia,66608.2,609.6,3.62,4.2,1488,True
2035,ES,01,04,2024,3,vida nocturna,espectaculos,musicales,andalucia,almeria,72082.0,1567.0,3.72,4.19,5362,True
2036,ES,01,11,2024,3,vida nocturna,espectaculos,musicales,andalucia,cadiz,321584.0,1592.0,4.08,4.26,2343,True
2037,ES,01,14,2024,3,vida nocturna,espectaculos,musicales,andalucia,cordoba,67043.0,542.0,4.3,4.29,1908,True
2038,ES,01,18,2024,3,vida nocturna,espectaculos,musicales,andalucia,granada,740.0,148.0,3.92,4.37,10900,True
2039,ES,01,29,2024,3,vida nocturna,espectaculos,musicales,andalucia,malaga,61354.67,746.33,4.3,4.43,56036,True
2040,ES,02,50,2024,3,vida nocturna,espectaculos,musicales,aragon,zaragoza,836.0,836.0,3.75,4.21,1614,True
2041,ES,05,35,2024,3,vida nocturna,espectaculos,musicales,canarias,las palmas,66372.5,526.5,4.24,4.28,129544,True
2042,ES,05,38,2024,3,vida nocturna,espectaculos,musicales,canarias,santa cruz de tenerife,7015.0,305.0,4.06,4.26,62671,True
2043,ES,08,02,2024,3,vida nocturna,espectaculos,musicales,castilla - la mancha,albacete,1537143.0,1637.0,4.21,4.15,573,True
2044,ES,07,37,2024,3,vida nocturna,espectaculos,musicales,castilla y leon,salamanca,415425.0,2175.0,3.66,4.17,3701,True
2045,ES,07,47,2024,3,vida nocturna,espectaculos,musicales,castilla y leon,valladolid,7661.5,305.0,4.01,4.06,1293,True
2046,ES,09,08,2024,3,vida nocturna,espectaculos,musicales,cataluna,barcelona,93488.5,631.5,3.95,4.05,119743,True
2047,ES,09,17,2024,3,vida nocturna,espectaculos,musicales,cataluna,girona,4998.0,833.0,3.8,4.24,12856,True
2048,ES,09,43,2024,3,vida nocturna,espectaculos,musicales,cataluna,tarragona,46332.0,198.0,4.1,4.2,22730,True
2049,ES,13,28,2024,3,vida nocturna,espectaculos,musicales,comunidad de madrid,madrid,496616.4,781.2,3.85,4.1,100430,True
2050,ES,10,03,2024,3,vida nocturna,espectaculos,musicales,comunitat valenciana,alicante/alacant,14509.0,1319.0,4.03,4.28,84389,True
2051,ES,10,46,2024,3,vida nocturna,espectaculos,musicales,comunitat valenciana,valencia/valencia,757596.0,1049.0,3.72,4.15,9307,True
2052,ES,11,06,2024,3,vida nocturna,espectaculos,musicales,extremadura,badajoz,61295.0,205.0,4.31,4.29,2109,True
2053,ES,11,10,2024,3,vida nocturna,espectaculos,musicales,extremadura,caceres,356994.0,1171.5,3.95,4.33,1377,True
2054,ES,12,27,2024,3,vida nocturna,espectaculos,musicales,galicia,lugo,8800.0,176.0,4.18,4.28,502,True
2055,ES,04,07,2024,3,vida nocturna,espectaculos,musicales,illes balears,illes balears,84363.0,1263.67,4.12,4.33,122452,True
2056,ES,14,30,2024,3,vida nocturna,espectaculos,musicales,region de murcia,murcia,24577.0,925.67,3.62,4.2,1488,True
2057,ES,01,04,2024,4,paisaje naturaleza,actividades,actividades infantiles,andalucia,almeria,1920.0,160.0,4.32,4.19,23376,True
2058,ES,01,11,2024,4,paisaje naturaleza,actividades,actividades infantiles,andalucia,cadiz,440726.0,1541.0,4.27,4.26,12350,True
2059,ES,01,14,2024,4,paisaje naturaleza,actividades,actividades infantiles,andalucia,cordoba,3198.0,78.0,4.32,4.29,3767,True
2060,ES,01,18,2024,4,paisaje naturaleza,actividades,actividades infantiles,andalucia,granada,26080.0,853.0,4.52,4.37,18492,True
2061,ES,01,23,2024,4,paisaje naturaleza,actividades,actividades infantiles,andalucia,jaen,86352.0,3084.0,4.44,4.33,4366,True
2062,ES,01,29,2024,4,paisaje naturaleza,actividades,actividades infantiles,andalucia,malaga,345720.5,1000.0,4.44,4.43,109648,True
2063,ES,01,41,2024,4,paisaje naturaleza,actividades,actividades infantiles,andalucia,sevilla,370.0,185.0,4.47,4.34,21476,True
2064,ES,02,50,2024,4,paisaje naturaleza,actividades,actividades infantiles,aragon,zaragoza,38772.0,54.0,4.36,4.21,5888,True
2065,ES,05,35,2024,4,paisaje naturaleza,actividades,actividades infantiles,canarias,las palmas,22830.2,94.6,4.34,4.28,200378,True
2066,ES,05,38,2024,4,paisaje naturaleza,actividades,actividades infantiles,canarias,santa cruz de tenerife,17966.33,434.33,4.31,4.26,190067,True
2067,ES,06,39,2024,4,paisaje naturaleza,actividades,actividades infantiles,cantabria,cantabria,316415.0,523.0,4.36,4.27,37946,True
2068,ES,08,02,2024,4,paisaje naturaleza,actividades,actividades infantiles,castilla - la mancha,albacete,4906.0,588.5,4.38,4.15,3169,True
2069,ES,08,13,2024,4,paisaje naturaleza,actividades,actividades infantiles,castilla - la mancha,ciudad real,130.0,130.0,4.36,4.29,3026,True
2070,ES,08,45,2024,4,paisaje naturaleza,actividades,actividades infantiles,castilla - la mancha,toledo,104676.5,1460.5,4.16,4.18,1715,True
2071,ES,07,24,2024,4,paisaje naturaleza,actividades,actividades infantiles,castilla y leon,leon,30168.0,1257.0,4.52,4.21,4506,True
2072,ES,07,37,2024,4,paisaje naturaleza,actividades,actividades infantiles,castilla y leon,salamanca,298809.0,1953.0,4.39,4.17,3319,True
2073,ES,07,47,2024,4,paisaje naturaleza,actividades,actividades infantiles,castilla y leon,valladolid,71785.5,1333.5,4.18,4.06,8696,True
2074,ES,07,49,2024,4,paisaje naturaleza,actividades,actividades infantiles,castilla y leon,zamora,845012.0,2884.0,4.38,4.17,2116,True
2075,ES,09,08,2024,4,paisaje naturaleza,actividades,actividades infantiles,cataluna,barcelona,1545725.62,1096.5,4.13,4.05,200444,True
2076,ES,09,17,2024,4,paisaje naturaleza,actividades,actividades infantiles,cataluna,girona,54123.5,2314.5,4.38,4.24,61683,True
2077,ES,09,25,2024,4,paisaje naturaleza,actividades,actividades infantiles,cataluna,lleida,71298.0,2097.0,4.38,4.27,9898,True
2078,ES,09,43,2024,4,paisaje naturaleza,actividades,actividades infantiles,cataluna,tarragona,201510.0,1268.0,4.26,4.2,33701,True
2079,ES,13,28,2024,4,paisaje naturaleza,actividades,actividades infantiles,comunidad de madrid,madrid,211068.0,556.9,4.19,4.1,121795,True
2080,ES,15,31,2024,4,paisaje naturaleza,actividades,actividades infantiles,comunidad foral de navarra,navarra,888174.0,3339.0,4.33,4.23,7007,True
2081,ES,10,03,2024,4,paisaje naturaleza,actividades,actividades infantiles,comunitat valenciana,alicante/alacant,14799.5,436.5,4.36,4.28,82424,True
2082,ES,10,12,2024,4,paisaje naturaleza,actividades,actividades infantiles,comunitat valenciana,castellon/castello,334893.0,1209.0,4.22,4.2,6934,True
2083,ES,10,46,2024,4,paisaje naturaleza,actividades,actividades infantiles,comunitat valenciana,valencia/valencia,804829.5,476.0,4.23,4.15,90776,True
2084,ES,11,10,2024,4,paisaje naturaleza,actividades,actividades infantiles,extremadura,caceres,12646.33,258.33,4.5,4.33,5814,True
2085,ES,12,15,2024,4,paisaje naturaleza,actividades,actividades infantiles,galicia,a coruna,124292.0,644.0,4.39,4.21,18974,True
2086,ES,12,27,2024,4,paisaje naturaleza,actividades,actividades infantiles,galicia,lugo,19360.0,176.0,4.57,4.28,8089,True
2087,ES,04,07,2024,4,paisaje naturaleza,actividades,actividades infantiles,illes balears,illes balears,91505.38,1293.25,4.42,4.33,203636,True
2088,ES,17,26,2024,4,paisaje naturaleza,actividades,actividades infantiles,la rioja,la rioja,133265.0,2423.0,4.4,4.31,18300,True
2089,ES,16,01,2024,4,paisaje naturaleza,actividades,actividades infantiles,pais vasco,araba/alava,5466.0,627.0,4.66,4.41,11468,True
2090,ES,16,48,2024,4,paisaje naturaleza,actividades,actividades infantiles,pais vasco,bizkaia,269112.0,2943.2,4.38,4.31,7925,True
2091,ES,16,20,2024,4,paisaje naturaleza,actividades,actividades infantiles,pais vasco,gipuzkoa,620.0,155.0,4.61,4.41,26976,True
2092,ES,03,33,2024,4,paisaje naturaleza,actividades,actividades infantiles,principado de asturias,asturias,22372.0,799.0,4.42,4.35,44006,True
2093,ES,14,30,2024,4,paisaje naturaleza,actividades,actividades infantiles,region de murcia,murcia,17391.0,93.0,4.4,4.2,2633,True
2094,ES,01,11,2024,4,servicios,actividades,cursos,andalucia,cadiz,1479.0,2673.0,4.74,4.26,39,True
2095,ES,01,14,2024,4,servicios,actividades,cursos,andalucia,cordoba,12075.0,105.0,4.3,4.29,22,True
2096,ES,01,23,2024,4,servicios,actividades,cursos,andalucia,jaen,1300.0,100.0,4.34,4.33,84,True
2097,ES,01,29,2024,4,servicios,actividades,cursos,andalucia,malaga,1163041.0,4597.0,4.62,4.43,51898,True
2098,ES,01,41,2024,4,servicios,actividades,cursos,andalucia,sevilla,416884.0,8017.0,4.06,4.34,4859,True
2099,ES,02,50,2024,4,servicios,actividades,cursos,aragon,zaragoza,600.0,200.0,4.05,4.21,61,True
2100,ES,05,35,2024,4,servicios,actividades,cursos,canarias,las palmas,3037.0,3494.0,3.72,4.28,2863,True
2101,ES,05,38,2024,4,servicios,actividades,cursos,canarias,santa cruz de tenerife,5203.5,1439.5,3.86,4.26,3753,True
2102,ES,09,08,2024,4,servicios,actividades,cursos,cataluna,barcelona,1798171.8,4559.2,4.03,4.05,159935,True
2103,ES,09,17,2024,4,servicios,actividades,cursos,cataluna,girona,5024.67,1293.67,3.82,4.24,1146,True
2104,ES,09,43,2024,4,servicios,actividades,cursos,cataluna,tarragona,34356.0,2454.0,3.44,4.2,9269,True
2105,ES,13,28,2024,4,servicios,actividades,cursos,comunidad de madrid,madrid,1276912.0,4996.5,3.92,4.1,42370,True
2106,ES,10,03,2024,4,servicios,actividades,cursos,comunitat valenciana,alicante/alacant,10084.5,426.5,3.73,4.28,29657,True
2107,ES,10,46,2024,4,servicios,actividades,cursos,comunitat valenciana,valencia/valencia,3164148.0,20283.0,4.56,4.15,7124,True
2108,ES,12,27,2024,4,servicios,actividades,cursos,galicia,lugo,17056.0,1066.0,4.19,4.28,560,True
2109,ES,04,07,2024,4,servicios,actividades,cursos,illes balears,illes balears,63068.17,1759.83,4.23,4.33,46354,True
2110,ES,16,48,2024,4,servicios,actividades,cursos,pais vasco,bizkaia,14595.0,1186.25,4.03,4.31,13509,True
2111,ES,16,20,2024,4,servicios,actividades,cursos,pais vasco,gipuzkoa,5850.0,450.0,3.84,4.41,140,True
2112,ES,14,30,2024,4,servicios,actividades,cursos,region de murcia,murcia,251750.5,17288.5,2.83,4.2,6,True
2113,ES,01,29,2024,4,paisaje naturaleza,actividades,deportes y aventuras,andalucia,malaga,108211.5,1670.5,4.44,4.43,109648,True
2114,ES,01,41,2024,4,paisaje naturaleza,actividades,deportes y aventuras,andalucia,sevilla,44547.0,479.0,4.47,4.34,21476,True
2115,ES,02,50,2024,4,paisaje naturaleza,actividades,deportes y aventuras,aragon,zaragoza,33193.0,1166.0,4.36,4.21,5888,True
2116,ES,05,35,2024,4,paisaje naturaleza,actividades,deportes y aventuras,canarias,las palmas,38592.0,804.0,4.34,4.28,200378,True
2117,ES,05,38,2024,4,paisaje naturaleza,actividades,deportes y aventuras,canarias,santa cruz de tenerife,117367.5,549.5,4.31,4.26,190067,True
2118,ES,08,19,2024,4,paisaje naturaleza,actividades,deportes y aventuras,castilla - la mancha,guadalajara,275.0,25.0,4.19,4.04,1303,True
2119,ES,09,08,2024,4,paisaje naturaleza,actividades,deportes y aventuras,cataluna,barcelona,599748.5,1627.67,4.13,4.05,200444,True
2120,ES,09,17,2024,4,paisaje naturaleza,actividades,deportes y aventuras,cataluna,girona,1640.0,40.0,4.38,4.24,61683,True
2121,ES,09,43,2024,4,paisaje naturaleza,actividades,deportes y aventuras,cataluna,tarragona,21441.0,3063.0,4.26,4.2,33701,True
2122,ES,13,28,2024,4,paisaje naturaleza,actividades,deportes y aventuras,comunidad de madrid,madrid,385505.33,566.0,4.19,4.1,121795,True
2123,ES,15,31,2024,4,paisaje naturaleza,actividades,deportes y aventuras,comunidad foral de navarra,navarra,333545.0,3511.0,4.33,4.23,7007,True
2124,ES,10,03,2024,4,paisaje naturaleza,actividades,deportes y aventuras,comunitat valenciana,alicante/alacant,3334.0,1667.0,4.36,4.28,82424,True
2125,ES,10,12,2024,4,paisaje naturaleza,actividades,deportes y aventuras,comunitat valenciana,castellon/castello,5940.0,1485.0,4.22,4.2,6934,True
2126,ES,10,46,2024,4,paisaje naturaleza,actividades,deportes y aventuras,comunitat valenciana,valencia/valencia,12420.5,350.5,4.23,4.15,90776,True
2127,ES,11,06,2024,4,paisaje naturaleza,actividades,deportes y aventuras,extremadura,badajoz,5919.0,1033.5,4.4,4.29,1116,True
2128,ES,11,10,2024,4,paisaje naturaleza,actividades,deportes y aventuras,extremadura,caceres,22135.0,1165.0,4.5,4.33,5814,True
2129,ES,04,07,2024,4,paisaje naturaleza,actividades,deportes y aventuras,illes balears,illes balears,24481.25,1419.75,4.42,4.33,203636,True
2130,ES,17,26,2024,4,paisaje naturaleza,actividades,deportes y aventuras,la rioja,la rioja,100152.0,936.0,4.4,4.31,18300,True
2131,ES,16,01,2024,4,paisaje naturaleza,actividades,deportes y aventuras,pais vasco,araba/alava,4905.0,981.0,4.66,4.41,11468,True
2132,ES,16,48,2024,4,paisaje naturaleza,actividades,deportes y aventuras,pais vasco,bizkaia,20453.0,485.0,4.38,4.31,7925,True
2133,ES,16,20,2024,4,paisaje naturaleza,actividades,deportes y aventuras,pais vasco,gipuzkoa,79740.0,2440.0,4.61,4.41,26976,True
2134,ES,03,33,2024,4,paisaje naturaleza,actividades,deportes y aventuras,principado de asturias,asturias,1159366.0,1586.0,4.42,4.35,44006,True
2135,ES,14,30,2024,4,paisaje naturaleza,actividades,deportes y aventuras,region de murcia,murcia,13328.0,1666.0,4.4,4.2,2633,True
2136,ES,01,11,2024,4,comida y bebida,actividades,gastronomia,andalucia,cadiz,1573.0,143.0,4.57,4.26,47,True
2137,ES,01,23,2024,4,comida y bebida,actividades,gastronomia,andalucia,jaen,1300.0,100.0,5.0,4.33,9,True
2138,ES,01,29,2024,4,comida y bebida,actividades,gastronomia,andalucia,malaga,185362.5,764.5,4.84,4.43,1395,True
2139,ES,01,41,2024,4,comida y bebida,actividades,gastronomia,andalucia,sevilla,47348.0,1246.0,4.76,4.34,8170,True
2140,ES,02,50,2024,4,comida y bebida,actividades,gastronomia,aragon,zaragoza,1430.0,65.0,4.03,4.21,35,True
2141,ES,05,35,2024,4,comida y bebida,actividades,gastronomia,canarias,las palmas,27393.0,3958.0,3.71,4.28,443,True
2142,ES,05,38,2024,4,comida y bebida,actividades,gastronomia,canarias,santa cruz de tenerife,7848.0,1308.0,4.31,4.26,72,True
2143,ES,08,02,2024,4,comida y bebida,actividades,gastronomia,castilla - la mancha,albacete,194.5,522.5,4.88,4.15,33,True
2144,ES,07,37,2024,4,comida y bebida,actividades,gastronomia,castilla y leon,salamanca,224024.0,1366.0,4.84,4.17,54,True
2145,ES,09,08,2024,4,comida y bebida,actividades,gastronomia,cataluna,barcelona,293456.67,1851.67,4.67,4.05,3911,True
2146,ES,09,17,2024,4,comida y bebida,actividades,gastronomia,cataluna,girona,865.0,520.0,4.57,4.24,183,True
2147,ES,09,43,2024,4,comida y bebida,actividades,gastronomia,cataluna,tarragona,34356.0,2454.0,4.67,4.2,481,True
2148,ES,13,28,2024,4,comida y bebida,actividades,gastronomia,comunidad de madrid,madrid,291607.0,1789.0,4.71,4.1,5856,True
2149,ES,10,03,2024,4,comida y bebida,actividades,gastronomia,comunitat valenciana,alicante/alacant,120857.5,2326.0,4.52,4.28,760,True
2150,ES,11,10,2024,4,comida y bebida,actividades,gastronomia,extremadura,caceres,24315.0,1621.0,4.5,4.33,6,True
2151,ES,04,07,2024,4,comida y bebida,actividades,gastronomia,illes balears,illes balears,108891.4,2320.8,4.86,4.33,2196,True
2152,ES,16,01,2024,4,comida y bebida,actividades,gastronomia,pais vasco,araba/alava,180.0,30.0,4.37,4.41,303,True
2153,ES,01,29,2024,4,vida nocturna,espectaculos,cine,andalucia,malaga,243784.0,1966.0,4.3,4.43,56036,True
2154,ES,02,22,2024,4,vida nocturna,espectaculos,cine,aragon,huesca,6900.0,50.0,3.85,4.25,1293,True
2155,ES,02,50,2024,4,vida nocturna,espectaculos,cine,aragon,zaragoza,5175.0,575.0,3.75,4.21,1614,True
2156,ES,05,35,2024,4,vida nocturna,espectaculos,cine,canarias,las palmas,1672.0,44.0,4.24,4.28,129544,True
2157,ES,08,02,2024,4,vida nocturna,espectaculos,cine,castilla - la mancha,albacete,19698.0,294.0,4.21,4.15,573,True
2158,ES,07,37,2024,4,vida nocturna,espectaculos,cine,castilla y leon,salamanca,150.0,30.0,3.66,4.17,3701,True
2159,ES,09,08,2024,4,vida nocturna,espectaculos,cine,cataluna,barcelona,14786.0,567.5,3.95,4.05,119743,True
2160,ES,09,17,2024,4,vida nocturna,espectaculos,cine,cataluna,girona,225.0,45.0,3.8,4.24,12856,True
2161,ES,13,28,2024,4,vida nocturna,espectaculos,cine,comunidad de madrid,madrid,126074.0,746.0,3.85,4.1,100430,True
2162,ES,10,03,2024,4,vida nocturna,espectaculos,cine,comunitat valenciana,alicante/alacant,168721.33,917.67,4.03,4.28,84389,True
2163,ES,12,36,2024,4,vida nocturna,espectaculos,cine,galicia,pontevedra,17001.0,1889.0,4.0,4.17,3092,True
2164,ES,04,07,2024,4,vida nocturna,espectaculos,cine,illes balears,illes balears,2824.0,174.5,4.12,4.33,122452,True
2165,ES,16,20,2024,4,vida nocturna,espectaculos,cine,pais vasco,gipuzkoa,12576.0,216.0,4.14,4.41,5503,True
2166,ES,01,14,2024,4,otros,espectaculos,conferencias,andalucia,cordoba,7595.0,775.0,4.46,4.29,478,True
2167,ES,01,29,2024,4,otros,espectaculos,conferencias,andalucia,malaga,837212.0,1244.0,4.25,4.43,1156,True
2168,ES,02,50,2024,4,otros,espectaculos,conferencias,aragon,zaragoza,14706.0,817.0,3.75,4.21,158,True
2169,ES,05,35,2024,4,otros,espectaculos,conferencias,canarias,las palmas,305522.0,973.0,4.32,4.28,176,True
2170,ES,07,47,2024,4,otros,espectaculos,conferencias,castilla y leon,valladolid,2052648.0,387.0,4.45,4.06,83,True
2171,ES,09,43,2024,4,otros,espectaculos,conferencias,cataluna,tarragona,15700.0,300.0,4.01,4.2,1769,True
2172,ES,13,28,2024,4,otros,espectaculos,conferencias,comunidad de madrid,madrid,12320.0,440.0,3.97,4.1,1624,True
2173,ES,10,46,2024,4,otros,espectaculos,conferencias,comunitat valenciana,valencia/valencia,856602.0,1641.0,4.49,4.15,621,True
2174,ES,12,36,2024,4,otros,espectaculos,conferencias,galicia,pontevedra,5346.0,198.0,4.43,4.17,119,True
2175,ES,04,07,2024,4,otros,espectaculos,conferencias,illes balears,illes balears,23415.5,2501.0,4.21,4.33,296,True
2176,ES,16,48,2024,4,otros,espectaculos,conferencias,pais vasco,bizkaia,800.0,200.0,4.87,4.31,794,True
2177,ES,03,33,2024,4,otros,espectaculos,conferencias,principado de asturias,asturias,492765.0,4693.0,4.4,4.35,92,True
2178,ES,01,04,2024,4,paisaje urbano,espectaculos,"cultura, teatro y danza",andalucia,almeria,105113.67,1092.0,4.25,4.19,14318,True
2179,ES,01,11,2024,4,paisaje urbano,espectaculos,"cultura, teatro y danza",andalucia,cadiz,117328.2,800.2,4.35,4.26,8809,True
2180,ES,01,14,2024,4,paisaje urbano,espectaculos,"cultura, teatro y danza",andalucia,cordoba,44891.0,121.0,4.3,4.29,93962,True
2181,ES,01,18,2024,4,paisaje urbano,espectaculos,"cultura, teatro y danza",andalucia,granada,374198.0,803.0,4.35,4.37,153042,True
2182,ES,01,23,2024,4,paisaje urbano,espectaculos,"cultura, teatro y danza",andalucia,jaen,1068.5,76.5,4.3,4.33,16236,True
2183,ES,01,29,2024,4,paisaje urbano,espectaculos,"cultura, teatro y danza",andalucia,malaga,520918.5,1436.5,4.43,4.43,158253,True
2184,ES,01,41,2024,4,paisaje urbano,espectaculos,"cultura, teatro y danza",andalucia,sevilla,883877.5,650.0,4.41,4.34,218279,True
2185,ES,02,50,2024,4,paisaje urbano,espectaculos,"cultura, teatro y danza",aragon,zaragoza,108241.0,702.5,4.34,4.21,41352,True
2186,ES,05,35,2024,4,paisaje urbano,espectaculos,"cultura, teatro y danza",canarias,las palmas,396191.78,693.78,4.27,4.28,51395,True
2187,ES,05,38,2024,4,paisaje urbano,espectaculos,"cultura, teatro y danza",canarias,santa cruz de tenerife,188986.8,1221.8,4.28,4.26,66584,True
2188,ES,06,39,2024,4,paisaje urbano,espectaculos,"cultura, teatro y danza",cantabria,cantabria,262282.0,1318.0,4.28,4.27,27507,True
2189,ES,08,02,2024,4,paisaje urbano,espectaculos,"cultura, teatro y danza",castilla - la mancha,albacete,508784.5,1015.0,4.09,4.15,3663,True
2190,ES,08,13,2024,4,paisaje urbano,espectaculos,"cultura, teatro y danza",castilla - la mancha,ciudad real,1500.0,150.0,4.33,4.29,7266,True
2191,ES,08,16,2024,4,paisaje urbano,espectaculos,"cultura, teatro y danza",castilla - la mancha,cuenca,594.0,132.0,4.27,4.19,13771,True
2192,ES,08,45,2024,4,paisaje urbano,espectaculos,"cultura, teatro y danza",castilla - la mancha,toledo,37921.0,366.0,4.19,4.18,55769,True
2193,ES,07,09,2024,4,paisaje urbano,espectaculos,"cultura, teatro y danza",castilla y leon,burgos,660.0,132.0,4.35,4.28,19776,True
2194,ES,07,34,2024,4,paisaje urbano,espectaculos,"cultura, teatro y danza",castilla y leon,palencia,20519.0,1207.0,4.45,4.35,4984,True
2195,ES,07,37,2024,4,paisaje urbano,espectaculos,"cultura, teatro y danza",castilla y leon,salamanca,124152.25,483.5,4.24,4.17,31972,True
2196,ES,07,47,2024,4,paisaje urbano,espectaculos,"cultura, teatro y danza",castilla y leon,valladolid,93904.43,774.71,4.14,4.06,13695,True
2197,ES,07,49,2024,4,paisaje urbano,espectaculos,"cultura, teatro y danza",castilla y leon,zamora,10560.0,480.0,4.19,4.17,5872,True
2198,ES,09,08,2024,4,paisaje urbano,espectaculos,"cultura, teatro y danza",cataluna,barcelona,428884.48,861.17,4.07,4.05,732080,True
2199,ES,09,17,2024,4,paisaje urbano,espectaculos,"cultura, teatro y danza",cataluna,girona,9248.33,413.33,4.24,4.24,50915,True
2200,ES,09,43,2024,4,paisaje urbano,espectaculos,"cultura, teatro y danza",cataluna,tarragona,137217.83,1865.5,4.23,4.2,53439,True
2201,ES,18,51,2024,4,paisaje urbano,espectaculos,"cultura, teatro y danza",ceuta,ceuta,2850.0,75.0,0.0,0.0,0,False
2202,ES,13,28,2024,4,paisaje urbano,espectaculos,"cultura, teatro y danza",comunidad de madrid,madrid,1865174.78,819.44,4.15,4.1,458466,True
2203,ES,15,31,2024,4,paisaje urbano,espectaculos,"cultura, teatro y danza",comunidad foral de navarra,navarra,2417766.0,10842.0,4.25,4.23,19680,True
2204,ES,10,03,2024,4,paisaje urbano,espectaculos,"cultura, teatro y danza",comunitat valenciana,alicante/alacant,463705.83,2073.83,4.28,4.28,67888,True
2205,ES,10,12,2024,4,paisaje urbano,espectaculos,"cultura, teatro y danza",comunitat valenciana,castellon/castello,9891.33,458.33,4.14,4.2,13212,True
2206,ES,10,46,2024,4,paisaje urbano,espectaculos,"cultura, teatro y danza",comunitat valenciana,valencia/valencia,2479228.0,1048.75,4.25,4.15,114505,True
2207,ES,11,06,2024,4,paisaje urbano,espectaculos,"cultura, teatro y danza",extremadura,badajoz,10989.33,674.33,4.26,4.29,18348,True
2208,ES,11,10,2024,4,paisaje urbano,espectaculos,"cultura, teatro y danza",extremadura,caceres,59786.0,590.5,4.31,4.33,23514,True
2209,ES,12,15,2024,4,paisaje urbano,espectaculos,"cultura, teatro y danza",galicia,a coruna,14904.0,72.0,4.26,4.21,50198,True
2210,ES,12,27,2024,4,paisaje urbano,espectaculos,"cultura, teatro y danza",galicia,lugo,22118.0,1321.5,4.33,4.28,8872,True
2211,ES,12,36,2024,4,paisaje urbano,espectaculos,"cultura, teatro y danza",galicia,pontevedra,220571.0,893.0,4.07,4.17,15892,True
2212,ES,04,07,2024,4,paisaje urbano,espectaculos,"cultura, teatro y danza",illes balears,illes balears,75025.22,750.89,4.21,4.33,107418,True
2213,ES,17,26,2024,4,paisaje urbano,espectaculos,"cultura, teatro y danza",la rioja,la rioja,405991.67,2865.33,4.29,4.31,11493,True
2214,ES,16,01,2024,4,paisaje urbano,espectaculos,"cultura, teatro y danza",pais vasco,araba/alava,13107.5,63.0,4.46,4.41,7811,True
2215,ES,16,48,2024,4,paisaje urbano,espectaculos,"cultura, teatro y danza",pais vasco,bizkaia,298954.0,697.25,4.38,4.31,56425,True
2216,ES,16,20,2024,4,paisaje urbano,espectaculos,"cultura, teatro y danza",pais vasco,gipuzkoa,101911.4,652.0,4.43,4.41,26949,True
2217,ES,03,33,2024,4,paisaje urbano,espectaculos,"cultura, teatro y danza",principado de asturias,asturias,27712.0,866.0,4.37,4.35,40762,True
2218,ES,14,30,2024,4,paisaje urbano,espectaculos,"cultura, teatro y danza",region de murcia,murcia,164530.25,1059.5,4.32,4.2,9308,True
2219,ES,09,43,2024,4,compras,espectaculos,ferias,cataluna,tarragona,1800.0,200.0,4.19,4.2,2200,True
2220,ES,13,28,2024,4,compras,espectaculos,ferias,comunidad de madrid,madrid,12320.0,440.0,3.83,4.1,89796,True
2221,ES,10,46,2024,4,compras,espectaculos,ferias,comunitat valenciana,valencia/valencia,73080.0,210.0,3.72,4.15,81279,True
2222,ES,01,41,2024,4,paisaje urbano,espectaculos,museo y exposiciones,andalucia,sevilla,29762.0,694.5,4.41,4.34,218279,True
2223,ES,02,50,2024,4,paisaje urbano,espectaculos,museo y exposiciones,aragon,zaragoza,104794.0,347.0,4.34,4.21,41352,True
2224,ES,08,02,2024,4,paisaje urbano,espectaculos,museo y exposiciones,castilla - la mancha,albacete,4004.0,1001.0,4.09,4.15,3663,True
2225,ES,08,45,2024,4,paisaje urbano,espectaculos,museo y exposiciones,castilla - la mancha,toledo,15145.0,65.0,4.19,4.18,55769,True
2226,ES,07,37,2024,4,paisaje urbano,espectaculos,museo y exposiciones,castilla y leon,salamanca,72594.0,218.0,4.24,4.17,31972,True
2227,ES,09,08,2024,4,paisaje urbano,espectaculos,museo y exposiciones,cataluna,barcelona,64906.0,1411.0,4.07,4.05,732080,True
2228,ES,09,43,2024,4,paisaje urbano,espectaculos,museo y exposiciones,cataluna,tarragona,101815.0,2909.0,4.23,4.2,53439,True
2229,ES,10,46,2024,4,paisaje urbano,espectaculos,museo y exposiciones,comunitat valenciana,valencia/valencia,9981.0,787.0,4.25,4.15,114505,True
2230,ES,04,07,2024,4,paisaje urbano,espectaculos,museo y exposiciones,illes balears,illes balears,794.33,728.67,4.21,4.33,107418,True
2231,ES,16,01,2024,4,paisaje urbano,espectaculos,museo y exposiciones,pais vasco,araba/alava,4908.0,2454.0,4.46,4.41,7811,True
2232,ES,16,48,2024,4,paisaje urbano,espectaculos,museo y exposiciones,pais vasco,bizkaia,756778.0,902.0,4.38,4.31,56425,True
2233,ES,01,04,2024,4,vida nocturna,espectaculos,musica,andalucia,almeria,1045920.57,1645.29,3.72,4.19,5362,True
2234,ES,01,11,2024,4,vida nocturna,espectaculos,musica,andalucia,cadiz,205457.86,1226.71,4.08,4.26,2343,True
2235,ES,01,14,2024,4,vida nocturna,espectaculos,musica,andalucia,cordoba,105179.5,1360.0,4.3,4.29,1908,True
2236,ES,01,18,2024,4,vida nocturna,espectaculos,musica,andalucia,granada,274124.33,946.56,3.92,4.37,10900,True
2237,ES,01,21,2024,4,vida nocturna,espectaculos,musica,andalucia,huelva,15813.0,1506.0,4.03,4.11,1623,True
2238,ES,01,23,2024,4,vida nocturna,espectaculos,musica,andalucia,jaen,126329.88,1083.25,4.0,4.33,992,True
2239,ES,01,29,2024,4,vida nocturna,espectaculos,musica,andalucia,malaga,1230023.57,1774.29,4.3,4.43,56036,True
2240,ES,01,41,2024,4,vida nocturna,espectaculos,musica,andalucia,sevilla,64833.8,631.6,4.05,4.34,39053,True
2241,ES,02,22,2024,4,vida nocturna,espectaculos,musica,aragon,huesca,120969.0,1370.33,3.85,4.25,1293,True
2242,ES,02,44,2024,4,vida nocturna,espectaculos,musica,aragon,teruel,137866.75,1110.0,4.35,4.28,950,True
2243,ES,02,50,2024,4,vida nocturna,espectaculos,musica,aragon,zaragoza,1559949.25,390.25,3.75,4.21,1614,True
2244,ES,05,35,2024,4,vida nocturna,espectaculos,musica,canarias,las palmas,1021763.33,1900.33,4.24,4.28,129544,True
2245,ES,05,38,2024,4,vida nocturna,espectaculos,musica,canarias,santa cruz de tenerife,510544.5,1245.17,4.06,4.26,62671,True
2246,ES,06,39,2024,4,vida nocturna,espectaculos,musica,cantabria,cantabria,324557.33,758.67,4.02,4.27,5819,True
2247,ES,08,02,2024,4,vida nocturna,espectaculos,musica,castilla - la mancha,albacete,183303.5,1847.75,4.21,4.15,573,True
2248,ES,08,13,2024,4,vida nocturna,espectaculos,musica,castilla - la mancha,ciudad real,82135.0,1271.75,4.17,4.29,385,True
2249,ES,08,16,2024,4,vida nocturna,espectaculos,musica,castilla - la mancha,cuenca,410870.33,1438.33,3.91,4.19,760,True
2250,ES,08,19,2024,4,vida nocturna,espectaculos,musica,castilla - la mancha,guadalajara,5315.0,1063.0,3.23,4.04,447,True
2251,ES,08,45,2024,4,vida nocturna,espectaculos,musica,castilla - la mancha,toledo,63109.8,1228.8,3.99,4.18,434,True
2252,ES,07,05,2024,4,vida nocturna,espectaculos,musica,castilla y leon,avila,84132.0,1026.0,4.04,4.23,397,True
2253,ES,07,09,2024,4,vida nocturna,espectaculos,musica,castilla y leon,burgos,331702.0,1634.0,3.95,4.28,970,True
2254,ES,07,24,2024,4,vida nocturna,espectaculos,musica,castilla y leon,leon,237820.5,1202.0,3.97,4.21,1480,True
2255,ES,07,34,2024,4,vida nocturna,espectaculos,musica,castilla y leon,palencia,7644.0,1176.0,4.23,4.35,379,True
2256,ES,07,37,2024,4,vida nocturna,espectaculos,musica,castilla y leon,salamanca,790736.0,1168.0,3.66,4.17,3701,True
2257,ES,07,40,2024,4,vida nocturna,espectaculos,musica,castilla y leon,segovia,70195.0,903.5,3.91,4.07,263,True
2258,ES,07,42,2024,4,vida nocturna,espectaculos,musica,castilla y leon,soria,51877.5,1354.0,4.2,3.97,154,True
2259,ES,07,47,2024,4,vida nocturna,espectaculos,musica,castilla y leon,valladolid,304539.0,931.0,4.01,4.06,1293,True
2260,ES,07,49,2024,4,vida nocturna,espectaculos,musica,castilla y leon,zamora,340359.33,901.33,4.27,4.17,462,True
2261,ES,09,08,2024,4,vida nocturna,espectaculos,musica,cataluna,barcelona,1099012.35,1027.1,3.95,4.05,119743,True
2262,ES,09,17,2024,4,vida nocturna,espectaculos,musica,cataluna,girona,153044.94,1239.31,3.8,4.24,12856,True
2263,ES,09,25,2024,4,vida nocturna,espectaculos,musica,cataluna,lleida,246066.5,874.0,3.84,4.27,1184,True
2264,ES,09,43,2024,4,vida nocturna,espectaculos,musica,cataluna,tarragona,328682.27,1075.47,4.1,4.2,22730,True
2265,ES,18,51,2024,4,vida nocturna,espectaculos,musica,ceuta,ceuta,32338.0,703.0,0.0,0.0,0,False
2266,ES,13,28,2024,4,vida nocturna,espectaculos,musica,comunidad de madrid,madrid,2178417.68,1089.47,3.85,4.1,100430,True
2267,ES,15,31,2024,4,vida nocturna,espectaculos,musica,comunidad foral de navarra,navarra,828950.0,1442.29,3.72,4.23,2565,True
2268,ES,10,03,2024,4,vida nocturna,espectaculos,musica,comunitat valenciana,alicante/alacant,232377.62,1416.69,4.03,4.28,84389,True
2269,ES,10,12,2024,4,vida nocturna,espectaculos,musica,comunitat valenciana,castellon/castello,158625.5,1100.5,3.88,4.2,2406,True
2270,ES,10,46,2024,4,vida nocturna,espectaculos,musica,comunitat valenciana,valencia/valencia,329071.07,1486.87,3.72,4.15,9307,True
2271,ES,11,06,2024,4,vida nocturna,espectaculos,musica,extremadura,badajoz,25891.0,1023.6,4.31,4.29,2109,True
2272,ES,11,10,2024,4,vida nocturna,espectaculos,musica,extremadura,caceres,9890.0,930.67,3.95,4.33,1377,True
2273,ES,12,15,2024,4,vida nocturna,espectaculos,musica,galicia,a coruna,214373.0,1066.33,3.74,4.21,5653,True
2274,ES,12,27,2024,4,vida nocturna,espectaculos,musica,galicia,lugo,18395.0,1873.5,4.18,4.28,502,True
2275,ES,12,32,2024,4,vida nocturna,espectaculos,musica,galicia,ourense,281232.0,1488.0,3.7,4.15,660,True
2276,ES,12,36,2024,4,vida nocturna,espectaculos,musica,galicia,pontevedra,482442.0,1312.4,4.0,4.17,3092,True
2277,ES,04,07,2024,4,vida nocturna,espectaculos,musica,illes balears,illes balears,466845.23,1456.9,4.12,4.33,122452,True
2278,ES,17,26,2024,4,vida nocturna,espectaculos,musica,la rioja,la rioja,150766.75,1128.25,3.69,4.31,1866,True
2279,ES,16,01,2024,4,vida nocturna,espectaculos,musica,pais vasco,araba/alava,188946.0,789.0,3.82,4.41,1138,True
2280,ES,16,48,2024,4,vida nocturna,espectaculos,musica,pais vasco,bizkaia,808450.38,1186.62,4.21,4.31,5615,True
2281,ES,16,20,2024,4,vida nocturna,espectaculos,musica,pais vasco,gipuzkoa,88340.88,931.88,4.14,4.41,5503,True
2282,ES,03,33,2024,4,vida nocturna,espectaculos,musica,principado de asturias,asturias,253439.0,1165.0,4.18,4.35,9626,True
2283,ES,14,30,2024,4,vida nocturna,espectaculos,musica,region de murcia,murcia,1382196.0,1154.33,3.62,4.2,1488,True
2284,ES,01,04,2024,4,vida nocturna,espectaculos,musicales,andalucia,almeria,58968.0,1404.0,3.72,4.19,5362,True
2285,ES,01,11,2024,4,vida nocturna,espectaculos,musicales,andalucia,cadiz,222427.0,1286.5,4.08,4.26,2343,True
2286,ES,01,18,2024,4,vida nocturna,espectaculos,musicales,andalucia,granada,4401.0,1467.0,3.92,4.37,10900,True
2287,ES,01,29,2024,4,vida nocturna,espectaculos,musicales,andalucia,malaga,114935.0,635.0,4.3,4.43,56036,True
2288,ES,01,41,2024,4,vida nocturna,espectaculos,musicales,andalucia,sevilla,140.0,70.0,4.05,4.34,39053,True
2289,ES,02,50,2024,4,vida nocturna,espectaculos,musicales,aragon,zaragoza,54002.0,871.0,3.75,4.21,1614,True
2290,ES,05,35,2024,4,vida nocturna,espectaculos,musicales,canarias,las palmas,103025.5,529.5,4.24,4.28,129544,True
2291,ES,05,38,2024,4,vida nocturna,espectaculos,musicales,canarias,santa cruz de tenerife,8496.0,531.0,4.06,4.26,62671,True
2292,ES,08,02,2024,4,vida nocturna,espectaculos,musicales,castilla - la mancha,albacete,5808.0,176.0,4.21,4.15,573,True
2293,ES,07,37,2024,4,vida nocturna,espectaculos,musicales,castilla y leon,salamanca,374129.0,1843.0,3.66,4.17,3701,True
2294,ES,07,47,2024,4,vida nocturna,espectaculos,musicales,castilla y leon,valladolid,4465.5,101.5,4.01,4.06,1293,True
2295,ES,09,08,2024,4,vida nocturna,espectaculos,musicales,cataluna,barcelona,287090.6,1034.4,3.95,4.05,119743,True
2296,ES,09,17,2024,4,vida nocturna,espectaculos,musicales,cataluna,girona,26496.0,1152.0,3.8,4.24,12856,True
2297,ES,09,43,2024,4,vida nocturna,espectaculos,musicales,cataluna,tarragona,287222.0,1405.0,4.1,4.2,22730,True
2298,ES,13,28,2024,4,vida nocturna,espectaculos,musicales,comunidad de madrid,madrid,1106778.2,1213.0,3.85,4.1,100430,True
2299,ES,10,03,2024,4,vida nocturna,espectaculos,musicales,comunitat valenciana,alicante/alacant,42741.0,1583.0,4.03,4.28,84389,True
2300,ES,10,46,2024,4,vida nocturna,espectaculos,musicales,comunitat valenciana,valencia/valencia,27571.0,79.0,3.72,4.15,9307,True
2301,ES,11,06,2024,4,vida nocturna,espectaculos,musicales,extremadura,badajoz,31408.0,1963.0,4.31,4.29,2109,True
2302,ES,11,10,2024,4,vida nocturna,espectaculos,musicales,extremadura,caceres,13047.67,135.0,3.95,4.33,1377,True
2303,ES,12,27,2024,4,vida nocturna,espectaculos,musicales,galicia,lugo,19360.0,176.0,4.18,4.28,502,True
2304,ES,04,07,2024,4,vida nocturna,espectaculos,musicales,illes balears,illes balears,24106.0,709.0,4.12,4.33,122452,True
2305,ES,14,30,2024,4,vida nocturna,espectaculos,musicales,region de murcia,murcia,48585.0,856.33,3.62,4.2,1488,True
2306,ES,01,29,2024,4,paisaje naturaleza,espectaculos,parques tematicos,andalucia,malaga,61272.0,2553.0,4.44,4.43,109648,True
2307,ES,01,04,2024,5,paisaje naturaleza,actividades,actividades infantiles,andalucia,almeria,3116.0,441.5,4.32,4.19,23376,True
2308,ES,01,11,2024,5,paisaje naturaleza,actividades,actividades infantiles,andalucia,cadiz,56566.33,1259.33,4.27,4.26,12350,True
2309,ES,01,14,2024,5,paisaje naturaleza,actividades,actividades infantiles,andalucia,cordoba,95438.0,802.0,4.32,4.29,3767,True
2310,ES,01,18,2024,5,paisaje naturaleza,actividades,actividades infantiles,andalucia,granada,26509.67,1147.67,4.52,4.37,18492,True
2311,ES,01,23,2024,5,paisaje naturaleza,actividades,actividades infantiles,andalucia,jaen,12261.0,4087.0,4.44,4.33,4366,True
2312,ES,01,29,2024,5,paisaje naturaleza,actividades,actividades infantiles,andalucia,malaga,461881.5,1114.5,4.44,4.43,109648,True
2313,ES,01,41,2024,5,paisaje naturaleza,actividades,actividades infantiles,andalucia,sevilla,277864.0,1478.0,4.47,4.34,21476,True
2314,ES,02,50,2024,5,paisaje naturaleza,actividades,actividades infantiles,aragon,zaragoza,597195.0,577.0,4.36,4.21,5888,True
2315,ES,05,35,2024,5,paisaje naturaleza,actividades,actividades infantiles,canarias,las palmas,78503.0,303.67,4.34,4.28,200378,True
2316,ES,05,38,2024,5,paisaje naturaleza,actividades,actividades infantiles,canarias,santa cruz de tenerife,3492.0,342.0,4.31,4.26,190067,True
2317,ES,08,02,2024,5,paisaje naturaleza,actividades,actividades infantiles,castilla - la mancha,albacete,7568.0,176.0,4.38,4.15,3169,True
2318,ES,08,13,2024,5,paisaje naturaleza,actividades,actividades infantiles,castilla - la mancha,ciudad real,650.0,130.0,4.36,4.29,3026,True
2319,ES,08,45,2024,5,paisaje naturaleza,actividades,actividades infantiles,castilla - la mancha,toledo,74682.5,1878.5,4.16,4.18,1715,True
2320,ES,07,24,2024,5,paisaje naturaleza,actividades,actividades infantiles,castilla y leon,leon,66304.0,896.0,4.52,4.21,4506,True
2321,ES,07,47,2024,5,paisaje naturaleza,actividades,actividades infantiles,castilla y leon,valladolid,29535.0,140.0,4.18,4.06,8696,True
2322,ES,07,49,2024,5,paisaje naturaleza,actividades,actividades infantiles,castilla y leon,zamora,144239.0,2974.0,4.38,4.17,2116,True
2323,ES,09,08,2024,5,paisaje naturaleza,actividades,actividades infantiles,cataluna,barcelona,33614.36,669.79,4.13,4.05,200444,True
2324,ES,09,17,2024,5,paisaje naturaleza,actividades,actividades infantiles,cataluna,girona,70051.33,1074.33,4.38,4.24,61683,True
2325,ES,09,25,2024,5,paisaje naturaleza,actividades,actividades infantiles,cataluna,lleida,55287.0,1126.5,4.38,4.27,9898,True
2326,ES,09,43,2024,5,paisaje naturaleza,actividades,actividades infantiles,cataluna,tarragona,237111.0,1219.25,4.26,4.2,33701,True
2327,ES,13,28,2024,5,paisaje naturaleza,actividades,actividades infantiles,comunidad de madrid,madrid,145898.88,356.25,4.19,4.1,121795,True
2328,ES,15,31,2024,5,paisaje naturaleza,actividades,actividades infantiles,comunidad foral de navarra,navarra,528890.5,1844.0,4.33,4.23,7007,True
2329,ES,10,03,2024,5,paisaje naturaleza,actividades,actividades infantiles,comunitat valenciana,alicante/alacant,14944.5,1259.0,4.36,4.28,82424,True
2330,ES,10,12,2024,5,paisaje naturaleza,actividades,actividades infantiles,comunitat valenciana,castellon/castello,19552.0,1222.0,4.22,4.2,6934,True
2331,ES,10,46,2024,5,paisaje naturaleza,actividades,actividades infantiles,comunitat valenciana,valencia/valencia,999062.0,671.67,4.23,4.15,90776,True
2332,ES,11,10,2024,5,paisaje naturaleza,actividades,actividades infantiles,extremadura,caceres,5896.0,176.0,4.5,4.33,5814,True
2333,ES,12,15,2024,5,paisaje naturaleza,actividades,actividades infantiles,galicia,a coruna,7572.0,631.0,4.39,4.21,18974,True
2334,ES,12,27,2024,5,paisaje naturaleza,actividades,actividades infantiles,galicia,lugo,5456.0,176.0,4.57,4.28,8089,True
2335,ES,04,07,2024,5,paisaje naturaleza,actividades,actividades infantiles,illes balears,illes balears,464248.5,1689.38,4.42,4.33,203636,True
2336,ES,17,26,2024,5,paisaje naturaleza,actividades,actividades infantiles,la rioja,la rioja,1250.0,250.0,4.4,4.31,18300,True
2337,ES,16,01,2024,5,paisaje naturaleza,actividades,actividades infantiles,pais vasco,araba/alava,4294.0,318.5,4.66,4.41,11468,True
2338,ES,16,48,2024,5,paisaje naturaleza,actividades,actividades infantiles,pais vasco,bizkaia,326529.6,3830.4,4.38,4.31,7925,True
2339,ES,16,20,2024,5,paisaje naturaleza,actividades,actividades infantiles,pais vasco,gipuzkoa,9876.0,824.5,4.61,4.41,26976,True
2340,ES,14,30,2024,5,paisaje naturaleza,actividades,actividades infantiles,region de murcia,murcia,40376.0,103.0,4.4,4.2,2633,True
2341,ES,01,11,2024,5,servicios,actividades,cursos,andalucia,cadiz,26295.0,5259.0,4.74,4.26,39,True
2342,ES,01,29,2024,5,servicios,actividades,cursos,andalucia,malaga,214008.0,2892.0,4.62,4.43,51898,True
2343,ES,01,41,2024,5,servicios,actividades,cursos,andalucia,sevilla,43708.0,3122.0,4.06,4.34,4859,True
2344,ES,02,50,2024,5,servicios,actividades,cursos,aragon,zaragoza,442182.0,5669.0,4.05,4.21,61,True
2345,ES,05,35,2024,5,servicios,actividades,cursos,canarias,las palmas,343376.0,3902.0,3.72,4.28,2863,True
2346,ES,05,38,2024,5,servicios,actividades,cursos,canarias,santa cruz de tenerife,513.0,404.0,3.86,4.26,3753,True
2347,ES,09,08,2024,5,servicios,actividades,cursos,cataluna,barcelona,1569562.0,4142.67,4.03,4.05,159935,True
2348,ES,09,17,2024,5,servicios,actividades,cursos,cataluna,girona,450.0,150.0,3.82,4.24,1146,True
2349,ES,09,43,2024,5,servicios,actividades,cursos,cataluna,tarragona,10311.0,3437.0,3.44,4.2,9269,True
2350,ES,13,28,2024,5,servicios,actividades,cursos,comunidad de madrid,madrid,591265.67,6819.0,3.92,4.1,42370,True
2351,ES,15,31,2024,5,servicios,actividades,cursos,comunidad foral de navarra,navarra,300.0,150.0,1.93,4.23,108,True
2352,ES,10,46,2024,5,servicios,actividades,cursos,comunitat valenciana,valencia/valencia,2231628.0,17997.0,4.56,4.15,7124,True
2353,ES,12,27,2024,5,servicios,actividades,cursos,galicia,lugo,2475.0,825.0,4.19,4.28,560,True
2354,ES,04,07,2024,5,servicios,actividades,cursos,illes balears,illes balears,71893.5,1413.38,4.23,4.33,46354,True
2355,ES,17,26,2024,5,servicios,actividades,cursos,la rioja,la rioja,36144.0,3012.0,4.81,4.31,10,True
2356,ES,16,48,2024,5,servicios,actividades,cursos,pais vasco,bizkaia,158639.5,2669.5,4.03,4.31,13509,True
2357,ES,16,20,2024,5,servicios,actividades,cursos,pais vasco,gipuzkoa,750.0,750.0,3.84,4.41,140,True
2358,ES,03,33,2024,5,servicios,actividades,cursos,principado de asturias,asturias,800.0,400.0,3.91,4.35,2389,True
2359,ES,14,30,2024,5,servicios,actividades,cursos,region de murcia,murcia,132225.0,3075.0,2.83,4.2,6,True
2360,ES,01,29,2024,5,paisaje naturaleza,actividades,deportes y aventuras,andalucia,malaga,442711.5,1816.5,4.44,4.43,109648,True
2361,ES,02,50,2024,5,paisaje naturaleza,actividades,deportes y aventuras,aragon,zaragoza,66304.0,1184.0,4.36,4.21,5888,True
2362,ES,08,19,2024,5,paisaje naturaleza,actividades,deportes y aventuras,castilla - la mancha,guadalajara,1250.0,25.0,4.19,4.04,1303,True
2363,ES,07,47,2024,5,paisaje naturaleza,actividades,deportes y aventuras,castilla y leon,valladolid,490.0,245.0,4.18,4.06,8696,True
2364,ES,09,08,2024,5,paisaje naturaleza,actividades,deportes y aventuras,cataluna,barcelona,525010.29,720.14,4.13,4.05,200444,True
2365,ES,09,17,2024,5,paisaje naturaleza,actividades,deportes y aventuras,cataluna,girona,12440.0,40.0,4.38,4.24,61683,True
2366,ES,09,43,2024,5,paisaje naturaleza,actividades,deportes y aventuras,cataluna,tarragona,4300.0,50.0,4.26,4.2,33701,True
2367,ES,13,28,2024,5,paisaje naturaleza,actividades,deportes y aventuras,comunidad de madrid,madrid,352621.0,515.0,4.19,4.1,121795,True
2368,ES,15,31,2024,5,paisaje naturaleza,actividades,deportes y aventuras,comunidad foral de navarra,navarra,394348.0,2562.0,4.33,4.23,7007,True
2369,ES,10,03,2024,5,paisaje naturaleza,actividades,deportes y aventuras,comunitat valenciana,alicante/alacant,1715.33,342.33,4.36,4.28,82424,True
2370,ES,10,12,2024,5,paisaje naturaleza,actividades,deportes y aventuras,comunitat valenciana,castellon/castello,76194.0,1494.0,4.22,4.2,6934,True
2371,ES,10,46,2024,5,paisaje naturaleza,actividades,deportes y aventuras,comunitat valenciana,valencia/valencia,2160.0,60.0,4.23,4.15,90776,True
2372,ES,11,06,2024,5,paisaje naturaleza,actividades,deportes y aventuras,extremadura,badajoz,2835.0,105.0,4.4,4.29,1116,True
2373,ES,11,10,2024,5,paisaje naturaleza,actividades,deportes y aventuras,extremadura,caceres,181203.0,969.0,4.5,4.33,5814,True
2374,ES,12,36,2024,5,paisaje naturaleza,actividades,deportes y aventuras,galicia,pontevedra,500.0,250.0,4.29,4.17,15699,True
2375,ES,04,07,2024,5,paisaje naturaleza,actividades,deportes y aventuras,illes balears,illes balears,112820.0,948.5,4.42,4.33,203636,True
2376,ES,17,26,2024,5,paisaje naturaleza,actividades,deportes y aventuras,la rioja,la rioja,151294.0,1058.0,4.4,4.31,18300,True
2377,ES,16,01,2024,5,paisaje naturaleza,actividades,deportes y aventuras,pais vasco,araba/alava,18858.0,449.0,4.66,4.41,11468,True
2378,ES,16,48,2024,5,paisaje naturaleza,actividades,deportes y aventuras,pais vasco,bizkaia,1877577.33,831.0,4.38,4.31,7925,True
2379,ES,16,20,2024,5,paisaje naturaleza,actividades,deportes y aventuras,pais vasco,gipuzkoa,406515.5,2870.5,4.61,4.41,26976,True
2380,ES,03,33,2024,5,paisaje naturaleza,actividades,deportes y aventuras,principado de asturias,asturias,18664.0,9332.0,4.42,4.35,44006,True
2381,ES,01,11,2024,5,comida y bebida,actividades,gastronomia,andalucia,cadiz,211900.5,4015.5,4.57,4.26,47,True
2382,ES,01,29,2024,5,comida y bebida,actividades,gastronomia,andalucia,malaga,146437.0,761.5,4.84,4.43,1395,True
2383,ES,01,41,2024,5,comida y bebida,actividades,gastronomia,andalucia,sevilla,15504.0,114.0,4.76,4.34,8170,True
2384,ES,02,50,2024,5,comida y bebida,actividades,gastronomia,aragon,zaragoza,11375.0,65.0,4.03,4.21,35,True
2385,ES,05,35,2024,5,comida y bebida,actividades,gastronomia,canarias,las palmas,16468.0,895.0,3.71,4.28,443,True
2386,ES,05,38,2024,5,comida y bebida,actividades,gastronomia,canarias,santa cruz de tenerife,17556.0,154.0,4.31,4.26,72,True
2387,ES,08,02,2024,5,comida y bebida,actividades,gastronomia,castilla - la mancha,albacete,189.0,945.0,4.88,4.15,33,True
2388,ES,09,08,2024,5,comida y bebida,actividades,gastronomia,cataluna,barcelona,166858.67,1605.17,4.67,4.05,3911,True
2389,ES,09,17,2024,5,comida y bebida,actividades,gastronomia,cataluna,girona,103983.0,1321.5,4.57,4.24,183,True
2390,ES,13,28,2024,5,comida y bebida,actividades,gastronomia,comunidad de madrid,madrid,148896.0,2068.0,4.71,4.1,5856,True
2391,ES,10,03,2024,5,comida y bebida,actividades,gastronomia,comunitat valenciana,alicante/alacant,96408.0,824.0,4.52,4.28,760,True
2392,ES,10,46,2024,5,comida y bebida,actividades,gastronomia,comunitat valenciana,valencia/valencia,92370.0,532.0,4.79,4.15,369,True
2393,ES,04,07,2024,5,comida y bebida,actividades,gastronomia,illes balears,illes balears,168433.8,3975.8,4.86,4.33,2196,True
2394,ES,17,26,2024,5,comida y bebida,actividades,gastronomia,la rioja,la rioja,36144.0,3012.0,4.62,4.31,110,True
2395,ES,01,04,2024,5,vida nocturna,espectaculos,cine,andalucia,almeria,4768.0,596.0,3.72,4.19,5362,True
2396,ES,01,11,2024,5,vida nocturna,espectaculos,cine,andalucia,cadiz,10980.0,305.0,4.08,4.26,2343,True
2397,ES,01,41,2024,5,vida nocturna,espectaculos,cine,andalucia,sevilla,11280.0,60.0,4.05,4.34,39053,True
2398,ES,09,08,2024,5,vida nocturna,espectaculos,cine,cataluna,barcelona,108333.5,398.5,3.95,4.05,119743,True
2399,ES,09,17,2024,5,vida nocturna,espectaculos,cine,cataluna,girona,120.0,40.0,3.8,4.24,12856,True
2400,ES,13,28,2024,5,vida nocturna,espectaculos,cine,comunidad de madrid,madrid,124218.0,618.0,3.85,4.1,100430,True
2401,ES,10,03,2024,5,vida nocturna,espectaculos,cine,comunitat valenciana,alicante/alacant,1000.0,50.0,4.03,4.28,84389,True
2402,ES,12,36,2024,5,vida nocturna,espectaculos,cine,galicia,pontevedra,8001.0,2667.0,4.0,4.17,3092,True
2403,ES,04,07,2024,5,vida nocturna,espectaculos,cine,illes balears,illes balears,59894.33,973.33,4.12,4.33,122452,True
2404,ES,16,20,2024,5,vida nocturna,espectaculos,cine,pais vasco,gipuzkoa,15501.25,403.25,4.14,4.41,5503,True
2405,ES,03,33,2024,5,vida nocturna,espectaculos,cine,principado de asturias,asturias,582.0,97.0,4.18,4.35,9626,True
2406,ES,01,14,2024,5,otros,espectaculos,conferencias,andalucia,cordoba,18260.0,55.0,4.46,4.29,478,True
2407,ES,01,29,2024,5,otros,espectaculos,conferencias,andalucia,malaga,306832.0,1016.0,4.25,4.43,1156,True
2408,ES,01,41,2024,5,otros,espectaculos,conferencias,andalucia,sevilla,14856.0,619.0,3.68,4.34,431,True
2409,ES,02,50,2024,5,otros,espectaculos,conferencias,aragon,zaragoza,96947.0,3343.0,3.75,4.21,158,True
2410,ES,05,35,2024,5,otros,espectaculos,conferencias,canarias,las palmas,171142.5,618.5,4.32,4.28,176,True
2411,ES,09,08,2024,5,otros,espectaculos,conferencias,cataluna,barcelona,26378.0,1199.0,3.9,4.05,2019,True
2412,ES,09,43,2024,5,otros,espectaculos,conferencias,cataluna,tarragona,6400.0,400.0,4.01,4.2,1769,True
2413,ES,13,28,2024,5,otros,espectaculos,conferencias,comunidad de madrid,madrid,217464.0,4264.0,3.97,4.1,1624,True
2414,ES,10,46,2024,5,otros,espectaculos,conferencias,comunitat valenciana,valencia/valencia,652014.0,2442.0,4.49,4.15,621,True
2415,ES,04,07,2024,5,otros,espectaculos,conferencias,illes balears,illes balears,7245.0,63.0,4.21,4.33,296,True
2416,ES,03,33,2024,5,otros,espectaculos,conferencias,principado de asturias,asturias,3200.0,100.0,4.4,4.35,92,True
2417,ES,01,04,2024,5,paisaje urbano,espectaculos,"cultura, teatro y danza",andalucia,almeria,191052.5,691.25,4.25,4.19,14318,True
2418,ES,01,11,2024,5,paisaje urbano,espectaculos,"cultura, teatro y danza",andalucia,cadiz,48366.17,775.67,4.35,4.26,8809,True
2419,ES,01,14,2024,5,paisaje urbano,espectaculos,"cultura, teatro y danza",andalucia,cordoba,50116.5,469.5,4.3,4.29,93962,True
2420,ES,01,18,2024,5,paisaje urbano,espectaculos,"cultura, teatro y danza",andalucia,granada,176897.0,443.0,4.35,4.37,153042,True
2421,ES,01,23,2024,5,paisaje urbano,espectaculos,"cultura, teatro y danza",andalucia,jaen,34658.0,1333.0,4.3,4.33,16236,True
2422,ES,01,29,2024,5,paisaje urbano,espectaculos,"cultura, teatro y danza",andalucia,malaga,78965.0,2577.5,4.43,4.43,158253,True
2423,ES,01,41,2024,5,paisaje urbano,espectaculos,"cultura, teatro y danza",andalucia,sevilla,839421.67,543.67,4.41,4.34,218279,True
2424,ES,02,22,2024,5,paisaje urbano,espectaculos,"cultura, teatro y danza",aragon,huesca,387045.0,549.0,4.12,4.25,10916,True
2425,ES,02,50,2024,5,paisaje urbano,espectaculos,"cultura, teatro y danza",aragon,zaragoza,1457437.5,1336.0,4.34,4.21,41352,True
2426,ES,05,35,2024,5,paisaje urbano,espectaculos,"cultura, teatro y danza",canarias,las palmas,242314.67,660.89,4.27,4.28,51395,True
2427,ES,05,38,2024,5,paisaje urbano,espectaculos,"cultura, teatro y danza",canarias,santa cruz de tenerife,231603.67,1177.33,4.28,4.26,66584,True
2428,ES,06,39,2024,5,paisaje urbano,espectaculos,"cultura, teatro y danza",cantabria,cantabria,20152.0,1145.0,4.28,4.27,27507,True
2429,ES,08,02,2024,5,paisaje urbano,espectaculos,"cultura, teatro y danza",castilla - la mancha,albacete,135405.0,1188.5,4.09,4.15,3663,True
2430,ES,08,16,2024,5,paisaje urbano,espectaculos,"cultura, teatro y danza",castilla - la mancha,cuenca,5390.0,770.0,4.27,4.19,13771,True
2431,ES,08,45,2024,5,paisaje urbano,espectaculos,"cultura, teatro y danza",castilla - la mancha,toledo,43591.33,689.67,4.19,4.18,55769,True
2432,ES,07,24,2024,5,paisaje urbano,espectaculos,"cultura, teatro y danza",castilla y leon,leon,440.0,220.0,4.22,4.21,19169,True
2433,ES,07,34,2024,5,paisaje urbano,espectaculos,"cultura, teatro y danza",castilla y leon,palencia,4048.0,1265.0,4.45,4.35,4984,True
2434,ES,07,37,2024,5,paisaje urbano,espectaculos,"cultura, teatro y danza",castilla y leon,salamanca,114651.33,492.0,4.24,4.17,31972,True
2435,ES,07,47,2024,5,paisaje urbano,espectaculos,"cultura, teatro y danza",castilla y leon,valladolid,142549.4,713.8,4.14,4.06,13695,True
2436,ES,07,49,2024,5,paisaje urbano,espectaculos,"cultura, teatro y danza",castilla y leon,zamora,241824.0,2748.0,4.19,4.17,5872,True
2437,ES,09,08,2024,5,paisaje urbano,espectaculos,"cultura, teatro y danza",cataluna,barcelona,547319.82,642.41,4.07,4.05,732080,True
2438,ES,09,17,2024,5,paisaje urbano,espectaculos,"cultura, teatro y danza",cataluna,girona,120412.4,729.2,4.24,4.24,50915,True
2439,ES,09,25,2024,5,paisaje urbano,espectaculos,"cultura, teatro y danza",cataluna,lleida,3435.0,75.0,4.29,4.27,7171,True
2440,ES,09,43,2024,5,paisaje urbano,espectaculos,"cultura, teatro y danza",cataluna,tarragona,141287.17,1241.5,4.23,4.2,53439,True
2441,ES,18,51,2024,5,paisaje urbano,espectaculos,"cultura, teatro y danza",ceuta,ceuta,101052.0,802.0,0.0,0.0,0,False
2442,ES,13,28,2024,5,paisaje urbano,espectaculos,"cultura, teatro y danza",comunidad de madrid,madrid,2418043.0,757.86,4.15,4.1,458466,True
2443,ES,15,31,2024,5,paisaje urbano,espectaculos,"cultura, teatro y danza",comunidad foral de navarra,navarra,103149.0,1413.0,4.25,4.23,19680,True
2444,ES,10,03,2024,5,paisaje urbano,espectaculos,"cultura, teatro y danza",comunitat valenciana,alicante/alacant,274782.33,1096.0,4.28,4.28,67888,True
2445,ES,10,12,2024,5,paisaje urbano,espectaculos,"cultura, teatro y danza",comunitat valenciana,castellon/castello,44692.0,842.0,4.14,4.2,13212,True
2446,ES,10,46,2024,5,paisaje urbano,espectaculos,"cultura, teatro y danza",comunitat valenciana,valencia/valencia,954172.2,793.0,4.25,4.15,114505,True
2447,ES,11,06,2024,5,paisaje urbano,espectaculos,"cultura, teatro y danza",extremadura,badajoz,25877.5,117.5,4.26,4.29,18348,True
2448,ES,11,10,2024,5,paisaje urbano,espectaculos,"cultura, teatro y danza",extremadura,caceres,5392.25,325.0,4.31,4.33,23514,True
2449,ES,12,15,2024,5,paisaje urbano,espectaculos,"cultura, teatro y danza",galicia,a coruna,72186.0,681.0,4.26,4.21,50198,True
2450,ES,12,27,2024,5,paisaje urbano,espectaculos,"cultura, teatro y danza",galicia,lugo,5228.0,1338.0,4.33,4.28,8872,True
2451,ES,12,36,2024,5,paisaje urbano,espectaculos,"cultura, teatro y danza",galicia,pontevedra,33853.0,97.0,4.07,4.17,15892,True
2452,ES,04,07,2024,5,paisaje urbano,espectaculos,"cultura, teatro y danza",illes balears,illes balears,142122.06,797.5,4.21,4.33,107418,True
2453,ES,17,26,2024,5,paisaje urbano,espectaculos,"cultura, teatro y danza",la rioja,la rioja,154484.67,2079.0,4.29,4.31,11493,True
2454,ES,16,01,2024,5,paisaje urbano,espectaculos,"cultura, teatro y danza",pais vasco,araba/alava,334611.0,729.0,4.46,4.41,7811,True
2455,ES,16,48,2024,5,paisaje urbano,espectaculos,"cultura, teatro y danza",pais vasco,bizkaia,76028.0,931.5,4.38,4.31,56425,True
2456,ES,16,20,2024,5,paisaje urbano,espectaculos,"cultura, teatro y danza",pais vasco,gipuzkoa,35694.83,583.67,4.43,4.41,26949,True
2457,ES,03,33,2024,5,paisaje urbano,espectaculos,"cultura, teatro y danza",principado de asturias,asturias,4650.0,150.0,4.37,4.35,40762,True
2458,ES,14,30,2024,5,paisaje urbano,espectaculos,"cultura, teatro y danza",region de murcia,murcia,30191.75,1200.25,4.32,4.2,9308,True
2459,ES,02,50,2024,5,compras,espectaculos,ferias,aragon,zaragoza,96768.0,4608.0,4.41,4.21,3119,True
2460,ES,13,28,2024,5,compras,espectaculos,ferias,comunidad de madrid,madrid,217464.0,4264.0,3.83,4.1,89796,True
2461,ES,10,46,2024,5,compras,espectaculos,ferias,comunitat valenciana,valencia/valencia,399552.0,4162.0,3.72,4.15,81279,True
2462,ES,01,18,2024,5,paisaje urbano,espectaculos,museo y exposiciones,andalucia,granada,1200.0,120.0,4.35,4.37,153042,True
2463,ES,01,41,2024,5,paisaje urbano,espectaculos,museo y exposiciones,andalucia,sevilla,1920.0,702.5,4.41,4.34,218279,True
2464,ES,02,50,2024,5,paisaje urbano,espectaculos,museo y exposiciones,aragon,zaragoza,92916.0,348.0,4.34,4.21,41352,True
2465,ES,08,45,2024,5,paisaje urbano,espectaculos,museo y exposiciones,castilla - la mancha,toledo,122176.0,736.0,4.19,4.18,55769,True
2466,ES,07,37,2024,5,paisaje urbano,espectaculos,museo y exposiciones,castilla y leon,salamanca,134068.0,277.0,4.24,4.17,31972,True
2467,ES,09,08,2024,5,paisaje urbano,espectaculos,museo y exposiciones,cataluna,barcelona,78706.0,1334.0,4.07,4.05,732080,True
2468,ES,09,43,2024,5,paisaje urbano,espectaculos,museo y exposiciones,cataluna,tarragona,94428.0,1548.0,4.23,4.2,53439,True
2469,ES,10,46,2024,5,paisaje urbano,espectaculos,museo y exposiciones,comunitat valenciana,valencia/valencia,100.0,100.0,4.25,4.15,114505,True
2470,ES,04,07,2024,5,paisaje urbano,espectaculos,museo y exposiciones,illes balears,illes balears,7770.0,518.0,4.21,4.33,107418,True
2471,ES,16,48,2024,5,paisaje urbano,espectaculos,museo y exposiciones,pais vasco,bizkaia,34595.0,935.0,4.38,4.31,56425,True
2472,ES,01,04,2024,5,vida nocturna,espectaculos,musica,andalucia,almeria,123170.5,748.0,3.72,4.19,5362,True
2473,ES,01,11,2024,5,vida nocturna,espectaculos,musica,andalucia,cadiz,205583.33,734.78,4.08,4.26,2343,True
2474,ES,01,14,2024,5,vida nocturna,espectaculos,musica,andalucia,cordoba,208425.0,1191.0,4.3,4.29,1908,True
2475,ES,01,18,2024,5,vida nocturna,espectaculos,musica,andalucia,granada,87644.71,1005.29,3.92,4.37,10900,True
2476,ES,01,21,2024,5,vida nocturna,espectaculos,musica,andalucia,huelva,230706.0,1831.0,4.03,4.11,1623,True
2477,ES,01,23,2024,5,vida nocturna,espectaculos,musica,andalucia,jaen,124583.5,1284.75,4.0,4.33,992,True
2478,ES,01,29,2024,5,vida nocturna,espectaculos,musica,andalucia,malaga,1272655.71,1863.86,4.3,4.43,56036,True
2479,ES,01,41,2024,5,vida nocturna,espectaculos,musica,andalucia,sevilla,962684.0,1000.4,4.05,4.34,39053,True
2480,ES,02,22,2024,5,vida nocturna,espectaculos,musica,aragon,huesca,69673.0,572.5,3.85,4.25,1293,True
2481,ES,02,44,2024,5,vida nocturna,espectaculos,musica,aragon,teruel,81638.67,2070.0,4.35,4.28,950,True
2482,ES,02,50,2024,5,vida nocturna,espectaculos,musica,aragon,zaragoza,150329.75,691.0,3.75,4.21,1614,True
2483,ES,05,35,2024,5,vida nocturna,espectaculos,musica,canarias,las palmas,546690.3,1365.9,4.24,4.28,129544,True
2484,ES,05,38,2024,5,vida nocturna,espectaculos,musica,canarias,santa cruz de tenerife,188626.44,1983.33,4.06,4.26,62671,True
2485,ES,06,39,2024,5,vida nocturna,espectaculos,musica,cantabria,cantabria,401353.0,811.67,4.02,4.27,5819,True
2486,ES,08,02,2024,5,vida nocturna,espectaculos,musica,castilla - la mancha,albacete,156401.5,2609.0,4.21,4.15,573,True
2487,ES,08,13,2024,5,vida nocturna,espectaculos,musica,castilla - la mancha,ciudad real,19057.6,1270.0,4.17,4.29,385,True
2488,ES,08,16,2024,5,vida nocturna,espectaculos,musica,castilla - la mancha,cuenca,663804.5,1401.5,3.91,4.19,760,True
2489,ES,08,45,2024,5,vida nocturna,espectaculos,musica,castilla - la mancha,toledo,72789.67,3716.67,3.99,4.18,434,True
2490,ES,07,09,2024,5,vida nocturna,espectaculos,musica,castilla y leon,burgos,35178.0,940.5,3.95,4.28,970,True
2491,ES,07,24,2024,5,vida nocturna,espectaculos,musica,castilla y leon,leon,79019.5,1221.5,3.97,4.21,1480,True
2492,ES,07,34,2024,5,vida nocturna,espectaculos,musica,castilla y leon,palencia,3470.5,756.0,4.23,4.35,379,True
2493,ES,07,37,2024,5,vida nocturna,espectaculos,musica,castilla y leon,salamanca,211065.0,1036.0,3.66,4.17,3701,True
2494,ES,07,40,2024,5,vida nocturna,espectaculos,musica,castilla y leon,segovia,12298.5,849.5,3.91,4.07,263,True
2495,ES,07,42,2024,5,vida nocturna,espectaculos,musica,castilla y leon,soria,7758.0,1293.0,4.2,3.97,154,True
2496,ES,07,47,2024,5,vida nocturna,espectaculos,musica,castilla y leon,valladolid,30689.29,870.86,4.01,4.06,1293,True
2497,ES,07,49,2024,5,vida nocturna,espectaculos,musica,castilla y leon,zamora,169320.33,1249.0,4.27,4.17,462,True
2498,ES,09,08,2024,5,vida nocturna,espectaculos,musica,cataluna,barcelona,983190.43,1174.76,3.95,4.05,119743,True
2499,ES,09,17,2024,5,vida nocturna,espectaculos,musica,cataluna,girona,66608.62,1264.81,3.8,4.24,12856,True
2500,ES,09,25,2024,5,vida nocturna,espectaculos,musica,cataluna,lleida,96575.12,849.12,3.84,4.27,1184,True
2501,ES,09,43,2024,5,vida nocturna,espectaculos,musica,cataluna,tarragona,136898.93,1403.57,4.1,4.2,22730,True
2502,ES,18,51,2024,5,vida nocturna,espectaculos,musica,ceuta,ceuta,15564.0,1297.0,0.0,0.0,0,False
2503,ES,13,28,2024,5,vida nocturna,espectaculos,musica,comunidad de madrid,madrid,2526615.25,766.35,3.85,4.1,100430,True
2504,ES,15,31,2024,5,vida nocturna,espectaculos,musica,comunidad foral de navarra,navarra,2319596.6,1805.4,3.72,4.23,2565,True
2505,ES,10,03,2024,5,vida nocturna,espectaculos,musica,comunitat valenciana,alicante/alacant,327354.94,1724.31,4.03,4.28,84389,True
2506,ES,10,12,2024,5,vida nocturna,espectaculos,musica,comunitat valenciana,castellon/castello,118636.6,1296.4,3.88,4.2,2406,True
2507,ES,10,46,2024,5,vida nocturna,espectaculos,musica,comunitat valenciana,valencia/valencia,320515.94,1608.81,3.72,4.15,9307,True
2508,ES,11,06,2024,5,vida nocturna,espectaculos,musica,extremadura,badajoz,200784.2,500.0,4.31,4.29,2109,True
2509,ES,11,10,2024,5,vida nocturna,espectaculos,musica,extremadura,caceres,5758.67,658.0,3.95,4.33,1377,True
2510,ES,12,15,2024,5,vida nocturna,espectaculos,musica,galicia,a coruna,386137.0,1097.0,3.74,4.21,5653,True
2511,ES,12,27,2024,5,vida nocturna,espectaculos,musica,galicia,lugo,33942.2,1324.2,4.18,4.28,502,True
2512,ES,12,32,2024,5,vida nocturna,espectaculos,musica,galicia,ourense,71995.0,1309.0,3.7,4.15,660,True
2513,ES,12,36,2024,5,vida nocturna,espectaculos,musica,galicia,pontevedra,279840.5,643.25,4.0,4.17,3092,True
2514,ES,04,07,2024,5,vida nocturna,espectaculos,musica,illes balears,illes balears,816501.6,1549.88,4.12,4.33,122452,True
2515,ES,17,26,2024,5,vida nocturna,espectaculos,musica,la rioja,la rioja,145615.25,1678.25,3.69,4.31,1866,True
2516,ES,16,01,2024,5,vida nocturna,espectaculos,musica,pais vasco,araba/alava,243528.0,1112.0,3.82,4.41,1138,True
2517,ES,16,48,2024,5,vida nocturna,espectaculos,musica,pais vasco,bizkaia,611263.0,1052.25,4.21,4.31,5615,True
2518,ES,16,20,2024,5,vida nocturna,espectaculos,musica,pais vasco,gipuzkoa,135200.1,827.4,4.14,4.41,5503,True
2519,ES,03,33,2024,5,vida nocturna,espectaculos,musica,principado de asturias,asturias,227407.86,1221.29,4.18,4.35,9626,True
2520,ES,14,30,2024,5,vida nocturna,espectaculos,musica,region de murcia,murcia,41633.75,1081.25,3.62,4.2,1488,True
2521,ES,01,11,2024,5,vida nocturna,espectaculos,musicales,andalucia,cadiz,87455.0,1325.0,4.08,4.26,2343,True
2522,ES,01,14,2024,5,vida nocturna,espectaculos,musicales,andalucia,cordoba,95438.0,802.0,4.3,4.29,1908,True
2523,ES,01,18,2024,5,vida nocturna,espectaculos,musicales,andalucia,granada,1632.0,96.0,3.92,4.37,10900,True
2524,ES,01,29,2024,5,vida nocturna,espectaculos,musicales,andalucia,malaga,1140.0,57.0,4.3,4.43,56036,True
2525,ES,01,41,2024,5,vida nocturna,espectaculos,musicales,andalucia,sevilla,71568.0,504.0,4.05,4.34,39053,True
2526,ES,02,22,2024,5,vida nocturna,espectaculos,musicales,aragon,huesca,387045.0,549.0,3.85,4.25,1293,True
2527,ES,02,50,2024,5,vida nocturna,espectaculos,musicales,aragon,zaragoza,546271.0,937.0,3.75,4.21,1614,True
2528,ES,05,35,2024,5,vida nocturna,espectaculos,musicales,canarias,las palmas,251835.5,458.5,4.24,4.28,129544,True
2529,ES,05,38,2024,5,vida nocturna,espectaculos,musicales,canarias,santa cruz de tenerife,33308.0,757.0,4.06,4.26,62671,True
2530,ES,08,02,2024,5,vida nocturna,espectaculos,musicales,castilla - la mancha,albacete,7568.0,176.0,4.21,4.15,573,True
2531,ES,07,24,2024,5,vida nocturna,espectaculos,musicales,castilla y leon,leon,440.0,220.0,3.97,4.21,1480,True
2532,ES,07,37,2024,5,vida nocturna,espectaculos,musicales,castilla y leon,salamanca,139545.0,1329.0,3.66,4.17,3701,True
2533,ES,07,47,2024,5,vida nocturna,espectaculos,musicales,castilla y leon,valladolid,1400.0,100.0,4.01,4.06,1293,True
2534,ES,09,08,2024,5,vida nocturna,espectaculos,musicales,cataluna,barcelona,336117.71,577.0,3.95,4.05,119743,True
2535,ES,09,43,2024,5,vida nocturna,espectaculos,musicales,cataluna,tarragona,619812.0,1913.0,4.1,4.2,22730,True
2536,ES,13,28,2024,5,vida nocturna,espectaculos,musicales,comunidad de madrid,madrid,591496.5,536.25,3.85,4.1,100430,True
2537,ES,10,03,2024,5,vida nocturna,espectaculos,musicales,comunitat valenciana,alicante/alacant,46480.0,70.0,4.03,4.28,84389,True
2538,ES,10,46,2024,5,vida nocturna,espectaculos,musicales,comunitat valenciana,valencia/valencia,190092.0,1022.0,3.72,4.15,9307,True
2539,ES,11,06,2024,5,vida nocturna,espectaculos,musicales,extremadura,badajoz,51675.0,195.0,4.31,4.29,2109,True
2540,ES,11,10,2024,5,vida nocturna,espectaculos,musicales,extremadura,caceres,4040.67,127.33,3.95,4.33,1377,True
2541,ES,12,27,2024,5,vida nocturna,espectaculos,musicales,galicia,lugo,5456.0,176.0,4.18,4.28,502,True
2542,ES,04,07,2024,5,vida nocturna,espectaculos,musicales,illes balears,illes balears,30044.0,1073.0,4.12,4.33,122452,True
2543,ES,14,30,2024,5,vida nocturna,espectaculos,musicales,region de murcia,murcia,23720.0,1073.0,3.62,4.2,1488,True
2544,ES,01,04,2024,6,paisaje naturaleza,actividades,actividades infantiles,andalucia,almeria,13539.0,455.5,4.32,4.19,23376,True
2545,ES,01,11,2024,6,paisaje naturaleza,actividades,actividades infantiles,andalucia,cadiz,1678.0,191.33,4.27,4.26,12350,True
2546,ES,01,14,2024,6,paisaje naturaleza,actividades,actividades infantiles,andalucia,cordoba,2900.0,58.0,4.32,4.29,3767,True
2547,ES,01,18,2024,6,paisaje naturaleza,actividades,actividades infantiles,andalucia,granada,38094.5,1739.0,4.52,4.37,18492,True
2548,ES,01,21,2024,6,paisaje naturaleza,actividades,actividades infantiles,andalucia,huelva,400.0,200.0,4.12,4.11,8396,True
2549,ES,01,23,2024,6,paisaje naturaleza,actividades,actividades infantiles,andalucia,jaen,62784.0,3488.0,4.44,4.33,4366,True
2550,ES,01,29,2024,6,paisaje naturaleza,actividades,actividades infantiles,andalucia,malaga,58077.0,717.0,4.44,4.43,109648,True
2551,ES,01,41,2024,6,paisaje naturaleza,actividades,actividades infantiles,andalucia,sevilla,220988.0,2188.0,4.47,4.34,21476,True
2552,ES,02,22,2024,6,paisaje naturaleza,actividades,actividades infantiles,aragon,huesca,12208.0,838.0,4.56,4.25,17445,True
2553,ES,02,50,2024,6,paisaje naturaleza,actividades,actividades infantiles,aragon,zaragoza,14194.0,604.0,4.36,4.21,5888,True
2554,ES,05,35,2024,6,paisaje naturaleza,actividades,actividades infantiles,canarias,las palmas,4937.5,64.5,4.34,4.28,200378,True
2555,ES,05,38,2024,6,paisaje naturaleza,actividades,actividades infantiles,canarias,santa cruz de tenerife,720.0,30.0,4.31,4.26,190067,True
2556,ES,06,39,2024,6,paisaje naturaleza,actividades,actividades infantiles,cantabria,cantabria,1964.0,982.0,4.36,4.27,37946,True
2557,ES,08,02,2024,6,paisaje naturaleza,actividades,actividades infantiles,castilla - la mancha,albacete,31018.0,138.0,4.38,4.15,3169,True
2558,ES,08,13,2024,6,paisaje naturaleza,actividades,actividades infantiles,castilla - la mancha,ciudad real,1560.0,130.0,4.36,4.29,3026,True
2559,ES,08,45,2024,6,paisaje naturaleza,actividades,actividades infantiles,castilla - la mancha,toledo,96955.33,999.67,4.16,4.18,1715,True
2560,ES,07,24,2024,6,paisaje naturaleza,actividades,actividades infantiles,castilla y leon,leon,21022.0,847.33,4.52,4.21,4506,True
2561,ES,07,34,2024,6,paisaje naturaleza,actividades,actividades infantiles,castilla y leon,palencia,2880.0,45.0,4.36,4.35,398,True
2562,ES,07,42,2024,6,paisaje naturaleza,actividades,actividades infantiles,castilla y leon,soria,3534.0,1178.0,4.14,3.97,2792,True
2563,ES,07,47,2024,6,paisaje naturaleza,actividades,actividades infantiles,castilla y leon,valladolid,112627.25,2079.0,4.18,4.06,8696,True
2564,ES,07,49,2024,6,paisaje naturaleza,actividades,actividades infantiles,castilla y leon,zamora,8177.0,2405.0,4.38,4.17,2116,True
2565,ES,09,08,2024,6,paisaje naturaleza,actividades,actividades infantiles,cataluna,barcelona,191595.4,960.53,4.13,4.05,200444,True
2566,ES,09,17,2024,6,paisaje naturaleza,actividades,actividades infantiles,cataluna,girona,83827.33,1066.33,4.38,4.24,61683,True
2567,ES,09,25,2024,6,paisaje naturaleza,actividades,actividades infantiles,cataluna,lleida,37988.5,277.0,4.38,4.27,9898,True
2568,ES,09,43,2024,6,paisaje naturaleza,actividades,actividades infantiles,cataluna,tarragona,306684.5,586.0,4.26,4.2,33701,True
2569,ES,13,28,2024,6,paisaje naturaleza,actividades,actividades infantiles,comunidad de madrid,madrid,61143.25,1151.62,4.19,4.1,121795,True
2570,ES,15,31,2024,6,paisaje naturaleza,actividades,actividades infantiles,comunidad foral de navarra,navarra,903431.5,2732.0,4.33,4.23,7007,True
2571,ES,10,03,2024,6,paisaje naturaleza,actividades,actividades infantiles,comunitat valenciana,alicante/alacant,6103.33,1643.67,4.36,4.28,82424,True
2572,ES,10,46,2024,6,paisaje naturaleza,actividades,actividades infantiles,comunitat valenciana,valencia/valencia,185017.5,719.5,4.23,4.15,90776,True
2573,ES,11,10,2024,6,paisaje naturaleza,actividades,actividades infantiles,extremadura,caceres,4517.33,264.0,4.5,4.33,5814,True
2574,ES,12,15,2024,6,paisaje naturaleza,actividades,actividades infantiles,galicia,a coruna,122529.0,1551.0,4.39,4.21,18974,True
2575,ES,12,27,2024,6,paisaje naturaleza,actividades,actividades infantiles,galicia,lugo,549024.0,1204.0,4.57,4.28,8089,True
2576,ES,12,32,2024,6,paisaje naturaleza,actividades,actividades infantiles,galicia,ourense,3534.0,1178.0,4.42,4.15,1840,True
2577,ES,04,07,2024,6,paisaje naturaleza,actividades,actividades infantiles,illes balears,illes balears,150359.78,946.78,4.42,4.33,203636,True
2578,ES,17,26,2024,6,paisaje naturaleza,actividades,actividades infantiles,la rioja,la rioja,7520.0,80.0,4.4,4.31,18300,True
2579,ES,16,01,2024,6,paisaje naturaleza,actividades,actividades infantiles,pais vasco,araba/alava,18805.0,386.67,4.66,4.41,11468,True
2580,ES,16,48,2024,6,paisaje naturaleza,actividades,actividades infantiles,pais vasco,bizkaia,247278.33,5108.0,4.38,4.31,7925,True
2581,ES,16,20,2024,6,paisaje naturaleza,actividades,actividades infantiles,pais vasco,gipuzkoa,51919.0,461.67,4.61,4.41,26976,True
2582,ES,03,33,2024,6,paisaje naturaleza,actividades,actividades infantiles,principado de asturias,asturias,1060.0,1325.0,4.42,4.35,44006,True
2583,ES,14,30,2024,6,paisaje naturaleza,actividades,actividades infantiles,region de murcia,murcia,52632.0,1032.0,4.4,4.2,2633,True
2584,ES,01,11,2024,6,servicios,actividades,cursos,andalucia,cadiz,800.0,400.0,4.74,4.26,39,True
2585,ES,01,29,2024,6,servicios,actividades,cursos,andalucia,malaga,64592.0,2936.0,4.62,4.43,51898,True
2586,ES,05,35,2024,6,servicios,actividades,cursos,canarias,las palmas,54945.5,663.5,3.72,4.28,2863,True
2587,ES,05,38,2024,6,servicios,actividades,cursos,canarias,santa cruz de tenerife,13626.0,4542.0,3.86,4.26,3753,True
2588,ES,09,08,2024,6,servicios,actividades,cursos,cataluna,barcelona,78180.33,2420.67,4.03,4.05,159935,True
2589,ES,09,17,2024,6,servicios,actividades,cursos,cataluna,girona,7605.0,1521.0,3.82,4.24,1146,True
2590,ES,09,43,2024,6,servicios,actividades,cursos,cataluna,tarragona,6089.0,6089.0,3.44,4.2,9269,True
2591,ES,13,28,2024,6,servicios,actividades,cursos,comunidad de madrid,madrid,417846.2,2755.0,3.92,4.1,42370,True
2592,ES,10,46,2024,6,servicios,actividades,cursos,comunitat valenciana,valencia/valencia,9057.0,811.0,4.56,4.15,7124,True
2593,ES,12,36,2024,6,servicios,actividades,cursos,galicia,pontevedra,590.0,590.0,4.14,4.17,1424,True
2594,ES,04,07,2024,6,servicios,actividades,cursos,illes balears,illes balears,60154.5,1683.5,4.23,4.33,46354,True
2595,ES,16,01,2024,6,servicios,actividades,cursos,pais vasco,araba/alava,7056.0,588.0,5.0,4.41,18,True
2596,ES,16,48,2024,6,servicios,actividades,cursos,pais vasco,bizkaia,13966.0,1206.5,4.03,4.31,13509,True
2597,ES,14,30,2024,6,servicios,actividades,cursos,region de murcia,murcia,157915.0,31583.0,2.83,4.2,6,True
2598,ES,01,21,2024,6,paisaje naturaleza,actividades,deportes y aventuras,andalucia,huelva,200.0,200.0,4.12,4.11,8396,True
2599,ES,02,50,2024,6,paisaje naturaleza,actividades,deportes y aventuras,aragon,zaragoza,28242.0,2092.0,4.36,4.21,5888,True
2600,ES,05,35,2024,6,paisaje naturaleza,actividades,deportes y aventuras,canarias,las palmas,5500.0,500.0,4.34,4.28,200378,True
2601,ES,05,38,2024,6,paisaje naturaleza,actividades,deportes y aventuras,canarias,santa cruz de tenerife,90000.0,150.0,4.31,4.26,190067,True
2602,ES,08,16,2024,6,paisaje naturaleza,actividades,deportes y aventuras,castilla - la mancha,cuenca,5500.0,500.0,4.42,4.19,3251,True
2603,ES,08,19,2024,6,paisaje naturaleza,actividades,deportes y aventuras,castilla - la mancha,guadalajara,28302.0,267.0,4.19,4.04,1303,True
2604,ES,07,05,2024,6,paisaje naturaleza,actividades,deportes y aventuras,castilla y leon,avila,3719.0,7438.0,4.56,4.23,1874,True
2605,ES,07,37,2024,6,paisaje naturaleza,actividades,deportes y aventuras,castilla y leon,salamanca,990.0,110.0,4.39,4.17,3319,True
2606,ES,07,47,2024,6,paisaje naturaleza,actividades,deportes y aventuras,castilla y leon,valladolid,20150.0,3437.5,4.18,4.06,8696,True
2607,ES,09,08,2024,6,paisaje naturaleza,actividades,deportes y aventuras,cataluna,barcelona,1206.67,605.0,4.13,4.05,200444,True
2608,ES,09,17,2024,6,paisaje naturaleza,actividades,deportes y aventuras,cataluna,girona,72765.0,3465.0,4.38,4.24,61683,True
2609,ES,09,43,2024,6,paisaje naturaleza,actividades,deportes y aventuras,cataluna,tarragona,41370.67,862.67,4.26,4.2,33701,True
2610,ES,13,28,2024,6,paisaje naturaleza,actividades,deportes y aventuras,comunidad de madrid,madrid,82318.8,1672.2,4.19,4.1,121795,True
2611,ES,15,31,2024,6,paisaje naturaleza,actividades,deportes y aventuras,comunidad foral de navarra,navarra,214907.5,2825.0,4.33,4.23,7007,True
2612,ES,11,06,2024,6,paisaje naturaleza,actividades,deportes y aventuras,extremadura,badajoz,72946.0,738.5,4.4,4.29,1116,True
2613,ES,11,10,2024,6,paisaje naturaleza,actividades,deportes y aventuras,extremadura,caceres,348722.0,1441.0,4.5,4.33,5814,True
2614,ES,04,07,2024,6,paisaje naturaleza,actividades,deportes y aventuras,illes balears,illes balears,46154.5,1090.5,4.42,4.33,203636,True
2615,ES,16,01,2024,6,paisaje naturaleza,actividades,deportes y aventuras,pais vasco,araba/alava,53901.0,477.0,4.66,4.41,11468,True
2616,ES,16,48,2024,6,paisaje naturaleza,actividades,deportes y aventuras,pais vasco,bizkaia,125040.0,1563.0,4.38,4.31,7925,True
2617,ES,16,20,2024,6,paisaje naturaleza,actividades,deportes y aventuras,pais vasco,gipuzkoa,446986.33,2131.33,4.61,4.41,26976,True
2618,ES,03,33,2024,6,paisaje naturaleza,actividades,deportes y aventuras,principado de asturias,asturias,76659.0,3333.0,4.42,4.35,44006,True
2619,ES,01,11,2024,6,comida y bebida,actividades,gastronomia,andalucia,cadiz,96506.0,661.0,4.57,4.26,47,True
2620,ES,01,29,2024,6,comida y bebida,actividades,gastronomia,andalucia,malaga,215156.0,1444.0,4.84,4.43,1395,True
2621,ES,01,41,2024,6,comida y bebida,actividades,gastronomia,andalucia,sevilla,1041.0,1041.0,4.76,4.34,8170,True
2622,ES,02,22,2024,6,comida y bebida,actividades,gastronomia,aragon,huesca,20416.0,1276.0,4.6,4.25,40,True
2623,ES,02,50,2024,6,comida y bebida,actividades,gastronomia,aragon,zaragoza,4200.0,350.0,4.03,4.21,35,True
2624,ES,05,35,2024,6,comida y bebida,actividades,gastronomia,canarias,las palmas,106358.0,994.0,3.71,4.28,443,True
2625,ES,05,38,2024,6,comida y bebida,actividades,gastronomia,canarias,santa cruz de tenerife,1056.0,132.0,4.31,4.26,72,True
2626,ES,06,39,2024,6,comida y bebida,actividades,gastronomia,cantabria,cantabria,1964.0,982.0,4.65,4.27,26,True
2627,ES,07,24,2024,6,comida y bebida,actividades,gastronomia,castilla y leon,leon,5829.0,1092.5,4.94,4.21,231,True
2628,ES,07,42,2024,6,comida y bebida,actividades,gastronomia,castilla y leon,soria,3534.0,1178.0,4.5,3.97,4,True
2629,ES,09,08,2024,6,comida y bebida,actividades,gastronomia,cataluna,barcelona,128577.17,1058.33,4.67,4.05,3911,True
2630,ES,09,17,2024,6,comida y bebida,actividades,gastronomia,cataluna,girona,125103.0,2207.0,4.57,4.24,183,True
2631,ES,09,43,2024,6,comida y bebida,actividades,gastronomia,cataluna,tarragona,18500.0,500.0,4.67,4.2,481,True
2632,ES,13,28,2024,6,comida y bebida,actividades,gastronomia,comunidad de madrid,madrid,211562.0,2054.0,4.71,4.1,5856,True
2633,ES,15,31,2024,6,comida y bebida,actividades,gastronomia,comunidad foral de navarra,navarra,160.0,80.0,4.63,4.23,135,True
2634,ES,10,03,2024,6,comida y bebida,actividades,gastronomia,comunitat valenciana,alicante/alacant,26187.0,903.0,4.52,4.28,760,True
2635,ES,10,12,2024,6,comida y bebida,actividades,gastronomia,comunitat valenciana,castellon/castello,5802.0,967.0,0.0,0.0,0,False
2636,ES,10,46,2024,6,comida y bebida,actividades,gastronomia,comunitat valenciana,valencia/valencia,24341.0,390.5,4.79,4.15,369,True
2637,ES,12,15,2024,6,comida y bebida,actividades,gastronomia,galicia,a coruna,1800.0,120.0,4.21,4.21,75,True
2638,ES,12,32,2024,6,comida y bebida,actividades,gastronomia,galicia,ourense,3534.0,1178.0,0.0,0.0,0,False
2639,ES,04,07,2024,6,comida y bebida,actividades,gastronomia,illes balears,illes balears,419001.75,3609.25,4.86,4.33,2196,True
2640,ES,16,01,2024,6,comida y bebida,actividades,gastronomia,pais vasco,araba/alava,55335.0,1085.0,4.37,4.41,303,True
2641,ES,03,33,2024,6,comida y bebida,actividades,gastronomia,principado de asturias,asturias,854.0,716.5,4.33,4.35,124,True
2642,ES,14,30,2024,6,comida y bebida,actividades,gastronomia,region de murcia,murcia,23856.0,497.0,3.99,4.2,320,True
2643,ES,01,04,2024,6,vida nocturna,espectaculos,cine,andalucia,almeria,34336.0,592.0,3.72,4.19,5362,True
2644,ES,01,11,2024,6,vida nocturna,espectaculos,cine,andalucia,cadiz,2936.0,367.0,4.08,4.26,2343,True
2645,ES,01,41,2024,6,vida nocturna,espectaculos,cine,andalucia,sevilla,106128.0,603.0,4.05,4.34,39053,True
2646,ES,02,22,2024,6,vida nocturna,espectaculos,cine,aragon,huesca,4000.0,400.0,3.85,4.25,1293,True
2647,ES,08,45,2024,6,vida nocturna,espectaculos,cine,castilla - la mancha,toledo,2356.0,1178.0,3.99,4.18,434,True
2648,ES,07,47,2024,6,vida nocturna,espectaculos,cine,castilla y leon,valladolid,16268.5,556.5,4.01,4.06,1293,True
2649,ES,09,08,2024,6,vida nocturna,espectaculos,cine,cataluna,barcelona,31240.0,653.0,3.95,4.05,119743,True
2650,ES,09,17,2024,6,vida nocturna,espectaculos,cine,cataluna,girona,3458.0,494.0,3.8,4.24,12856,True
2651,ES,13,28,2024,6,vida nocturna,espectaculos,cine,comunidad de madrid,madrid,91653.0,450.5,3.85,4.1,100430,True
2652,ES,10,03,2024,6,vida nocturna,espectaculos,cine,comunitat valenciana,alicante/alacant,1547.5,102.5,4.03,4.28,84389,True
2653,ES,04,07,2024,6,vida nocturna,espectaculos,cine,illes balears,illes balears,18930.0,347.0,4.12,4.33,122452,True
2654,ES,16,20,2024,6,vida nocturna,espectaculos,cine,pais vasco,gipuzkoa,610.5,312.5,4.14,4.41,5503,True
2655,ES,01,14,2024,6,otros,espectaculos,conferencias,andalucia,cordoba,15290.0,55.0,4.46,4.29,478,True
2656,ES,01,18,2024,6,otros,espectaculos,conferencias,andalucia,granada,55080.0,680.0,4.48,4.37,161,True
2657,ES,01,29,2024,6,otros,espectaculos,conferencias,andalucia,malaga,29000.0,14500.0,4.25,4.43,1156,True
2658,ES,01,41,2024,6,otros,espectaculos,conferencias,andalucia,sevilla,10523.0,619.0,3.68,4.34,431,True
2659,ES,02,50,2024,6,otros,espectaculos,conferencias,aragon,zaragoza,557916.0,4894.0,3.75,4.21,158,True
2660,ES,05,35,2024,6,otros,espectaculos,conferencias,canarias,las palmas,12576.0,262.0,4.32,4.28,176,True
2661,ES,09,08,2024,6,otros,espectaculos,conferencias,cataluna,barcelona,8327.0,827.0,3.9,4.05,2019,True
2662,ES,13,28,2024,6,otros,espectaculos,conferencias,comunidad de madrid,madrid,117779.5,503.5,3.97,4.1,1624,True
2663,ES,10,46,2024,6,otros,espectaculos,conferencias,comunitat valenciana,valencia/valencia,368144.0,2422.0,4.49,4.15,621,True
2664,ES,12,36,2024,6,otros,espectaculos,conferencias,galicia,pontevedra,12978.0,63.0,4.43,4.17,119,True
2665,ES,14,30,2024,6,otros,espectaculos,conferencias,region de murcia,murcia,13600.0,100.0,3.14,4.2,7,True
2666,ES,01,04,2024,6,paisaje urbano,espectaculos,"cultura, teatro y danza",andalucia,almeria,194772.25,1312.0,4.25,4.19,14318,True
2667,ES,01,11,2024,6,paisaje urbano,espectaculos,"cultura, teatro y danza",andalucia,cadiz,87628.5,1791.0,4.35,4.26,8809,True
2668,ES,01,14,2024,6,paisaje urbano,espectaculos,"cultura, teatro y danza",andalucia,cordoba,23835.0,105.0,4.3,4.29,93962,True
2669,ES,01,18,2024,6,paisaje urbano,espectaculos,"cultura, teatro y danza",andalucia,granada,38187.0,344.0,4.35,4.37,153042,True
2670,ES,01,29,2024,6,paisaje urbano,espectaculos,"cultura, teatro y danza",andalucia,malaga,51508.0,470.0,4.43,4.43,158253,True
2671,ES,01,41,2024,6,paisaje urbano,espectaculos,"cultura, teatro y danza",andalucia,sevilla,782747.67,560.33,4.41,4.34,218279,True
2672,ES,02,22,2024,6,paisaje urbano,espectaculos,"cultura, teatro y danza",aragon,huesca,165558.0,1346.0,4.12,4.25,10916,True
2673,ES,02,50,2024,6,paisaje urbano,espectaculos,"cultura, teatro y danza",aragon,zaragoza,531553.0,1601.0,4.34,4.21,41352,True
2674,ES,05,35,2024,6,paisaje urbano,espectaculos,"cultura, teatro y danza",canarias,las palmas,286778.14,648.86,4.27,4.28,51395,True
2675,ES,05,38,2024,6,paisaje urbano,espectaculos,"cultura, teatro y danza",canarias,santa cruz de tenerife,135049.0,1051.67,4.28,4.26,66584,True
2676,ES,06,39,2024,6,paisaje urbano,espectaculos,"cultura, teatro y danza",cantabria,cantabria,95557.0,1309.0,4.28,4.27,27507,True
2677,ES,08,02,2024,6,paisaje urbano,espectaculos,"cultura, teatro y danza",castilla - la mancha,albacete,40932.0,1137.0,4.09,4.15,3663,True
2678,ES,08,19,2024,6,paisaje urbano,espectaculos,"cultura, teatro y danza",castilla - la mancha,guadalajara,127214.0,265.5,4.18,4.04,6159,True
2679,ES,08,45,2024,6,paisaje urbano,espectaculos,"cultura, teatro y danza",castilla - la mancha,toledo,225638.0,1589.0,4.19,4.18,55769,True
2680,ES,07,24,2024,6,paisaje urbano,espectaculos,"cultura, teatro y danza",castilla y leon,leon,40975.0,1639.0,4.22,4.21,19169,True
2681,ES,07,37,2024,6,paisaje urbano,espectaculos,"cultura, teatro y danza",castilla y leon,salamanca,26339.0,835.0,4.24,4.17,31972,True
2682,ES,07,47,2024,6,paisaje urbano,espectaculos,"cultura, teatro y danza",castilla y leon,valladolid,75181.75,1232.25,4.14,4.06,13695,True
2683,ES,07,49,2024,6,paisaje urbano,espectaculos,"cultura, teatro y danza",castilla y leon,zamora,219414.0,2262.0,4.19,4.17,5872,True
2684,ES,09,08,2024,6,paisaje urbano,espectaculos,"cultura, teatro y danza",cataluna,barcelona,618567.71,687.29,4.07,4.05,732080,True
2685,ES,09,17,2024,6,paisaje urbano,espectaculos,"cultura, teatro y danza",cataluna,girona,82003.5,376.5,4.24,4.24,50915,True
2686,ES,09,25,2024,6,paisaje urbano,espectaculos,"cultura, teatro y danza",cataluna,lleida,42899.33,884.0,4.29,4.27,7171,True
2687,ES,09,43,2024,6,paisaje urbano,espectaculos,"cultura, teatro y danza",cataluna,tarragona,34056.67,690.83,4.23,4.2,53439,True
2688,ES,18,51,2024,6,paisaje urbano,espectaculos,"cultura, teatro y danza",ceuta,ceuta,29596.0,604.0,0.0,0.0,0,False
2689,ES,13,28,2024,6,paisaje urbano,espectaculos,"cultura, teatro y danza",comunidad de madrid,madrid,200901.6,617.6,4.15,4.1,458466,True
2690,ES,10,03,2024,6,paisaje urbano,espectaculos,"cultura, teatro y danza",comunitat valenciana,alicante/alacant,273877.17,1528.17,4.28,4.28,67888,True
2691,ES,10,12,2024,6,paisaje urbano,espectaculos,"cultura, teatro y danza",comunitat valenciana,castellon/castello,279.0,31.0,4.14,4.2,13212,True
2692,ES,10,46,2024,6,paisaje urbano,espectaculos,"cultura, teatro y danza",comunitat valenciana,valencia/valencia,892195.0,929.33,4.25,4.15,114505,True
2693,ES,11,06,2024,6,paisaje urbano,espectaculos,"cultura, teatro y danza",extremadura,badajoz,351890.67,1840.33,4.26,4.29,18348,True
2694,ES,11,10,2024,6,paisaje urbano,espectaculos,"cultura, teatro y danza",extremadura,caceres,43369.0,589.0,4.31,4.33,23514,True
2695,ES,12,15,2024,6,paisaje urbano,espectaculos,"cultura, teatro y danza",galicia,a coruna,39168.0,544.0,4.26,4.21,50198,True
2696,ES,12,27,2024,6,paisaje urbano,espectaculos,"cultura, teatro y danza",galicia,lugo,7500.0,2500.0,4.33,4.28,8872,True
2697,ES,12,36,2024,6,paisaje urbano,espectaculos,"cultura, teatro y danza",galicia,pontevedra,1406235.33,1167.33,4.07,4.17,15892,True
2698,ES,04,07,2024,6,paisaje urbano,espectaculos,"cultura, teatro y danza",illes balears,illes balears,216520.25,882.75,4.21,4.33,107418,True
2699,ES,17,26,2024,6,paisaje urbano,espectaculos,"cultura, teatro y danza",la rioja,la rioja,126380.4,4991.6,4.29,4.31,11493,True
2700,ES,16,01,2024,6,paisaje urbano,espectaculos,"cultura, teatro y danza",pais vasco,araba/alava,130815.0,869.0,4.46,4.41,7811,True
2701,ES,16,48,2024,6,paisaje urbano,espectaculos,"cultura, teatro y danza",pais vasco,bizkaia,91336.25,315.75,4.38,4.31,56425,True
2702,ES,16,20,2024,6,paisaje urbano,espectaculos,"cultura, teatro y danza",pais vasco,gipuzkoa,62645.0,448.5,4.43,4.41,26949,True
2703,ES,03,33,2024,6,paisaje urbano,espectaculos,"cultura, teatro y danza",principado de asturias,asturias,600.0,100.0,4.37,4.35,40762,True
2704,ES,14,30,2024,6,paisaje urbano,espectaculos,"cultura, teatro y danza",region de murcia,murcia,36924.67,495.0,4.32,4.2,9308,True
2705,ES,02,50,2024,6,compras,espectaculos,ferias,aragon,zaragoza,557916.0,4894.0,4.41,4.21,3119,True
2706,ES,13,28,2024,6,compras,espectaculos,ferias,comunidad de madrid,madrid,224775.0,333.0,3.83,4.1,89796,True
2707,ES,10,46,2024,6,compras,espectaculos,ferias,comunitat valenciana,valencia/valencia,152514.0,4122.0,3.72,4.15,81279,True
2708,ES,01,04,2024,6,paisaje urbano,espectaculos,museo y exposiciones,andalucia,almeria,1760.0,440.0,4.25,4.19,14318,True
2709,ES,01,18,2024,6,paisaje urbano,espectaculos,museo y exposiciones,andalucia,granada,28158.0,114.0,4.35,4.37,153042,True
2710,ES,01,41,2024,6,paisaje urbano,espectaculos,museo y exposiciones,andalucia,sevilla,2730.0,130.0,4.41,4.34,218279,True
2711,ES,02,50,2024,6,paisaje urbano,espectaculos,museo y exposiciones,aragon,zaragoza,4550.0,364.0,4.34,4.21,41352,True
2712,ES,08,45,2024,6,paisaje urbano,espectaculos,museo y exposiciones,castilla - la mancha,toledo,9506.0,679.0,4.19,4.18,55769,True
2713,ES,07,37,2024,6,paisaje urbano,espectaculos,museo y exposiciones,castilla y leon,salamanca,7366.0,254.0,4.24,4.17,31972,True
2714,ES,09,08,2024,6,paisaje urbano,espectaculos,museo y exposiciones,cataluna,barcelona,5128.0,1282.0,4.07,4.05,732080,True
2715,ES,09,43,2024,6,paisaje urbano,espectaculos,museo y exposiciones,cataluna,tarragona,4257.0,129.0,4.23,4.2,53439,True
2716,ES,16,48,2024,6,paisaje urbano,espectaculos,museo y exposiciones,pais vasco,bizkaia,356076.0,942.0,4.38,4.31,56425,True
2717,ES,01,04,2024,6,vida nocturna,espectaculos,musica,andalucia,almeria,92391.75,2382.0,3.72,4.19,5362,True
2718,ES,01,11,2024,6,vida nocturna,espectaculos,musica,andalucia,cadiz,404865.14,1564.86,4.08,4.26,2343,True
2719,ES,01,14,2024,6,vida nocturna,espectaculos,musica,andalucia,cordoba,24027.5,677.5,4.3,4.29,1908,True
2720,ES,01,18,2024,6,vida nocturna,espectaculos,musica,andalucia,granada,66410.0,1207.38,3.92,4.37,10900,True
2721,ES,01,21,2024,6,vida nocturna,espectaculos,musica,andalucia,huelva,3614.0,1807.0,4.03,4.11,1623,True
2722,ES,01,23,2024,6,vida nocturna,espectaculos,musica,andalucia,jaen,132085.8,1866.4,4.0,4.33,992,True
2723,ES,01,29,2024,6,vida nocturna,espectaculos,musica,andalucia,malaga,290297.33,1064.33,4.3,4.43,56036,True
2724,ES,01,41,2024,6,vida nocturna,espectaculos,musica,andalucia,sevilla,1074937.33,1242.67,4.05,4.34,39053,True
2725,ES,02,22,2024,6,vida nocturna,espectaculos,musica,aragon,huesca,942744.33,2463.0,3.85,4.25,1293,True
2726,ES,02,44,2024,6,vida nocturna,espectaculos,musica,aragon,teruel,807160.5,2640.5,4.35,4.28,950,True
2727,ES,02,50,2024,6,vida nocturna,espectaculos,musica,aragon,zaragoza,61096.57,601.0,3.75,4.21,1614,True
2728,ES,05,35,2024,6,vida nocturna,espectaculos,musica,canarias,las palmas,413863.38,1702.62,4.24,4.28,129544,True
2729,ES,05,38,2024,6,vida nocturna,espectaculos,musica,canarias,santa cruz de tenerife,157216.4,1375.4,4.06,4.26,62671,True
2730,ES,06,39,2024,6,vida nocturna,espectaculos,musica,cantabria,cantabria,137349.0,1081.0,4.02,4.27,5819,True
2731,ES,08,02,2024,6,vida nocturna,espectaculos,musica,castilla - la mancha,albacete,160859.0,2158.0,4.21,4.15,573,True
2732,ES,08,13,2024,6,vida nocturna,espectaculos,musica,castilla - la mancha,ciudad real,86741.33,456.67,4.17,4.29,385,True
2733,ES,08,16,2024,6,vida nocturna,espectaculos,musica,castilla - la mancha,cuenca,1304212.5,1898.5,3.91,4.19,760,True
2734,ES,08,19,2024,6,vida nocturna,espectaculos,musica,castilla - la mancha,guadalajara,3348.0,237.0,3.23,4.04,447,True
2735,ES,08,45,2024,6,vida nocturna,espectaculos,musica,castilla - la mancha,toledo,98895.25,3174.75,3.99,4.18,434,True
2736,ES,07,09,2024,6,vida nocturna,espectaculos,musica,castilla y leon,burgos,35359.0,1365.0,3.95,4.28,970,True
2737,ES,07,24,2024,6,vida nocturna,espectaculos,musica,castilla y leon,leon,4082.75,869.0,3.97,4.21,1480,True
2738,ES,07,34,2024,6,vida nocturna,espectaculos,musica,castilla y leon,palencia,24839.0,849.0,4.23,4.35,379,True
2739,ES,07,37,2024,6,vida nocturna,espectaculos,musica,castilla y leon,salamanca,771131.5,806.0,3.66,4.17,3701,True
2740,ES,07,40,2024,6,vida nocturna,espectaculos,musica,castilla y leon,segovia,14340.0,478.0,3.91,4.07,263,True
2741,ES,07,42,2024,6,vida nocturna,espectaculos,musica,castilla y leon,soria,124075.33,822.67,4.2,3.97,154,True
2742,ES,07,47,2024,6,vida nocturna,espectaculos,musica,castilla y leon,valladolid,819057.0,1963.0,4.01,4.06,1293,True
2743,ES,07,49,2024,6,vida nocturna,espectaculos,musica,castilla y leon,zamora,1113282.0,1461.0,4.27,4.17,462,True
2744,ES,09,08,2024,6,vida nocturna,espectaculos,musica,cataluna,barcelona,710836.4,1208.08,3.95,4.05,119743,True
2745,ES,09,17,2024,6,vida nocturna,espectaculos,musica,cataluna,girona,153795.81,1371.76,3.8,4.24,12856,True
2746,ES,09,25,2024,6,vida nocturna,espectaculos,musica,cataluna,lleida,143224.0,939.38,3.84,4.27,1184,True
2747,ES,09,43,2024,6,vida nocturna,espectaculos,musica,cataluna,tarragona,198730.38,1675.54,4.1,4.2,22730,True
2748,ES,18,51,2024,6,vida nocturna,espectaculos,musica,ceuta,ceuta,97204.0,1279.0,0.0,0.0,0,False
2749,ES,13,28,2024,6,vida nocturna,espectaculos,musica,comunidad de madrid,madrid,1979742.06,1425.82,3.85,4.1,100430,True
2750,ES,15,31,2024,6,vida nocturna,espectaculos,musica,comunidad foral de navarra,navarra,1447776.6,2010.4,3.72,4.23,2565,True
2751,ES,10,03,2024,6,vida nocturna,espectaculos,musica,comunitat valenciana,alicante/alacant,452010.92,1737.69,4.03,4.28,84389,True
2752,ES,10,12,2024,6,vida nocturna,espectaculos,musica,comunitat valenciana,castellon/castello,58038.5,1779.0,3.88,4.2,2406,True
2753,ES,10,46,2024,6,vida nocturna,espectaculos,musica,comunitat valenciana,valencia/valencia,427227.45,1550.09,3.72,4.15,9307,True
2754,ES,11,06,2024,6,vida nocturna,espectaculos,musica,extremadura,badajoz,89395.0,941.0,4.31,4.29,2109,True
2755,ES,11,10,2024,6,vida nocturna,espectaculos,musica,extremadura,caceres,115506.0,558.0,3.95,4.33,1377,True
2756,ES,12,15,2024,6,vida nocturna,espectaculos,musica,galicia,a coruna,369602.33,1112.67,3.74,4.21,5653,True
2757,ES,12,27,2024,6,vida nocturna,espectaculos,musica,galicia,lugo,301666.33,1062.33,4.18,4.28,502,True
2758,ES,12,32,2024,6,vida nocturna,espectaculos,musica,galicia,ourense,1954.5,626.5,3.7,4.15,660,True
2759,ES,12,36,2024,6,vida nocturna,espectaculos,musica,galicia,pontevedra,270204.6,536.4,4.0,4.17,3092,True
2760,ES,04,07,2024,6,vida nocturna,espectaculos,musica,illes balears,illes balears,741999.13,1709.33,4.12,4.33,122452,True
2761,ES,17,26,2024,6,vida nocturna,espectaculos,musica,la rioja,la rioja,126915.5,1997.75,3.69,4.31,1866,True
2762,ES,16,01,2024,6,vida nocturna,espectaculos,musica,pais vasco,araba/alava,30674.0,972.0,3.82,4.41,1138,True
2763,ES,16,48,2024,6,vida nocturna,espectaculos,musica,pais vasco,bizkaia,276232.33,959.17,4.21,4.31,5615,True
2764,ES,16,20,2024,6,vida nocturna,espectaculos,musica,pais vasco,gipuzkoa,154719.5,1070.17,4.14,4.41,5503,True
2765,ES,03,33,2024,6,vida nocturna,espectaculos,musica,principado de asturias,asturias,88518.0,903.0,4.18,4.35,9626,True
2766,ES,14,30,2024,6,vida nocturna,espectaculos,musica,region de murcia,murcia,345506.0,1487.33,3.62,4.2,1488,True
2767,ES,01,04,2024,6,vida nocturna,espectaculos,musicales,andalucia,almeria,240.0,120.0,3.72,4.19,5362,True
2768,ES,01,18,2024,6,vida nocturna,espectaculos,musicales,andalucia,granada,117528.0,708.0,3.92,4.37,10900,True
2769,ES,01,41,2024,6,vida nocturna,espectaculos,musicales,andalucia,sevilla,2220.0,30.0,4.05,4.34,39053,True
2770,ES,02,50,2024,6,vida nocturna,espectaculos,musicales,aragon,zaragoza,36729.0,954.0,3.75,4.21,1614,True
2771,ES,05,35,2024,6,vida nocturna,espectaculos,musicales,canarias,las palmas,73425.0,979.0,4.24,4.28,129544,True
2772,ES,08,02,2024,6,vida nocturna,espectaculos,musicales,castilla - la mancha,albacete,1936.0,176.0,4.21,4.15,573,True
2773,ES,07,24,2024,6,vida nocturna,espectaculos,musicales,castilla y leon,leon,40975.0,1639.0,3.97,4.21,1480,True
2774,ES,07,37,2024,6,vida nocturna,espectaculos,musicales,castilla y leon,salamanca,45312.0,1416.0,3.66,4.17,3701,True
2775,ES,07,47,2024,6,vida nocturna,espectaculos,musicales,castilla y leon,valladolid,37333.0,1009.0,4.01,4.06,1293,True
2776,ES,09,08,2024,6,vida nocturna,espectaculos,musicales,cataluna,barcelona,145492.4,361.0,3.95,4.05,119743,True
2777,ES,09,43,2024,6,vida nocturna,espectaculos,musicales,cataluna,tarragona,7436.0,1859.0,4.1,4.2,22730,True
2778,ES,13,28,2024,6,vida nocturna,espectaculos,musicales,comunidad de madrid,madrid,8706.0,411.33,3.85,4.1,100430,True
2779,ES,10,03,2024,6,vida nocturna,espectaculos,musicales,comunitat valenciana,alicante/alacant,11123.0,387.0,4.03,4.28,84389,True
2780,ES,10,46,2024,6,vida nocturna,espectaculos,musicales,comunitat valenciana,valencia/valencia,694458.0,941.0,3.72,4.15,9307,True
2781,ES,11,06,2024,6,vida nocturna,espectaculos,musicales,extremadura,badajoz,443102.0,1831.0,4.31,4.29,2109,True
2782,ES,11,10,2024,6,vida nocturna,espectaculos,musicales,extremadura,caceres,4576.0,176.0,3.95,4.33,1377,True
2783,ES,12,15,2024,6,vida nocturna,espectaculos,musicales,galicia,a coruna,20736.0,432.0,3.74,4.21,5653,True
2784,ES,12,36,2024,6,vida nocturna,espectaculos,musicales,galicia,pontevedra,728.0,728.0,4.0,4.17,3092,True
2785,ES,04,07,2024,6,vida nocturna,espectaculos,musicales,illes balears,illes balears,52578.5,2007.5,4.12,4.33,122452,True
2786,ES,14,30,2024,6,vida nocturna,espectaculos,musicales,region de murcia,murcia,84542.0,1031.0,3.62,4.2,1488,True
2787,ES,04,07,2024,6,paisaje naturaleza,espectaculos,parques tematicos,illes balears,illes balears,88165.0,1145.0,4.42,4.33,203636,True
2788,ES,01,04,2024,7,paisaje naturaleza,actividades,actividades infantiles,andalucia,almeria,4194.67,293.67,4.32,4.19,23376,True
2789,ES,01,11,2024,7,paisaje naturaleza,actividades,actividades infantiles,andalucia,cadiz,15773.5,729.5,4.27,4.26,12350,True
2790,ES,01,14,2024,7,paisaje naturaleza,actividades,actividades infantiles,andalucia,cordoba,686.0,98.0,4.32,4.29,3767,True
2791,ES,01,18,2024,7,paisaje naturaleza,actividades,actividades infantiles,andalucia,granada,80094.0,1907.0,4.52,4.37,18492,True
2792,ES,01,23,2024,7,paisaje naturaleza,actividades,actividades infantiles,andalucia,jaen,28031.0,1693.0,4.44,4.33,4366,True
2793,ES,01,29,2024,7,paisaje naturaleza,actividades,actividades infantiles,andalucia,malaga,35332.0,803.0,4.44,4.43,109648,True
2794,ES,01,41,2024,7,paisaje naturaleza,actividades,actividades infantiles,andalucia,sevilla,18252.0,108.0,4.47,4.34,21476,True
2795,ES,02,22,2024,7,paisaje naturaleza,actividades,actividades infantiles,aragon,huesca,6891.5,647.0,4.56,4.25,17445,True
2796,ES,02,50,2024,7,paisaje naturaleza,actividades,actividades infantiles,aragon,zaragoza,360.0,120.0,4.36,4.21,5888,True
2797,ES,06,39,2024,7,paisaje naturaleza,actividades,actividades infantiles,cantabria,cantabria,39508.0,560.5,4.36,4.27,37946,True
2798,ES,08,02,2024,7,paisaje naturaleza,actividades,actividades infantiles,castilla - la mancha,albacete,13734.0,981.0,4.38,4.15,3169,True
2799,ES,08,13,2024,7,paisaje naturaleza,actividades,actividades infantiles,castilla - la mancha,ciudad real,65271.5,1006.0,4.36,4.29,3026,True
2800,ES,08,16,2024,7,paisaje naturaleza,actividades,actividades infantiles,castilla - la mancha,cuenca,480.0,80.0,4.42,4.19,3251,True
2801,ES,08,45,2024,7,paisaje naturaleza,actividades,actividades infantiles,castilla - la mancha,toledo,450810.5,920.5,4.16,4.18,1715,True
2802,ES,07,09,2024,7,paisaje naturaleza,actividades,actividades infantiles,castilla y leon,burgos,2356.0,1178.0,4.44,4.28,6285,True
2803,ES,07,24,2024,7,paisaje naturaleza,actividades,actividades infantiles,castilla y leon,leon,20793.5,1049.5,4.52,4.21,4506,True
2804,ES,07,42,2024,7,paisaje naturaleza,actividades,actividades infantiles,castilla y leon,soria,23936.0,1088.0,4.14,3.97,2792,True
2805,ES,07,47,2024,7,paisaje naturaleza,actividades,actividades infantiles,castilla y leon,valladolid,47952.75,900.25,4.18,4.06,8696,True
2806,ES,09,08,2024,7,paisaje naturaleza,actividades,actividades infantiles,cataluna,barcelona,47000.55,896.82,4.13,4.05,200444,True
2807,ES,09,17,2024,7,paisaje naturaleza,actividades,actividades infantiles,cataluna,girona,208692.0,2046.0,4.38,4.24,61683,True
2808,ES,09,43,2024,7,paisaje naturaleza,actividades,actividades infantiles,cataluna,tarragona,97856.0,1529.0,4.26,4.2,33701,True
2809,ES,13,28,2024,7,paisaje naturaleza,actividades,actividades infantiles,comunidad de madrid,madrid,138577.0,2343.0,4.19,4.1,121795,True
2810,ES,15,31,2024,7,paisaje naturaleza,actividades,actividades infantiles,comunidad foral de navarra,navarra,508612.5,3309.5,4.33,4.23,7007,True
2811,ES,10,03,2024,7,paisaje naturaleza,actividades,actividades infantiles,comunitat valenciana,alicante/alacant,10107.0,219.0,4.36,4.28,82424,True
2812,ES,10,46,2024,7,paisaje naturaleza,actividades,actividades infantiles,comunitat valenciana,valencia/valencia,1317186.0,1521.0,4.23,4.15,90776,True
2813,ES,11,10,2024,7,paisaje naturaleza,actividades,actividades infantiles,extremadura,caceres,54570.0,1516.33,4.5,4.33,5814,True
2814,ES,12,32,2024,7,paisaje naturaleza,actividades,actividades infantiles,galicia,ourense,2156.0,1078.0,4.42,4.15,1840,True
2815,ES,04,07,2024,7,paisaje naturaleza,actividades,actividades infantiles,illes balears,illes balears,42230.0,1479.5,4.42,4.33,203636,True
2816,ES,17,26,2024,7,paisaje naturaleza,actividades,actividades infantiles,la rioja,la rioja,110588.5,601.5,4.4,4.31,18300,True
2817,ES,16,01,2024,7,paisaje naturaleza,actividades,actividades infantiles,pais vasco,araba/alava,11765.5,252.5,4.66,4.41,11468,True
2818,ES,16,48,2024,7,paisaje naturaleza,actividades,actividades infantiles,pais vasco,bizkaia,137162.33,12343.0,4.38,4.31,7925,True
2819,ES,16,20,2024,7,paisaje naturaleza,actividades,actividades infantiles,pais vasco,gipuzkoa,30027.5,660.5,4.61,4.41,26976,True
2820,ES,03,33,2024,7,paisaje naturaleza,actividades,actividades infantiles,principado de asturias,asturias,14466.0,1115.0,4.42,4.35,44006,True
2821,ES,14,30,2024,7,paisaje naturaleza,actividades,actividades infantiles,region de murcia,murcia,27214.0,1237.0,4.4,4.2,2633,True
2822,ES,01,11,2024,7,servicios,actividades,cursos,andalucia,cadiz,7544.0,4715.0,4.74,4.26,39,True
2823,ES,01,29,2024,7,servicios,actividades,cursos,andalucia,malaga,900.0,450.0,4.62,4.43,51898,True
2824,ES,02,50,2024,7,servicios,actividades,cursos,aragon,zaragoza,443632.0,15844.0,4.05,4.21,61,True
2825,ES,05,35,2024,7,servicios,actividades,cursos,canarias,las palmas,800.0,50.0,3.72,4.28,2863,True
2826,ES,05,38,2024,7,servicios,actividades,cursos,canarias,santa cruz de tenerife,12240.0,3825.0,3.86,4.26,3753,True
2827,ES,09,08,2024,7,servicios,actividades,cursos,cataluna,barcelona,143749.67,2698.67,4.03,4.05,159935,True
2828,ES,09,43,2024,7,servicios,actividades,cursos,cataluna,tarragona,16941.0,4763.0,3.44,4.2,9269,True
2829,ES,13,28,2024,7,servicios,actividades,cursos,comunidad de madrid,madrid,193143.75,3444.0,3.92,4.1,42370,True
2830,ES,10,46,2024,7,servicios,actividades,cursos,comunitat valenciana,valencia/valencia,42688.0,1472.0,4.56,4.15,7124,True
2831,ES,04,07,2024,7,servicios,actividades,cursos,illes balears,illes balears,39593.8,1686.8,4.23,4.33,46354,True
2832,ES,16,20,2024,7,servicios,actividades,cursos,pais vasco,gipuzkoa,825.0,275.0,3.84,4.41,140,True
2833,ES,14,30,2024,7,servicios,actividades,cursos,region de murcia,murcia,4900.0,2450.0,2.83,4.2,6,True
2834,ES,01,11,2024,7,paisaje naturaleza,actividades,deportes y aventuras,andalucia,cadiz,650.0,650.0,4.27,4.26,12350,True
2835,ES,01,29,2024,7,paisaje naturaleza,actividades,deportes y aventuras,andalucia,malaga,50.0,50.0,4.44,4.43,109648,True
2836,ES,01,41,2024,7,paisaje naturaleza,actividades,deportes y aventuras,andalucia,sevilla,347072.0,493.0,4.47,4.34,21476,True
2837,ES,02,50,2024,7,paisaje naturaleza,actividades,deportes y aventuras,aragon,zaragoza,21252.0,231.0,4.36,4.21,5888,True
2838,ES,05,38,2024,7,paisaje naturaleza,actividades,deportes y aventuras,canarias,santa cruz de tenerife,184746.0,1502.0,4.31,4.26,190067,True
2839,ES,08,02,2024,7,paisaje naturaleza,actividades,deportes y aventuras,castilla - la mancha,albacete,57797.0,1993.0,4.38,4.15,3169,True
2840,ES,08,19,2024,7,paisaje naturaleza,actividades,deportes y aventuras,castilla - la mancha,guadalajara,46324.0,313.0,4.19,4.04,1303,True
2841,ES,07,05,2024,7,paisaje naturaleza,actividades,deportes y aventuras,castilla y leon,avila,78588.0,4366.0,4.56,4.23,1874,True
2842,ES,07,37,2024,7,paisaje naturaleza,actividades,deportes y aventuras,castilla y leon,salamanca,1540.0,55.0,4.39,4.17,3319,True
2843,ES,07,40,2024,7,paisaje naturaleza,actividades,deportes y aventuras,castilla y leon,segovia,206045.0,1421.0,4.14,4.07,4583,True
2844,ES,07,47,2024,7,paisaje naturaleza,actividades,deportes y aventuras,castilla y leon,valladolid,13600.0,400.0,4.18,4.06,8696,True
2845,ES,09,08,2024,7,paisaje naturaleza,actividades,deportes y aventuras,cataluna,barcelona,30916.0,941.0,4.13,4.05,200444,True
2846,ES,09,17,2024,7,paisaje naturaleza,actividades,deportes y aventuras,cataluna,girona,160725.0,1488.0,4.38,4.24,61683,True
2847,ES,09,43,2024,7,paisaje naturaleza,actividades,deportes y aventuras,cataluna,tarragona,4640.0,320.0,4.26,4.2,33701,True
2848,ES,13,28,2024,7,paisaje naturaleza,actividades,deportes y aventuras,comunidad de madrid,madrid,16352.5,2007.0,4.19,4.1,121795,True
2849,ES,15,31,2024,7,paisaje naturaleza,actividades,deportes y aventuras,comunidad foral de navarra,navarra,659643.0,2431.5,4.33,4.23,7007,True
2850,ES,10,03,2024,7,paisaje naturaleza,actividades,deportes y aventuras,comunitat valenciana,alicante/alacant,400.0,200.0,4.36,4.28,82424,True
2851,ES,11,06,2024,7,paisaje naturaleza,actividades,deportes y aventuras,extremadura,badajoz,4812.5,80.0,4.4,4.29,1116,True
2852,ES,11,10,2024,7,paisaje naturaleza,actividades,deportes y aventuras,extremadura,caceres,425488.0,1834.0,4.5,4.33,5814,True
2853,ES,04,07,2024,7,paisaje naturaleza,actividades,deportes y aventuras,illes balears,illes balears,13181.0,1345.0,4.42,4.33,203636,True
2854,ES,16,20,2024,7,paisaje naturaleza,actividades,deportes y aventuras,pais vasco,gipuzkoa,27434.0,946.0,4.61,4.41,26976,True
2855,ES,03,33,2024,7,paisaje naturaleza,actividades,deportes y aventuras,principado de asturias,asturias,130648.0,9332.0,4.42,4.35,44006,True
2856,ES,01,11,2024,7,comida y bebida,actividades,gastronomia,andalucia,cadiz,403196.5,3366.5,4.57,4.26,47,True
2857,ES,01,18,2024,7,comida y bebida,actividades,gastronomia,andalucia,granada,78475.0,1825.0,4.81,4.37,771,True
2858,ES,01,29,2024,7,comida y bebida,actividades,gastronomia,andalucia,malaga,260544.0,1416.0,4.84,4.43,1395,True
2859,ES,02,22,2024,7,comida y bebida,actividades,gastronomia,aragon,huesca,7833.0,1119.0,4.6,4.25,40,True
2860,ES,02,50,2024,7,comida y bebida,actividades,gastronomia,aragon,zaragoza,14700.0,350.0,4.03,4.21,35,True
2861,ES,05,35,2024,7,comida y bebida,actividades,gastronomia,canarias,las palmas,2445.0,978.0,3.71,4.28,443,True
2862,ES,05,38,2024,7,comida y bebida,actividades,gastronomia,canarias,santa cruz de tenerife,2652.0,1326.0,4.31,4.26,72,True
2863,ES,06,39,2024,7,comida y bebida,actividades,gastronomia,cantabria,cantabria,39508.0,560.5,4.65,4.27,26,True
2864,ES,08,16,2024,7,comida y bebida,actividades,gastronomia,castilla - la mancha,cuenca,2026.0,1013.0,4.68,4.19,102,True
2865,ES,07,09,2024,7,comida y bebida,actividades,gastronomia,castilla y leon,burgos,2356.0,1178.0,4.9,4.28,158,True
2866,ES,07,24,2024,7,comida y bebida,actividades,gastronomia,castilla y leon,leon,20793.5,1049.5,4.94,4.21,231,True
2867,ES,07,42,2024,7,comida y bebida,actividades,gastronomia,castilla y leon,soria,23936.0,1088.0,4.5,3.97,4,True
2868,ES,09,08,2024,7,comida y bebida,actividades,gastronomia,cataluna,barcelona,38813.0,931.0,4.67,4.05,3911,True
2869,ES,09,17,2024,7,comida y bebida,actividades,gastronomia,cataluna,girona,126605.0,1725.33,4.57,4.24,183,True
2870,ES,09,43,2024,7,comida y bebida,actividades,gastronomia,cataluna,tarragona,9000.0,500.0,4.67,4.2,481,True
2871,ES,13,28,2024,7,comida y bebida,actividades,gastronomia,comunidad de madrid,madrid,270921.0,1843.0,4.71,4.1,5856,True
2872,ES,10,03,2024,7,comida y bebida,actividades,gastronomia,comunitat valenciana,alicante/alacant,130424.0,952.0,4.52,4.28,760,True
2873,ES,10,46,2024,7,comida y bebida,actividades,gastronomia,comunitat valenciana,valencia/valencia,10698.0,5349.0,4.79,4.15,369,True
2874,ES,12,32,2024,7,comida y bebida,actividades,gastronomia,galicia,ourense,2156.0,1078.0,0.0,0.0,0,False
2875,ES,04,07,2024,7,comida y bebida,actividades,gastronomia,illes balears,illes balears,52659.6,2075.4,4.86,4.33,2196,True
2876,ES,17,26,2024,7,comida y bebida,actividades,gastronomia,la rioja,la rioja,201017.0,1123.0,4.62,4.31,110,True
2877,ES,16,01,2024,7,comida y bebida,actividades,gastronomia,pais vasco,araba/alava,19153.0,107.0,4.37,4.41,303,True
2878,ES,03,33,2024,7,comida y bebida,actividades,gastronomia,principado de asturias,asturias,10625.0,779.67,4.33,4.35,124,True
2879,ES,14,30,2024,7,comida y bebida,actividades,gastronomia,region de murcia,murcia,3276.0,504.0,3.99,4.2,320,True
2880,ES,01,04,2024,7,vida nocturna,espectaculos,cine,andalucia,almeria,10064.0,629.0,3.72,4.19,5362,True
2881,ES,01,41,2024,7,vida nocturna,espectaculos,cine,andalucia,sevilla,125788.0,533.0,4.05,4.34,39053,True
2882,ES,02,22,2024,7,vida nocturna,espectaculos,cine,aragon,huesca,75981.0,1333.0,3.85,4.25,1293,True
2883,ES,05,38,2024,7,vida nocturna,espectaculos,cine,canarias,santa cruz de tenerife,109.0,545.0,4.06,4.26,62671,True
2884,ES,08,02,2024,7,vida nocturna,espectaculos,cine,castilla - la mancha,albacete,120268.0,428.0,4.21,4.15,573,True
2885,ES,08,45,2024,7,vida nocturna,espectaculos,cine,castilla - la mancha,toledo,898226.0,1162.0,3.99,4.18,434,True
2886,ES,07,47,2024,7,vida nocturna,espectaculos,cine,castilla y leon,valladolid,27538.0,562.0,4.01,4.06,1293,True
2887,ES,09,08,2024,7,vida nocturna,espectaculos,cine,cataluna,barcelona,18524.67,756.33,3.95,4.05,119743,True
2888,ES,13,28,2024,7,vida nocturna,espectaculos,cine,comunidad de madrid,madrid,119945.0,745.0,3.85,4.1,100430,True
2889,ES,10,03,2024,7,vida nocturna,espectaculos,cine,comunitat valenciana,alicante/alacant,6120.0,180.0,4.03,4.28,84389,True
2890,ES,04,07,2024,7,vida nocturna,espectaculos,cine,illes balears,illes balears,28504.0,509.0,4.12,4.33,122452,True
2891,ES,01,41,2024,7,otros,espectaculos,conferencias,andalucia,sevilla,13091.0,689.0,3.68,4.34,431,True
2892,ES,05,35,2024,7,otros,espectaculos,conferencias,canarias,las palmas,15982.0,262.0,4.32,4.28,176,True
2893,ES,09,08,2024,7,otros,espectaculos,conferencias,cataluna,barcelona,19123.33,7325.33,3.9,4.05,2019,True
2894,ES,13,28,2024,7,otros,espectaculos,conferencias,comunidad de madrid,madrid,12744.0,708.0,3.97,4.1,1624,True
2895,ES,12,36,2024,7,otros,espectaculos,conferencias,galicia,pontevedra,1770.0,59.0,4.43,4.17,119,True
2896,ES,04,07,2024,7,otros,espectaculos,conferencias,illes balears,illes balears,28294.0,1097.0,4.21,4.33,296,True
2897,ES,01,04,2024,7,paisaje urbano,espectaculos,"cultura, teatro y danza",andalucia,almeria,152079.33,1366.33,4.25,4.19,14318,True
2898,ES,01,11,2024,7,paisaje urbano,espectaculos,"cultura, teatro y danza",andalucia,cadiz,87353.33,1280.0,4.35,4.26,8809,True
2899,ES,01,14,2024,7,paisaje urbano,espectaculos,"cultura, teatro y danza",andalucia,cordoba,12303.0,1367.0,4.3,4.29,93962,True
2900,ES,01,18,2024,7,paisaje urbano,espectaculos,"cultura, teatro y danza",andalucia,granada,157122.67,933.0,4.35,4.37,153042,True
2901,ES,01,29,2024,7,paisaje urbano,espectaculos,"cultura, teatro y danza",andalucia,malaga,3733088.0,1376.0,4.43,4.43,158253,True
2902,ES,01,41,2024,7,paisaje urbano,espectaculos,"cultura, teatro y danza",andalucia,sevilla,66552.0,1128.0,4.41,4.34,218279,True
2903,ES,02,22,2024,7,paisaje urbano,espectaculos,"cultura, teatro y danza",aragon,huesca,61880.0,130.0,4.12,4.25,10916,True
2904,ES,02,44,2024,7,paisaje urbano,espectaculos,"cultura, teatro y danza",aragon,teruel,12470.33,1306.33,4.27,4.28,11015,True
2905,ES,02,50,2024,7,paisaje urbano,espectaculos,"cultura, teatro y danza",aragon,zaragoza,79217.0,1124.0,4.34,4.21,41352,True
2906,ES,05,35,2024,7,paisaje urbano,espectaculos,"cultura, teatro y danza",canarias,las palmas,166708.8,440.6,4.27,4.28,51395,True
2907,ES,05,38,2024,7,paisaje urbano,espectaculos,"cultura, teatro y danza",canarias,santa cruz de tenerife,8411.0,734.2,4.28,4.26,66584,True
2908,ES,06,39,2024,7,paisaje urbano,espectaculos,"cultura, teatro y danza",cantabria,cantabria,40192.0,1256.0,4.28,4.27,27507,True
2909,ES,08,02,2024,7,paisaje urbano,espectaculos,"cultura, teatro y danza",castilla - la mancha,albacete,9452.5,546.5,4.09,4.15,3663,True
2910,ES,08,13,2024,7,paisaje urbano,espectaculos,"cultura, teatro y danza",castilla - la mancha,ciudad real,735.0,245.0,4.33,4.29,7266,True
2911,ES,08,16,2024,7,paisaje urbano,espectaculos,"cultura, teatro y danza",castilla - la mancha,cuenca,480.0,80.0,4.27,4.19,13771,True
2912,ES,08,19,2024,7,paisaje urbano,espectaculos,"cultura, teatro y danza",castilla - la mancha,guadalajara,722016.0,368.0,4.18,4.04,6159,True
2913,ES,08,45,2024,7,paisaje urbano,espectaculos,"cultura, teatro y danza",castilla - la mancha,toledo,3395.0,679.0,4.19,4.18,55769,True
2914,ES,07,37,2024,7,paisaje urbano,espectaculos,"cultura, teatro y danza",castilla y leon,salamanca,66005.0,396.67,4.24,4.17,31972,True
2915,ES,07,47,2024,7,paisaje urbano,espectaculos,"cultura, teatro y danza",castilla y leon,valladolid,87442.8,845.0,4.14,4.06,13695,True
2916,ES,07,49,2024,7,paisaje urbano,espectaculos,"cultura, teatro y danza",castilla y leon,zamora,13522.0,354.5,4.19,4.17,5872,True
2917,ES,09,08,2024,7,paisaje urbano,espectaculos,"cultura, teatro y danza",cataluna,barcelona,484236.23,580.08,4.07,4.05,732080,True
2918,ES,09,17,2024,7,paisaje urbano,espectaculos,"cultura, teatro y danza",cataluna,girona,7056.33,625.0,4.24,4.24,50915,True
2919,ES,09,25,2024,7,paisaje urbano,espectaculos,"cultura, teatro y danza",cataluna,lleida,16533.0,576.0,4.29,4.27,7171,True
2920,ES,09,43,2024,7,paisaje urbano,espectaculos,"cultura, teatro y danza",cataluna,tarragona,169022.33,1185.33,4.23,4.2,53439,True
2921,ES,18,51,2024,7,paisaje urbano,espectaculos,"cultura, teatro y danza",ceuta,ceuta,13376.0,608.0,0.0,0.0,0,False
2922,ES,13,28,2024,7,paisaje urbano,espectaculos,"cultura, teatro y danza",comunidad de madrid,madrid,493060.75,549.75,4.15,4.1,458466,True
2923,ES,10,03,2024,7,paisaje urbano,espectaculos,"cultura, teatro y danza",comunitat valenciana,alicante/alacant,79919.0,653.4,4.28,4.28,67888,True
2924,ES,10,46,2024,7,paisaje urbano,espectaculos,"cultura, teatro y danza",comunitat valenciana,valencia/valencia,3696427.0,3799.0,4.25,4.15,114505,True
2925,ES,11,06,2024,7,paisaje urbano,espectaculos,"cultura, teatro y danza",extremadura,badajoz,20344.0,138.5,4.26,4.29,18348,True
2926,ES,11,10,2024,7,paisaje urbano,espectaculos,"cultura, teatro y danza",extremadura,caceres,4156.67,430.67,4.31,4.33,23514,True
2927,ES,12,36,2024,7,paisaje urbano,espectaculos,"cultura, teatro y danza",galicia,pontevedra,212105.33,844.67,4.07,4.17,15892,True
2928,ES,04,07,2024,7,paisaje urbano,espectaculos,"cultura, teatro y danza",illes balears,illes balears,122801.0,929.11,4.21,4.33,107418,True
2929,ES,17,26,2024,7,paisaje urbano,espectaculos,"cultura, teatro y danza",la rioja,la rioja,101213.4,1114.6,4.29,4.31,11493,True
2930,ES,16,01,2024,7,paisaje urbano,espectaculos,"cultura, teatro y danza",pais vasco,araba/alava,337714.0,806.0,4.46,4.41,7811,True
2931,ES,16,48,2024,7,paisaje urbano,espectaculos,"cultura, teatro y danza",pais vasco,bizkaia,663283.33,743.0,4.38,4.31,56425,True
2932,ES,16,20,2024,7,paisaje urbano,espectaculos,"cultura, teatro y danza",pais vasco,gipuzkoa,30027.5,660.5,4.43,4.41,26949,True
2933,ES,14,30,2024,7,paisaje urbano,espectaculos,"cultura, teatro y danza",region de murcia,murcia,3276.0,504.0,4.32,4.2,9308,True
2934,ES,01,41,2024,7,compras,espectaculos,ferias,andalucia,sevilla,13091.0,689.0,3.84,4.34,7574,True
2935,ES,09,08,2024,7,compras,espectaculos,ferias,cataluna,barcelona,15192.0,3798.0,3.75,4.05,95381,True
2936,ES,04,07,2024,7,compras,espectaculos,ferias,illes balears,illes balears,2300.0,1150.0,4.17,4.33,22175,True
2937,ES,01,04,2024,7,paisaje urbano,espectaculos,museo y exposiciones,andalucia,almeria,880.0,440.0,4.25,4.19,14318,True
2938,ES,01,18,2024,7,paisaje urbano,espectaculos,museo y exposiciones,andalucia,granada,303506.0,1141.0,4.35,4.37,153042,True
2939,ES,01,41,2024,7,paisaje urbano,espectaculos,museo y exposiciones,andalucia,sevilla,4266.0,1185.0,4.41,4.34,218279,True
2940,ES,08,45,2024,7,paisaje urbano,espectaculos,museo y exposiciones,castilla - la mancha,toledo,3395.0,679.0,4.19,4.18,55769,True
2941,ES,07,37,2024,7,paisaje urbano,espectaculos,museo y exposiciones,castilla y leon,salamanca,188955.0,285.0,4.24,4.17,31972,True
2942,ES,09,08,2024,7,paisaje urbano,espectaculos,museo y exposiciones,cataluna,barcelona,8277.0,1335.0,4.07,4.05,732080,True
2943,ES,09,43,2024,7,paisaje urbano,espectaculos,museo y exposiciones,cataluna,tarragona,97856.0,1529.0,4.23,4.2,53439,True
2944,ES,04,07,2024,7,paisaje urbano,espectaculos,museo y exposiciones,illes balears,illes balears,2072.0,518.0,4.21,4.33,107418,True
2945,ES,16,01,2024,7,paisaje urbano,espectaculos,museo y exposiciones,pais vasco,araba/alava,1280.0,512.0,4.46,4.41,7811,True
2946,ES,16,48,2024,7,paisaje urbano,espectaculos,museo y exposiciones,pais vasco,bizkaia,96255.0,93.0,4.38,4.31,56425,True
2947,ES,01,04,2024,7,vida nocturna,espectaculos,musica,andalucia,almeria,349346.83,1645.33,3.72,4.19,5362,True
2948,ES,01,11,2024,7,vida nocturna,espectaculos,musica,andalucia,cadiz,873709.88,2667.62,4.08,4.26,2343,True
2949,ES,01,14,2024,7,vida nocturna,espectaculos,musica,andalucia,cordoba,59683.0,1785.0,4.3,4.29,1908,True
2950,ES,01,18,2024,7,vida nocturna,espectaculos,musica,andalucia,granada,68519.89,931.78,3.92,4.37,10900,True
2951,ES,01,21,2024,7,vida nocturna,espectaculos,musica,andalucia,huelva,7680.0,120.0,4.03,4.11,1623,True
2952,ES,01,23,2024,7,vida nocturna,espectaculos,musica,andalucia,jaen,146234.0,1575.83,4.0,4.33,992,True
2953,ES,01,29,2024,7,vida nocturna,espectaculos,musica,andalucia,malaga,244189.62,1176.0,4.3,4.43,56036,True
2954,ES,01,41,2024,7,vida nocturna,espectaculos,musica,andalucia,sevilla,686081.33,1198.0,4.05,4.34,39053,True
2955,ES,02,22,2024,7,vida nocturna,espectaculos,musica,aragon,huesca,303644.75,2494.25,3.85,4.25,1293,True
2956,ES,02,44,2024,7,vida nocturna,espectaculos,musica,aragon,teruel,90178.67,1606.67,4.35,4.28,950,True
2957,ES,02,50,2024,7,vida nocturna,espectaculos,musica,aragon,zaragoza,412993.6,1220.0,3.75,4.21,1614,True
2958,ES,05,35,2024,7,vida nocturna,espectaculos,musica,canarias,las palmas,66888.33,1880.0,4.24,4.28,129544,True
2959,ES,05,38,2024,7,vida nocturna,espectaculos,musica,canarias,santa cruz de tenerife,310202.1,1762.7,4.06,4.26,62671,True
2960,ES,06,39,2024,7,vida nocturna,espectaculos,musica,cantabria,cantabria,166136.75,888.5,4.02,4.27,5819,True
2961,ES,08,02,2024,7,vida nocturna,espectaculos,musica,castilla - la mancha,albacete,23902.0,2122.75,4.21,4.15,573,True
2962,ES,08,13,2024,7,vida nocturna,espectaculos,musica,castilla - la mancha,ciudad real,454411.8,1394.2,4.17,4.29,385,True
2963,ES,08,16,2024,7,vida nocturna,espectaculos,musica,castilla - la mancha,cuenca,359564.0,1578.5,3.91,4.19,760,True
2964,ES,08,19,2024,7,vida nocturna,espectaculos,musica,castilla - la mancha,guadalajara,245036.5,1269.0,3.23,4.04,447,True
2965,ES,08,45,2024,7,vida nocturna,espectaculos,musica,castilla - la mancha,toledo,130794.5,5338.5,3.99,4.18,434,True
2966,ES,07,09,2024,7,vida nocturna,espectaculos,musica,castilla y leon,burgos,72341.33,1371.33,3.95,4.28,970,True
2967,ES,07,24,2024,7,vida nocturna,espectaculos,musica,castilla y leon,leon,14463.25,842.0,3.97,4.21,1480,True
2968,ES,07,34,2024,7,vida nocturna,espectaculos,musica,castilla y leon,palencia,392208.0,1072.0,4.23,4.35,379,True
2969,ES,07,37,2024,7,vida nocturna,espectaculos,musica,castilla y leon,salamanca,2165246.0,573.5,3.66,4.17,3701,True
2970,ES,07,40,2024,7,vida nocturna,espectaculos,musica,castilla y leon,segovia,148331.0,1023.0,3.91,4.07,263,True
2971,ES,07,42,2024,7,vida nocturna,espectaculos,musica,castilla y leon,soria,286301.33,1165.0,4.2,3.97,154,True
2972,ES,07,47,2024,7,vida nocturna,espectaculos,musica,castilla y leon,valladolid,278165.67,1492.0,4.01,4.06,1293,True
2973,ES,07,49,2024,7,vida nocturna,espectaculos,musica,castilla y leon,zamora,204723.0,989.0,4.27,4.17,462,True
2974,ES,09,08,2024,7,vida nocturna,espectaculos,musica,cataluna,barcelona,211040.44,1346.29,3.95,4.05,119743,True
2975,ES,09,17,2024,7,vida nocturna,espectaculos,musica,cataluna,girona,312563.53,1371.71,3.8,4.24,12856,True
2976,ES,09,25,2024,7,vida nocturna,espectaculos,musica,cataluna,lleida,85677.88,1264.12,3.84,4.27,1184,True
2977,ES,09,43,2024,7,vida nocturna,espectaculos,musica,cataluna,tarragona,147186.71,1506.88,4.1,4.2,22730,True
2978,ES,13,28,2024,7,vida nocturna,espectaculos,musica,comunidad de madrid,madrid,425076.8,2453.9,3.85,4.1,100430,True
2979,ES,15,31,2024,7,vida nocturna,espectaculos,musica,comunidad foral de navarra,navarra,208124.0,1771.33,3.72,4.23,2565,True
2980,ES,10,03,2024,7,vida nocturna,espectaculos,musica,comunitat valenciana,alicante/alacant,451373.92,1565.92,4.03,4.28,84389,True
2981,ES,10,12,2024,7,vida nocturna,espectaculos,musica,comunitat valenciana,castellon/castello,116811.4,1195.8,3.88,4.2,2406,True
2982,ES,10,46,2024,7,vida nocturna,espectaculos,musica,comunitat valenciana,valencia/valencia,254909.89,875.22,3.72,4.15,9307,True
2983,ES,11,06,2024,7,vida nocturna,espectaculos,musica,extremadura,badajoz,3942.0,106.5,4.31,4.29,2109,True
2984,ES,11,10,2024,7,vida nocturna,espectaculos,musica,extremadura,caceres,414993.0,334.0,3.95,4.33,1377,True
2985,ES,12,15,2024,7,vida nocturna,espectaculos,musica,galicia,a coruna,189189.2,1297.4,3.74,4.21,5653,True
2986,ES,12,27,2024,7,vida nocturna,espectaculos,musica,galicia,lugo,289690.0,964.67,4.18,4.28,502,True
2987,ES,12,32,2024,7,vida nocturna,espectaculos,musica,galicia,ourense,1998.0,579.0,3.7,4.15,660,True
2988,ES,12,36,2024,7,vida nocturna,espectaculos,musica,galicia,pontevedra,26299.0,1115.2,4.0,4.17,3092,True
2989,ES,04,07,2024,7,vida nocturna,espectaculos,musica,illes balears,illes balears,1364768.14,1666.66,4.12,4.33,122452,True
2990,ES,17,26,2024,7,vida nocturna,espectaculos,musica,la rioja,la rioja,118499.25,1313.25,3.69,4.31,1866,True
2991,ES,16,01,2024,7,vida nocturna,espectaculos,musica,pais vasco,araba/alava,146483.67,1157.67,3.82,4.41,1138,True
2992,ES,16,48,2024,7,vida nocturna,espectaculos,musica,pais vasco,bizkaia,337865.8,851.0,4.21,4.31,5615,True
2993,ES,16,20,2024,7,vida nocturna,espectaculos,musica,pais vasco,gipuzkoa,76569.71,856.86,4.14,4.41,5503,True
2994,ES,03,33,2024,7,vida nocturna,espectaculos,musica,principado de asturias,asturias,54813.0,900.86,4.18,4.35,9626,True
2995,ES,14,30,2024,7,vida nocturna,espectaculos,musica,region de murcia,murcia,270695.0,1055.67,3.62,4.2,1488,True
2996,ES,01,04,2024,7,vida nocturna,espectaculos,musicales,andalucia,almeria,1080.0,120.0,3.72,4.19,5362,True
2997,ES,01,18,2024,7,vida nocturna,espectaculos,musicales,andalucia,granada,3003.5,100.5,3.92,4.37,10900,True
2998,ES,02,44,2024,7,vida nocturna,espectaculos,musicales,aragon,teruel,16038.0,729.0,4.35,4.28,950,True
2999,ES,05,35,2024,7,vida nocturna,espectaculos,musicales,canarias,las palmas,13846.5,608.5,4.24,4.28,129544,True
3000,ES,05,38,2024,7,vida nocturna,espectaculos,musicales,canarias,santa cruz de tenerife,42627.0,1093.0,4.06,4.26,62671,True
3001,ES,06,39,2024,7,vida nocturna,espectaculos,musicales,cantabria,cantabria,400.0,100.0,4.02,4.27,5819,True
3002,ES,09,08,2024,7,vida nocturna,espectaculos,musicales,cataluna,barcelona,51875.0,69.5,3.95,4.05,119743,True
3003,ES,13,28,2024,7,vida nocturna,espectaculos,musicales,comunidad de madrid,madrid,6069.0,498.0,3.85,4.1,100430,True
3004,ES,10,46,2024,7,vida nocturna,espectaculos,musicales,comunitat valenciana,valencia/valencia,465.0,93.0,3.72,4.15,9307,True
3005,ES,11,10,2024,7,vida nocturna,espectaculos,musicales,extremadura,caceres,2112.0,176.0,3.95,4.33,1377,True
3006,ES,04,07,2024,7,vida nocturna,espectaculos,musicales,illes balears,illes balears,258274.0,1769.0,4.12,4.33,122452,True
3007,ES,04,07,2024,7,paisaje naturaleza,espectaculos,parques tematicos,illes balears,illes balears,13181.0,1345.0,4.42,4.33,203636,True
3008,ES,01,04,2024,8,paisaje naturaleza,actividades,actividades infantiles,andalucia,almeria,1083.5,552.5,4.32,4.19,23376,True
3009,ES,01,11,2024,8,paisaje naturaleza,actividades,actividades infantiles,andalucia,cadiz,1718.0,1718.0,4.27,4.26,12350,True
3010,ES,01,18,2024,8,paisaje naturaleza,actividades,actividades infantiles,andalucia,granada,3230.0,190.0,4.52,4.37,18492,True
3011,ES,01,23,2024,8,paisaje naturaleza,actividades,actividades infantiles,andalucia,jaen,2020.0,808.0,4.44,4.33,4366,True
3012,ES,01,41,2024,8,paisaje naturaleza,actividades,actividades infantiles,andalucia,sevilla,354816.0,1232.0,4.47,4.34,21476,True
3013,ES,02,22,2024,8,paisaje naturaleza,actividades,actividades infantiles,aragon,huesca,59489.0,624.5,4.56,4.25,17445,True
3014,ES,02,50,2024,8,paisaje naturaleza,actividades,actividades infantiles,aragon,zaragoza,6714.5,784.5,4.36,4.21,5888,True
3015,ES,05,35,2024,8,paisaje naturaleza,actividades,actividades infantiles,canarias,las palmas,66022.5,556.5,4.34,4.28,200378,True
3016,ES,05,38,2024,8,paisaje naturaleza,actividades,actividades infantiles,canarias,santa cruz de tenerife,35742.0,1003.0,4.31,4.26,190067,True
3017,ES,06,39,2024,8,paisaje naturaleza,actividades,actividades infantiles,cantabria,cantabria,312245.5,1087.0,4.36,4.27,37946,True
3018,ES,08,16,2024,8,paisaje naturaleza,actividades,actividades infantiles,castilla - la mancha,cuenca,4186.0,805.0,4.42,4.19,3251,True
3019,ES,08,45,2024,8,paisaje naturaleza,actividades,actividades infantiles,castilla - la mancha,toledo,49658.0,859.0,4.16,4.18,1715,True
3020,ES,07,09,2024,8,paisaje naturaleza,actividades,actividades infantiles,castilla y leon,burgos,14532.0,568.0,4.44,4.28,6285,True
3021,ES,07,24,2024,8,paisaje naturaleza,actividades,actividades infantiles,castilla y leon,leon,77151.0,1136.5,4.52,4.21,4506,True
3022,ES,07,42,2024,8,paisaje naturaleza,actividades,actividades infantiles,castilla y leon,soria,159296.0,1048.0,4.14,3.97,2792,True
3023,ES,07,47,2024,8,paisaje naturaleza,actividades,actividades infantiles,castilla y leon,valladolid,3711.0,1237.0,4.18,4.06,8696,True
3024,ES,09,08,2024,8,paisaje naturaleza,actividades,actividades infantiles,cataluna,barcelona,84782.25,1186.12,4.13,4.05,200444,True
3025,ES,09,17,2024,8,paisaje naturaleza,actividades,actividades infantiles,cataluna,girona,121817.0,1997.0,4.38,4.24,61683,True
3026,ES,09,43,2024,8,paisaje naturaleza,actividades,actividades infantiles,cataluna,tarragona,47514.0,561.0,4.26,4.2,33701,True
3027,ES,13,28,2024,8,paisaje naturaleza,actividades,actividades infantiles,comunidad de madrid,madrid,617799.0,1209.0,4.19,4.1,121795,True
3028,ES,15,31,2024,8,paisaje naturaleza,actividades,actividades infantiles,comunidad foral de navarra,navarra,417530.0,1989.5,4.33,4.23,7007,True
3029,ES,10,03,2024,8,paisaje naturaleza,actividades,actividades infantiles,comunitat valenciana,alicante/alacant,8338.0,4169.0,4.36,4.28,82424,True
3030,ES,10,46,2024,8,paisaje naturaleza,actividades,actividades infantiles,comunitat valenciana,valencia/valencia,10240.5,663.5,4.23,4.15,90776,True
3031,ES,11,06,2024,8,paisaje naturaleza,actividades,actividades infantiles,extremadura,badajoz,3904.0,128.0,4.4,4.29,1116,True
3032,ES,11,10,2024,8,paisaje naturaleza,actividades,actividades infantiles,extremadura,caceres,15850.67,981.33,4.5,4.33,5814,True
3033,ES,12,32,2024,8,paisaje naturaleza,actividades,actividades infantiles,galicia,ourense,42845.0,1045.0,4.42,4.15,1840,True
3034,ES,12,36,2024,8,paisaje naturaleza,actividades,actividades infantiles,galicia,pontevedra,1480.0,740.0,4.29,4.17,15699,True
3035,ES,04,07,2024,8,paisaje naturaleza,actividades,actividades infantiles,illes balears,illes balears,335973.11,1409.33,4.42,4.33,203636,True
3036,ES,17,26,2024,8,paisaje naturaleza,actividades,actividades infantiles,la rioja,la rioja,177096.0,1128.0,4.4,4.31,18300,True
3037,ES,16,01,2024,8,paisaje naturaleza,actividades,actividades infantiles,pais vasco,araba/alava,41590.0,769.0,4.66,4.41,11468,True
3038,ES,16,48,2024,8,paisaje naturaleza,actividades,actividades infantiles,pais vasco,bizkaia,7616485.0,6218.67,4.38,4.31,7925,True
3039,ES,16,20,2024,8,paisaje naturaleza,actividades,actividades infantiles,pais vasco,gipuzkoa,6300.0,75.0,4.61,4.41,26976,True
3040,ES,03,33,2024,8,paisaje naturaleza,actividades,actividades infantiles,principado de asturias,asturias,76359.5,599.5,4.42,4.35,44006,True
3041,ES,14,30,2024,8,paisaje naturaleza,actividades,actividades infantiles,region de murcia,murcia,6185.0,1237.0,4.4,4.2,2633,True
3042,ES,01,41,2024,8,servicios,actividades,cursos,andalucia,sevilla,9882.0,2883.0,4.06,4.34,4859,True
3043,ES,02,50,2024,8,servicios,actividades,cursos,aragon,zaragoza,102632.0,12829.0,4.05,4.21,61,True
3044,ES,05,35,2024,8,servicios,actividades,cursos,canarias,las palmas,1920.0,195.0,3.72,4.28,2863,True
3045,ES,09,08,2024,8,servicios,actividades,cursos,cataluna,barcelona,155306.33,3032.0,4.03,4.05,159935,True
3046,ES,13,28,2024,8,servicios,actividades,cursos,comunidad de madrid,madrid,1820964.0,3529.0,3.92,4.1,42370,True
3047,ES,10,46,2024,8,servicios,actividades,cursos,comunitat valenciana,valencia/valencia,35328.0,1472.0,4.56,4.15,7124,True
3048,ES,04,07,2024,8,servicios,actividades,cursos,illes balears,illes balears,27700.0,2278.0,4.23,4.33,46354,True
3049,ES,16,20,2024,8,servicios,actividades,cursos,pais vasco,gipuzkoa,380.0,475.0,3.84,4.41,140,True
3050,ES,01,29,2024,8,paisaje naturaleza,actividades,deportes y aventuras,andalucia,malaga,11209.5,454.5,4.44,4.43,109648,True
3051,ES,02,50,2024,8,paisaje naturaleza,actividades,deportes y aventuras,aragon,zaragoza,1150.0,230.0,4.36,4.21,5888,True
3052,ES,05,35,2024,8,paisaje naturaleza,actividades,deportes y aventuras,canarias,las palmas,4340.0,110.0,4.34,4.28,200378,True
3053,ES,05,38,2024,8,paisaje naturaleza,actividades,deportes y aventuras,canarias,santa cruz de tenerife,177255.0,1515.0,4.31,4.26,190067,True
3054,ES,08,02,2024,8,paisaje naturaleza,actividades,deportes y aventuras,castilla - la mancha,albacete,37696.0,1178.0,4.38,4.15,3169,True
3055,ES,08,16,2024,8,paisaje naturaleza,actividades,deportes y aventuras,castilla - la mancha,cuenca,1600.0,100.0,4.42,4.19,3251,True
3056,ES,07,05,2024,8,paisaje naturaleza,actividades,deportes y aventuras,castilla y leon,avila,650.0,325.0,4.56,4.23,1874,True
3057,ES,07,37,2024,8,paisaje naturaleza,actividades,deportes y aventuras,castilla y leon,salamanca,12099.0,327.0,4.39,4.17,3319,True
3058,ES,07,42,2024,8,paisaje naturaleza,actividades,deportes y aventuras,castilla y leon,soria,210255.0,655.0,4.14,3.97,2792,True
3059,ES,09,08,2024,8,paisaje naturaleza,actividades,deportes y aventuras,cataluna,barcelona,6860.25,1132.5,4.13,4.05,200444,True
3060,ES,09,43,2024,8,paisaje naturaleza,actividades,deportes y aventuras,cataluna,tarragona,46580.0,340.0,4.26,4.2,33701,True
3061,ES,13,28,2024,8,paisaje naturaleza,actividades,deportes y aventuras,comunidad de madrid,madrid,47036.0,1069.0,4.19,4.1,121795,True
3062,ES,15,31,2024,8,paisaje naturaleza,actividades,deportes y aventuras,comunidad foral de navarra,navarra,9345.0,3738.0,4.33,4.23,7007,True
3063,ES,11,06,2024,8,paisaje naturaleza,actividades,deportes y aventuras,extremadura,badajoz,7268.0,224.0,4.4,4.29,1116,True
3064,ES,11,10,2024,8,paisaje naturaleza,actividades,deportes y aventuras,extremadura,caceres,145627.0,1361.0,4.5,4.33,5814,True
3065,ES,12,36,2024,8,paisaje naturaleza,actividades,deportes y aventuras,galicia,pontevedra,1480.0,740.0,4.29,4.17,15699,True
3066,ES,04,07,2024,8,paisaje naturaleza,actividades,deportes y aventuras,illes balears,illes balears,258358.0,1279.0,4.42,4.33,203636,True
3067,ES,16,48,2024,8,paisaje naturaleza,actividades,deportes y aventuras,pais vasco,bizkaia,187938.0,1119.5,4.38,4.31,7925,True
3068,ES,16,20,2024,8,paisaje naturaleza,actividades,deportes y aventuras,pais vasco,gipuzkoa,57346.0,2164.0,4.61,4.41,26976,True
3069,ES,03,33,2024,8,paisaje naturaleza,actividades,deportes y aventuras,principado de asturias,asturias,55992.0,9332.0,4.42,4.35,44006,True
3070,ES,01,11,2024,8,comida y bebida,actividades,gastronomia,andalucia,cadiz,108543.5,3438.5,4.57,4.26,47,True
3071,ES,01,29,2024,8,comida y bebida,actividades,gastronomia,andalucia,malaga,55195.0,1577.0,4.84,4.43,1395,True
3072,ES,02,22,2024,8,comida y bebida,actividades,gastronomia,aragon,huesca,77328.0,1074.0,4.6,4.25,40,True
3073,ES,05,35,2024,8,comida y bebida,actividades,gastronomia,canarias,las palmas,109772.0,614.5,3.71,4.28,443,True
3074,ES,06,39,2024,8,comida y bebida,actividades,gastronomia,cantabria,cantabria,312245.5,1087.0,4.65,4.27,26,True
3075,ES,08,02,2024,8,comida y bebida,actividades,gastronomia,castilla - la mancha,albacete,480.0,120.0,4.88,4.15,33,True
3076,ES,07,09,2024,8,comida y bebida,actividades,gastronomia,castilla y leon,burgos,26064.0,1086.0,4.9,4.28,158,True
3077,ES,07,24,2024,8,comida y bebida,actividades,gastronomia,castilla y leon,leon,77151.0,1136.5,4.94,4.21,231,True
3078,ES,07,42,2024,8,comida y bebida,actividades,gastronomia,castilla y leon,soria,159296.0,1048.0,4.5,3.97,4,True
3079,ES,09,08,2024,8,comida y bebida,actividades,gastronomia,cataluna,barcelona,207092.5,1122.5,4.67,4.05,3911,True
3080,ES,09,17,2024,8,comida y bebida,actividades,gastronomia,cataluna,girona,84460.5,1781.0,4.57,4.24,183,True
3081,ES,13,28,2024,8,comida y bebida,actividades,gastronomia,comunidad de madrid,madrid,1025617.0,2039.0,4.71,4.1,5856,True
3082,ES,10,03,2024,8,comida y bebida,actividades,gastronomia,comunitat valenciana,alicante/alacant,180369.0,1227.0,4.52,4.28,760,True
3083,ES,11,06,2024,8,comida y bebida,actividades,gastronomia,extremadura,badajoz,240.0,80.0,0.0,0.0,0,False
3084,ES,12,32,2024,8,comida y bebida,actividades,gastronomia,galicia,ourense,42845.0,1045.0,0.0,0.0,0,False
3085,ES,04,07,2024,8,comida y bebida,actividades,gastronomia,illes balears,illes balears,32025.0,3412.5,4.86,4.33,2196,True
3086,ES,17,26,2024,8,comida y bebida,actividades,gastronomia,la rioja,la rioja,177096.0,1128.0,4.62,4.31,110,True
3087,ES,16,01,2024,8,comida y bebida,actividades,gastronomia,pais vasco,araba/alava,25001.0,1087.0,4.37,4.41,303,True
3088,ES,16,48,2024,8,comida y bebida,actividades,gastronomia,pais vasco,bizkaia,4105.0,821.0,4.31,4.31,319,True
3089,ES,03,33,2024,8,comida y bebida,actividades,gastronomia,principado de asturias,asturias,57903.67,741.0,4.33,4.35,124,True
3090,ES,01,18,2024,8,vida nocturna,espectaculos,cine,andalucia,granada,3195.0,639.0,3.92,4.37,10900,True
3091,ES,01,41,2024,8,vida nocturna,espectaculos,cine,andalucia,sevilla,202515.0,587.0,4.05,4.34,39053,True
3092,ES,02,22,2024,8,vida nocturna,espectaculos,cine,aragon,huesca,563296.0,1214.0,3.85,4.25,1293,True
3093,ES,09,08,2024,8,vida nocturna,espectaculos,cine,cataluna,barcelona,2835.0,441.33,3.95,4.05,119743,True
3094,ES,13,28,2024,8,vida nocturna,espectaculos,cine,comunidad de madrid,madrid,2720.0,85.0,3.85,4.1,100430,True
3095,ES,16,20,2024,8,vida nocturna,espectaculos,cine,pais vasco,gipuzkoa,17052.0,588.0,4.14,4.41,5503,True
3096,ES,01,41,2024,8,otros,espectaculos,conferencias,andalucia,sevilla,9996.0,714.0,3.68,4.34,431,True
3097,ES,05,35,2024,8,otros,espectaculos,conferencias,canarias,las palmas,21212.0,365.5,4.32,4.28,176,True
3098,ES,09,08,2024,8,otros,espectaculos,conferencias,cataluna,barcelona,15347.5,14266.0,3.9,4.05,2019,True
3099,ES,12,36,2024,8,otros,espectaculos,conferencias,galicia,pontevedra,45494.0,529.0,4.43,4.17,119,True
3100,ES,04,07,2024,8,otros,espectaculos,conferencias,illes balears,illes balears,12650.0,1150.0,4.21,4.33,296,True
3101,ES,01,04,2024,8,paisaje urbano,espectaculos,"cultura, teatro y danza",andalucia,almeria,839879.0,1866.5,4.25,4.19,14318,True
3102,ES,01,11,2024,8,paisaje urbano,espectaculos,"cultura, teatro y danza",andalucia,cadiz,85664.33,1417.0,4.35,4.26,8809,True
3103,ES,01,14,2024,8,paisaje urbano,espectaculos,"cultura, teatro y danza",andalucia,cordoba,653901.0,1591.0,4.3,4.29,93962,True
3104,ES,01,18,2024,8,paisaje urbano,espectaculos,"cultura, teatro y danza",andalucia,granada,399098.0,930.0,4.35,4.37,153042,True
3105,ES,01,23,2024,8,paisaje urbano,espectaculos,"cultura, teatro y danza",andalucia,jaen,13752.0,3438.0,4.3,4.33,16236,True
3106,ES,01,29,2024,8,paisaje urbano,espectaculos,"cultura, teatro y danza",andalucia,malaga,135289.5,875.5,4.43,4.43,158253,True
3107,ES,01,41,2024,8,paisaje urbano,espectaculos,"cultura, teatro y danza",andalucia,sevilla,24124.0,1304.0,4.41,4.34,218279,True
3108,ES,02,22,2024,8,paisaje urbano,espectaculos,"cultura, teatro y danza",aragon,huesca,64673.5,576.0,4.12,4.25,10916,True
3109,ES,02,44,2024,8,paisaje urbano,espectaculos,"cultura, teatro y danza",aragon,teruel,35809.33,1294.33,4.27,4.28,11015,True
3110,ES,02,50,2024,8,paisaje urbano,espectaculos,"cultura, teatro y danza",aragon,zaragoza,27557.5,536.5,4.34,4.21,41352,True
3111,ES,05,35,2024,8,paisaje urbano,espectaculos,"cultura, teatro y danza",canarias,las palmas,540335.2,568.2,4.27,4.28,51395,True
3112,ES,05,38,2024,8,paisaje urbano,espectaculos,"cultura, teatro y danza",canarias,santa cruz de tenerife,96813.88,1335.88,4.28,4.26,66584,True
3113,ES,08,02,2024,8,paisaje urbano,espectaculos,"cultura, teatro y danza",castilla - la mancha,albacete,83664.5,933.5,4.09,4.15,3663,True
3114,ES,08,13,2024,8,paisaje urbano,espectaculos,"cultura, teatro y danza",castilla - la mancha,ciudad real,210.0,525.0,4.33,4.29,7266,True
3115,ES,08,16,2024,8,paisaje urbano,espectaculos,"cultura, teatro y danza",castilla - la mancha,cuenca,4186.0,805.0,4.27,4.19,13771,True
3116,ES,08,45,2024,8,paisaje urbano,espectaculos,"cultura, teatro y danza",castilla - la mancha,toledo,99076.0,1598.0,4.19,4.18,55769,True
3117,ES,07,09,2024,8,paisaje urbano,espectaculos,"cultura, teatro y danza",castilla y leon,burgos,76934.0,538.0,4.35,4.28,19776,True
3118,ES,07,37,2024,8,paisaje urbano,espectaculos,"cultura, teatro y danza",castilla y leon,salamanca,1965516.67,571.0,4.24,4.17,31972,True
3119,ES,07,47,2024,8,paisaje urbano,espectaculos,"cultura, teatro y danza",castilla y leon,valladolid,2238565.6,882.4,4.14,4.06,13695,True
3120,ES,07,49,2024,8,paisaje urbano,espectaculos,"cultura, teatro y danza",castilla y leon,zamora,27736.38,442.38,4.19,4.17,5872,True
3121,ES,09,08,2024,8,paisaje urbano,espectaculos,"cultura, teatro y danza",cataluna,barcelona,48181.09,477.45,4.07,4.05,732080,True
3122,ES,09,17,2024,8,paisaje urbano,espectaculos,"cultura, teatro y danza",cataluna,girona,3576.25,647.5,4.24,4.24,50915,True
3123,ES,09,25,2024,8,paisaje urbano,espectaculos,"cultura, teatro y danza",cataluna,lleida,324.0,162.0,4.29,4.27,7171,True
3124,ES,09,43,2024,8,paisaje urbano,espectaculos,"cultura, teatro y danza",cataluna,tarragona,7817.0,131.5,4.23,4.2,53439,True
3125,ES,18,51,2024,8,paisaje urbano,espectaculos,"cultura, teatro y danza",ceuta,ceuta,858.0,715.0,0.0,0.0,0,False
3126,ES,13,28,2024,8,paisaje urbano,espectaculos,"cultura, teatro y danza",comunidad de madrid,madrid,16139.33,402.33,4.15,4.1,458466,True
3127,ES,10,03,2024,8,paisaje urbano,espectaculos,"cultura, teatro y danza",comunitat valenciana,alicante/alacant,24684.75,2023.0,4.28,4.28,67888,True
3128,ES,10,46,2024,8,paisaje urbano,espectaculos,"cultura, teatro y danza",comunitat valenciana,valencia/valencia,103680.0,2802.0,4.25,4.15,114505,True
3129,ES,11,06,2024,8,paisaje urbano,espectaculos,"cultura, teatro y danza",extremadura,badajoz,49204.67,656.67,4.26,4.29,18348,True
3130,ES,11,10,2024,8,paisaje urbano,espectaculos,"cultura, teatro y danza",extremadura,caceres,5632.0,176.0,4.31,4.33,23514,True
3131,ES,12,15,2024,8,paisaje urbano,espectaculos,"cultura, teatro y danza",galicia,a coruna,50.0,50.0,4.26,4.21,50198,True
3132,ES,12,32,2024,8,paisaje urbano,espectaculos,"cultura, teatro y danza",galicia,ourense,24200.0,1100.0,4.18,4.15,6495,True
3133,ES,12,36,2024,8,paisaje urbano,espectaculos,"cultura, teatro y danza",galicia,pontevedra,6709.5,991.5,4.07,4.17,15892,True
3134,ES,04,07,2024,8,paisaje urbano,espectaculos,"cultura, teatro y danza",illes balears,illes balears,104367.55,789.0,4.21,4.33,107418,True
3135,ES,17,26,2024,8,paisaje urbano,espectaculos,"cultura, teatro y danza",la rioja,la rioja,281291.67,1181.67,4.29,4.31,11493,True
3136,ES,16,01,2024,8,paisaje urbano,espectaculos,"cultura, teatro y danza",pais vasco,araba/alava,146369.0,465.5,4.46,4.41,7811,True
3137,ES,16,48,2024,8,paisaje urbano,espectaculos,"cultura, teatro y danza",pais vasco,bizkaia,573799.0,1021.0,4.38,4.31,56425,True
3138,ES,16,20,2024,8,paisaje urbano,espectaculos,"cultura, teatro y danza",pais vasco,gipuzkoa,54924.0,597.0,4.43,4.41,26949,True
3139,ES,14,30,2024,8,paisaje urbano,espectaculos,"cultura, teatro y danza",region de murcia,murcia,85231.25,2011.0,4.32,4.2,9308,True
3140,ES,01,41,2024,8,compras,espectaculos,ferias,andalucia,sevilla,9996.0,714.0,3.84,4.34,7574,True
3141,ES,05,35,2024,8,compras,espectaculos,ferias,canarias,las palmas,22512.0,469.0,3.9,4.28,20086,True
3142,ES,04,07,2024,8,compras,espectaculos,ferias,illes balears,illes balears,12650.0,1150.0,4.17,4.33,22175,True
3143,ES,01,04,2024,8,paisaje urbano,espectaculos,museo y exposiciones,andalucia,almeria,1320.0,440.0,4.25,4.19,14318,True
3144,ES,01,18,2024,8,paisaje urbano,espectaculos,museo y exposiciones,andalucia,granada,530056.0,1123.0,4.35,4.37,153042,True
3145,ES,01,41,2024,8,paisaje urbano,espectaculos,museo y exposiciones,andalucia,sevilla,2600.0,130.0,4.41,4.34,218279,True
3146,ES,05,38,2024,8,paisaje urbano,espectaculos,museo y exposiciones,canarias,santa cruz de tenerife,5089.5,1118.5,4.28,4.26,66584,True
3147,ES,08,45,2024,8,paisaje urbano,espectaculos,museo y exposiciones,castilla - la mancha,toledo,3480.0,696.0,4.19,4.18,55769,True
3148,ES,07,37,2024,8,paisaje urbano,espectaculos,museo y exposiciones,castilla y leon,salamanca,19840.0,31.0,4.24,4.17,31972,True
3149,ES,09,08,2024,8,paisaje urbano,espectaculos,museo y exposiciones,cataluna,barcelona,116112.0,944.0,4.07,4.05,732080,True
3150,ES,09,43,2024,8,paisaje urbano,espectaculos,museo y exposiciones,cataluna,tarragona,14274.0,183.0,4.23,4.2,53439,True
3151,ES,04,07,2024,8,paisaje urbano,espectaculos,museo y exposiciones,illes balears,illes balears,1036.0,518.0,4.21,4.33,107418,True
3152,ES,16,01,2024,8,paisaje urbano,espectaculos,museo y exposiciones,pais vasco,araba/alava,480.0,32.0,4.46,4.41,7811,True
3153,ES,16,48,2024,8,paisaje urbano,espectaculos,museo y exposiciones,pais vasco,bizkaia,137765.0,934.0,4.38,4.31,56425,True
3154,ES,01,04,2024,8,vida nocturna,espectaculos,musica,andalucia,almeria,369855.0,894.57,3.72,4.19,5362,True
3155,ES,01,11,2024,8,vida nocturna,espectaculos,musica,andalucia,cadiz,331379.89,1824.22,4.08,4.26,2343,True
3156,ES,01,14,2024,8,vida nocturna,espectaculos,musica,andalucia,cordoba,14890.5,724.5,4.3,4.29,1908,True
3157,ES,01,18,2024,8,vida nocturna,espectaculos,musica,andalucia,granada,101776.9,1357.3,3.92,4.37,10900,True
3158,ES,01,23,2024,8,vida nocturna,espectaculos,musica,andalucia,jaen,163679.17,1088.5,4.0,4.33,992,True
3159,ES,01,29,2024,8,vida nocturna,espectaculos,musica,andalucia,malaga,438530.14,1778.29,4.3,4.43,56036,True
3160,ES,01,41,2024,8,vida nocturna,espectaculos,musica,andalucia,sevilla,104526.5,1193.0,4.05,4.34,39053,True
3161,ES,02,22,2024,8,vida nocturna,espectaculos,musica,aragon,huesca,328660.75,2501.5,3.85,4.25,1293,True
3162,ES,02,44,2024,8,vida nocturna,espectaculos,musica,aragon,teruel,127796.4,2237.0,4.35,4.28,950,True
3163,ES,02,50,2024,8,vida nocturna,espectaculos,musica,aragon,zaragoza,722461.5,1262.25,3.75,4.21,1614,True
3164,ES,05,35,2024,8,vida nocturna,espectaculos,musica,canarias,las palmas,122704.5,997.25,4.24,4.28,129544,True
3165,ES,05,38,2024,8,vida nocturna,espectaculos,musica,canarias,santa cruz de tenerife,260442.08,1109.83,4.06,4.26,62671,True
3166,ES,06,39,2024,8,vida nocturna,espectaculos,musica,cantabria,cantabria,140102.4,1036.4,4.02,4.27,5819,True
3167,ES,08,02,2024,8,vida nocturna,espectaculos,musica,castilla - la mancha,albacete,48523.5,1597.5,4.21,4.15,573,True
3168,ES,08,13,2024,8,vida nocturna,espectaculos,musica,castilla - la mancha,ciudad real,20330.8,846.8,4.17,4.29,385,True
3169,ES,08,16,2024,8,vida nocturna,espectaculos,musica,castilla - la mancha,cuenca,88641.0,603.0,3.91,4.19,760,True
3170,ES,08,19,2024,8,vida nocturna,espectaculos,musica,castilla - la mancha,guadalajara,23970.0,3995.0,3.23,4.04,447,True
3171,ES,08,45,2024,8,vida nocturna,espectaculos,musica,castilla - la mancha,toledo,28779.0,4821.5,3.99,4.18,434,True
3172,ES,07,09,2024,8,vida nocturna,espectaculos,musica,castilla y leon,burgos,244490.5,1298.0,3.95,4.28,970,True
3173,ES,07,24,2024,8,vida nocturna,espectaculos,musica,castilla y leon,leon,100314.4,1116.6,3.97,4.21,1480,True
3174,ES,07,34,2024,8,vida nocturna,espectaculos,musica,castilla y leon,palencia,7317.0,201.5,4.23,4.35,379,True
3175,ES,07,37,2024,8,vida nocturna,espectaculos,musica,castilla y leon,salamanca,52162.0,688.0,3.66,4.17,3701,True
3176,ES,07,40,2024,8,vida nocturna,espectaculos,musica,castilla y leon,segovia,66988.0,919.0,3.91,4.07,263,True
3177,ES,07,42,2024,8,vida nocturna,espectaculos,musica,castilla y leon,soria,393689.75,1554.5,4.2,3.97,154,True
3178,ES,07,47,2024,8,vida nocturna,espectaculos,musica,castilla y leon,valladolid,209959.5,909.0,4.01,4.06,1293,True
3179,ES,07,49,2024,8,vida nocturna,espectaculos,musica,castilla y leon,zamora,575456.0,1468.0,4.27,4.17,462,True
3180,ES,09,08,2024,8,vida nocturna,espectaculos,musica,cataluna,barcelona,459071.81,1443.23,3.95,4.05,119743,True
3181,ES,09,17,2024,8,vida nocturna,espectaculos,musica,cataluna,girona,218677.0,1399.47,3.8,4.24,12856,True
3182,ES,09,25,2024,8,vida nocturna,espectaculos,musica,cataluna,lleida,191114.83,1740.33,3.84,4.27,1184,True
3183,ES,09,43,2024,8,vida nocturna,espectaculos,musica,cataluna,tarragona,113764.31,687.0,4.1,4.2,22730,True
3184,ES,18,51,2024,8,vida nocturna,espectaculos,musica,ceuta,ceuta,6754.0,614.0,0.0,0.0,0,False
3185,ES,13,28,2024,8,vida nocturna,espectaculos,musica,comunidad de madrid,madrid,1554389.38,1896.46,3.85,4.1,100430,True
3186,ES,15,31,2024,8,vida nocturna,espectaculos,musica,comunidad foral de navarra,navarra,333653.2,1922.6,3.72,4.23,2565,True
3187,ES,10,03,2024,8,vida nocturna,espectaculos,musica,comunitat valenciana,alicante/alacant,375779.67,1139.5,4.03,4.28,84389,True
3188,ES,10,12,2024,8,vida nocturna,espectaculos,musica,comunitat valenciana,castellon/castello,214399.33,1313.67,3.88,4.2,2406,True
3189,ES,10,46,2024,8,vida nocturna,espectaculos,musica,comunitat valenciana,valencia/valencia,73209.67,1218.67,3.72,4.15,9307,True
3190,ES,11,06,2024,8,vida nocturna,espectaculos,musica,extremadura,badajoz,44632.5,660.5,4.31,4.29,2109,True
3191,ES,11,10,2024,8,vida nocturna,espectaculos,musica,extremadura,caceres,194665.5,334.5,3.95,4.33,1377,True
3192,ES,12,15,2024,8,vida nocturna,espectaculos,musica,galicia,a coruna,416840.6,1193.2,3.74,4.21,5653,True
3193,ES,12,27,2024,8,vida nocturna,espectaculos,musica,galicia,lugo,8357.5,782.5,4.18,4.28,502,True
3194,ES,12,32,2024,8,vida nocturna,espectaculos,musica,galicia,ourense,42845.0,1045.0,3.7,4.15,660,True
3195,ES,12,36,2024,8,vida nocturna,espectaculos,musica,galicia,pontevedra,166868.0,1880.0,4.0,4.17,3092,True
3196,ES,04,07,2024,8,vida nocturna,espectaculos,musica,illes balears,illes balears,1007262.26,1598.86,4.12,4.33,122452,True
3197,ES,17,26,2024,8,vida nocturna,espectaculos,musica,la rioja,la rioja,83518.6,528.8,3.69,4.31,1866,True
3198,ES,16,01,2024,8,vida nocturna,espectaculos,musica,pais vasco,araba/alava,20530.5,598.5,3.82,4.41,1138,True
3199,ES,16,48,2024,8,vida nocturna,espectaculos,musica,pais vasco,bizkaia,297580.67,1064.67,4.21,4.31,5615,True
3200,ES,16,20,2024,8,vida nocturna,espectaculos,musica,pais vasco,gipuzkoa,9292.29,706.29,4.14,4.41,5503,True
3201,ES,03,33,2024,8,vida nocturna,espectaculos,musica,principado de asturias,asturias,97422.88,1087.25,4.18,4.35,9626,True
3202,ES,14,30,2024,8,vida nocturna,espectaculos,musica,region de murcia,murcia,355359.33,1448.0,3.62,4.2,1488,True
3203,ES,01,04,2024,8,vida nocturna,espectaculos,musicales,andalucia,almeria,240.0,120.0,3.72,4.19,5362,True
3204,ES,01,18,2024,8,vida nocturna,espectaculos,musicales,andalucia,granada,72527.0,675.5,3.92,4.37,10900,True
3205,ES,02,22,2024,8,vida nocturna,espectaculos,musicales,aragon,huesca,2368.0,592.0,3.85,4.25,1293,True
3206,ES,02,44,2024,8,vida nocturna,espectaculos,musicales,aragon,teruel,103353.0,733.0,4.35,4.28,950,True
3207,ES,05,35,2024,8,vida nocturna,espectaculos,musicales,canarias,las palmas,91698.0,899.0,4.24,4.28,129544,True
3208,ES,05,38,2024,8,vida nocturna,espectaculos,musicales,canarias,santa cruz de tenerife,20313.0,1098.0,4.06,4.26,62671,True
3209,ES,08,02,2024,8,vida nocturna,espectaculos,musicales,castilla - la mancha,albacete,2150.0,50.0,4.21,4.15,573,True
3210,ES,08,13,2024,8,vida nocturna,espectaculos,musicales,castilla - la mancha,ciudad real,210.0,525.0,4.17,4.29,385,True
3211,ES,09,08,2024,8,vida nocturna,espectaculos,musicales,cataluna,barcelona,175065.0,1061.0,3.95,4.05,119743,True
3212,ES,13,28,2024,8,vida nocturna,espectaculos,musicales,comunidad de madrid,madrid,1720.0,215.0,3.85,4.1,100430,True
3213,ES,10,46,2024,8,vida nocturna,espectaculos,musicales,comunitat valenciana,valencia/valencia,1767.0,93.0,3.72,4.15,9307,True
3214,ES,11,06,2024,8,vida nocturna,espectaculos,musicales,extremadura,badajoz,7568.0,176.0,4.31,4.29,2109,True
3215,ES,11,10,2024,8,vida nocturna,espectaculos,musicales,extremadura,caceres,5632.0,176.0,3.95,4.33,1377,True
3216,ES,04,07,2024,8,vida nocturna,espectaculos,musicales,illes balears,illes balears,33792.0,2048.0,4.12,4.33,122452,True
3217,ES,14,30,2024,8,vida nocturna,espectaculos,musicales,region de murcia,murcia,52635.0,957.0,3.62,4.2,1488,True
3218,ES,04,07,2024,8,paisaje naturaleza,espectaculos,parques tematicos,illes balears,illes balears,258358.0,1279.0,4.42,4.33,203636,True
3219,ES,01,04,2024,9,paisaje naturaleza,actividades,actividades infantiles,andalucia,almeria,960.0,160.0,4.32,4.19,23376,True
3220,ES,01,11,2024,9,paisaje naturaleza,actividades,actividades infantiles,andalucia,cadiz,29344.0,1256.0,4.27,4.26,12350,True
3221,ES,01,14,2024,9,paisaje naturaleza,actividades,actividades infantiles,andalucia,cordoba,278334.0,987.0,4.32,4.29,3767,True
3222,ES,01,18,2024,9,paisaje naturaleza,actividades,actividades infantiles,andalucia,granada,2705.0,1115.5,4.52,4.37,18492,True
3223,ES,01,29,2024,9,paisaje naturaleza,actividades,actividades infantiles,andalucia,malaga,44923.0,918.5,4.44,4.43,109648,True
3224,ES,01,41,2024,9,paisaje naturaleza,actividades,actividades infantiles,andalucia,sevilla,34656.0,1216.0,4.47,4.34,21476,True
3225,ES,02,50,2024,9,paisaje naturaleza,actividades,actividades infantiles,aragon,zaragoza,1246968.0,1004.0,4.36,4.21,5888,True
3226,ES,05,35,2024,9,paisaje naturaleza,actividades,actividades infantiles,canarias,las palmas,64494.67,632.33,4.34,4.28,200378,True
3227,ES,05,38,2024,9,paisaje naturaleza,actividades,actividades infantiles,canarias,santa cruz de tenerife,65979.83,576.67,4.31,4.26,190067,True
3228,ES,06,39,2024,9,paisaje naturaleza,actividades,actividades infantiles,cantabria,cantabria,770.0,70.0,4.36,4.27,37946,True
3229,ES,08,02,2024,9,paisaje naturaleza,actividades,actividades infantiles,castilla - la mancha,albacete,13200.0,165.0,4.38,4.15,3169,True
3230,ES,08,45,2024,9,paisaje naturaleza,actividades,actividades infantiles,castilla - la mancha,toledo,38192.5,1601.5,4.16,4.18,1715,True
3231,ES,07,09,2024,9,paisaje naturaleza,actividades,actividades infantiles,castilla y leon,burgos,2772.0,504.0,4.44,4.28,6285,True
3232,ES,07,37,2024,9,paisaje naturaleza,actividades,actividades infantiles,castilla y leon,salamanca,9152.0,176.0,4.39,4.17,3319,True
3233,ES,07,47,2024,9,paisaje naturaleza,actividades,actividades infantiles,castilla y leon,valladolid,13545.5,479.5,4.18,4.06,8696,True
3234,ES,07,49,2024,9,paisaje naturaleza,actividades,actividades infantiles,castilla y leon,zamora,1350.0,50.0,4.38,4.17,2116,True
3235,ES,09,08,2024,9,paisaje naturaleza,actividades,actividades infantiles,cataluna,barcelona,532375.5,1602.3,4.13,4.05,200444,True
3236,ES,09,17,2024,9,paisaje naturaleza,actividades,actividades infantiles,cataluna,girona,340974.0,1994.0,4.38,4.24,61683,True
3237,ES,09,43,2024,9,paisaje naturaleza,actividades,actividades infantiles,cataluna,tarragona,56906.33,963.0,4.26,4.2,33701,True
3238,ES,13,28,2024,9,paisaje naturaleza,actividades,actividades infantiles,comunidad de madrid,madrid,65250.0,505.33,4.19,4.1,121795,True
3239,ES,15,31,2024,9,paisaje naturaleza,actividades,actividades infantiles,comunidad foral de navarra,navarra,1617048.0,2664.0,4.33,4.23,7007,True
3240,ES,10,03,2024,9,paisaje naturaleza,actividades,actividades infantiles,comunitat valenciana,alicante/alacant,43654.0,2510.5,4.36,4.28,82424,True
3241,ES,10,46,2024,9,paisaje naturaleza,actividades,actividades infantiles,comunitat valenciana,valencia/valencia,734177.75,1049.25,4.23,4.15,90776,True
3242,ES,11,06,2024,9,paisaje naturaleza,actividades,actividades infantiles,extremadura,badajoz,4224.0,176.0,4.4,4.29,1116,True
3243,ES,11,10,2024,9,paisaje naturaleza,actividades,actividades infantiles,extremadura,caceres,179201.0,962.5,4.5,4.33,5814,True
3244,ES,12,15,2024,9,paisaje naturaleza,actividades,actividades infantiles,galicia,a coruna,60009.5,375.5,4.39,4.21,18974,True
3245,ES,12,36,2024,9,paisaje naturaleza,actividades,actividades infantiles,galicia,pontevedra,3500.0,35.0,4.29,4.17,15699,True
3246,ES,04,07,2024,9,paisaje naturaleza,actividades,actividades infantiles,illes balears,illes balears,290845.42,1162.83,4.42,4.33,203636,True
3247,ES,16,01,2024,9,paisaje naturaleza,actividades,actividades infantiles,pais vasco,araba/alava,6207.0,613.0,4.66,4.41,11468,True
3248,ES,16,48,2024,9,paisaje naturaleza,actividades,actividades infantiles,pais vasco,bizkaia,138319.0,1294.0,4.38,4.31,7925,True
3249,ES,16,20,2024,9,paisaje naturaleza,actividades,actividades infantiles,pais vasco,gipuzkoa,90258.0,560.0,4.61,4.41,26976,True
3250,ES,03,33,2024,9,paisaje naturaleza,actividades,actividades infantiles,principado de asturias,asturias,13072.0,817.0,4.42,4.35,44006,True
3251,ES,14,30,2024,9,paisaje naturaleza,actividades,actividades infantiles,region de murcia,murcia,42688.0,1472.0,4.4,4.2,2633,True
3252,ES,01,04,2024,9,servicios,actividades,cursos,andalucia,almeria,552.0,69.0,4.19,4.19,430,True
3253,ES,01,29,2024,9,servicios,actividades,cursos,andalucia,malaga,550.0,110.0,4.62,4.43,51898,True
3254,ES,01,41,2024,9,servicios,actividades,cursos,andalucia,sevilla,2700.0,287.5,4.06,4.34,4859,True
3255,ES,05,35,2024,9,servicios,actividades,cursos,canarias,las palmas,55637.0,2419.0,3.72,4.28,2863,True
3256,ES,05,38,2024,9,servicios,actividades,cursos,canarias,santa cruz de tenerife,1302.0,31.0,3.86,4.26,3753,True
3257,ES,07,47,2024,9,servicios,actividades,cursos,castilla y leon,valladolid,157135.0,14285.0,2.7,4.06,292,True
3258,ES,09,08,2024,9,servicios,actividades,cursos,cataluna,barcelona,105866.0,4013.0,4.03,4.05,159935,True
3259,ES,09,17,2024,9,servicios,actividades,cursos,cataluna,girona,300.0,100.0,3.82,4.24,1146,True
3260,ES,13,28,2024,9,servicios,actividades,cursos,comunidad de madrid,madrid,428786.33,1236.33,3.92,4.1,42370,True
3261,ES,10,46,2024,9,servicios,actividades,cursos,comunitat valenciana,valencia/valencia,2250.0,250.0,4.56,4.15,7124,True
3262,ES,04,07,2024,9,servicios,actividades,cursos,illes balears,illes balears,186042.4,4101.6,4.23,4.33,46354,True
3263,ES,16,20,2024,9,servicios,actividades,cursos,pais vasco,gipuzkoa,96084.0,2669.0,3.84,4.41,140,True
3264,ES,14,30,2024,9,servicios,actividades,cursos,region de murcia,murcia,250.0,250.0,2.83,4.2,6,True
3265,ES,01,29,2024,9,paisaje naturaleza,actividades,deportes y aventuras,andalucia,malaga,25691.5,184.5,4.44,4.43,109648,True
3266,ES,05,35,2024,9,paisaje naturaleza,actividades,deportes y aventuras,canarias,las palmas,62539.0,229.0,4.34,4.28,200378,True
3267,ES,08,16,2024,9,paisaje naturaleza,actividades,deportes y aventuras,castilla - la mancha,cuenca,1000.0,100.0,4.42,4.19,3251,True
3268,ES,07,05,2024,9,paisaje naturaleza,actividades,deportes y aventuras,castilla y leon,avila,217782.0,1962.0,4.56,4.23,1874,True
3269,ES,07,24,2024,9,paisaje naturaleza,actividades,deportes y aventuras,castilla y leon,leon,4900.0,100.0,4.52,4.21,4506,True
3270,ES,07,37,2024,9,paisaje naturaleza,actividades,deportes y aventuras,castilla y leon,salamanca,8788.0,338.0,4.39,4.17,3319,True
3271,ES,09,08,2024,9,paisaje naturaleza,actividades,deportes y aventuras,cataluna,barcelona,67462.09,806.45,4.13,4.05,200444,True
3272,ES,09,17,2024,9,paisaje naturaleza,actividades,deportes y aventuras,cataluna,girona,32436.0,954.0,4.38,4.24,61683,True
3273,ES,09,43,2024,9,paisaje naturaleza,actividades,deportes y aventuras,cataluna,tarragona,47940.0,340.0,4.26,4.2,33701,True
3274,ES,13,28,2024,9,paisaje naturaleza,actividades,deportes y aventuras,comunidad de madrid,madrid,192683.0,1103.0,4.19,4.1,121795,True
3275,ES,15,31,2024,9,paisaje naturaleza,actividades,deportes y aventuras,comunidad foral de navarra,navarra,1175983.0,3389.0,4.33,4.23,7007,True
3276,ES,10,03,2024,9,paisaje naturaleza,actividades,deportes y aventuras,comunitat valenciana,alicante/alacant,26694.75,3748.0,4.36,4.28,82424,True
3277,ES,11,06,2024,9,paisaje naturaleza,actividades,deportes y aventuras,extremadura,badajoz,7334.0,221.5,4.4,4.29,1116,True
3278,ES,11,10,2024,9,paisaje naturaleza,actividades,deportes y aventuras,extremadura,caceres,11542.0,796.0,4.5,4.33,5814,True
3279,ES,12,15,2024,9,paisaje naturaleza,actividades,deportes y aventuras,galicia,a coruna,500.0,50.0,4.39,4.21,18974,True
3280,ES,04,07,2024,9,paisaje naturaleza,actividades,deportes y aventuras,illes balears,illes balears,9327.0,3109.0,4.42,4.33,203636,True
3281,ES,16,48,2024,9,paisaje naturaleza,actividades,deportes y aventuras,pais vasco,bizkaia,25921.0,2645.0,4.38,4.31,7925,True
3282,ES,16,20,2024,9,paisaje naturaleza,actividades,deportes y aventuras,pais vasco,gipuzkoa,812174.0,2546.0,4.61,4.41,26976,True
3283,ES,03,33,2024,9,paisaje naturaleza,actividades,deportes y aventuras,principado de asturias,asturias,18664.0,9332.0,4.42,4.35,44006,True
3284,ES,01,11,2024,9,comida y bebida,actividades,gastronomia,andalucia,cadiz,31256.0,582.0,4.57,4.26,47,True
3285,ES,01,29,2024,9,comida y bebida,actividades,gastronomia,andalucia,malaga,361215.0,1745.0,4.84,4.43,1395,True
3286,ES,01,41,2024,9,comida y bebida,actividades,gastronomia,andalucia,sevilla,37224.0,517.0,4.76,4.34,8170,True
3287,ES,05,35,2024,9,comida y bebida,actividades,gastronomia,canarias,las palmas,19687.0,561.5,3.71,4.28,443,True
3288,ES,08,02,2024,9,comida y bebida,actividades,gastronomia,castilla - la mancha,albacete,1800.0,120.0,4.88,4.15,33,True
3289,ES,09,08,2024,9,comida y bebida,actividades,gastronomia,cataluna,barcelona,54127.5,171.0,4.67,4.05,3911,True
3290,ES,09,17,2024,9,comida y bebida,actividades,gastronomia,cataluna,girona,1050.0,150.0,4.57,4.24,183,True
3291,ES,13,28,2024,9,comida y bebida,actividades,gastronomia,comunidad de madrid,madrid,109478.0,1634.0,4.71,4.1,5856,True
3292,ES,15,31,2024,9,comida y bebida,actividades,gastronomia,comunidad foral de navarra,navarra,332.0,83.0,4.63,4.23,135,True
3293,ES,10,03,2024,9,comida y bebida,actividades,gastronomia,comunitat valenciana,alicante/alacant,98571.0,1471.5,4.52,4.28,760,True
3294,ES,12,15,2024,9,comida y bebida,actividades,gastronomia,galicia,a coruna,80.0,80.0,4.21,4.21,75,True
3295,ES,04,07,2024,9,comida y bebida,actividades,gastronomia,illes balears,illes balears,120106.25,2535.0,4.86,4.33,2196,True
3296,ES,16,48,2024,9,comida y bebida,actividades,gastronomia,pais vasco,bizkaia,12315.0,821.0,4.31,4.31,319,True
3297,ES,14,30,2024,9,comida y bebida,actividades,gastronomia,region de murcia,murcia,600.0,60.0,3.99,4.2,320,True
3298,ES,01,18,2024,9,vida nocturna,espectaculos,cine,andalucia,granada,19581.0,107.0,3.92,4.37,10900,True
3299,ES,01,29,2024,9,vida nocturna,espectaculos,cine,andalucia,malaga,25890.0,1726.0,4.3,4.43,56036,True
3300,ES,01,41,2024,9,vida nocturna,espectaculos,cine,andalucia,sevilla,19261.0,374.0,4.05,4.34,39053,True
3301,ES,09,08,2024,9,vida nocturna,espectaculos,cine,cataluna,barcelona,38158.25,730.25,3.95,4.05,119743,True
3302,ES,09,17,2024,9,vida nocturna,espectaculos,cine,cataluna,girona,267.0,445.0,3.8,4.24,12856,True
3303,ES,13,28,2024,9,vida nocturna,espectaculos,cine,comunidad de madrid,madrid,186993.0,711.0,3.85,4.1,100430,True
3304,ES,10,03,2024,9,vida nocturna,espectaculos,cine,comunitat valenciana,alicante/alacant,85771.5,668.25,4.03,4.28,84389,True
3305,ES,12,36,2024,9,vida nocturna,espectaculos,cine,galicia,pontevedra,3500.0,35.0,4.0,4.17,3092,True
3306,ES,04,07,2024,9,vida nocturna,espectaculos,cine,illes balears,illes balears,4465.0,235.0,4.12,4.33,122452,True
3307,ES,16,20,2024,9,vida nocturna,espectaculos,cine,pais vasco,gipuzkoa,28851.5,446.5,4.14,4.41,5503,True
3308,ES,01,04,2024,9,otros,espectaculos,conferencias,andalucia,almeria,6600.0,300.0,4.31,4.19,238,True
3309,ES,01,18,2024,9,otros,espectaculos,conferencias,andalucia,granada,1545.0,515.0,4.48,4.37,161,True
3310,ES,01,41,2024,9,otros,espectaculos,conferencias,andalucia,sevilla,9072.0,144.0,3.68,4.34,431,True
3311,ES,05,35,2024,9,otros,espectaculos,conferencias,canarias,las palmas,14834.0,383.0,4.32,4.28,176,True
3312,ES,09,08,2024,9,otros,espectaculos,conferencias,cataluna,barcelona,20655.0,5732.67,3.9,4.05,2019,True
3313,ES,13,28,2024,9,otros,espectaculos,conferencias,comunidad de madrid,madrid,19045.0,1394.0,3.97,4.1,1624,True
3314,ES,12,36,2024,9,otros,espectaculos,conferencias,galicia,pontevedra,102608.0,583.0,4.43,4.17,119,True
3315,ES,04,07,2024,9,otros,espectaculos,conferencias,illes balears,illes balears,25100.0,1255.0,4.21,4.33,296,True
3316,ES,17,26,2024,9,otros,espectaculos,conferencias,la rioja,la rioja,75008.0,4688.0,4.09,4.31,363,True
3317,ES,01,04,2024,9,paisaje urbano,espectaculos,"cultura, teatro y danza",andalucia,almeria,196899.4,1092.2,4.25,4.19,14318,True
3318,ES,01,11,2024,9,paisaje urbano,espectaculos,"cultura, teatro y danza",andalucia,cadiz,84630.25,786.25,4.35,4.26,8809,True
3319,ES,01,14,2024,9,paisaje urbano,espectaculos,"cultura, teatro y danza",andalucia,cordoba,1457946.0,1421.0,4.3,4.29,93962,True
3320,ES,01,18,2024,9,paisaje urbano,espectaculos,"cultura, teatro y danza",andalucia,granada,211948.0,1164.75,4.35,4.37,153042,True
3321,ES,01,23,2024,9,paisaje urbano,espectaculos,"cultura, teatro y danza",andalucia,jaen,3714.0,619.0,4.3,4.33,16236,True
3322,ES,01,29,2024,9,paisaje urbano,espectaculos,"cultura, teatro y danza",andalucia,malaga,67385.75,720.75,4.43,4.43,158253,True
3323,ES,01,41,2024,9,paisaje urbano,espectaculos,"cultura, teatro y danza",andalucia,sevilla,2167808.0,1168.0,4.41,4.34,218279,True
3324,ES,02,22,2024,9,paisaje urbano,espectaculos,"cultura, teatro y danza",aragon,huesca,261144.0,1209.0,4.12,4.25,10916,True
3325,ES,02,50,2024,9,paisaje urbano,espectaculos,"cultura, teatro y danza",aragon,zaragoza,921006.0,1216.5,4.34,4.21,41352,True
3326,ES,05,35,2024,9,paisaje urbano,espectaculos,"cultura, teatro y danza",canarias,las palmas,594320.38,846.25,4.27,4.28,51395,True
3327,ES,05,38,2024,9,paisaje urbano,espectaculos,"cultura, teatro y danza",canarias,santa cruz de tenerife,197216.0,659.11,4.28,4.26,66584,True
3328,ES,06,39,2024,9,paisaje urbano,espectaculos,"cultura, teatro y danza",cantabria,cantabria,112914.0,1107.0,4.28,4.27,27507,True
3329,ES,08,02,2024,9,paisaje urbano,espectaculos,"cultura, teatro y danza",castilla - la mancha,albacete,434426.5,565.0,4.09,4.15,3663,True
3330,ES,08,13,2024,9,paisaje urbano,espectaculos,"cultura, teatro y danza",castilla - la mancha,ciudad real,3048.0,508.0,4.33,4.29,7266,True
3331,ES,08,45,2024,9,paisaje urbano,espectaculos,"cultura, teatro y danza",castilla - la mancha,toledo,46666.5,687.5,4.19,4.18,55769,True
3332,ES,07,09,2024,9,paisaje urbano,espectaculos,"cultura, teatro y danza",castilla y leon,burgos,45616.5,369.5,4.35,4.28,19776,True
3333,ES,07,37,2024,9,paisaje urbano,espectaculos,"cultura, teatro y danza",castilla y leon,salamanca,103448.0,719.0,4.24,4.17,31972,True
3334,ES,07,42,2024,9,paisaje urbano,espectaculos,"cultura, teatro y danza",castilla y leon,soria,337845.0,1515.0,4.17,3.97,6300,True
3335,ES,07,47,2024,9,paisaje urbano,espectaculos,"cultura, teatro y danza",castilla y leon,valladolid,107737.2,969.8,4.14,4.06,13695,True
3336,ES,07,49,2024,9,paisaje urbano,espectaculos,"cultura, teatro y danza",castilla y leon,zamora,1560.0,40.0,4.19,4.17,5872,True
3337,ES,09,08,2024,9,paisaje urbano,espectaculos,"cultura, teatro y danza",cataluna,barcelona,98776.53,943.6,4.07,4.05,732080,True
3338,ES,09,17,2024,9,paisaje urbano,espectaculos,"cultura, teatro y danza",cataluna,girona,11150.0,1721.33,4.24,4.24,50915,True
3339,ES,09,25,2024,9,paisaje urbano,espectaculos,"cultura, teatro y danza",cataluna,lleida,8372.0,644.0,4.29,4.27,7171,True
3340,ES,09,43,2024,9,paisaje urbano,espectaculos,"cultura, teatro y danza",cataluna,tarragona,46602.33,1070.33,4.23,4.2,53439,True
3341,ES,18,51,2024,9,paisaje urbano,espectaculos,"cultura, teatro y danza",ceuta,ceuta,72821.0,707.0,0.0,0.0,0,False
3342,ES,13,28,2024,9,paisaje urbano,espectaculos,"cultura, teatro y danza",comunidad de madrid,madrid,489279.44,481.56,4.15,4.1,458466,True
3343,ES,15,31,2024,9,paisaje urbano,espectaculos,"cultura, teatro y danza",comunidad foral de navarra,navarra,58000.0,250.0,4.25,4.23,19680,True
3344,ES,10,03,2024,9,paisaje urbano,espectaculos,"cultura, teatro y danza",comunitat valenciana,alicante/alacant,210242.8,1942.8,4.28,4.28,67888,True
3345,ES,10,46,2024,9,paisaje urbano,espectaculos,"cultura, teatro y danza",comunitat valenciana,valencia/valencia,118655.5,475.0,4.25,4.15,114505,True
3346,ES,11,06,2024,9,paisaje urbano,espectaculos,"cultura, teatro y danza",extremadura,badajoz,3728.25,136.75,4.26,4.29,18348,True
3347,ES,11,10,2024,9,paisaje urbano,espectaculos,"cultura, teatro y danza",extremadura,caceres,10618.0,125.33,4.31,4.33,23514,True
3348,ES,12,15,2024,9,paisaje urbano,espectaculos,"cultura, teatro y danza",galicia,a coruna,48675.5,587.25,4.26,4.21,50198,True
3349,ES,12,36,2024,9,paisaje urbano,espectaculos,"cultura, teatro y danza",galicia,pontevedra,17955.0,855.0,4.07,4.17,15892,True
3350,ES,04,07,2024,9,paisaje urbano,espectaculos,"cultura, teatro y danza",illes balears,illes balears,235066.67,723.83,4.21,4.33,107418,True
3351,ES,17,26,2024,9,paisaje urbano,espectaculos,"cultura, teatro y danza",la rioja,la rioja,910534.0,2311.0,4.29,4.31,11493,True
3352,ES,16,01,2024,9,paisaje urbano,espectaculos,"cultura, teatro y danza",pais vasco,araba/alava,123460.0,530.0,4.46,4.41,7811,True
3353,ES,16,48,2024,9,paisaje urbano,espectaculos,"cultura, teatro y danza",pais vasco,bizkaia,181451.33,1037.67,4.38,4.31,56425,True
3354,ES,16,20,2024,9,paisaje urbano,espectaculos,"cultura, teatro y danza",pais vasco,gipuzkoa,72900.75,320.75,4.43,4.41,26949,True
3355,ES,03,33,2024,9,paisaje urbano,espectaculos,"cultura, teatro y danza",principado de asturias,asturias,5280.0,110.0,4.37,4.35,40762,True
3356,ES,14,30,2024,9,paisaje urbano,espectaculos,"cultura, teatro y danza",region de murcia,murcia,137089.0,2419.5,4.32,4.2,9308,True
3357,ES,01,04,2024,9,compras,espectaculos,ferias,andalucia,almeria,6600.0,300.0,4.23,4.19,2490,True
3358,ES,01,41,2024,9,compras,espectaculos,ferias,andalucia,sevilla,9072.0,144.0,3.84,4.34,7574,True
3359,ES,05,35,2024,9,compras,espectaculos,ferias,canarias,las palmas,5040.0,504.0,3.9,4.28,20086,True
3360,ES,09,08,2024,9,compras,espectaculos,ferias,cataluna,barcelona,29004.0,2417.0,3.75,4.05,95381,True
3361,ES,04,07,2024,9,compras,espectaculos,ferias,illes balears,illes balears,25100.0,1255.0,4.17,4.33,22175,True
3362,ES,17,26,2024,9,compras,espectaculos,ferias,la rioja,la rioja,75008.0,4688.0,4.36,4.31,872,True
3363,ES,01,18,2024,9,paisaje urbano,espectaculos,museo y exposiciones,andalucia,granada,13179.0,1146.0,4.35,4.37,153042,True
3364,ES,01,29,2024,9,paisaje urbano,espectaculos,museo y exposiciones,andalucia,malaga,2400.0,400.0,4.43,4.43,158253,True
3365,ES,01,41,2024,9,paisaje urbano,espectaculos,museo y exposiciones,andalucia,sevilla,3180.0,1325.0,4.41,4.34,218279,True
3366,ES,08,45,2024,9,paisaje urbano,espectaculos,museo y exposiciones,castilla - la mancha,toledo,71517.0,769.0,4.19,4.18,55769,True
3367,ES,07,37,2024,9,paisaje urbano,espectaculos,museo y exposiciones,castilla y leon,salamanca,122944.0,272.0,4.24,4.17,31972,True
3368,ES,09,08,2024,9,paisaje urbano,espectaculos,museo y exposiciones,cataluna,barcelona,87156.0,1076.0,4.07,4.05,732080,True
3369,ES,09,43,2024,9,paisaje urbano,espectaculos,museo y exposiciones,cataluna,tarragona,55404.0,1458.0,4.23,4.2,53439,True
3370,ES,04,07,2024,9,paisaje urbano,espectaculos,museo y exposiciones,illes balears,illes balears,1554.0,518.0,4.21,4.33,107418,True
3371,ES,16,01,2024,9,paisaje urbano,espectaculos,museo y exposiciones,pais vasco,araba/alava,7362.0,2454.0,4.46,4.41,7811,True
3372,ES,16,48,2024,9,paisaje urbano,espectaculos,museo y exposiciones,pais vasco,bizkaia,395514.0,903.0,4.38,4.31,56425,True
3373,ES,01,04,2024,9,vida nocturna,espectaculos,musica,andalucia,almeria,92118.8,980.4,3.72,4.19,5362,True
3374,ES,01,11,2024,9,vida nocturna,espectaculos,musica,andalucia,cadiz,210283.4,835.0,4.08,4.26,2343,True
3375,ES,01,14,2024,9,vida nocturna,espectaculos,musica,andalucia,cordoba,58917.5,1946.5,4.3,4.29,1908,True
3376,ES,01,18,2024,9,vida nocturna,espectaculos,musica,andalucia,granada,411657.17,719.0,3.92,4.37,10900,True
3377,ES,01,23,2024,9,vida nocturna,espectaculos,musica,andalucia,jaen,172628.5,1269.5,4.0,4.33,992,True
3378,ES,01,29,2024,9,vida nocturna,espectaculos,musica,andalucia,malaga,113636.89,1167.33,4.3,4.43,56036,True
3379,ES,01,41,2024,9,vida nocturna,espectaculos,musica,andalucia,sevilla,1259745.0,1110.25,4.05,4.34,39053,True
3380,ES,02,22,2024,9,vida nocturna,espectaculos,musica,aragon,huesca,318558.67,3429.33,3.85,4.25,1293,True
3381,ES,02,44,2024,9,vida nocturna,espectaculos,musica,aragon,teruel,110722.33,1289.33,4.35,4.28,950,True
3382,ES,02,50,2024,9,vida nocturna,espectaculos,musica,aragon,zaragoza,553208.33,1281.0,3.75,4.21,1614,True
3383,ES,05,35,2024,9,vida nocturna,espectaculos,musica,canarias,las palmas,2946277.71,1309.0,4.24,4.28,129544,True
3384,ES,05,38,2024,9,vida nocturna,espectaculos,musica,canarias,santa cruz de tenerife,584060.22,1456.44,4.06,4.26,62671,True
3385,ES,06,39,2024,9,vida nocturna,espectaculos,musica,cantabria,cantabria,31588.33,608.67,4.02,4.27,5819,True
3386,ES,08,02,2024,9,vida nocturna,espectaculos,musica,castilla - la mancha,albacete,43586.33,881.33,4.21,4.15,573,True
3387,ES,08,13,2024,9,vida nocturna,espectaculos,musica,castilla - la mancha,ciudad real,50591.8,1531.4,4.17,4.29,385,True
3388,ES,08,16,2024,9,vida nocturna,espectaculos,musica,castilla - la mancha,cuenca,9279.0,1031.0,3.91,4.19,760,True
3389,ES,08,19,2024,9,vida nocturna,espectaculos,musica,castilla - la mancha,guadalajara,14745.0,618.33,3.23,4.04,447,True
3390,ES,08,45,2024,9,vida nocturna,espectaculos,musica,castilla - la mancha,toledo,29298.67,3571.0,3.99,4.18,434,True
3391,ES,07,09,2024,9,vida nocturna,espectaculos,musica,castilla y leon,burgos,9062.0,752.5,3.95,4.28,970,True
3392,ES,07,24,2024,9,vida nocturna,espectaculos,musica,castilla y leon,leon,19102.0,693.5,3.97,4.21,1480,True
3393,ES,07,34,2024,9,vida nocturna,espectaculos,musica,castilla y leon,palencia,29624.0,1058.0,4.23,4.35,379,True
3394,ES,07,37,2024,9,vida nocturna,espectaculos,musica,castilla y leon,salamanca,249800.0,829.0,3.66,4.17,3701,True
3395,ES,07,40,2024,9,vida nocturna,espectaculos,musica,castilla y leon,segovia,240.0,120.0,3.91,4.07,263,True
3396,ES,07,42,2024,9,vida nocturna,espectaculos,musica,castilla y leon,soria,14623.5,1292.0,4.2,3.97,154,True
3397,ES,07,47,2024,9,vida nocturna,espectaculos,musica,castilla y leon,valladolid,1169496.0,1332.0,4.01,4.06,1293,True
3398,ES,07,49,2024,9,vida nocturna,espectaculos,musica,castilla y leon,zamora,15898.0,1402.5,4.27,4.17,462,True
3399,ES,09,08,2024,9,vida nocturna,espectaculos,musica,cataluna,barcelona,794480.24,1251.73,3.95,4.05,119743,True
3400,ES,09,17,2024,9,vida nocturna,espectaculos,musica,cataluna,girona,68117.06,1535.06,3.8,4.24,12856,True
3401,ES,09,25,2024,9,vida nocturna,espectaculos,musica,cataluna,lleida,69861.0,622.25,3.84,4.27,1184,True
3402,ES,09,43,2024,9,vida nocturna,espectaculos,musica,cataluna,tarragona,143074.0,798.36,4.1,4.2,22730,True
3403,ES,13,28,2024,9,vida nocturna,espectaculos,musica,comunidad de madrid,madrid,2832860.94,1794.5,3.85,4.1,100430,True
3404,ES,15,31,2024,9,vida nocturna,espectaculos,musica,comunidad foral de navarra,navarra,1359948.2,1793.2,3.72,4.23,2565,True
3405,ES,10,03,2024,9,vida nocturna,espectaculos,musica,comunitat valenciana,alicante/alacant,439467.85,2035.31,4.03,4.28,84389,True
3406,ES,10,12,2024,9,vida nocturna,espectaculos,musica,comunitat valenciana,castellon/castello,68261.5,1321.5,3.88,4.2,2406,True
3407,ES,10,46,2024,9,vida nocturna,espectaculos,musica,comunitat valenciana,valencia/valencia,426864.75,1341.62,3.72,4.15,9307,True
3408,ES,11,06,2024,9,vida nocturna,espectaculos,musica,extremadura,badajoz,156757.0,857.67,4.31,4.29,2109,True
3409,ES,11,10,2024,9,vida nocturna,espectaculos,musica,extremadura,caceres,3872.0,242.0,3.95,4.33,1377,True
3410,ES,12,15,2024,9,vida nocturna,espectaculos,musica,galicia,a coruna,266842.86,807.43,3.74,4.21,5653,True
3411,ES,12,27,2024,9,vida nocturna,espectaculos,musica,galicia,lugo,21693.0,1033.0,4.18,4.28,502,True
3412,ES,12,32,2024,9,vida nocturna,espectaculos,musica,galicia,ourense,1312.0,1312.0,3.7,4.15,660,True
3413,ES,12,36,2024,9,vida nocturna,espectaculos,musica,galicia,pontevedra,372584.33,985.0,4.0,4.17,3092,True
3414,ES,04,07,2024,9,vida nocturna,espectaculos,musica,illes balears,illes balears,723482.29,1586.0,4.12,4.33,122452,True
3415,ES,17,26,2024,9,vida nocturna,espectaculos,musica,la rioja,la rioja,172104.75,1529.75,3.69,4.31,1866,True
3416,ES,16,01,2024,9,vida nocturna,espectaculos,musica,pais vasco,araba/alava,21630.0,105.0,3.82,4.41,1138,True
3417,ES,16,48,2024,9,vida nocturna,espectaculos,musica,pais vasco,bizkaia,613644.83,1447.17,4.21,4.31,5615,True
3418,ES,16,20,2024,9,vida nocturna,espectaculos,musica,pais vasco,gipuzkoa,258566.0,1064.57,4.14,4.41,5503,True
3419,ES,03,33,2024,9,vida nocturna,espectaculos,musica,principado de asturias,asturias,62248.0,827.0,4.18,4.35,9626,True
3420,ES,14,30,2024,9,vida nocturna,espectaculos,musica,region de murcia,murcia,725604.0,1157.0,3.62,4.2,1488,True
3421,ES,01,04,2024,9,vida nocturna,espectaculos,musicales,andalucia,almeria,13563.0,1233.0,3.72,4.19,5362,True
3422,ES,01,14,2024,9,vida nocturna,espectaculos,musicales,andalucia,cordoba,25000.0,100.0,4.3,4.29,1908,True
3423,ES,01,18,2024,9,vida nocturna,espectaculos,musicales,andalucia,granada,7443.0,827.0,3.92,4.37,10900,True
3424,ES,01,41,2024,9,vida nocturna,espectaculos,musicales,andalucia,sevilla,316224.0,1952.0,4.05,4.34,39053,True
3425,ES,02,50,2024,9,vida nocturna,espectaculos,musicales,aragon,zaragoza,123838.0,866.0,3.75,4.21,1614,True
3426,ES,05,35,2024,9,vida nocturna,espectaculos,musicales,canarias,las palmas,261576.0,1211.0,4.24,4.28,129544,True
3427,ES,05,38,2024,9,vida nocturna,espectaculos,musicales,canarias,santa cruz de tenerife,90416.0,484.5,4.06,4.26,62671,True
3428,ES,08,02,2024,9,vida nocturna,espectaculos,musicales,castilla - la mancha,albacete,35607.0,1079.0,4.21,4.15,573,True
3429,ES,08,13,2024,9,vida nocturna,espectaculos,musicales,castilla - la mancha,ciudad real,3048.0,508.0,4.17,4.29,385,True
3430,ES,07,37,2024,9,vida nocturna,espectaculos,musicales,castilla y leon,salamanca,9152.0,176.0,3.66,4.17,3701,True
3431,ES,09,08,2024,9,vida nocturna,espectaculos,musicales,cataluna,barcelona,1237006.0,1087.0,3.95,4.05,119743,True
3432,ES,13,28,2024,9,vida nocturna,espectaculos,musicales,comunidad de madrid,madrid,34875.4,375.6,3.85,4.1,100430,True
3433,ES,10,03,2024,9,vida nocturna,espectaculos,musicales,comunitat valenciana,alicante/alacant,1607.0,261.0,4.03,4.28,84389,True
3434,ES,10,46,2024,9,vida nocturna,espectaculos,musicales,comunitat valenciana,valencia/valencia,63017.5,615.5,3.72,4.15,9307,True
3435,ES,11,06,2024,9,vida nocturna,espectaculos,musicales,extremadura,badajoz,4741.0,172.33,4.31,4.29,2109,True
3436,ES,11,10,2024,9,vida nocturna,espectaculos,musicales,extremadura,caceres,179201.0,962.5,3.95,4.33,1377,True
3437,ES,12,15,2024,9,vida nocturna,espectaculos,musicales,galicia,a coruna,54948.0,723.0,3.74,4.21,5653,True
3438,ES,04,07,2024,9,vida nocturna,espectaculos,musicales,illes balears,illes balears,13888.0,217.0,4.12,4.33,122452,True
3439,ES,14,30,2024,9,vida nocturna,espectaculos,musicales,region de murcia,murcia,7007.0,1078.0,3.62,4.2,1488,True
3440,ES,01,04,2024,10,paisaje naturaleza,actividades,actividades infantiles,andalucia,almeria,17064.0,2133.0,4.32,4.19,23376,True
3441,ES,01,11,2024,10,paisaje naturaleza,actividades,actividades infantiles,andalucia,cadiz,15919.5,1180.5,4.27,4.26,12350,True
3442,ES,01,14,2024,10,paisaje naturaleza,actividades,actividades infantiles,andalucia,cordoba,7676.0,101.0,4.32,4.29,3767,True
3443,ES,01,18,2024,10,paisaje naturaleza,actividades,actividades infantiles,andalucia,granada,809319.5,895.5,4.52,4.37,18492,True
3444,ES,01,29,2024,10,paisaje naturaleza,actividades,actividades infantiles,andalucia,malaga,70396.5,313.25,4.44,4.43,109648,True
3445,ES,01,41,2024,10,paisaje naturaleza,actividades,actividades infantiles,andalucia,sevilla,450123.0,1038.0,4.47,4.34,21476,True
3446,ES,02,50,2024,10,paisaje naturaleza,actividades,actividades infantiles,aragon,zaragoza,1199538.0,618.0,4.36,4.21,5888,True
3447,ES,05,35,2024,10,paisaje naturaleza,actividades,actividades infantiles,canarias,las palmas,35701.33,138.5,4.34,4.28,200378,True
3448,ES,05,38,2024,10,paisaje naturaleza,actividades,actividades infantiles,canarias,santa cruz de tenerife,70208.67,669.0,4.31,4.26,190067,True
3449,ES,06,39,2024,10,paisaje naturaleza,actividades,actividades infantiles,cantabria,cantabria,8580.0,66.0,4.36,4.27,37946,True
3450,ES,08,02,2024,10,paisaje naturaleza,actividades,actividades infantiles,castilla - la mancha,albacete,27720.0,165.0,4.38,4.15,3169,True
3451,ES,08,19,2024,10,paisaje naturaleza,actividades,actividades infantiles,castilla - la mancha,guadalajara,240.0,80.0,4.19,4.04,1303,True
3452,ES,08,45,2024,10,paisaje naturaleza,actividades,actividades infantiles,castilla - la mancha,toledo,31178.0,1424.5,4.16,4.18,1715,True
3453,ES,07,24,2024,10,paisaje naturaleza,actividades,actividades infantiles,castilla y leon,leon,24544.0,767.0,4.52,4.21,4506,True
3454,ES,07,37,2024,10,paisaje naturaleza,actividades,actividades infantiles,castilla y leon,salamanca,14608.0,176.0,4.39,4.17,3319,True
3455,ES,07,47,2024,10,paisaje naturaleza,actividades,actividades infantiles,castilla y leon,valladolid,2822.0,356.5,4.18,4.06,8696,True
3456,ES,07,49,2024,10,paisaje naturaleza,actividades,actividades infantiles,castilla y leon,zamora,2100.0,50.0,4.38,4.17,2116,True
3457,ES,09,08,2024,10,paisaje naturaleza,actividades,actividades infantiles,cataluna,barcelona,636816.75,1163.0,4.13,4.05,200444,True
3458,ES,09,17,2024,10,paisaje naturaleza,actividades,actividades infantiles,cataluna,girona,34710.5,1244.5,4.38,4.24,61683,True
3459,ES,09,25,2024,10,paisaje naturaleza,actividades,actividades infantiles,cataluna,lleida,306204.0,1501.0,4.38,4.27,9898,True
3460,ES,09,43,2024,10,paisaje naturaleza,actividades,actividades infantiles,cataluna,tarragona,36388.67,1141.0,4.26,4.2,33701,True
3461,ES,13,28,2024,10,paisaje naturaleza,actividades,actividades infantiles,comunidad de madrid,madrid,59520.25,257.38,4.19,4.1,121795,True
3462,ES,10,03,2024,10,paisaje naturaleza,actividades,actividades infantiles,comunitat valenciana,alicante/alacant,147631.0,1641.8,4.36,4.28,82424,True
3463,ES,10,46,2024,10,paisaje naturaleza,actividades,actividades infantiles,comunitat valenciana,valencia/valencia,1163423.5,1777.25,4.23,4.15,90776,True
3464,ES,11,06,2024,10,paisaje naturaleza,actividades,actividades infantiles,extremadura,badajoz,3498.67,144.0,4.4,4.29,1116,True
3465,ES,11,10,2024,10,paisaje naturaleza,actividades,actividades infantiles,extremadura,caceres,16240.0,643.67,4.5,4.33,5814,True
3466,ES,12,15,2024,10,paisaje naturaleza,actividades,actividades infantiles,galicia,a coruna,152768.0,682.0,4.39,4.21,18974,True
3467,ES,04,07,2024,10,paisaje naturaleza,actividades,actividades infantiles,illes balears,illes balears,226666.73,1280.73,4.42,4.33,203636,True
3468,ES,16,01,2024,10,paisaje naturaleza,actividades,actividades infantiles,pais vasco,araba/alava,13027.5,257.5,4.66,4.41,11468,True
3469,ES,16,48,2024,10,paisaje naturaleza,actividades,actividades infantiles,pais vasco,bizkaia,37010.0,520.67,4.38,4.31,7925,True
3470,ES,16,20,2024,10,paisaje naturaleza,actividades,actividades infantiles,pais vasco,gipuzkoa,372842.0,554.0,4.61,4.41,26976,True
3471,ES,03,33,2024,10,paisaje naturaleza,actividades,actividades infantiles,principado de asturias,asturias,108406.0,809.0,4.42,4.35,44006,True
3472,ES,14,30,2024,10,paisaje naturaleza,actividades,actividades infantiles,region de murcia,murcia,75284.0,1058.0,4.4,4.2,2633,True
3473,ES,01,18,2024,10,servicios,actividades,cursos,andalucia,granada,1076.0,538.0,4.47,4.37,1868,True
3474,ES,01,23,2024,10,servicios,actividades,cursos,andalucia,jaen,3500.0,500.0,4.34,4.33,84,True
3475,ES,01,29,2024,10,servicios,actividades,cursos,andalucia,malaga,2466.0,1233.0,4.62,4.43,51898,True
3476,ES,01,41,2024,10,servicios,actividades,cursos,andalucia,sevilla,35824.5,1544.0,4.06,4.34,4859,True
3477,ES,02,22,2024,10,servicios,actividades,cursos,aragon,huesca,400.0,100.0,4.88,4.25,533,True
3478,ES,05,35,2024,10,servicios,actividades,cursos,canarias,las palmas,540.0,90.0,3.72,4.28,2863,True
3479,ES,05,38,2024,10,servicios,actividades,cursos,canarias,santa cruz de tenerife,2316.0,403.5,3.86,4.26,3753,True
3480,ES,07,47,2024,10,servicios,actividades,cursos,castilla y leon,valladolid,38793.5,13651.5,2.7,4.06,292,True
3481,ES,09,08,2024,10,servicios,actividades,cursos,cataluna,barcelona,261212.0,1638.25,4.03,4.05,159935,True
3482,ES,09,17,2024,10,servicios,actividades,cursos,cataluna,girona,100.0,100.0,3.82,4.24,1146,True
3483,ES,13,28,2024,10,servicios,actividades,cursos,comunidad de madrid,madrid,653292.33,1737.0,3.92,4.1,42370,True
3484,ES,10,03,2024,10,servicios,actividades,cursos,comunitat valenciana,alicante/alacant,400.0,100.0,3.73,4.28,29657,True
3485,ES,10,46,2024,10,servicios,actividades,cursos,comunitat valenciana,valencia/valencia,2322.0,258.0,4.56,4.15,7124,True
3486,ES,12,36,2024,10,servicios,actividades,cursos,galicia,pontevedra,45685.0,9137.0,4.14,4.17,1424,True
3487,ES,04,07,2024,10,servicios,actividades,cursos,illes balears,illes balears,346083.0,3504.2,4.23,4.33,46354,True
3488,ES,16,48,2024,10,servicios,actividades,cursos,pais vasco,bizkaia,2509.5,275.5,4.03,4.31,13509,True
3489,ES,16,20,2024,10,servicios,actividades,cursos,pais vasco,gipuzkoa,9499.0,1357.0,3.84,4.41,140,True
3490,ES,14,30,2024,10,servicios,actividades,cursos,region de murcia,murcia,500.0,250.0,2.83,4.2,6,True
3491,ES,01,04,2024,10,paisaje naturaleza,actividades,deportes y aventuras,andalucia,almeria,250.0,250.0,4.32,4.19,23376,True
3492,ES,01,11,2024,10,paisaje naturaleza,actividades,deportes y aventuras,andalucia,cadiz,111102.0,1102.0,4.27,4.26,12350,True
3493,ES,01,18,2024,10,paisaje naturaleza,actividades,deportes y aventuras,andalucia,granada,2649.5,2649.5,4.52,4.37,18492,True
3494,ES,01,29,2024,10,paisaje naturaleza,actividades,deportes y aventuras,andalucia,malaga,8246.0,1178.0,4.44,4.43,109648,True
3495,ES,01,41,2024,10,paisaje naturaleza,actividades,deportes y aventuras,andalucia,sevilla,1685.5,363.5,4.47,4.34,21476,True
3496,ES,02,50,2024,10,paisaje naturaleza,actividades,deportes y aventuras,aragon,zaragoza,114816.0,2944.0,4.36,4.21,5888,True
3497,ES,05,35,2024,10,paisaje naturaleza,actividades,deportes y aventuras,canarias,las palmas,151270.5,265.5,4.34,4.28,200378,True
3498,ES,05,38,2024,10,paisaje naturaleza,actividades,deportes y aventuras,canarias,santa cruz de tenerife,56589.0,1451.0,4.31,4.26,190067,True
3499,ES,08,02,2024,10,paisaje naturaleza,actividades,deportes y aventuras,castilla - la mancha,albacete,70831.0,2252.5,4.38,4.15,3169,True
3500,ES,08,16,2024,10,paisaje naturaleza,actividades,deportes y aventuras,castilla - la mancha,cuenca,1440.0,30.0,4.42,4.19,3251,True
3501,ES,07,24,2024,10,paisaje naturaleza,actividades,deportes y aventuras,castilla y leon,leon,177354.0,1002.0,4.52,4.21,4506,True
3502,ES,07,37,2024,10,paisaje naturaleza,actividades,deportes y aventuras,castilla y leon,salamanca,1320.0,825.0,4.39,4.17,3319,True
3503,ES,09,08,2024,10,paisaje naturaleza,actividades,deportes y aventuras,cataluna,barcelona,170968.67,1668.17,4.13,4.05,200444,True
3504,ES,09,17,2024,10,paisaje naturaleza,actividades,deportes y aventuras,cataluna,girona,3300.0,150.0,4.38,4.24,61683,True
3505,ES,09,43,2024,10,paisaje naturaleza,actividades,deportes y aventuras,cataluna,tarragona,4931.33,1210.33,4.26,4.2,33701,True
3506,ES,13,28,2024,10,paisaje naturaleza,actividades,deportes y aventuras,comunidad de madrid,madrid,187870.0,532.33,4.19,4.1,121795,True
3507,ES,15,31,2024,10,paisaje naturaleza,actividades,deportes y aventuras,comunidad foral de navarra,navarra,1030161.0,1643.0,4.33,4.23,7007,True
3508,ES,10,03,2024,10,paisaje naturaleza,actividades,deportes y aventuras,comunitat valenciana,alicante/alacant,225080.25,1623.0,4.36,4.28,82424,True
3509,ES,10,46,2024,10,paisaje naturaleza,actividades,deportes y aventuras,comunitat valenciana,valencia/valencia,24273.0,4185.0,4.23,4.15,90776,True
3510,ES,11,06,2024,10,paisaje naturaleza,actividades,deportes y aventuras,extremadura,badajoz,12360.0,410.0,4.4,4.29,1116,True
3511,ES,11,10,2024,10,paisaje naturaleza,actividades,deportes y aventuras,extremadura,caceres,279202.0,1078.0,4.5,4.33,5814,True
3512,ES,12,15,2024,10,paisaje naturaleza,actividades,deportes y aventuras,galicia,a coruna,2250.0,50.0,4.39,4.21,18974,True
3513,ES,04,07,2024,10,paisaje naturaleza,actividades,deportes y aventuras,illes balears,illes balears,65470.0,1369.5,4.42,4.33,203636,True
3514,ES,16,01,2024,10,paisaje naturaleza,actividades,deportes y aventuras,pais vasco,araba/alava,16677.0,981.0,4.66,4.41,11468,True
3515,ES,16,48,2024,10,paisaje naturaleza,actividades,deportes y aventuras,pais vasco,bizkaia,330401.0,1714.5,4.38,4.31,7925,True
3516,ES,16,20,2024,10,paisaje naturaleza,actividades,deportes y aventuras,pais vasco,gipuzkoa,521808.0,3106.0,4.61,4.41,26976,True
3517,ES,14,30,2024,10,paisaje naturaleza,actividades,deportes y aventuras,region de murcia,murcia,17003.33,1136.67,4.4,4.2,2633,True
3518,ES,01,11,2024,10,comida y bebida,actividades,gastronomia,andalucia,cadiz,1300.0,100.0,4.57,4.26,47,True
3519,ES,01,29,2024,10,comida y bebida,actividades,gastronomia,andalucia,malaga,510645.0,1731.0,4.84,4.43,1395,True
3520,ES,01,41,2024,10,comida y bebida,actividades,gastronomia,andalucia,sevilla,98745.0,681.0,4.76,4.34,8170,True
3521,ES,02,50,2024,10,comida y bebida,actividades,gastronomia,aragon,zaragoza,13625.0,125.0,4.03,4.21,35,True
3522,ES,05,38,2024,10,comida y bebida,actividades,gastronomia,canarias,santa cruz de tenerife,4251.0,490.5,4.31,4.26,72,True
3523,ES,08,02,2024,10,comida y bebida,actividades,gastronomia,castilla - la mancha,albacete,105357.0,1211.0,4.88,4.15,33,True
3524,ES,09,08,2024,10,comida y bebida,actividades,gastronomia,cataluna,barcelona,31127.0,1177.67,4.67,4.05,3911,True
3525,ES,09,17,2024,10,comida y bebida,actividades,gastronomia,cataluna,girona,22623.5,2027.0,4.57,4.24,183,True
3526,ES,13,28,2024,10,comida y bebida,actividades,gastronomia,comunidad de madrid,madrid,186529.5,2430.5,4.71,4.1,5856,True
3527,ES,10,03,2024,10,comida y bebida,actividades,gastronomia,comunitat valenciana,alicante/alacant,41760.0,1795.33,4.52,4.28,760,True
3528,ES,11,06,2024,10,comida y bebida,actividades,gastronomia,extremadura,badajoz,1520.0,80.0,0.0,0.0,0,False
3529,ES,12,15,2024,10,comida y bebida,actividades,gastronomia,galicia,a coruna,972.0,81.0,4.21,4.21,75,True
3530,ES,04,07,2024,10,comida y bebida,actividades,gastronomia,illes balears,illes balears,34149.5,199.0,4.86,4.33,2196,True
3531,ES,03,33,2024,10,comida y bebida,actividades,gastronomia,principado de asturias,asturias,480.0,80.0,4.33,4.35,124,True
3532,ES,01,18,2024,10,vida nocturna,espectaculos,cine,andalucia,granada,100634.0,1502.0,3.92,4.37,10900,True
3533,ES,01,29,2024,10,vida nocturna,espectaculos,cine,andalucia,malaga,464448.0,1968.0,4.3,4.43,56036,True
3534,ES,01,41,2024,10,vida nocturna,espectaculos,cine,andalucia,sevilla,196413.0,597.0,4.05,4.34,39053,True
3535,ES,02,50,2024,10,vida nocturna,espectaculos,cine,aragon,zaragoza,25542.0,774.0,3.75,4.21,1614,True
3536,ES,05,35,2024,10,vida nocturna,espectaculos,cine,canarias,las palmas,3950.0,50.0,4.24,4.28,129544,True
3537,ES,05,38,2024,10,vida nocturna,espectaculos,cine,canarias,santa cruz de tenerife,4840.0,110.0,4.06,4.26,62671,True
3538,ES,08,02,2024,10,vida nocturna,espectaculos,cine,castilla - la mancha,albacete,10212.0,222.0,4.21,4.15,573,True
3539,ES,07,47,2024,10,vida nocturna,espectaculos,cine,castilla y leon,valladolid,918.0,612.0,4.01,4.06,1293,True
3540,ES,09,08,2024,10,vida nocturna,espectaculos,cine,cataluna,barcelona,103415.0,560.33,3.95,4.05,119743,True
3541,ES,09,17,2024,10,vida nocturna,espectaculos,cine,cataluna,girona,810.0,45.0,3.8,4.24,12856,True
3542,ES,13,28,2024,10,vida nocturna,espectaculos,cine,comunidad de madrid,madrid,17342.0,754.0,3.85,4.1,100430,True
3543,ES,10,03,2024,10,vida nocturna,espectaculos,cine,comunitat valenciana,alicante/alacant,99247.8,611.2,4.03,4.28,84389,True
3544,ES,04,07,2024,10,vida nocturna,espectaculos,cine,illes balears,illes balears,6617.0,509.0,4.12,4.33,122452,True
3545,ES,17,26,2024,10,vida nocturna,espectaculos,cine,la rioja,la rioja,1300.0,50.0,3.69,4.31,1866,True
3546,ES,16,20,2024,10,vida nocturna,espectaculos,cine,pais vasco,gipuzkoa,5586.0,296.67,4.14,4.41,5503,True
3547,ES,01,11,2024,10,otros,espectaculos,conferencias,andalucia,cadiz,200.0,100.0,4.12,4.26,284,True
3548,ES,01,29,2024,10,otros,espectaculos,conferencias,andalucia,malaga,31850.0,650.0,4.25,4.43,1156,True
3549,ES,01,41,2024,10,otros,espectaculos,conferencias,andalucia,sevilla,188568.0,1164.0,3.68,4.34,431,True
3550,ES,02,50,2024,10,otros,espectaculos,conferencias,aragon,zaragoza,300903.0,5279.0,3.75,4.21,158,True
3551,ES,05,35,2024,10,otros,espectaculos,conferencias,canarias,las palmas,29868.0,262.0,4.32,4.28,176,True
3552,ES,08,13,2024,10,otros,espectaculos,conferencias,castilla - la mancha,ciudad real,342798.0,6014.0,4.21,4.29,156,True
3553,ES,07,40,2024,10,otros,espectaculos,conferencias,castilla y leon,segovia,539.0,49.0,4.22,4.07,248,True
3554,ES,09,08,2024,10,otros,espectaculos,conferencias,cataluna,barcelona,167847.5,2065.0,3.9,4.05,2019,True
3555,ES,09,25,2024,10,otros,espectaculos,conferencias,cataluna,lleida,3040.0,380.0,3.88,4.27,79,True
3556,ES,12,36,2024,10,otros,espectaculos,conferencias,galicia,pontevedra,849518.0,466.0,4.43,4.17,119,True
3557,ES,17,26,2024,10,otros,espectaculos,conferencias,la rioja,la rioja,252224.0,3941.0,4.09,4.31,363,True
3558,ES,01,04,2024,10,paisaje urbano,espectaculos,"cultura, teatro y danza",andalucia,almeria,307882.0,1888.25,4.25,4.19,14318,True
3559,ES,01,11,2024,10,paisaje urbano,espectaculos,"cultura, teatro y danza",andalucia,cadiz,47702.0,655.0,4.35,4.26,8809,True
3560,ES,01,14,2024,10,paisaje urbano,espectaculos,"cultura, teatro y danza",andalucia,cordoba,1141746.0,1369.0,4.3,4.29,93962,True
3561,ES,01,18,2024,10,paisaje urbano,espectaculos,"cultura, teatro y danza",andalucia,granada,579417.33,960.67,4.35,4.37,153042,True
3562,ES,01,23,2024,10,paisaje urbano,espectaculos,"cultura, teatro y danza",andalucia,jaen,4947.0,696.0,4.3,4.33,16236,True
3563,ES,01,29,2024,10,paisaje urbano,espectaculos,"cultura, teatro y danza",andalucia,malaga,631342.86,724.14,4.43,4.43,158253,True
3564,ES,01,41,2024,10,paisaje urbano,espectaculos,"cultura, teatro y danza",andalucia,sevilla,100252.0,456.75,4.41,4.34,218279,True
3565,ES,02,22,2024,10,paisaje urbano,espectaculos,"cultura, teatro y danza",aragon,huesca,19138.5,1057.0,4.12,4.25,10916,True
3566,ES,02,50,2024,10,paisaje urbano,espectaculos,"cultura, teatro y danza",aragon,zaragoza,1173300.0,641.0,4.34,4.21,41352,True
3567,ES,05,35,2024,10,paisaje urbano,espectaculos,"cultura, teatro y danza",canarias,las palmas,129507.45,760.91,4.27,4.28,51395,True
3568,ES,05,38,2024,10,paisaje urbano,espectaculos,"cultura, teatro y danza",canarias,santa cruz de tenerife,135232.12,800.38,4.28,4.26,66584,True
3569,ES,06,39,2024,10,paisaje urbano,espectaculos,"cultura, teatro y danza",cantabria,cantabria,31288.5,316.5,4.28,4.27,27507,True
3570,ES,08,02,2024,10,paisaje urbano,espectaculos,"cultura, teatro y danza",castilla - la mancha,albacete,488700.5,1024.5,4.09,4.15,3663,True
3571,ES,08,19,2024,10,paisaje urbano,espectaculos,"cultura, teatro y danza",castilla - la mancha,guadalajara,240.0,80.0,4.18,4.04,6159,True
3572,ES,08,45,2024,10,paisaje urbano,espectaculos,"cultura, teatro y danza",castilla - la mancha,toledo,209938.75,694.5,4.19,4.18,55769,True
3573,ES,07,05,2024,10,paisaje urbano,espectaculos,"cultura, teatro y danza",castilla y leon,avila,200.0,100.0,4.42,4.23,13407,True
3574,ES,07,24,2024,10,paisaje urbano,espectaculos,"cultura, teatro y danza",castilla y leon,leon,750.0,250.0,4.22,4.21,19169,True
3575,ES,07,37,2024,10,paisaje urbano,espectaculos,"cultura, teatro y danza",castilla y leon,salamanca,87210.33,537.33,4.24,4.17,31972,True
3576,ES,07,42,2024,10,paisaje urbano,espectaculos,"cultura, teatro y danza",castilla y leon,soria,2640.0,165.0,4.17,3.97,6300,True
3577,ES,07,47,2024,10,paisaje urbano,espectaculos,"cultura, teatro y danza",castilla y leon,valladolid,57195.12,719.88,4.14,4.06,13695,True
3578,ES,07,49,2024,10,paisaje urbano,espectaculos,"cultura, teatro y danza",castilla y leon,zamora,120.0,40.0,4.19,4.17,5872,True
3579,ES,09,08,2024,10,paisaje urbano,espectaculos,"cultura, teatro y danza",cataluna,barcelona,143720.62,906.88,4.07,4.05,732080,True
3580,ES,09,17,2024,10,paisaje urbano,espectaculos,"cultura, teatro y danza",cataluna,girona,21458.5,1168.5,4.24,4.24,50915,True
3581,ES,09,25,2024,10,paisaje urbano,espectaculos,"cultura, teatro y danza",cataluna,lleida,96156.0,550.5,4.29,4.27,7171,True
3582,ES,09,43,2024,10,paisaje urbano,espectaculos,"cultura, teatro y danza",cataluna,tarragona,289799.6,813.4,4.23,4.2,53439,True
3583,ES,13,28,2024,10,paisaje urbano,espectaculos,"cultura, teatro y danza",comunidad de madrid,madrid,44885.58,465.25,4.15,4.1,458466,True
3584,ES,10,03,2024,10,paisaje urbano,espectaculos,"cultura, teatro y danza",comunitat valenciana,alicante/alacant,108490.67,469.17,4.28,4.28,67888,True
3585,ES,10,12,2024,10,paisaje urbano,espectaculos,"cultura, teatro y danza",comunitat valenciana,castellon/castello,31834.0,1447.0,4.14,4.2,13212,True
3586,ES,10,46,2024,10,paisaje urbano,espectaculos,"cultura, teatro y danza",comunitat valenciana,valencia/valencia,3744193.17,1280.0,4.25,4.15,114505,True
3587,ES,11,06,2024,10,paisaje urbano,espectaculos,"cultura, teatro y danza",extremadura,badajoz,19704.2,364.0,4.26,4.29,18348,True
3588,ES,11,10,2024,10,paisaje urbano,espectaculos,"cultura, teatro y danza",extremadura,caceres,177765.0,726.0,4.31,4.33,23514,True
3589,ES,12,15,2024,10,paisaje urbano,espectaculos,"cultura, teatro y danza",galicia,a coruna,47192.75,563.25,4.26,4.21,50198,True
3590,ES,12,27,2024,10,paisaje urbano,espectaculos,"cultura, teatro y danza",galicia,lugo,1860.0,620.0,4.33,4.28,8872,True
3591,ES,12,36,2024,10,paisaje urbano,espectaculos,"cultura, teatro y danza",galicia,pontevedra,203742.0,882.0,4.07,4.17,15892,True
3592,ES,04,07,2024,10,paisaje urbano,espectaculos,"cultura, teatro y danza",illes balears,illes balears,172816.4,707.4,4.21,4.33,107418,True
3593,ES,17,26,2024,10,paisaje urbano,espectaculos,"cultura, teatro y danza",la rioja,la rioja,1516722.0,2694.0,4.29,4.31,11493,True
3594,ES,16,01,2024,10,paisaje urbano,espectaculos,"cultura, teatro y danza",pais vasco,araba/alava,202386.0,605.0,4.46,4.41,7811,True
3595,ES,16,48,2024,10,paisaje urbano,espectaculos,"cultura, teatro y danza",pais vasco,bizkaia,39996.67,890.33,4.38,4.31,56425,True
3596,ES,16,20,2024,10,paisaje urbano,espectaculos,"cultura, teatro y danza",pais vasco,gipuzkoa,27922.5,309.67,4.43,4.41,26949,True
3597,ES,03,33,2024,10,paisaje urbano,espectaculos,"cultura, teatro y danza",principado de asturias,asturias,120096.0,864.0,4.37,4.35,40762,True
3598,ES,14,30,2024,10,paisaje urbano,espectaculos,"cultura, teatro y danza",region de murcia,murcia,202681.33,1458.67,4.32,4.2,9308,True
3599,ES,01,41,2024,10,compras,espectaculos,ferias,andalucia,sevilla,6980.0,1396.0,3.84,4.34,7574,True
3600,ES,02,50,2024,10,compras,espectaculos,ferias,aragon,zaragoza,109193.0,5747.0,4.41,4.21,3119,True
3601,ES,07,40,2024,10,compras,espectaculos,ferias,castilla y leon,segovia,539.0,49.0,4.57,4.07,395,True
3602,ES,09,25,2024,10,compras,espectaculos,ferias,cataluna,lleida,3040.0,380.0,4.4,4.27,233,True
3603,ES,17,26,2024,10,compras,espectaculos,ferias,la rioja,la rioja,252224.0,3941.0,4.36,4.31,872,True
3604,ES,01,18,2024,10,paisaje urbano,espectaculos,museo y exposiciones,andalucia,granada,7128.0,1188.0,4.35,4.37,153042,True
3605,ES,01,29,2024,10,paisaje urbano,espectaculos,museo y exposiciones,andalucia,malaga,2000.0,400.0,4.43,4.43,158253,True
3606,ES,01,41,2024,10,paisaje urbano,espectaculos,museo y exposiciones,andalucia,sevilla,70807.5,737.5,4.41,4.34,218279,True
3607,ES,08,45,2024,10,paisaje urbano,espectaculos,museo y exposiciones,castilla - la mancha,toledo,53872.0,728.0,4.19,4.18,55769,True
3608,ES,07,37,2024,10,paisaje urbano,espectaculos,museo y exposiciones,castilla y leon,salamanca,6400.0,25.0,4.24,4.17,31972,True
3609,ES,09,08,2024,10,paisaje urbano,espectaculos,museo y exposiciones,cataluna,barcelona,109284.0,1301.0,4.07,4.05,732080,True
3610,ES,09,43,2024,10,paisaje urbano,espectaculos,museo y exposiciones,cataluna,tarragona,41744.0,2609.0,4.23,4.2,53439,True
3611,ES,04,07,2024,10,paisaje urbano,espectaculos,museo y exposiciones,illes balears,illes balears,1036.0,518.0,4.21,4.33,107418,True
3612,ES,16,48,2024,10,paisaje urbano,espectaculos,museo y exposiciones,pais vasco,bizkaia,80556.0,98.0,4.38,4.31,56425,True
3613,ES,01,04,2024,10,vida nocturna,espectaculos,musica,andalucia,almeria,1310934.75,2599.75,3.72,4.19,5362,True
3614,ES,01,11,2024,10,vida nocturna,espectaculos,musica,andalucia,cadiz,229223.14,1342.57,4.08,4.26,2343,True
3615,ES,01,14,2024,10,vida nocturna,espectaculos,musica,andalucia,cordoba,258645.5,1289.0,4.3,4.29,1908,True
3616,ES,01,18,2024,10,vida nocturna,espectaculos,musica,andalucia,granada,410400.89,1125.89,3.92,4.37,10900,True
3617,ES,01,21,2024,10,vida nocturna,espectaculos,musica,andalucia,huelva,6588.0,540.0,4.03,4.11,1623,True
3618,ES,01,23,2024,10,vida nocturna,espectaculos,musica,andalucia,jaen,17753.33,1278.33,4.0,4.33,992,True
3619,ES,01,29,2024,10,vida nocturna,espectaculos,musica,andalucia,malaga,205378.33,1181.67,4.3,4.43,56036,True
3620,ES,01,41,2024,10,vida nocturna,espectaculos,musica,andalucia,sevilla,127271.17,842.33,4.05,4.34,39053,True
3621,ES,02,22,2024,10,vida nocturna,espectaculos,musica,aragon,huesca,212031.67,982.67,3.85,4.25,1293,True
3622,ES,02,44,2024,10,vida nocturna,espectaculos,musica,aragon,teruel,240913.25,1178.5,4.35,4.28,950,True
3623,ES,02,50,2024,10,vida nocturna,espectaculos,musica,aragon,zaragoza,4026800.0,645.0,3.75,4.21,1614,True
3624,ES,05,35,2024,10,vida nocturna,espectaculos,musica,canarias,las palmas,456237.38,1255.75,4.24,4.28,129544,True
3625,ES,05,38,2024,10,vida nocturna,espectaculos,musica,canarias,santa cruz de tenerife,892247.78,1124.89,4.06,4.26,62671,True
3626,ES,06,39,2024,10,vida nocturna,espectaculos,musica,cantabria,cantabria,13064.75,443.0,4.02,4.27,5819,True
3627,ES,08,02,2024,10,vida nocturna,espectaculos,musica,castilla - la mancha,albacete,408724.5,1179.0,4.21,4.15,573,True
3628,ES,08,13,2024,10,vida nocturna,espectaculos,musica,castilla - la mancha,ciudad real,76105.75,699.75,4.17,4.29,385,True
3629,ES,08,16,2024,10,vida nocturna,espectaculos,musica,castilla - la mancha,cuenca,192491.0,871.0,3.91,4.19,760,True
3630,ES,08,19,2024,10,vida nocturna,espectaculos,musica,castilla - la mancha,guadalajara,2815.67,617.67,3.23,4.04,447,True
3631,ES,08,45,2024,10,vida nocturna,espectaculos,musica,castilla - la mancha,toledo,40924.0,3359.33,3.99,4.18,434,True
3632,ES,07,09,2024,10,vida nocturna,espectaculos,musica,castilla y leon,burgos,251672.0,1643.0,3.95,4.28,970,True
3633,ES,07,24,2024,10,vida nocturna,espectaculos,musica,castilla y leon,leon,374774.0,1090.33,3.97,4.21,1480,True
3634,ES,07,34,2024,10,vida nocturna,espectaculos,musica,castilla y leon,palencia,65018.0,1102.0,4.23,4.35,379,True
3635,ES,07,37,2024,10,vida nocturna,espectaculos,musica,castilla y leon,salamanca,352215.0,1186.5,3.66,4.17,3701,True
3636,ES,07,40,2024,10,vida nocturna,espectaculos,musica,castilla y leon,segovia,1560.0,260.0,3.91,4.07,263,True
3637,ES,07,42,2024,10,vida nocturna,espectaculos,musica,castilla y leon,soria,269880.0,858.0,4.2,3.97,154,True
3638,ES,07,47,2024,10,vida nocturna,espectaculos,musica,castilla y leon,valladolid,156646.0,134.0,4.01,4.06,1293,True
3639,ES,07,49,2024,10,vida nocturna,espectaculos,musica,castilla y leon,zamora,140439.0,1230.5,4.27,4.17,462,True
3640,ES,09,08,2024,10,vida nocturna,espectaculos,musica,cataluna,barcelona,819012.74,984.43,3.95,4.05,119743,True
3641,ES,09,17,2024,10,vida nocturna,espectaculos,musica,cataluna,girona,98054.85,1525.38,3.8,4.24,12856,True
3642,ES,09,25,2024,10,vida nocturna,espectaculos,musica,cataluna,lleida,326598.5,1141.75,3.84,4.27,1184,True
3643,ES,09,43,2024,10,vida nocturna,espectaculos,musica,cataluna,tarragona,137374.44,1021.81,4.1,4.2,22730,True
3644,ES,18,51,2024,10,vida nocturna,espectaculos,musica,ceuta,ceuta,53192.0,872.0,0.0,0.0,0,False
3645,ES,13,28,2024,10,vida nocturna,espectaculos,musica,comunidad de madrid,madrid,3051809.11,1155.74,3.85,4.1,100430,True
3646,ES,15,31,2024,10,vida nocturna,espectaculos,musica,comunidad foral de navarra,navarra,384300.0,1992.0,3.72,4.23,2565,True
3647,ES,10,03,2024,10,vida nocturna,espectaculos,musica,comunitat valenciana,alicante/alacant,310379.78,1625.39,4.03,4.28,84389,True
3648,ES,10,12,2024,10,vida nocturna,espectaculos,musica,comunitat valenciana,castellon/castello,77013.5,1349.0,3.88,4.2,2406,True
3649,ES,10,46,2024,10,vida nocturna,espectaculos,musica,comunitat valenciana,valencia/valencia,656478.33,1154.44,3.72,4.15,9307,True
3650,ES,11,06,2024,10,vida nocturna,espectaculos,musica,extremadura,badajoz,78867.33,782.0,4.31,4.29,2109,True
3651,ES,11,10,2024,10,vida nocturna,espectaculos,musica,extremadura,caceres,24056.5,673.5,3.95,4.33,1377,True
3652,ES,12,15,2024,10,vida nocturna,espectaculos,musica,galicia,a coruna,222543.86,806.57,3.74,4.21,5653,True
3653,ES,12,27,2024,10,vida nocturna,espectaculos,musica,galicia,lugo,66045.0,1295.0,4.18,4.28,502,True
3654,ES,12,32,2024,10,vida nocturna,espectaculos,musica,galicia,ourense,3438.0,1146.0,3.7,4.15,660,True
3655,ES,12,36,2024,10,vida nocturna,espectaculos,musica,galicia,pontevedra,33146.33,848.33,4.0,4.17,3092,True
3656,ES,04,07,2024,10,vida nocturna,espectaculos,musica,illes balears,illes balears,836620.94,1336.24,4.12,4.33,122452,True
3657,ES,17,26,2024,10,vida nocturna,espectaculos,musica,la rioja,la rioja,183016.0,1617.0,3.69,4.31,1866,True
3658,ES,16,01,2024,10,vida nocturna,espectaculos,musica,pais vasco,araba/alava,158929.0,1543.0,3.82,4.41,1138,True
3659,ES,16,48,2024,10,vida nocturna,espectaculos,musica,pais vasco,bizkaia,803863.5,1022.75,4.21,4.31,5615,True
3660,ES,16,20,2024,10,vida nocturna,espectaculos,musica,pais vasco,gipuzkoa,241209.88,973.75,4.14,4.41,5503,True
3661,ES,03,33,2024,10,vida nocturna,espectaculos,musica,principado de asturias,asturias,245515.71,1118.86,4.18,4.35,9626,True
3662,ES,14,30,2024,10,vida nocturna,espectaculos,musica,region de murcia,murcia,1014110.5,623.5,3.62,4.2,1488,True
3663,ES,01,04,2024,10,vida nocturna,espectaculos,musicales,andalucia,almeria,36455.0,1129.0,3.72,4.19,5362,True
3664,ES,01,11,2024,10,vida nocturna,espectaculos,musicales,andalucia,cadiz,28545.0,165.0,4.08,4.26,2343,True
3665,ES,01,14,2024,10,vida nocturna,espectaculos,musicales,andalucia,cordoba,2750.0,110.0,4.3,4.29,1908,True
3666,ES,01,18,2024,10,vida nocturna,espectaculos,musicales,andalucia,granada,101162.5,903.5,3.92,4.37,10900,True
3667,ES,01,41,2024,10,vida nocturna,espectaculos,musicales,andalucia,sevilla,87375.0,1165.0,4.05,4.34,39053,True
3668,ES,02,50,2024,10,vida nocturna,espectaculos,musicales,aragon,zaragoza,25704.0,612.0,3.75,4.21,1614,True
3669,ES,05,35,2024,10,vida nocturna,espectaculos,musicales,canarias,las palmas,172501.33,551.33,4.24,4.28,129544,True
3670,ES,05,38,2024,10,vida nocturna,espectaculos,musicales,canarias,santa cruz de tenerife,81521.2,917.8,4.06,4.26,62671,True
3671,ES,08,02,2024,10,vida nocturna,espectaculos,musicales,castilla - la mancha,albacete,319424.0,1426.0,4.21,4.15,573,True
3672,ES,08,19,2024,10,vida nocturna,espectaculos,musicales,castilla - la mancha,guadalajara,240.0,80.0,3.23,4.04,447,True
3673,ES,08,45,2024,10,vida nocturna,espectaculos,musicales,castilla - la mancha,toledo,483678.0,477.0,3.99,4.18,434,True
3674,ES,07,37,2024,10,vida nocturna,espectaculos,musicales,castilla y leon,salamanca,14608.0,176.0,3.66,4.17,3701,True
3675,ES,07,47,2024,10,vida nocturna,espectaculos,musicales,castilla y leon,valladolid,129709.0,859.0,4.01,4.06,1293,True
3676,ES,09,08,2024,10,vida nocturna,espectaculos,musicales,cataluna,barcelona,510449.0,842.25,3.95,4.05,119743,True
3677,ES,09,25,2024,10,vida nocturna,espectaculos,musicales,cataluna,lleida,62328.0,424.0,3.84,4.27,1184,True
3678,ES,13,28,2024,10,vida nocturna,espectaculos,musicales,comunidad de madrid,madrid,30321.8,450.6,3.85,4.1,100430,True
3679,ES,10,03,2024,10,vida nocturna,espectaculos,musicales,comunitat valenciana,alicante/alacant,35337.5,491.5,4.03,4.28,84389,True
3680,ES,10,46,2024,10,vida nocturna,espectaculos,musicales,comunitat valenciana,valencia/valencia,108708.5,671.0,3.72,4.15,9307,True
3681,ES,11,06,2024,10,vida nocturna,espectaculos,musicales,extremadura,badajoz,5192.0,172.33,4.31,4.29,2109,True
3682,ES,11,10,2024,10,vida nocturna,espectaculos,musicales,extremadura,caceres,22385.0,940.5,3.95,4.33,1377,True
3683,ES,12,15,2024,10,vida nocturna,espectaculos,musicales,galicia,a coruna,6498.0,722.0,3.74,4.21,5653,True
3684,ES,04,07,2024,10,vida nocturna,espectaculos,musicales,illes balears,illes balears,3040.0,1216.0,4.12,4.33,122452,True
3685,ES,14,30,2024,10,vida nocturna,espectaculos,musicales,region de murcia,murcia,12123.0,898.0,3.62,4.2,1488,True
3686,ES,10,03,2024,10,paisaje naturaleza,espectaculos,parques tematicos,comunitat valenciana,alicante/alacant,706706.0,1001.0,4.36,4.28,82424,True
3687,ES,01,04,2024,11,paisaje naturaleza,actividades,actividades infantiles,andalucia,almeria,93102.5,475.5,4.32,4.19,23376,True
3688,ES,01,11,2024,11,paisaje naturaleza,actividades,actividades infantiles,andalucia,cadiz,102043.0,2730.5,4.27,4.26,12350,True
3689,ES,01,14,2024,11,paisaje naturaleza,actividades,actividades infantiles,andalucia,cordoba,8844.0,1005.0,4.32,4.29,3767,True
3690,ES,01,18,2024,11,paisaje naturaleza,actividades,actividades infantiles,andalucia,granada,869492.0,812.0,4.52,4.37,18492,True
3691,ES,01,21,2024,11,paisaje naturaleza,actividades,actividades infantiles,andalucia,huelva,36267.0,471.0,4.12,4.11,8396,True
3692,ES,01,29,2024,11,paisaje naturaleza,actividades,actividades infantiles,andalucia,malaga,85414.0,258.0,4.44,4.43,109648,True
3693,ES,01,41,2024,11,paisaje naturaleza,actividades,actividades infantiles,andalucia,sevilla,43469.0,412.67,4.47,4.34,21476,True
3694,ES,02,22,2024,11,paisaje naturaleza,actividades,actividades infantiles,aragon,huesca,280.0,140.0,4.56,4.25,17445,True
3695,ES,02,50,2024,11,paisaje naturaleza,actividades,actividades infantiles,aragon,zaragoza,377629.0,302.5,4.36,4.21,5888,True
3696,ES,05,35,2024,11,paisaje naturaleza,actividades,actividades infantiles,canarias,las palmas,34668.4,124.8,4.34,4.28,200378,True
3697,ES,05,38,2024,11,paisaje naturaleza,actividades,actividades infantiles,canarias,santa cruz de tenerife,26730.8,408.6,4.31,4.26,190067,True
3698,ES,06,39,2024,11,paisaje naturaleza,actividades,actividades infantiles,cantabria,cantabria,9840.0,60.0,4.36,4.27,37946,True
3699,ES,08,02,2024,11,paisaje naturaleza,actividades,actividades infantiles,castilla - la mancha,albacete,144524.0,788.5,4.38,4.15,3169,True
3700,ES,08,19,2024,11,paisaje naturaleza,actividades,actividades infantiles,castilla - la mancha,guadalajara,8509.0,636.67,4.19,4.04,1303,True
3701,ES,08,45,2024,11,paisaje naturaleza,actividades,actividades infantiles,castilla - la mancha,toledo,8013.5,1915.0,4.16,4.18,1715,True
3702,ES,07,05,2024,11,paisaje naturaleza,actividades,actividades infantiles,castilla y leon,avila,15105.0,1007.0,4.56,4.23,1874,True
3703,ES,07,24,2024,11,paisaje naturaleza,actividades,actividades infantiles,castilla y leon,leon,174498.0,762.0,4.52,4.21,4506,True
3704,ES,07,37,2024,11,paisaje naturaleza,actividades,actividades infantiles,castilla y leon,salamanca,182007.0,1701.0,4.39,4.17,3319,True
3705,ES,07,47,2024,11,paisaje naturaleza,actividades,actividades infantiles,castilla y leon,valladolid,121320.0,700.67,4.18,4.06,8696,True
3706,ES,09,08,2024,11,paisaje naturaleza,actividades,actividades infantiles,cataluna,barcelona,405650.36,1339.5,4.13,4.05,200444,True
3707,ES,09,17,2024,11,paisaje naturaleza,actividades,actividades infantiles,cataluna,girona,46069.0,1049.5,4.38,4.24,61683,True
3708,ES,09,25,2024,11,paisaje naturaleza,actividades,actividades infantiles,cataluna,lleida,3915.0,1566.0,4.38,4.27,9898,True
3709,ES,09,43,2024,11,paisaje naturaleza,actividades,actividades infantiles,cataluna,tarragona,20730.75,762.25,4.26,4.2,33701,True
3710,ES,13,28,2024,11,paisaje naturaleza,actividades,actividades infantiles,comunidad de madrid,madrid,148091.75,616.62,4.19,4.1,121795,True
3711,ES,10,03,2024,11,paisaje naturaleza,actividades,actividades infantiles,comunitat valenciana,alicante/alacant,10613.2,136.6,4.36,4.28,82424,True
3712,ES,10,12,2024,11,paisaje naturaleza,actividades,actividades infantiles,comunitat valenciana,castellon/castello,68448.0,1472.0,4.22,4.2,6934,True
3713,ES,10,46,2024,11,paisaje naturaleza,actividades,actividades infantiles,comunitat valenciana,valencia/valencia,1118306.5,498.25,4.23,4.15,90776,True
3714,ES,11,06,2024,11,paisaje naturaleza,actividades,actividades infantiles,extremadura,badajoz,41894.33,646.33,4.4,4.29,1116,True
3715,ES,11,10,2024,11,paisaje naturaleza,actividades,actividades infantiles,extremadura,caceres,43964.75,1076.5,4.5,4.33,5814,True
3716,ES,12,15,2024,11,paisaje naturaleza,actividades,actividades infantiles,galicia,a coruna,178704.0,657.0,4.39,4.21,18974,True
3717,ES,12,27,2024,11,paisaje naturaleza,actividades,actividades infantiles,galicia,lugo,2240.0,160.0,4.57,4.28,8089,True
3718,ES,04,07,2024,11,paisaje naturaleza,actividades,actividades infantiles,illes balears,illes balears,142650.77,1302.0,4.42,4.33,203636,True
3719,ES,16,01,2024,11,paisaje naturaleza,actividades,actividades infantiles,pais vasco,araba/alava,991.5,276.0,4.66,4.41,11468,True
3720,ES,16,48,2024,11,paisaje naturaleza,actividades,actividades infantiles,pais vasco,bizkaia,659765.0,1039.0,4.38,4.31,7925,True
3721,ES,16,20,2024,11,paisaje naturaleza,actividades,actividades infantiles,pais vasco,gipuzkoa,455994.0,846.0,4.61,4.41,26976,True
3722,ES,03,33,2024,11,paisaje naturaleza,actividades,actividades infantiles,principado de asturias,asturias,51029.0,1187.5,4.42,4.35,44006,True
3723,ES,14,30,2024,11,paisaje naturaleza,actividades,actividades infantiles,region de murcia,murcia,94667.0,1532.0,4.4,4.2,2633,True
3724,ES,01,23,2024,11,servicios,actividades,cursos,andalucia,jaen,2500.0,500.0,4.34,4.33,84,True
3725,ES,01,29,2024,11,servicios,actividades,cursos,andalucia,malaga,171618.5,1565.0,4.62,4.43,51898,True
3726,ES,01,41,2024,11,servicios,actividades,cursos,andalucia,sevilla,12864.0,402.0,4.06,4.34,4859,True
3727,ES,02,50,2024,11,servicios,actividades,cursos,aragon,zaragoza,1260082.0,4013.0,4.05,4.21,61,True
3728,ES,05,35,2024,11,servicios,actividades,cursos,canarias,las palmas,6588.0,915.0,3.72,4.28,2863,True
3729,ES,05,38,2024,11,servicios,actividades,cursos,canarias,santa cruz de tenerife,2530.0,253.0,3.86,4.26,3753,True
3730,ES,07,47,2024,11,servicios,actividades,cursos,castilla y leon,valladolid,26952.67,6793.67,2.7,4.06,292,True
3731,ES,09,08,2024,11,servicios,actividades,cursos,cataluna,barcelona,226257.0,2058.67,4.03,4.05,159935,True
3732,ES,09,43,2024,11,servicios,actividades,cursos,cataluna,tarragona,31806.0,1178.0,3.44,4.2,9269,True
3733,ES,13,28,2024,11,servicios,actividades,cursos,comunidad de madrid,madrid,10155.0,232.5,3.92,4.1,42370,True
3734,ES,10,03,2024,11,servicios,actividades,cursos,comunitat valenciana,alicante/alacant,9000.0,250.0,3.73,4.28,29657,True
3735,ES,10,46,2024,11,servicios,actividades,cursos,comunitat valenciana,valencia/valencia,32164.0,748.0,4.56,4.15,7124,True
3736,ES,11,10,2024,11,servicios,actividades,cursos,extremadura,caceres,28809.0,873.0,4.99,4.33,60,True
3737,ES,12,15,2024,11,servicios,actividades,cursos,galicia,a coruna,500.0,250.0,4.04,4.21,605,True
3738,ES,12,36,2024,11,servicios,actividades,cursos,galicia,pontevedra,45685.0,9137.0,4.14,4.17,1424,True
3739,ES,04,07,2024,11,servicios,actividades,cursos,illes balears,illes balears,319383.75,3785.25,4.23,4.33,46354,True
3740,ES,16,48,2024,11,servicios,actividades,cursos,pais vasco,bizkaia,17295.33,1854.0,4.03,4.31,13509,True
3741,ES,16,20,2024,11,servicios,actividades,cursos,pais vasco,gipuzkoa,21902.0,1548.0,3.84,4.41,140,True
3742,ES,03,33,2024,11,servicios,actividades,cursos,principado de asturias,asturias,1400.0,200.0,3.91,4.35,2389,True
3743,ES,01,04,2024,11,paisaje naturaleza,actividades,deportes y aventuras,andalucia,almeria,5162.0,2581.0,4.32,4.19,23376,True
3744,ES,01,11,2024,11,paisaje naturaleza,actividades,deportes y aventuras,andalucia,cadiz,29424.0,1839.0,4.27,4.26,12350,True
3745,ES,01,29,2024,11,paisaje naturaleza,actividades,deportes y aventuras,andalucia,malaga,59797.0,2522.5,4.44,4.43,109648,True
3746,ES,01,41,2024,11,paisaje naturaleza,actividades,deportes y aventuras,andalucia,sevilla,29351.0,599.0,4.47,4.34,21476,True
3747,ES,02,50,2024,11,paisaje naturaleza,actividades,deportes y aventuras,aragon,zaragoza,219936.0,1264.0,4.36,4.21,5888,True
3748,ES,05,35,2024,11,paisaje naturaleza,actividades,deportes y aventuras,canarias,las palmas,4650.0,30.0,4.34,4.28,200378,True
3749,ES,05,38,2024,11,paisaje naturaleza,actividades,deportes y aventuras,canarias,santa cruz de tenerife,58512.0,1219.0,4.31,4.26,190067,True
3750,ES,08,02,2024,11,paisaje naturaleza,actividades,deportes y aventuras,castilla - la mancha,albacete,37168.0,2323.0,4.38,4.15,3169,True
3751,ES,08,16,2024,11,paisaje naturaleza,actividades,deportes y aventuras,castilla - la mancha,cuenca,4650.0,30.0,4.42,4.19,3251,True
3752,ES,07,37,2024,11,paisaje naturaleza,actividades,deportes y aventuras,castilla y leon,salamanca,660.0,66.0,4.39,4.17,3319,True
3753,ES,09,08,2024,11,paisaje naturaleza,actividades,deportes y aventuras,cataluna,barcelona,170456.0,2889.29,4.13,4.05,200444,True
3754,ES,09,43,2024,11,paisaje naturaleza,actividades,deportes y aventuras,cataluna,tarragona,29862.0,976.0,4.26,4.2,33701,True
3755,ES,13,28,2024,11,paisaje naturaleza,actividades,deportes y aventuras,comunidad de madrid,madrid,140822.0,346.0,4.19,4.1,121795,True
3756,ES,15,31,2024,11,paisaje naturaleza,actividades,deportes y aventuras,comunidad foral de navarra,navarra,1003168.0,2668.0,4.33,4.23,7007,True
3757,ES,10,03,2024,11,paisaje naturaleza,actividades,deportes y aventuras,comunitat valenciana,alicante/alacant,16029.5,1604.75,4.36,4.28,82424,True
3758,ES,11,06,2024,11,paisaje naturaleza,actividades,deportes y aventuras,extremadura,badajoz,105353.0,1058.0,4.4,4.29,1116,True
3759,ES,11,10,2024,11,paisaje naturaleza,actividades,deportes y aventuras,extremadura,caceres,84088.5,2084.0,4.5,4.33,5814,True
3760,ES,04,07,2024,11,paisaje naturaleza,actividades,deportes y aventuras,illes balears,illes balears,54988.0,932.0,4.42,4.33,203636,True
3761,ES,16,48,2024,11,paisaje naturaleza,actividades,deportes y aventuras,pais vasco,bizkaia,98069.0,1002.0,4.38,4.31,7925,True
3762,ES,16,20,2024,11,paisaje naturaleza,actividades,deportes y aventuras,pais vasco,gipuzkoa,234312.0,3004.0,4.61,4.41,26976,True
3763,ES,03,33,2024,11,paisaje naturaleza,actividades,deportes y aventuras,principado de asturias,asturias,27996.0,9332.0,4.42,4.35,44006,True
3764,ES,14,30,2024,11,paisaje naturaleza,actividades,deportes y aventuras,region de murcia,murcia,88294.0,458.5,4.4,4.2,2633,True
3765,ES,01,04,2024,11,comida y bebida,actividades,gastronomia,andalucia,almeria,16096.0,1006.0,5.0,4.19,6,True
3766,ES,01,11,2024,11,comida y bebida,actividades,gastronomia,andalucia,cadiz,14970.5,660.5,4.57,4.26,47,True
3767,ES,01,29,2024,11,comida y bebida,actividades,gastronomia,andalucia,malaga,274527.0,891.0,4.84,4.43,1395,True
3768,ES,01,41,2024,11,comida y bebida,actividades,gastronomia,andalucia,sevilla,11418.0,519.0,4.76,4.34,8170,True
3769,ES,02,50,2024,11,comida y bebida,actividades,gastronomia,aragon,zaragoza,5580.0,180.0,4.03,4.21,35,True
3770,ES,05,35,2024,11,comida y bebida,actividades,gastronomia,canarias,las palmas,142912.0,1232.0,3.71,4.28,443,True
3771,ES,05,38,2024,11,comida y bebida,actividades,gastronomia,canarias,santa cruz de tenerife,73083.5,902.5,4.31,4.26,72,True
3772,ES,08,02,2024,11,comida y bebida,actividades,gastronomia,castilla - la mancha,albacete,1530.0,1275.0,4.88,4.15,33,True
3773,ES,08,19,2024,11,comida y bebida,actividades,gastronomia,castilla - la mancha,guadalajara,45806.0,619.0,3.0,4.04,4,True
3774,ES,09,08,2024,11,comida y bebida,actividades,gastronomia,cataluna,barcelona,450875.33,1031.0,4.67,4.05,3911,True
3775,ES,09,17,2024,11,comida y bebida,actividades,gastronomia,cataluna,girona,3071.0,83.0,4.57,4.24,183,True
3776,ES,13,28,2024,11,comida y bebida,actividades,gastronomia,comunidad de madrid,madrid,355979.5,2255.5,4.71,4.1,5856,True
3777,ES,10,46,2024,11,comida y bebida,actividades,gastronomia,comunitat valenciana,valencia/valencia,300.0,100.0,4.79,4.15,369,True
3778,ES,12,36,2024,11,comida y bebida,actividades,gastronomia,galicia,pontevedra,756.0,756.0,4.41,4.17,237,True
3779,ES,04,07,2024,11,comida y bebida,actividades,gastronomia,illes balears,illes balears,676948.0,4078.0,4.86,4.33,2196,True
3780,ES,01,04,2024,11,vida nocturna,espectaculos,cine,andalucia,almeria,34216.0,611.0,3.72,4.19,5362,True
3781,ES,01,29,2024,11,vida nocturna,espectaculos,cine,andalucia,malaga,390576.0,1896.0,4.3,4.43,56036,True
3782,ES,01,41,2024,11,vida nocturna,espectaculos,cine,andalucia,sevilla,130808.0,394.0,4.05,4.34,39053,True
3783,ES,02,50,2024,11,vida nocturna,espectaculos,cine,aragon,zaragoza,17136.0,453.0,3.75,4.21,1614,True
3784,ES,05,35,2024,11,vida nocturna,espectaculos,cine,canarias,las palmas,4501.0,229.0,4.24,4.28,129544,True
3785,ES,08,02,2024,11,vida nocturna,espectaculos,cine,castilla - la mancha,albacete,3000.0,300.0,4.21,4.15,573,True
3786,ES,07,47,2024,11,vida nocturna,espectaculos,cine,castilla y leon,valladolid,5031.0,559.0,4.01,4.06,1293,True
3787,ES,09,08,2024,11,vida nocturna,espectaculos,cine,cataluna,barcelona,274970.0,565.0,3.95,4.05,119743,True
3788,ES,09,17,2024,11,vida nocturna,espectaculos,cine,cataluna,girona,405.0,45.0,3.8,4.24,12856,True
3789,ES,13,28,2024,11,vida nocturna,espectaculos,cine,comunidad de madrid,madrid,120495.0,831.0,3.85,4.1,100430,True
3790,ES,10,03,2024,11,vida nocturna,espectaculos,cine,comunitat valenciana,alicante/alacant,76405.5,405.75,4.03,4.28,84389,True
3791,ES,04,07,2024,11,vida nocturna,espectaculos,cine,illes balears,illes balears,14224.0,508.0,4.12,4.33,122452,True
3792,ES,16,20,2024,11,vida nocturna,espectaculos,cine,pais vasco,gipuzkoa,2177.0,311.0,4.14,4.41,5503,True
3793,ES,01,04,2024,11,otros,espectaculos,conferencias,andalucia,almeria,2500.0,500.0,4.31,4.19,238,True
3794,ES,01,11,2024,11,otros,espectaculos,conferencias,andalucia,cadiz,900.0,100.0,4.12,4.26,284,True
3795,ES,01,41,2024,11,otros,espectaculos,conferencias,andalucia,sevilla,8250.0,55.0,3.68,4.34,431,True
3796,ES,02,50,2024,11,otros,espectaculos,conferencias,aragon,zaragoza,447609.0,4813.0,3.75,4.21,158,True
3797,ES,05,35,2024,11,otros,espectaculos,conferencias,canarias,las palmas,20436.0,262.0,4.32,4.28,176,True
3798,ES,07,40,2024,11,otros,espectaculos,conferencias,castilla y leon,segovia,1984.0,496.0,4.22,4.07,248,True
3799,ES,09,08,2024,11,otros,espectaculos,conferencias,cataluna,barcelona,198597.5,5519.5,3.9,4.05,2019,True
3800,ES,09,25,2024,11,otros,espectaculos,conferencias,cataluna,lleida,380.0,380.0,3.88,4.27,79,True
3801,ES,13,28,2024,11,otros,espectaculos,conferencias,comunidad de madrid,madrid,101376.0,384.0,3.97,4.1,1624,True
3802,ES,04,07,2024,11,otros,espectaculos,conferencias,illes balears,illes balears,85296.0,5331.0,4.21,4.33,296,True
3803,ES,14,30,2024,11,otros,espectaculos,conferencias,region de murcia,murcia,15050.0,350.0,3.14,4.2,7,True
3804,ES,01,04,2024,11,paisaje urbano,espectaculos,"cultura, teatro y danza",andalucia,almeria,333540.6,1434.8,4.25,4.19,14318,True
3805,ES,01,11,2024,11,paisaje urbano,espectaculos,"cultura, teatro y danza",andalucia,cadiz,85799.33,1150.33,4.35,4.26,8809,True
3806,ES,01,14,2024,11,paisaje urbano,espectaculos,"cultura, teatro y danza",andalucia,cordoba,72909.67,707.67,4.3,4.29,93962,True
3807,ES,01,18,2024,11,paisaje urbano,espectaculos,"cultura, teatro y danza",andalucia,granada,683801.33,423.33,4.35,4.37,153042,True
3808,ES,01,21,2024,11,paisaje urbano,espectaculos,"cultura, teatro y danza",andalucia,huelva,36267.0,471.0,4.23,4.11,9984,True
3809,ES,01,23,2024,11,paisaje urbano,espectaculos,"cultura, teatro y danza",andalucia,jaen,14117.0,743.0,4.3,4.33,16236,True
3810,ES,01,29,2024,11,paisaje urbano,espectaculos,"cultura, teatro y danza",andalucia,malaga,535236.2,483.8,4.43,4.43,158253,True
3811,ES,01,41,2024,11,paisaje urbano,espectaculos,"cultura, teatro y danza",andalucia,sevilla,53136.75,1044.75,4.41,4.34,218279,True
3812,ES,02,22,2024,11,paisaje urbano,espectaculos,"cultura, teatro y danza",aragon,huesca,7476.67,720.67,4.12,4.25,10916,True
3813,ES,02,50,2024,11,paisaje urbano,espectaculos,"cultura, teatro y danza",aragon,zaragoza,648702.0,412.67,4.34,4.21,41352,True
3814,ES,05,35,2024,11,paisaje urbano,espectaculos,"cultura, teatro y danza",canarias,las palmas,208092.67,1229.89,4.27,4.28,51395,True
3815,ES,05,38,2024,11,paisaje urbano,espectaculos,"cultura, teatro y danza",canarias,santa cruz de tenerife,266484.56,985.89,4.28,4.26,66584,True
3816,ES,06,39,2024,11,paisaje urbano,espectaculos,"cultura, teatro y danza",cantabria,cantabria,323669.5,876.5,4.28,4.27,27507,True
3817,ES,08,02,2024,11,paisaje urbano,espectaculos,"cultura, teatro y danza",castilla - la mancha,albacete,437343.67,697.67,4.09,4.15,3663,True
3818,ES,08,19,2024,11,paisaje urbano,espectaculos,"cultura, teatro y danza",castilla - la mancha,guadalajara,18421.67,431.0,4.18,4.04,6159,True
3819,ES,08,45,2024,11,paisaje urbano,espectaculos,"cultura, teatro y danza",castilla - la mancha,toledo,190080.33,570.0,4.19,4.18,55769,True
3820,ES,07,05,2024,11,paisaje urbano,espectaculos,"cultura, teatro y danza",castilla y leon,avila,15105.0,1007.0,4.42,4.23,13407,True
3821,ES,07,09,2024,11,paisaje urbano,espectaculos,"cultura, teatro y danza",castilla y leon,burgos,700.0,50.0,4.35,4.28,19776,True
3822,ES,07,37,2024,11,paisaje urbano,espectaculos,"cultura, teatro y danza",castilla y leon,salamanca,99023.0,625.67,4.24,4.17,31972,True
3823,ES,07,42,2024,11,paisaje urbano,espectaculos,"cultura, teatro y danza",castilla y leon,soria,255718.5,835.5,4.17,3.97,6300,True
3824,ES,07,47,2024,11,paisaje urbano,espectaculos,"cultura, teatro y danza",castilla y leon,valladolid,218067.83,836.17,4.14,4.06,13695,True
3825,ES,07,49,2024,11,paisaje urbano,espectaculos,"cultura, teatro y danza",castilla y leon,zamora,2406.0,401.0,4.19,4.17,5872,True
3826,ES,09,08,2024,11,paisaje urbano,espectaculos,"cultura, teatro y danza",cataluna,barcelona,575079.47,688.88,4.07,4.05,732080,True
3827,ES,09,17,2024,11,paisaje urbano,espectaculos,"cultura, teatro y danza",cataluna,girona,3694.5,168.5,4.24,4.24,50915,True
3828,ES,09,25,2024,11,paisaje urbano,espectaculos,"cultura, teatro y danza",cataluna,lleida,68355.0,441.0,4.29,4.27,7171,True
3829,ES,09,43,2024,11,paisaje urbano,espectaculos,"cultura, teatro y danza",cataluna,tarragona,77199.0,1346.25,4.23,4.2,53439,True
3830,ES,13,28,2024,11,paisaje urbano,espectaculos,"cultura, teatro y danza",comunidad de madrid,madrid,415070.58,852.25,4.15,4.1,458466,True
3831,ES,10,03,2024,11,paisaje urbano,espectaculos,"cultura, teatro y danza",comunitat valenciana,alicante/alacant,226370.57,965.71,4.28,4.28,67888,True
3832,ES,10,12,2024,11,paisaje urbano,espectaculos,"cultura, teatro y danza",comunitat valenciana,castellon/castello,121475.5,1635.5,4.14,4.2,13212,True
3833,ES,10,46,2024,11,paisaje urbano,espectaculos,"cultura, teatro y danza",comunitat valenciana,valencia/valencia,742507.5,566.25,4.25,4.15,114505,True
3834,ES,11,06,2024,11,paisaje urbano,espectaculos,"cultura, teatro y danza",extremadura,badajoz,33174.0,432.4,4.26,4.29,18348,True
3835,ES,11,10,2024,11,paisaje urbano,espectaculos,"cultura, teatro y danza",extremadura,caceres,84948.0,485.33,4.31,4.33,23514,True
3836,ES,12,15,2024,11,paisaje urbano,espectaculos,"cultura, teatro y danza",galicia,a coruna,127410.75,606.25,4.26,4.21,50198,True
3837,ES,12,27,2024,11,paisaje urbano,espectaculos,"cultura, teatro y danza",galicia,lugo,80528.0,1211.0,4.33,4.28,8872,True
3838,ES,12,32,2024,11,paisaje urbano,espectaculos,"cultura, teatro y danza",galicia,ourense,32996.0,452.0,4.18,4.15,6495,True
3839,ES,12,36,2024,11,paisaje urbano,espectaculos,"cultura, teatro y danza",galicia,pontevedra,122090.5,780.5,4.07,4.17,15892,True
3840,ES,04,07,2024,11,paisaje urbano,espectaculos,"cultura, teatro y danza",illes balears,illes balears,105769.75,687.33,4.21,4.33,107418,True
3841,ES,17,26,2024,11,paisaje urbano,espectaculos,"cultura, teatro y danza",la rioja,la rioja,1137006.0,1465.5,4.29,4.31,11493,True
3842,ES,16,01,2024,11,paisaje urbano,espectaculos,"cultura, teatro y danza",pais vasco,araba/alava,65925.25,352.0,4.46,4.41,7811,True
3843,ES,16,48,2024,11,paisaje urbano,espectaculos,"cultura, teatro y danza",pais vasco,bizkaia,347846.67,1174.67,4.38,4.31,56425,True
3844,ES,16,20,2024,11,paisaje urbano,espectaculos,"cultura, teatro y danza",pais vasco,gipuzkoa,192549.83,785.17,4.43,4.41,26949,True
3845,ES,03,33,2024,11,paisaje urbano,espectaculos,"cultura, teatro y danza",principado de asturias,asturias,195193.5,1047.5,4.37,4.35,40762,True
3846,ES,14,30,2024,11,paisaje urbano,espectaculos,"cultura, teatro y danza",region de murcia,murcia,591216.0,872.0,4.32,4.2,9308,True
3847,ES,01,41,2024,11,compras,espectaculos,ferias,andalucia,sevilla,45714.0,401.0,3.84,4.34,7574,True
3848,ES,02,50,2024,11,compras,espectaculos,ferias,aragon,zaragoza,99846.0,5547.0,4.41,4.21,3119,True
3849,ES,07,40,2024,11,compras,espectaculos,ferias,castilla y leon,segovia,1984.0,496.0,4.57,4.07,395,True
3850,ES,09,25,2024,11,compras,espectaculos,ferias,cataluna,lleida,380.0,380.0,4.4,4.27,233,True
3851,ES,13,28,2024,11,compras,espectaculos,ferias,comunidad de madrid,madrid,101376.0,384.0,3.83,4.1,89796,True
3852,ES,01,18,2024,11,paisaje urbano,espectaculos,museo y exposiciones,andalucia,granada,360.0,120.0,4.35,4.37,153042,True
3853,ES,01,21,2024,11,paisaje urbano,espectaculos,museo y exposiciones,andalucia,huelva,36267.0,471.0,4.23,4.11,9984,True
3854,ES,01,41,2024,11,paisaje urbano,espectaculos,museo y exposiciones,andalucia,sevilla,6162.5,729.5,4.41,4.34,218279,True
3855,ES,08,45,2024,11,paisaje urbano,espectaculos,museo y exposiciones,castilla - la mancha,toledo,7616.0,595.0,4.19,4.18,55769,True
3856,ES,07,37,2024,11,paisaje urbano,espectaculos,museo y exposiciones,castilla y leon,salamanca,75573.0,243.0,4.24,4.17,31972,True
3857,ES,09,08,2024,11,paisaje urbano,espectaculos,museo y exposiciones,cataluna,barcelona,120493.0,1193.0,4.07,4.05,732080,True
3858,ES,09,43,2024,11,paisaje urbano,espectaculos,museo y exposiciones,cataluna,tarragona,48639.0,1569.0,4.23,4.2,53439,True
3859,ES,04,07,2024,11,paisaje urbano,espectaculos,museo y exposiciones,illes balears,illes balears,31392.0,872.0,4.21,4.33,107418,True
3860,ES,16,48,2024,11,paisaje urbano,espectaculos,museo y exposiciones,pais vasco,bizkaia,659765.0,1039.0,4.38,4.31,56425,True
3861,ES,01,04,2024,11,vida nocturna,espectaculos,musica,andalucia,almeria,1663426.33,765.0,3.72,4.19,5362,True
3862,ES,01,11,2024,11,vida nocturna,espectaculos,musica,andalucia,cadiz,80829.0,761.83,4.08,4.26,2343,True
3863,ES,01,14,2024,11,vida nocturna,espectaculos,musica,andalucia,cordoba,343083.0,1216.0,4.3,4.29,1908,True
3864,ES,01,18,2024,11,vida nocturna,espectaculos,musica,andalucia,granada,101118.2,1548.6,3.92,4.37,10900,True
3865,ES,01,21,2024,11,vida nocturna,espectaculos,musica,andalucia,huelva,1740.0,84.0,4.03,4.11,1623,True
3866,ES,01,23,2024,11,vida nocturna,espectaculos,musica,andalucia,jaen,279540.5,849.5,4.0,4.33,992,True
3867,ES,01,29,2024,11,vida nocturna,espectaculos,musica,andalucia,malaga,521390.0,1066.25,4.3,4.43,56036,True
3868,ES,01,41,2024,11,vida nocturna,espectaculos,musica,andalucia,sevilla,1172827.17,861.67,4.05,4.34,39053,True
3869,ES,02,22,2024,11,vida nocturna,espectaculos,musica,aragon,huesca,167027.5,1174.25,3.85,4.25,1293,True
3870,ES,02,44,2024,11,vida nocturna,espectaculos,musica,aragon,teruel,25279.25,366.5,4.35,4.28,950,True
3871,ES,02,50,2024,11,vida nocturna,espectaculos,musica,aragon,zaragoza,1802253.25,662.75,3.75,4.21,1614,True
3872,ES,05,35,2024,11,vida nocturna,espectaculos,musica,canarias,las palmas,203835.55,825.36,4.24,4.28,129544,True
3873,ES,05,38,2024,11,vida nocturna,espectaculos,musica,canarias,santa cruz de tenerife,1236760.56,1441.67,4.06,4.26,62671,True
3874,ES,06,39,2024,11,vida nocturna,espectaculos,musica,cantabria,cantabria,116662.0,1438.0,4.02,4.27,5819,True
3875,ES,08,02,2024,11,vida nocturna,espectaculos,musica,castilla - la mancha,albacete,636604.5,1192.5,4.21,4.15,573,True
3876,ES,08,13,2024,11,vida nocturna,espectaculos,musica,castilla - la mancha,ciudad real,24473.71,812.57,4.17,4.29,385,True
3877,ES,08,16,2024,11,vida nocturna,espectaculos,musica,castilla - la mancha,cuenca,90828.0,783.0,3.91,4.19,760,True
3878,ES,08,19,2024,11,vida nocturna,espectaculos,musica,castilla - la mancha,guadalajara,215641.5,2160.5,3.23,4.04,447,True
3879,ES,08,45,2024,11,vida nocturna,espectaculos,musica,castilla - la mancha,toledo,287771.67,3397.67,3.99,4.18,434,True
3880,ES,07,05,2024,11,vida nocturna,espectaculos,musica,castilla y leon,avila,9198.0,1022.0,4.04,4.23,397,True
3881,ES,07,09,2024,11,vida nocturna,espectaculos,musica,castilla y leon,burgos,194615.0,1544.0,3.95,4.28,970,True
3882,ES,07,24,2024,11,vida nocturna,espectaculos,musica,castilla y leon,leon,199801.33,1146.67,3.97,4.21,1480,True
3883,ES,07,34,2024,11,vida nocturna,espectaculos,musica,castilla y leon,palencia,12541.5,596.5,4.23,4.35,379,True
3884,ES,07,37,2024,11,vida nocturna,espectaculos,musica,castilla y leon,salamanca,589275.0,1215.0,3.66,4.17,3701,True
3885,ES,07,40,2024,11,vida nocturna,espectaculos,musica,castilla y leon,segovia,20494.5,1279.5,3.91,4.07,263,True
3886,ES,07,42,2024,11,vida nocturna,espectaculos,musica,castilla y leon,soria,157589.75,897.0,4.2,3.97,154,True
3887,ES,07,47,2024,11,vida nocturna,espectaculos,musica,castilla y leon,valladolid,2678298.0,1483.0,4.01,4.06,1293,True
3888,ES,07,49,2024,11,vida nocturna,espectaculos,musica,castilla y leon,zamora,93272.5,1157.5,4.27,4.17,462,True
3889,ES,09,08,2024,11,vida nocturna,espectaculos,musica,cataluna,barcelona,890132.23,1129.79,3.95,4.05,119743,True
3890,ES,09,17,2024,11,vida nocturna,espectaculos,musica,cataluna,girona,51689.64,627.27,3.8,4.24,12856,True
3891,ES,09,25,2024,11,vida nocturna,espectaculos,musica,cataluna,lleida,231152.0,1317.67,3.84,4.27,1184,True
3892,ES,09,43,2024,11,vida nocturna,espectaculos,musica,cataluna,tarragona,133365.11,772.22,4.1,4.2,22730,True
3893,ES,13,28,2024,11,vida nocturna,espectaculos,musica,comunidad de madrid,madrid,4442438.74,1716.11,3.85,4.1,100430,True
3894,ES,15,31,2024,11,vida nocturna,espectaculos,musica,comunidad foral de navarra,navarra,336836.5,1289.75,3.72,4.23,2565,True
3895,ES,10,03,2024,11,vida nocturna,espectaculos,musica,comunitat valenciana,alicante/alacant,371248.12,1279.69,4.03,4.28,84389,True
3896,ES,10,12,2024,11,vida nocturna,espectaculos,musica,comunitat valenciana,castellon/castello,395199.0,754.33,3.88,4.2,2406,True
3897,ES,10,46,2024,11,vida nocturna,espectaculos,musica,comunitat valenciana,valencia/valencia,315842.0,959.83,3.72,4.15,9307,True
3898,ES,11,06,2024,11,vida nocturna,espectaculos,musica,extremadura,badajoz,78908.67,623.33,4.31,4.29,2109,True
3899,ES,11,10,2024,11,vida nocturna,espectaculos,musica,extremadura,caceres,23867.75,685.25,3.95,4.33,1377,True
3900,ES,12,15,2024,11,vida nocturna,espectaculos,musica,galicia,a coruna,396129.67,512.67,3.74,4.21,5653,True
3901,ES,12,27,2024,11,vida nocturna,espectaculos,musica,galicia,lugo,247598.0,1157.0,4.18,4.28,502,True
3902,ES,12,32,2024,11,vida nocturna,espectaculos,musica,galicia,ourense,5250.0,150.0,3.7,4.15,660,True
3903,ES,12,36,2024,11,vida nocturna,espectaculos,musica,galicia,pontevedra,236345.5,1069.5,4.0,4.17,3092,True
3904,ES,04,07,2024,11,vida nocturna,espectaculos,musica,illes balears,illes balears,663307.81,1282.72,4.12,4.33,122452,True
3905,ES,17,26,2024,11,vida nocturna,espectaculos,musica,la rioja,la rioja,217688.5,1406.5,3.69,4.31,1866,True
3906,ES,16,01,2024,11,vida nocturna,espectaculos,musica,pais vasco,araba/alava,10451.0,1493.0,3.82,4.41,1138,True
3907,ES,16,48,2024,11,vida nocturna,espectaculos,musica,pais vasco,bizkaia,149719.83,678.83,4.21,4.31,5615,True
3908,ES,16,20,2024,11,vida nocturna,espectaculos,musica,pais vasco,gipuzkoa,337387.88,1044.12,4.14,4.41,5503,True
3909,ES,03,33,2024,11,vida nocturna,espectaculos,musica,principado de asturias,asturias,251743.33,1344.5,4.18,4.35,9626,True
3910,ES,14,30,2024,11,vida nocturna,espectaculos,musica,region de murcia,murcia,622007.6,1023.6,3.62,4.2,1488,True
3911,ES,01,04,2024,11,vida nocturna,espectaculos,musicales,andalucia,almeria,21301.0,1253.0,3.72,4.19,5362,True
3912,ES,01,11,2024,11,vida nocturna,espectaculos,musicales,andalucia,cadiz,200214.0,1589.0,4.08,4.26,2343,True
3913,ES,01,14,2024,11,vida nocturna,espectaculos,musicales,andalucia,cordoba,30780.0,338.0,4.3,4.29,1908,True
3914,ES,01,18,2024,11,vida nocturna,espectaculos,musicales,andalucia,granada,649989.0,613.5,3.92,4.37,10900,True
3915,ES,01,23,2024,11,vida nocturna,espectaculos,musicales,andalucia,jaen,559.0,559.0,4.0,4.33,992,True
3916,ES,01,41,2024,11,vida nocturna,espectaculos,musicales,andalucia,sevilla,20022.0,1065.0,4.05,4.34,39053,True
3917,ES,02,22,2024,11,vida nocturna,espectaculos,musicales,aragon,huesca,280.0,140.0,3.85,4.25,1293,True
3918,ES,02,50,2024,11,vida nocturna,espectaculos,musicales,aragon,zaragoza,598968.0,708.0,3.75,4.21,1614,True
3919,ES,05,35,2024,11,vida nocturna,espectaculos,musicales,canarias,las palmas,475426.0,964.0,4.24,4.28,129544,True
3920,ES,05,38,2024,11,vida nocturna,espectaculos,musicales,canarias,santa cruz de tenerife,40331.4,988.8,4.06,4.26,62671,True
3921,ES,08,02,2024,11,vida nocturna,espectaculos,musicales,castilla - la mancha,albacete,1303134.0,1311.0,4.21,4.15,573,True
3922,ES,08,19,2024,11,vida nocturna,espectaculos,musicales,castilla - la mancha,guadalajara,1440.0,80.0,3.23,4.04,447,True
3923,ES,08,45,2024,11,vida nocturna,espectaculos,musicales,castilla - la mancha,toledo,464576.0,448.0,3.99,4.18,434,True
3924,ES,07,05,2024,11,vida nocturna,espectaculos,musicales,castilla y leon,avila,15105.0,1007.0,4.04,4.23,397,True
3925,ES,07,37,2024,11,vida nocturna,espectaculos,musicales,castilla y leon,salamanca,182007.0,1701.0,3.66,4.17,3701,True
3926,ES,07,47,2024,11,vida nocturna,espectaculos,musicales,castilla y leon,valladolid,340688.0,856.0,4.01,4.06,1293,True
3927,ES,09,08,2024,11,vida nocturna,espectaculos,musicales,cataluna,barcelona,125239.17,950.33,3.95,4.05,119743,True
3928,ES,09,25,2024,11,vida nocturna,espectaculos,musicales,cataluna,lleida,68355.0,441.0,3.84,4.27,1184,True
3929,ES,13,28,2024,11,vida nocturna,espectaculos,musicales,comunidad de madrid,madrid,109333.33,618.67,3.85,4.1,100430,True
3930,ES,10,03,2024,11,vida nocturna,espectaculos,musicales,comunitat valenciana,alicante/alacant,13373.0,198.5,4.03,4.28,84389,True
3931,ES,10,12,2024,11,vida nocturna,espectaculos,musicales,comunitat valenciana,castellon/castello,68448.0,1472.0,3.88,4.2,2406,True
3932,ES,10,46,2024,11,vida nocturna,espectaculos,musicales,comunitat valenciana,valencia/valencia,1031381.0,607.5,3.72,4.15,9307,True
3933,ES,11,06,2024,11,vida nocturna,espectaculos,musicales,extremadura,badajoz,54082.0,656.67,4.31,4.29,2109,True
3934,ES,11,10,2024,11,vida nocturna,espectaculos,musicales,extremadura,caceres,35266.0,187.0,3.95,4.33,1377,True
3935,ES,12,15,2024,11,vida nocturna,espectaculos,musicales,galicia,a coruna,76532.0,722.0,3.74,4.21,5653,True
3936,ES,04,07,2024,11,vida nocturna,espectaculos,musicales,illes balears,illes balears,47932.0,521.0,4.12,4.33,122452,True
3937,ES,16,01,2024,11,vida nocturna,espectaculos,musicales,pais vasco,araba/alava,2842.0,406.0,3.82,4.41,1138,True
3938,ES,14,30,2024,11,vida nocturna,espectaculos,musicales,region de murcia,murcia,8770.0,877.0,3.62,4.2,1488,True
3939,ES,01,04,2024,12,paisaje naturaleza,actividades,actividades infantiles,andalucia,almeria,15656.67,413.0,4.32,4.19,23376,True
3940,ES,01,11,2024,12,paisaje naturaleza,actividades,actividades infantiles,andalucia,cadiz,152522.0,1716.0,4.27,4.26,12350,True
3941,ES,01,14,2024,12,paisaje naturaleza,actividades,actividades infantiles,andalucia,cordoba,2987.0,103.0,4.32,4.29,3767,True
3942,ES,01,18,2024,12,paisaje naturaleza,actividades,actividades infantiles,andalucia,granada,48656.0,1026.33,4.52,4.37,18492,True
3943,ES,01,21,2024,12,paisaje naturaleza,actividades,actividades infantiles,andalucia,huelva,203728.0,476.0,4.12,4.11,8396,True
3944,ES,01,29,2024,12,paisaje naturaleza,actividades,actividades infantiles,andalucia,malaga,188625.5,476.5,4.44,4.43,109648,True
3945,ES,01,41,2024,12,paisaje naturaleza,actividades,actividades infantiles,andalucia,sevilla,558226.5,968.5,4.47,4.34,21476,True
3946,ES,02,22,2024,12,paisaje naturaleza,actividades,actividades infantiles,aragon,huesca,100854.0,431.0,4.56,4.25,17445,True
3947,ES,02,50,2024,12,paisaje naturaleza,actividades,actividades infantiles,aragon,zaragoza,439838.5,693.5,4.36,4.21,5888,True
3948,ES,05,35,2024,12,paisaje naturaleza,actividades,actividades infantiles,canarias,las palmas,10279.0,823.75,4.34,4.28,200378,True
3949,ES,05,38,2024,12,paisaje naturaleza,actividades,actividades infantiles,canarias,santa cruz de tenerife,4179.0,164.5,4.31,4.26,190067,True
3950,ES,06,39,2024,12,paisaje naturaleza,actividades,actividades infantiles,cantabria,cantabria,177646.5,903.5,4.36,4.27,37946,True
3951,ES,08,02,2024,12,paisaje naturaleza,actividades,actividades infantiles,castilla - la mancha,albacete,194337.5,827.5,4.38,4.15,3169,True
3952,ES,08,19,2024,12,paisaje naturaleza,actividades,actividades infantiles,castilla - la mancha,guadalajara,162498.5,802.5,4.19,4.04,1303,True
3953,ES,08,45,2024,12,paisaje naturaleza,actividades,actividades infantiles,castilla - la mancha,toledo,64157.33,2558.67,4.16,4.18,1715,True
3954,ES,07,24,2024,12,paisaje naturaleza,actividades,actividades infantiles,castilla y leon,leon,803784.0,1252.0,4.52,4.21,4506,True
3955,ES,07,37,2024,12,paisaje naturaleza,actividades,actividades infantiles,castilla y leon,salamanca,347454.0,1746.0,4.39,4.17,3319,True
3956,ES,07,47,2024,12,paisaje naturaleza,actividades,actividades infantiles,castilla y leon,valladolid,1916538.75,729.0,4.18,4.06,8696,True
3957,ES,07,49,2024,12,paisaje naturaleza,actividades,actividades infantiles,castilla y leon,zamora,35518.0,602.0,4.38,4.17,2116,True
3958,ES,09,08,2024,12,paisaje naturaleza,actividades,actividades infantiles,cataluna,barcelona,319171.69,1415.23,4.13,4.05,200444,True
3959,ES,09,17,2024,12,paisaje naturaleza,actividades,actividades infantiles,cataluna,girona,194737.0,241.0,4.38,4.24,61683,True
3960,ES,09,25,2024,12,paisaje naturaleza,actividades,actividades infantiles,cataluna,lleida,618495.0,1013.0,4.38,4.27,9898,True
3961,ES,09,43,2024,12,paisaje naturaleza,actividades,actividades infantiles,cataluna,tarragona,172363.25,1335.0,4.26,4.2,33701,True
3962,ES,13,28,2024,12,paisaje naturaleza,actividades,actividades infantiles,comunidad de madrid,madrid,106687.0,782.17,4.19,4.1,121795,True
3963,ES,15,31,2024,12,paisaje naturaleza,actividades,actividades infantiles,comunidad foral de navarra,navarra,980.0,140.0,4.33,4.23,7007,True
3964,ES,10,03,2024,12,paisaje naturaleza,actividades,actividades infantiles,comunitat valenciana,alicante/alacant,41172.4,422.0,4.36,4.28,82424,True
3965,ES,10,12,2024,12,paisaje naturaleza,actividades,actividades infantiles,comunitat valenciana,castellon/castello,50400.0,144.0,4.22,4.2,6934,True
3966,ES,10,46,2024,12,paisaje naturaleza,actividades,actividades infantiles,comunitat valenciana,valencia/valencia,1057363.2,872.6,4.23,4.15,90776,True
3967,ES,11,06,2024,12,paisaje naturaleza,actividades,actividades infantiles,extremadura,badajoz,85049.0,940.67,4.4,4.29,1116,True
3968,ES,11,10,2024,12,paisaje naturaleza,actividades,actividades infantiles,extremadura,caceres,9075.0,165.0,4.5,4.33,5814,True
3969,ES,12,15,2024,12,paisaje naturaleza,actividades,actividades infantiles,galicia,a coruna,136172.0,577.0,4.39,4.21,18974,True
3970,ES,12,27,2024,12,paisaje naturaleza,actividades,actividades infantiles,galicia,lugo,139578.0,1623.0,4.57,4.28,8089,True
3971,ES,12,36,2024,12,paisaje naturaleza,actividades,actividades infantiles,galicia,pontevedra,225957.0,327.0,4.29,4.17,15699,True
3972,ES,04,07,2024,12,paisaje naturaleza,actividades,actividades infantiles,illes balears,illes balears,80411.09,951.64,4.42,4.33,203636,True
3973,ES,16,01,2024,12,paisaje naturaleza,actividades,actividades infantiles,pais vasco,araba/alava,120628.33,307.0,4.66,4.41,11468,True
3974,ES,16,48,2024,12,paisaje naturaleza,actividades,actividades infantiles,pais vasco,bizkaia,186286.0,878.25,4.38,4.31,7925,True
3975,ES,16,20,2024,12,paisaje naturaleza,actividades,actividades infantiles,pais vasco,gipuzkoa,21945.0,627.0,4.61,4.41,26976,True
3976,ES,03,33,2024,12,paisaje naturaleza,actividades,actividades infantiles,principado de asturias,asturias,4979.0,503.0,4.42,4.35,44006,True
3977,ES,14,30,2024,12,paisaje naturaleza,actividades,actividades infantiles,region de murcia,murcia,22463.33,1264.33,4.4,4.2,2633,True
3978,ES,01,29,2024,12,servicios,actividades,cursos,andalucia,malaga,500.0,125.0,4.62,4.43,51898,True
3979,ES,02,50,2024,12,servicios,actividades,cursos,aragon,zaragoza,1131116.0,2786.0,4.05,4.21,61,True
3980,ES,05,35,2024,12,servicios,actividades,cursos,canarias,las palmas,10572.0,2643.0,3.72,4.28,2863,True
3981,ES,05,38,2024,12,servicios,actividades,cursos,canarias,santa cruz de tenerife,150.0,150.0,3.86,4.26,3753,True
3982,ES,09,08,2024,12,servicios,actividades,cursos,cataluna,barcelona,21476.0,1913.5,4.03,4.05,159935,True
3983,ES,13,28,2024,12,servicios,actividades,cursos,comunidad de madrid,madrid,158882.0,2590.67,3.92,4.1,42370,True
3984,ES,10,03,2024,12,servicios,actividades,cursos,comunitat valenciana,alicante/alacant,5499.0,1833.0,3.73,4.28,29657,True
3985,ES,11,10,2024,12,servicios,actividades,cursos,extremadura,caceres,5538.0,923.0,4.99,4.33,60,True
3986,ES,04,07,2024,12,servicios,actividades,cursos,illes balears,illes balears,222380.0,2213.33,4.23,4.33,46354,True
3987,ES,16,48,2024,12,servicios,actividades,cursos,pais vasco,bizkaia,10500.0,1750.0,4.03,4.31,13509,True
3988,ES,14,30,2024,12,servicios,actividades,cursos,region de murcia,murcia,94962.5,5277.5,2.83,4.2,6,True
3989,ES,01,04,2024,12,paisaje naturaleza,actividades,deportes y aventuras,andalucia,almeria,3430.0,49.0,4.32,4.19,23376,True
3990,ES,01,29,2024,12,paisaje naturaleza,actividades,deportes y aventuras,andalucia,malaga,1638.0,234.0,4.44,4.43,109648,True
3991,ES,01,41,2024,12,paisaje naturaleza,actividades,deportes y aventuras,andalucia,sevilla,26028.0,482.0,4.47,4.34,21476,True
3992,ES,02,50,2024,12,paisaje naturaleza,actividades,deportes y aventuras,aragon,zaragoza,996.0,166.0,4.36,4.21,5888,True
3993,ES,05,35,2024,12,paisaje naturaleza,actividades,deportes y aventuras,canarias,las palmas,800.0,800.0,4.34,4.28,200378,True
3994,ES,05,38,2024,12,paisaje naturaleza,actividades,deportes y aventuras,canarias,santa cruz de tenerife,71028.0,821.5,4.31,4.26,190067,True
3995,ES,08,45,2024,12,paisaje naturaleza,actividades,deportes y aventuras,castilla - la mancha,toledo,8541.0,2847.0,4.16,4.18,1715,True
3996,ES,07,37,2024,12,paisaje naturaleza,actividades,deportes y aventuras,castilla y leon,salamanca,16507.0,971.0,4.39,4.17,3319,True
3997,ES,09,08,2024,12,paisaje naturaleza,actividades,deportes y aventuras,cataluna,barcelona,4650.0,50.0,4.13,4.05,200444,True
3998,ES,09,43,2024,12,paisaje naturaleza,actividades,deportes y aventuras,cataluna,tarragona,20900.0,888.67,4.26,4.2,33701,True
3999,ES,13,28,2024,12,paisaje naturaleza,actividades,deportes y aventuras,comunidad de madrid,madrid,223584.0,704.0,4.19,4.1,121795,True
4000,ES,10,03,2024,12,paisaje naturaleza,actividades,deportes y aventuras,comunitat valenciana,alicante/alacant,15553.5,221.5,4.36,4.28,82424,True
4001,ES,11,06,2024,12,paisaje naturaleza,actividades,deportes y aventuras,extremadura,badajoz,11088.5,538.0,4.4,4.29,1116,True
4002,ES,11,10,2024,12,paisaje naturaleza,actividades,deportes y aventuras,extremadura,caceres,158404.0,796.0,4.5,4.33,5814,True
4003,ES,12,15,2024,12,paisaje naturaleza,actividades,deportes y aventuras,galicia,a coruna,11798.0,694.0,4.39,4.21,18974,True
4004,ES,12,36,2024,12,paisaje naturaleza,actividades,deportes y aventuras,galicia,pontevedra,225957.0,327.0,4.29,4.17,15699,True
4005,ES,04,07,2024,12,paisaje naturaleza,actividades,deportes y aventuras,illes balears,illes balears,46072.0,578.0,4.42,4.33,203636,True
4006,ES,16,48,2024,12,paisaje naturaleza,actividades,deportes y aventuras,pais vasco,bizkaia,480228.0,1092.0,4.38,4.31,7925,True
4007,ES,16,20,2024,12,paisaje naturaleza,actividades,deportes y aventuras,pais vasco,gipuzkoa,9963049.0,3097.0,4.61,4.41,26976,True
4008,ES,01,11,2024,12,comida y bebida,actividades,gastronomia,andalucia,cadiz,8241.0,1005.0,4.57,4.26,47,True
4009,ES,01,18,2024,12,comida y bebida,actividades,gastronomia,andalucia,granada,5644.0,166.0,4.81,4.37,771,True
4010,ES,01,29,2024,12,comida y bebida,actividades,gastronomia,andalucia,malaga,35731.0,1437.5,4.84,4.43,1395,True
4011,ES,05,35,2024,12,comida y bebida,actividades,gastronomia,canarias,las palmas,234621.0,1179.0,3.71,4.28,443,True
4012,ES,05,38,2024,12,comida y bebida,actividades,gastronomia,canarias,santa cruz de tenerife,67642.0,1091.0,4.31,4.26,72,True
4013,ES,08,02,2024,12,comida y bebida,actividades,gastronomia,castilla - la mancha,albacete,200.0,100.0,4.88,4.15,33,True
4014,ES,08,19,2024,12,comida y bebida,actividades,gastronomia,castilla - la mancha,guadalajara,125632.0,604.0,3.0,4.04,4,True
4015,ES,09,08,2024,12,comida y bebida,actividades,gastronomia,cataluna,barcelona,872309.5,2564.0,4.67,4.05,3911,True
4016,ES,13,28,2024,12,comida y bebida,actividades,gastronomia,comunidad de madrid,madrid,114404.0,1546.0,4.71,4.1,5856,True
4017,ES,10,46,2024,12,comida y bebida,actividades,gastronomia,comunitat valenciana,valencia/valencia,51759.0,833.5,4.79,4.15,369,True
4018,ES,12,36,2024,12,comida y bebida,actividades,gastronomia,galicia,pontevedra,1242.0,54.0,4.41,4.17,237,True
4019,ES,04,07,2024,12,comida y bebida,actividades,gastronomia,illes balears,illes balears,215912.0,2994.0,4.86,4.33,2196,True
4020,ES,03,33,2024,12,comida y bebida,actividades,gastronomia,principado de asturias,asturias,1344.0,84.0,4.33,4.35,124,True
4021,ES,14,30,2024,12,comida y bebida,actividades,gastronomia,region de murcia,murcia,3700.0,100.0,3.99,4.2,320,True
4022,ES,01,04,2024,12,vida nocturna,espectaculos,cine,andalucia,almeria,67044.0,604.0,3.72,4.19,5362,True
4023,ES,01,29,2024,12,vida nocturna,espectaculos,cine,andalucia,malaga,1048248.0,1899.0,4.3,4.43,56036,True
4024,ES,01,41,2024,12,vida nocturna,espectaculos,cine,andalucia,sevilla,7280.0,40.0,4.05,4.34,39053,True
4025,ES,02,50,2024,12,vida nocturna,espectaculos,cine,aragon,zaragoza,7408.5,416.0,3.75,4.21,1614,True
4026,ES,08,02,2024,12,vida nocturna,espectaculos,cine,castilla - la mancha,albacete,476006.0,1682.0,4.21,4.15,573,True
4027,ES,07,47,2024,12,vida nocturna,espectaculos,cine,castilla y leon,valladolid,68208.0,609.0,4.01,4.06,1293,True
4028,ES,09,08,2024,12,vida nocturna,espectaculos,cine,cataluna,barcelona,15928.5,197.0,3.95,4.05,119743,True
4029,ES,09,17,2024,12,vida nocturna,espectaculos,cine,cataluna,girona,195.0,72.5,3.8,4.24,12856,True
4030,ES,13,28,2024,12,vida nocturna,espectaculos,cine,comunidad de madrid,madrid,7055.0,85.0,3.85,4.1,100430,True
4031,ES,10,03,2024,12,vida nocturna,espectaculos,cine,comunitat valenciana,alicante/alacant,76637.0,433.5,4.03,4.28,84389,True
4032,ES,04,07,2024,12,vida nocturna,espectaculos,cine,illes balears,illes balears,11684.0,508.0,4.12,4.33,122452,True
4033,ES,16,20,2024,12,vida nocturna,espectaculos,cine,pais vasco,gipuzkoa,25259.67,340.67,4.14,4.41,5503,True
4034,ES,01,04,2024,12,otros,espectaculos,conferencias,andalucia,almeria,2500.0,500.0,4.31,4.19,238,True
4035,ES,01,29,2024,12,otros,espectaculos,conferencias,andalucia,malaga,18900.0,450.0,4.25,4.43,1156,True
4036,ES,02,50,2024,12,otros,espectaculos,conferencias,aragon,zaragoza,1875.0,375.0,3.75,4.21,158,True
4037,ES,09,08,2024,12,otros,espectaculos,conferencias,cataluna,barcelona,3437.0,6874.0,3.9,4.05,2019,True
4038,ES,13,28,2024,12,otros,espectaculos,conferencias,comunidad de madrid,madrid,5347944.0,31833.0,3.97,4.1,1624,True
4039,ES,16,20,2024,12,otros,espectaculos,conferencias,pais vasco,gipuzkoa,142800.0,952.0,4.01,4.41,57,True
4040,ES,01,04,2024,12,paisaje urbano,espectaculos,"cultura, teatro y danza",andalucia,almeria,265981.25,1470.25,4.25,4.19,14318,True
4041,ES,01,11,2024,12,paisaje urbano,espectaculos,"cultura, teatro y danza",andalucia,cadiz,17424.33,1386.33,4.35,4.26,8809,True
4042,ES,01,14,2024,12,paisaje urbano,espectaculos,"cultura, teatro y danza",andalucia,cordoba,196316.75,818.5,4.3,4.29,93962,True
4043,ES,01,18,2024,12,paisaje urbano,espectaculos,"cultura, teatro y danza",andalucia,granada,401375.5,1097.5,4.35,4.37,153042,True
4044,ES,01,21,2024,12,paisaje urbano,espectaculos,"cultura, teatro y danza",andalucia,huelva,102014.0,288.0,4.23,4.11,9984,True
4045,ES,01,29,2024,12,paisaje urbano,espectaculos,"cultura, teatro y danza",andalucia,malaga,1000554.67,2069.0,4.43,4.43,158253,True
4046,ES,01,41,2024,12,paisaje urbano,espectaculos,"cultura, teatro y danza",andalucia,sevilla,501565.5,950.5,4.41,4.34,218279,True
4047,ES,02,22,2024,12,paisaje urbano,espectaculos,"cultura, teatro y danza",aragon,huesca,227856.0,404.0,4.12,4.25,10916,True
4048,ES,02,50,2024,12,paisaje urbano,espectaculos,"cultura, teatro y danza",aragon,zaragoza,812910.0,602.67,4.34,4.21,41352,True
4049,ES,05,35,2024,12,paisaje urbano,espectaculos,"cultura, teatro y danza",canarias,las palmas,563230.7,1035.5,4.27,4.28,51395,True
4050,ES,05,38,2024,12,paisaje urbano,espectaculos,"cultura, teatro y danza",canarias,santa cruz de tenerife,203607.62,1106.88,4.28,4.26,66584,True
4051,ES,06,39,2024,12,paisaje urbano,espectaculos,"cultura, teatro y danza",cantabria,cantabria,326592.0,972.0,4.28,4.27,27507,True
4052,ES,08,02,2024,12,paisaje urbano,espectaculos,"cultura, teatro y danza",castilla - la mancha,albacete,121314.67,615.67,4.09,4.15,3663,True
4053,ES,08,19,2024,12,paisaje urbano,espectaculos,"cultura, teatro y danza",castilla - la mancha,guadalajara,112740.5,502.5,4.18,4.04,6159,True
4054,ES,08,45,2024,12,paisaje urbano,espectaculos,"cultura, teatro y danza",castilla - la mancha,toledo,85437.5,1763.5,4.19,4.18,55769,True
4055,ES,07,09,2024,12,paisaje urbano,espectaculos,"cultura, teatro y danza",castilla y leon,burgos,14094.0,522.0,4.35,4.28,19776,True
4056,ES,07,37,2024,12,paisaje urbano,espectaculos,"cultura, teatro y danza",castilla y leon,salamanca,138042.0,602.0,4.24,4.17,31972,True
4057,ES,07,42,2024,12,paisaje urbano,espectaculos,"cultura, teatro y danza",castilla y leon,soria,792.0,132.0,4.17,3.97,6300,True
4058,ES,07,47,2024,12,paisaje urbano,espectaculos,"cultura, teatro y danza",castilla y leon,valladolid,29463.71,486.0,4.14,4.06,13695,True
4059,ES,07,49,2024,12,paisaje urbano,espectaculos,"cultura, teatro y danza",castilla y leon,zamora,2880.0,40.0,4.19,4.17,5872,True
4060,ES,09,08,2024,12,paisaje urbano,espectaculos,"cultura, teatro y danza",cataluna,barcelona,622817.33,537.47,4.07,4.05,732080,True
4061,ES,09,17,2024,12,paisaje urbano,espectaculos,"cultura, teatro y danza",cataluna,girona,23092.0,2008.0,4.24,4.24,50915,True
4062,ES,09,25,2024,12,paisaje urbano,espectaculos,"cultura, teatro y danza",cataluna,lleida,1236863.0,461.0,4.29,4.27,7171,True
4063,ES,09,43,2024,12,paisaje urbano,espectaculos,"cultura, teatro y danza",cataluna,tarragona,3673.0,1104.0,4.23,4.2,53439,True
4064,ES,18,51,2024,12,paisaje urbano,espectaculos,"cultura, teatro y danza",ceuta,ceuta,1620.0,81.0,0.0,0.0,0,False
4065,ES,13,28,2024,12,paisaje urbano,espectaculos,"cultura, teatro y danza",comunidad de madrid,madrid,59284.5,441.0,4.15,4.1,458466,True
4066,ES,15,31,2024,12,paisaje urbano,espectaculos,"cultura, teatro y danza",comunidad foral de navarra,navarra,980.0,140.0,4.25,4.23,19680,True
4067,ES,10,03,2024,12,paisaje urbano,espectaculos,"cultura, teatro y danza",comunitat valenciana,alicante/alacant,390640.8,484.6,4.28,4.28,67888,True
4068,ES,10,12,2024,12,paisaje urbano,espectaculos,"cultura, teatro y danza",comunitat valenciana,castellon/castello,50400.0,144.0,4.14,4.2,13212,True
4069,ES,10,46,2024,12,paisaje urbano,espectaculos,"cultura, teatro y danza",comunitat valenciana,valencia/valencia,3573537.0,1295.0,4.25,4.15,114505,True
4070,ES,11,06,2024,12,paisaje urbano,espectaculos,"cultura, teatro y danza",extremadura,badajoz,39160.75,614.5,4.26,4.29,18348,True
4071,ES,11,10,2024,12,paisaje urbano,espectaculos,"cultura, teatro y danza",extremadura,caceres,35159.67,549.67,4.31,4.33,23514,True
4072,ES,12,15,2024,12,paisaje urbano,espectaculos,"cultura, teatro y danza",galicia,a coruna,6721.33,595.67,4.26,4.21,50198,True
4073,ES,12,27,2024,12,paisaje urbano,espectaculos,"cultura, teatro y danza",galicia,lugo,248518.0,1814.0,4.33,4.28,8872,True
4074,ES,12,36,2024,12,paisaje urbano,espectaculos,"cultura, teatro y danza",galicia,pontevedra,89347.0,626.5,4.07,4.17,15892,True
4075,ES,04,07,2024,12,paisaje urbano,espectaculos,"cultura, teatro y danza",illes balears,illes balears,140454.36,986.79,4.21,4.33,107418,True
4076,ES,17,26,2024,12,paisaje urbano,espectaculos,"cultura, teatro y danza",la rioja,la rioja,76514.25,2390.0,4.29,4.31,11493,True
4077,ES,16,01,2024,12,paisaje urbano,espectaculos,"cultura, teatro y danza",pais vasco,araba/alava,51512.0,283.0,4.46,4.41,7811,True
4078,ES,16,48,2024,12,paisaje urbano,espectaculos,"cultura, teatro y danza",pais vasco,bizkaia,200797.25,813.5,4.38,4.31,56425,True
4079,ES,16,20,2024,12,paisaje urbano,espectaculos,"cultura, teatro y danza",pais vasco,gipuzkoa,178753.0,575.8,4.43,4.41,26949,True
4080,ES,03,33,2024,12,paisaje urbano,espectaculos,"cultura, teatro y danza",principado de asturias,asturias,9163.0,1084.33,4.37,4.35,40762,True
4081,ES,14,30,2024,12,paisaje urbano,espectaculos,"cultura, teatro y danza",region de murcia,murcia,202928.0,531.0,4.32,4.2,9308,True
4082,ES,01,18,2024,12,paisaje urbano,espectaculos,museo y exposiciones,andalucia,granada,49266.0,1173.0,4.35,4.37,153042,True
4083,ES,01,21,2024,12,paisaje urbano,espectaculos,museo y exposiciones,andalucia,huelva,203728.0,476.0,4.23,4.11,9984,True
4084,ES,01,41,2024,12,paisaje urbano,espectaculos,museo y exposiciones,andalucia,sevilla,15900.0,1325.0,4.41,4.34,218279,True
4085,ES,08,45,2024,12,paisaje urbano,espectaculos,museo y exposiciones,castilla - la mancha,toledo,59613.0,641.0,4.19,4.18,55769,True
4086,ES,07,37,2024,12,paisaje urbano,espectaculos,museo y exposiciones,castilla y leon,salamanca,89832.0,456.0,4.24,4.17,31972,True
4087,ES,09,08,2024,12,paisaje urbano,espectaculos,museo y exposiciones,cataluna,barcelona,70784.0,1264.0,4.07,4.05,732080,True
4088,ES,09,43,2024,12,paisaje urbano,espectaculos,museo y exposiciones,cataluna,tarragona,2565.0,1425.0,4.23,4.2,53439,True
4089,ES,10,46,2024,12,paisaje urbano,espectaculos,museo y exposiciones,comunitat valenciana,valencia/valencia,21587.0,1206.0,4.25,4.15,114505,True
4090,ES,04,07,2024,12,paisaje urbano,espectaculos,museo y exposiciones,illes balears,illes balears,9324.0,1036.0,4.21,4.33,107418,True
4091,ES,16,48,2024,12,paisaje urbano,espectaculos,museo y exposiciones,pais vasco,bizkaia,297316.0,956.0,4.38,4.31,56425,True
4092,ES,03,33,2024,12,paisaje urbano,espectaculos,museo y exposiciones,principado de asturias,asturias,260.0,260.0,4.37,4.35,40762,True
4093,ES,01,04,2024,12,vida nocturna,espectaculos,musica,andalucia,almeria,516992.75,737.75,3.72,4.19,5362,True
4094,ES,01,11,2024,12,vida nocturna,espectaculos,musica,andalucia,cadiz,233784.67,1162.33,4.08,4.26,2343,True
4095,ES,01,14,2024,12,vida nocturna,espectaculos,musica,andalucia,cordoba,183404.0,895.67,4.3,4.29,1908,True
4096,ES,01,18,2024,12,vida nocturna,espectaculos,musica,andalucia,granada,221297.43,1092.0,3.92,4.37,10900,True
4097,ES,01,21,2024,12,vida nocturna,espectaculos,musica,andalucia,huelva,173769.0,551.5,4.03,4.11,1623,True
4098,ES,01,23,2024,12,vida nocturna,espectaculos,musica,andalucia,jaen,140081.17,2011.17,4.0,4.33,992,True
4099,ES,01,29,2024,12,vida nocturna,espectaculos,musica,andalucia,malaga,508382.29,1194.86,4.3,4.43,56036,True
4100,ES,01,41,2024,12,vida nocturna,espectaculos,musica,andalucia,sevilla,623959.43,1166.0,4.05,4.34,39053,True
4101,ES,02,22,2024,12,vida nocturna,espectaculos,musica,aragon,huesca,1106716.0,911.33,3.85,4.25,1293,True
4102,ES,02,44,2024,12,vida nocturna,espectaculos,musica,aragon,teruel,53148.0,258.0,4.35,4.28,950,True
4103,ES,02,50,2024,12,vida nocturna,espectaculos,musica,aragon,zaragoza,3859065.0,1194.0,3.75,4.21,1614,True
4104,ES,05,35,2024,12,vida nocturna,espectaculos,musica,canarias,las palmas,661083.25,741.58,4.24,4.28,129544,True
4105,ES,05,38,2024,12,vida nocturna,espectaculos,musica,canarias,santa cruz de tenerife,928823.38,1526.38,4.06,4.26,62671,True
4106,ES,06,39,2024,12,vida nocturna,espectaculos,musica,cantabria,cantabria,198170.0,1398.25,4.02,4.27,5819,True
4107,ES,08,02,2024,12,vida nocturna,espectaculos,musica,castilla - la mancha,albacete,277232.67,2685.33,4.21,4.15,573,True
4108,ES,08,13,2024,12,vida nocturna,espectaculos,musica,castilla - la mancha,ciudad real,108387.25,1037.0,4.17,4.29,385,True
4109,ES,08,16,2024,12,vida nocturna,espectaculos,musica,castilla - la mancha,cuenca,483.0,2415.0,3.91,4.19,760,True
4110,ES,08,19,2024,12,vida nocturna,espectaculos,musica,castilla - la mancha,guadalajara,582374.0,1723.0,3.23,4.04,447,True
4111,ES,08,45,2024,12,vida nocturna,espectaculos,musica,castilla - la mancha,toledo,18383.0,3552.33,3.99,4.18,434,True
4112,ES,07,05,2024,12,vida nocturna,espectaculos,musica,castilla y leon,avila,396.0,132.0,4.04,4.23,397,True
4113,ES,07,09,2024,12,vida nocturna,espectaculos,musica,castilla y leon,burgos,528726.5,1134.0,3.95,4.28,970,True
4114,ES,07,24,2024,12,vida nocturna,espectaculos,musica,castilla y leon,leon,72658.33,1159.0,3.97,4.21,1480,True
4115,ES,07,34,2024,12,vida nocturna,espectaculos,musica,castilla y leon,palencia,31308.33,965.67,4.23,4.35,379,True
4116,ES,07,37,2024,12,vida nocturna,espectaculos,musica,castilla y leon,salamanca,448427.0,1363.0,3.66,4.17,3701,True
4117,ES,07,40,2024,12,vida nocturna,espectaculos,musica,castilla y leon,segovia,76481.33,999.67,3.91,4.07,263,True
4118,ES,07,42,2024,12,vida nocturna,espectaculos,musica,castilla y leon,soria,28663.25,442.25,4.2,3.97,154,True
4119,ES,07,47,2024,12,vida nocturna,espectaculos,musica,castilla y leon,valladolid,4492649.33,1670.67,4.01,4.06,1293,True
4120,ES,07,49,2024,12,vida nocturna,espectaculos,musica,castilla y leon,zamora,111755.0,155.0,4.27,4.17,462,True
4121,ES,09,08,2024,12,vida nocturna,espectaculos,musica,cataluna,barcelona,1109587.69,1404.11,3.95,4.05,119743,True
4122,ES,09,17,2024,12,vida nocturna,espectaculos,musica,cataluna,girona,187140.23,1153.92,3.8,4.24,12856,True
4123,ES,09,25,2024,12,vida nocturna,espectaculos,musica,cataluna,lleida,214863.4,1339.6,3.84,4.27,1184,True
4124,ES,09,43,2024,12,vida nocturna,espectaculos,musica,cataluna,tarragona,263051.45,1295.82,4.1,4.2,22730,True
4125,ES,13,28,2024,12,vida nocturna,espectaculos,musica,comunidad de madrid,madrid,3357133.69,1461.75,3.85,4.1,100430,True
4126,ES,15,31,2024,12,vida nocturna,espectaculos,musica,comunidad foral de navarra,navarra,3198190.75,861.5,3.72,4.23,2565,True
4127,ES,10,03,2024,12,vida nocturna,espectaculos,musica,comunitat valenciana,alicante/alacant,425141.38,1117.08,4.03,4.28,84389,True
4128,ES,10,12,2024,12,vida nocturna,espectaculos,musica,comunitat valenciana,castellon/castello,712311.0,1488.0,3.88,4.2,2406,True
4129,ES,10,46,2024,12,vida nocturna,espectaculos,musica,comunitat valenciana,valencia/valencia,531020.12,1120.62,3.72,4.15,9307,True
4130,ES,11,06,2024,12,vida nocturna,espectaculos,musica,extremadura,badajoz,432905.0,1451.0,4.31,4.29,2109,True
4131,ES,11,10,2024,12,vida nocturna,espectaculos,musica,extremadura,caceres,4789.5,1111.0,3.95,4.33,1377,True
4132,ES,12,15,2024,12,vida nocturna,espectaculos,musica,galicia,a coruna,841659.0,1536.5,3.74,4.21,5653,True
4133,ES,12,27,2024,12,vida nocturna,espectaculos,musica,galicia,lugo,36800.0,100.0,4.18,4.28,502,True
4134,ES,12,32,2024,12,vida nocturna,espectaculos,musica,galicia,ourense,7422.0,1237.0,3.7,4.15,660,True
4135,ES,12,36,2024,12,vida nocturna,espectaculos,musica,galicia,pontevedra,365355.5,840.0,4.0,4.17,3092,True
4136,ES,04,07,2024,12,vida nocturna,espectaculos,musica,illes balears,illes balears,892638.78,1230.38,4.12,4.33,122452,True
4137,ES,17,26,2024,12,vida nocturna,espectaculos,musica,la rioja,la rioja,616268.33,1293.0,3.69,4.31,1866,True
4138,ES,16,01,2024,12,vida nocturna,espectaculos,musica,pais vasco,araba/alava,18699.0,1626.0,3.82,4.41,1138,True
4139,ES,16,48,2024,12,vida nocturna,espectaculos,musica,pais vasco,bizkaia,133512.6,1138.2,4.21,4.31,5615,True
4140,ES,16,20,2024,12,vida nocturna,espectaculos,musica,pais vasco,gipuzkoa,347340.5,1403.62,4.14,4.41,5503,True
4141,ES,03,33,2024,12,vida nocturna,espectaculos,musica,principado de asturias,asturias,680476.5,1582.5,4.18,4.35,9626,True
4142,ES,14,30,2024,12,vida nocturna,espectaculos,musica,region de murcia,murcia,502009.4,830.0,3.62,4.2,1488,True
4143,ES,01,04,2024,12,vida nocturna,espectaculos,musicales,andalucia,almeria,9900.0,132.0,3.72,4.19,5362,True
4144,ES,01,11,2024,12,vida nocturna,espectaculos,musicales,andalucia,cadiz,15860.0,1586.0,4.08,4.26,2343,True
4145,ES,01,14,2024,12,vida nocturna,espectaculos,musicales,andalucia,cordoba,5535.0,355.5,4.3,4.29,1908,True
4146,ES,01,18,2024,12,vida nocturna,espectaculos,musicales,andalucia,granada,6109.5,652.0,3.92,4.37,10900,True
4147,ES,01,41,2024,12,vida nocturna,espectaculos,musicales,andalucia,sevilla,145824.0,1519.0,4.05,4.34,39053,True
4148,ES,02,50,2024,12,vida nocturna,espectaculos,musicales,aragon,zaragoza,27594.0,1022.0,3.75,4.21,1614,True
4149,ES,05,35,2024,12,vida nocturna,espectaculos,musicales,canarias,las palmas,203565.5,961.5,4.24,4.28,129544,True
4150,ES,05,38,2024,12,vida nocturna,espectaculos,musicales,canarias,santa cruz de tenerife,69313.33,761.33,4.06,4.26,62671,True
4151,ES,08,02,2024,12,vida nocturna,espectaculos,musicales,castilla - la mancha,albacete,226072.0,1468.0,4.21,4.15,573,True
4152,ES,07,37,2024,12,vida nocturna,espectaculos,musicales,castilla y leon,salamanca,347454.0,1746.0,3.66,4.17,3701,True
4153,ES,07,47,2024,12,vida nocturna,espectaculos,musicales,castilla y leon,valladolid,98383.5,499.5,4.01,4.06,1293,True
4154,ES,09,08,2024,12,vida nocturna,espectaculos,musicales,cataluna,barcelona,473926.0,889.8,3.95,4.05,119743,True
4155,ES,09,25,2024,12,vida nocturna,espectaculos,musicales,cataluna,lleida,85284.0,412.0,3.84,4.27,1184,True
4156,ES,13,28,2024,12,vida nocturna,espectaculos,musicales,comunidad de madrid,madrid,10674.8,454.0,3.85,4.1,100430,True
4157,ES,15,31,2024,12,vida nocturna,espectaculos,musicales,comunidad foral de navarra,navarra,980.0,140.0,3.72,4.23,2565,True
4158,ES,10,03,2024,12,vida nocturna,espectaculos,musicales,comunitat valenciana,alicante/alacant,39638.0,307.67,4.03,4.28,84389,True
4159,ES,10,12,2024,12,vida nocturna,espectaculos,musicales,comunitat valenciana,castellon/castello,50400.0,144.0,3.88,4.2,2406,True
4160,ES,10,46,2024,12,vida nocturna,espectaculos,musicales,comunitat valenciana,valencia/valencia,1203126.5,609.5,3.72,4.15,9307,True
4161,ES,11,06,2024,12,vida nocturna,espectaculos,musicales,extremadura,badajoz,52074.33,809.33,4.31,4.29,2109,True
4162,ES,11,10,2024,12,vida nocturna,espectaculos,musicales,extremadura,caceres,664789.5,1066.5,3.95,4.33,1377,True
4163,ES,14,30,2024,12,vida nocturna,espectaculos,musicales,region de murcia,murcia,22609.0,628.5,3.62,4.2,1488,True
4164,ES,01,04,2025,1,paisaje naturaleza,actividades,actividades infantiles,andalucia,almeria,4123.0,87.5,4.32,4.19,23376,True
4165,ES,01,11,2025,1,paisaje naturaleza,actividades,actividades infantiles,andalucia,cadiz,95390.25,2151.75,4.27,4.26,12350,True
4166,ES,01,14,2025,1,paisaje naturaleza,actividades,actividades infantiles,andalucia,cordoba,101559.0,1047.0,4.32,4.29,3767,True
4167,ES,01,18,2025,1,paisaje naturaleza,actividades,actividades infantiles,andalucia,granada,145632.0,1312.0,4.52,4.37,18492,True
4168,ES,01,21,2025,1,paisaje naturaleza,actividades,actividades infantiles,andalucia,huelva,15872.0,512.0,4.12,4.11,8396,True
4169,ES,01,29,2025,1,paisaje naturaleza,actividades,actividades infantiles,andalucia,malaga,262811.0,441.0,4.44,4.43,109648,True
4170,ES,01,41,2025,1,paisaje naturaleza,actividades,actividades infantiles,andalucia,sevilla,52608.0,1541.0,4.47,4.34,21476,True
4171,ES,02,50,2025,1,paisaje naturaleza,actividades,actividades infantiles,aragon,zaragoza,1528758.0,1103.0,4.36,4.21,5888,True
4172,ES,05,35,2025,1,paisaje naturaleza,actividades,actividades infantiles,canarias,las palmas,9120.0,197.33,4.34,4.28,200378,True
4173,ES,05,38,2025,1,paisaje naturaleza,actividades,actividades infantiles,canarias,santa cruz de tenerife,1666.0,265.0,4.31,4.26,190067,True
4174,ES,06,39,2025,1,paisaje naturaleza,actividades,actividades infantiles,cantabria,cantabria,11200.0,70.0,4.36,4.27,37946,True
4175,ES,08,02,2025,1,paisaje naturaleza,actividades,actividades infantiles,castilla - la mancha,albacete,745445.5,1367.5,4.38,4.15,3169,True
4176,ES,08,45,2025,1,paisaje naturaleza,actividades,actividades infantiles,castilla - la mancha,toledo,22375.67,309.67,4.16,4.18,1715,True
4177,ES,07,24,2025,1,paisaje naturaleza,actividades,actividades infantiles,castilla y leon,leon,2600.0,200.0,4.52,4.21,4506,True
4178,ES,07,37,2025,1,paisaje naturaleza,actividades,actividades infantiles,castilla y leon,salamanca,41712.0,176.0,4.39,4.17,3319,True
4179,ES,07,42,2025,1,paisaje naturaleza,actividades,actividades infantiles,castilla y leon,soria,1096.0,137.0,4.14,3.97,2792,True
4180,ES,07,47,2025,1,paisaje naturaleza,actividades,actividades infantiles,castilla y leon,valladolid,602055.67,694.0,4.18,4.06,8696,True
4181,ES,09,08,2025,1,paisaje naturaleza,actividades,actividades infantiles,cataluna,barcelona,388076.38,1843.62,4.13,4.05,200444,True
4182,ES,09,17,2025,1,paisaje naturaleza,actividades,actividades infantiles,cataluna,girona,3997.0,592.5,4.38,4.24,61683,True
4183,ES,09,43,2025,1,paisaje naturaleza,actividades,actividades infantiles,cataluna,tarragona,53714.5,2283.5,4.26,4.2,33701,True
4184,ES,13,28,2025,1,paisaje naturaleza,actividades,actividades infantiles,comunidad de madrid,madrid,164475.78,1231.33,4.19,4.1,121795,True
4185,ES,15,31,2025,1,paisaje naturaleza,actividades,actividades infantiles,comunidad foral de navarra,navarra,87358.0,1409.0,4.33,4.23,7007,True
4186,ES,10,03,2025,1,paisaje naturaleza,actividades,actividades infantiles,comunitat valenciana,alicante/alacant,403414.0,3334.0,4.36,4.28,82424,True
4187,ES,10,46,2025,1,paisaje naturaleza,actividades,actividades infantiles,comunitat valenciana,valencia/valencia,1251051.67,1022.67,4.23,4.15,90776,True
4188,ES,11,06,2025,1,paisaje naturaleza,actividades,actividades infantiles,extremadura,badajoz,29362.0,142.0,4.4,4.29,1116,True
4189,ES,11,10,2025,1,paisaje naturaleza,actividades,actividades infantiles,extremadura,caceres,97945.0,695.0,4.5,4.33,5814,True
4190,ES,12,15,2025,1,paisaje naturaleza,actividades,actividades infantiles,galicia,a coruna,99022.5,319.5,4.39,4.21,18974,True
4191,ES,12,27,2025,1,paisaje naturaleza,actividades,actividades infantiles,galicia,lugo,9798.0,1633.0,4.57,4.28,8089,True
4192,ES,12,36,2025,1,paisaje naturaleza,actividades,actividades infantiles,galicia,pontevedra,3997.0,571.0,4.29,4.17,15699,True
4193,ES,04,07,2025,1,paisaje naturaleza,actividades,actividades infantiles,illes balears,illes balears,176231.58,1283.58,4.42,4.33,203636,True
4194,ES,16,01,2025,1,paisaje naturaleza,actividades,actividades infantiles,pais vasco,araba/alava,8582.0,461.0,4.66,4.41,11468,True
4195,ES,16,48,2025,1,paisaje naturaleza,actividades,actividades infantiles,pais vasco,bizkaia,212073.0,1090.0,4.38,4.31,7925,True
4196,ES,16,20,2025,1,paisaje naturaleza,actividades,actividades infantiles,pais vasco,gipuzkoa,107082.0,1322.0,4.61,4.41,26976,True
4197,ES,03,33,2025,1,paisaje naturaleza,actividades,actividades infantiles,principado de asturias,asturias,16338.0,778.0,4.42,4.35,44006,True
4198,ES,14,30,2025,1,paisaje naturaleza,actividades,actividades infantiles,region de murcia,murcia,138642.0,1680.0,4.4,4.2,2633,True
4199,ES,01,11,2025,1,servicios,actividades,cursos,andalucia,cadiz,1720.0,860.0,4.74,4.26,39,True
4200,ES,01,29,2025,1,servicios,actividades,cursos,andalucia,malaga,4524.0,1131.0,4.62,4.43,51898,True
4201,ES,01,41,2025,1,servicios,actividades,cursos,andalucia,sevilla,23822.0,554.0,4.06,4.34,4859,True
4202,ES,02,50,2025,1,servicios,actividades,cursos,aragon,zaragoza,1963.0,1963.0,4.05,4.21,61,True
4203,ES,05,38,2025,1,servicios,actividades,cursos,canarias,santa cruz de tenerife,3006.5,556.5,3.86,4.26,3753,True
4204,ES,07,47,2025,1,servicios,actividades,cursos,castilla y leon,valladolid,1200.0,1200.0,2.7,4.06,292,True
4205,ES,09,08,2025,1,servicios,actividades,cursos,cataluna,barcelona,328769.5,4031.5,4.03,4.05,159935,True
4206,ES,09,17,2025,1,servicios,actividades,cursos,cataluna,girona,150.0,150.0,3.82,4.24,1146,True
4207,ES,13,28,2025,1,servicios,actividades,cursos,comunidad de madrid,madrid,703189.5,3733.0,3.92,4.1,42370,True
4208,ES,10,03,2025,1,servicios,actividades,cursos,comunitat valenciana,alicante/alacant,750.0,250.0,3.73,4.28,29657,True
4209,ES,11,10,2025,1,servicios,actividades,cursos,extremadura,caceres,4125.0,825.0,4.99,4.33,60,True
4210,ES,12,15,2025,1,servicios,actividades,cursos,galicia,a coruna,2334.0,1167.0,4.04,4.21,605,True
4211,ES,12,36,2025,1,servicios,actividades,cursos,galicia,pontevedra,1980.0,990.0,4.14,4.17,1424,True
4212,ES,04,07,2025,1,servicios,actividades,cursos,illes balears,illes balears,579991.33,1915.33,4.23,4.33,46354,True
4213,ES,17,26,2025,1,servicios,actividades,cursos,la rioja,la rioja,14300.0,550.0,4.81,4.31,10,True
4214,ES,16,20,2025,1,servicios,actividades,cursos,pais vasco,gipuzkoa,9800.0,392.0,3.84,4.41,140,True
4215,ES,14,30,2025,1,servicios,actividades,cursos,region de murcia,murcia,482743.33,4008.0,2.83,4.2,6,True
4216,ES,01,04,2025,1,paisaje naturaleza,actividades,deportes y aventuras,andalucia,almeria,686.0,49.0,4.32,4.19,23376,True
4217,ES,01,11,2025,1,paisaje naturaleza,actividades,deportes y aventuras,andalucia,cadiz,122144.0,1388.0,4.27,4.26,12350,True
4218,ES,01,41,2025,1,paisaje naturaleza,actividades,deportes y aventuras,andalucia,sevilla,34540.0,415.0,4.47,4.34,21476,True
4219,ES,02,50,2025,1,paisaje naturaleza,actividades,deportes y aventuras,aragon,zaragoza,34034.0,187.0,4.36,4.21,5888,True
4220,ES,05,38,2025,1,paisaje naturaleza,actividades,deportes y aventuras,canarias,santa cruz de tenerife,523916.0,1272.0,4.31,4.26,190067,True
4221,ES,08,19,2025,1,paisaje naturaleza,actividades,deportes y aventuras,castilla - la mancha,guadalajara,23004.0,1278.0,4.19,4.04,1303,True
4222,ES,07,37,2025,1,paisaje naturaleza,actividades,deportes y aventuras,castilla y leon,salamanca,14297.0,493.0,4.39,4.17,3319,True
4223,ES,09,08,2025,1,paisaje naturaleza,actividades,deportes y aventuras,cataluna,barcelona,49038.8,920.6,4.13,4.05,200444,True
4224,ES,13,28,2025,1,paisaje naturaleza,actividades,deportes y aventuras,comunidad de madrid,madrid,66129.0,73.5,4.19,4.1,121795,True
4225,ES,15,31,2025,1,paisaje naturaleza,actividades,deportes y aventuras,comunidad foral de navarra,navarra,2580.0,60.0,4.33,4.23,7007,True
4226,ES,10,03,2025,1,paisaje naturaleza,actividades,deportes y aventuras,comunitat valenciana,alicante/alacant,855.0,207.5,4.36,4.28,82424,True
4227,ES,11,06,2025,1,paisaje naturaleza,actividades,deportes y aventuras,extremadura,badajoz,10088.5,299.0,4.4,4.29,1116,True
4228,ES,11,10,2025,1,paisaje naturaleza,actividades,deportes y aventuras,extremadura,caceres,237762.0,999.0,4.5,4.33,5814,True
4229,ES,16,01,2025,1,paisaje naturaleza,actividades,deportes y aventuras,pais vasco,araba/alava,19875.0,1325.0,4.66,4.41,11468,True
4230,ES,16,48,2025,1,paisaje naturaleza,actividades,deportes y aventuras,pais vasco,bizkaia,3712.0,1856.0,4.38,4.31,7925,True
4231,ES,16,20,2025,1,paisaje naturaleza,actividades,deportes y aventuras,pais vasco,gipuzkoa,2976506.0,3107.0,4.61,4.41,26976,True
4232,ES,03,33,2025,1,paisaje naturaleza,actividades,deportes y aventuras,principado de asturias,asturias,18664.0,9332.0,4.42,4.35,44006,True
4233,ES,14,30,2025,1,paisaje naturaleza,actividades,deportes y aventuras,region de murcia,murcia,12300.0,150.0,4.4,4.2,2633,True
4234,ES,01,11,2025,1,comida y bebida,actividades,gastronomia,andalucia,cadiz,220.0,110.0,4.57,4.26,47,True
4235,ES,01,29,2025,1,comida y bebida,actividades,gastronomia,andalucia,malaga,91483.0,1867.0,4.84,4.43,1395,True
4236,ES,01,41,2025,1,comida y bebida,actividades,gastronomia,andalucia,sevilla,46008.0,568.0,4.76,4.34,8170,True
4237,ES,05,35,2025,1,comida y bebida,actividades,gastronomia,canarias,las palmas,130052.0,1066.0,3.71,4.28,443,True
4238,ES,05,38,2025,1,comida y bebida,actividades,gastronomia,canarias,santa cruz de tenerife,50848.0,908.0,4.31,4.26,72,True
4239,ES,08,02,2025,1,comida y bebida,actividades,gastronomia,castilla - la mancha,albacete,66669.0,939.0,4.88,4.15,33,True
4240,ES,09,08,2025,1,comida y bebida,actividades,gastronomia,cataluna,barcelona,988802.0,1657.0,4.67,4.05,3911,True
4241,ES,09,17,2025,1,comida y bebida,actividades,gastronomia,cataluna,girona,16797.0,1527.0,4.57,4.24,183,True
4242,ES,09,43,2025,1,comida y bebida,actividades,gastronomia,cataluna,tarragona,3093.0,1031.0,4.67,4.2,481,True
4243,ES,13,28,2025,1,comida y bebida,actividades,gastronomia,comunidad de madrid,madrid,15384.5,806.5,4.71,4.1,5856,True
4244,ES,10,46,2025,1,comida y bebida,actividades,gastronomia,comunitat valenciana,valencia/valencia,320.0,80.0,4.79,4.15,369,True
4245,ES,04,07,2025,1,comida y bebida,actividades,gastronomia,illes balears,illes balears,443844.0,2226.5,4.86,4.33,2196,True
4246,ES,14,30,2025,1,comida y bebida,actividades,gastronomia,region de murcia,murcia,800.0,100.0,3.99,4.2,320,True
4247,ES,01,04,2025,1,vida nocturna,espectaculos,cine,andalucia,almeria,1722.0,615.0,3.72,4.19,5362,True
4248,ES,01,18,2025,1,vida nocturna,espectaculos,cine,andalucia,granada,7263.0,538.0,3.92,4.37,10900,True
4249,ES,01,29,2025,1,vida nocturna,espectaculos,cine,andalucia,malaga,463104.0,1809.0,4.3,4.43,56036,True
4250,ES,01,41,2025,1,vida nocturna,espectaculos,cine,andalucia,sevilla,54579.0,483.0,4.05,4.34,39053,True
4251,ES,02,50,2025,1,vida nocturna,espectaculos,cine,aragon,zaragoza,9912.5,315.0,3.75,4.21,1614,True
4252,ES,05,38,2025,1,vida nocturna,espectaculos,cine,canarias,santa cruz de tenerife,327.0,545.0,4.06,4.26,62671,True
4253,ES,08,02,2025,1,vida nocturna,espectaculos,cine,castilla - la mancha,albacete,335815.0,1429.0,4.21,4.15,573,True
4254,ES,08,16,2025,1,vida nocturna,espectaculos,cine,castilla - la mancha,cuenca,49.0,49.0,3.91,4.19,760,True
4255,ES,08,45,2025,1,vida nocturna,espectaculos,cine,castilla - la mancha,toledo,2352.0,588.0,3.99,4.18,434,True
4256,ES,07,47,2025,1,vida nocturna,espectaculos,cine,castilla y leon,valladolid,12915.0,615.0,4.01,4.06,1293,True
4257,ES,09,08,2025,1,vida nocturna,espectaculos,cine,cataluna,barcelona,65902.0,582.33,3.95,4.05,119743,True
4258,ES,09,17,2025,1,vida nocturna,espectaculos,cine,cataluna,girona,1025.0,75.0,3.8,4.24,12856,True
4259,ES,13,28,2025,1,vida nocturna,espectaculos,cine,comunidad de madrid,madrid,100737.0,861.0,3.85,4.1,100430,True
4260,ES,10,03,2025,1,vida nocturna,espectaculos,cine,comunitat valenciana,alicante/alacant,136671.0,731.0,4.03,4.28,84389,True
4261,ES,12,15,2025,1,vida nocturna,espectaculos,cine,galicia,a coruna,700.0,50.0,3.74,4.21,5653,True
4262,ES,04,07,2025,1,vida nocturna,espectaculos,cine,illes balears,illes balears,15243.33,431.33,4.12,4.33,122452,True
4263,ES,16,20,2025,1,vida nocturna,espectaculos,cine,pais vasco,gipuzkoa,17973.0,305.0,4.14,4.41,5503,True
4264,ES,02,50,2025,1,otros,espectaculos,conferencias,aragon,zaragoza,4800.0,400.0,3.75,4.21,158,True
4265,ES,07,47,2025,1,otros,espectaculos,conferencias,castilla y leon,valladolid,45236.0,526.0,4.45,4.06,83,True
4266,ES,09,43,2025,1,otros,espectaculos,conferencias,cataluna,tarragona,24102.0,3708.0,4.01,4.2,1769,True
4267,ES,13,28,2025,1,otros,espectaculos,conferencias,comunidad de madrid,madrid,2115465.0,12821.0,3.97,4.1,1624,True
4268,ES,10,03,2025,1,otros,espectaculos,conferencias,comunitat valenciana,alicante/alacant,8100.0,100.0,4.26,4.28,392,True
4269,ES,12,15,2025,1,otros,espectaculos,conferencias,galicia,a coruna,23069.0,2714.0,4.09,4.21,200,True
4270,ES,04,07,2025,1,otros,espectaculos,conferencias,illes balears,illes balears,387032.0,1916.0,4.21,4.33,296,True
4271,ES,01,04,2025,1,paisaje urbano,espectaculos,"cultura, teatro y danza",andalucia,almeria,159055.0,961.5,4.25,4.19,14318,True
4272,ES,01,11,2025,1,paisaje urbano,espectaculos,"cultura, teatro y danza",andalucia,cadiz,97318.0,2376.25,4.35,4.26,8809,True
4273,ES,01,14,2025,1,paisaje urbano,espectaculos,"cultura, teatro y danza",andalucia,cordoba,44846.5,696.0,4.3,4.29,93962,True
4274,ES,01,18,2025,1,paisaje urbano,espectaculos,"cultura, teatro y danza",andalucia,granada,357813.67,1160.0,4.35,4.37,153042,True
4275,ES,01,21,2025,1,paisaje urbano,espectaculos,"cultura, teatro y danza",andalucia,huelva,15872.0,512.0,4.23,4.11,9984,True
4276,ES,01,29,2025,1,paisaje urbano,espectaculos,"cultura, teatro y danza",andalucia,malaga,508589.14,912.86,4.43,4.43,158253,True
4277,ES,01,41,2025,1,paisaje urbano,espectaculos,"cultura, teatro y danza",andalucia,sevilla,6769475.0,4825.0,4.41,4.34,218279,True
4278,ES,02,22,2025,1,paisaje urbano,espectaculos,"cultura, teatro y danza",aragon,huesca,51343.0,473.0,4.12,4.25,10916,True
4279,ES,02,50,2025,1,paisaje urbano,espectaculos,"cultura, teatro y danza",aragon,zaragoza,120475.0,883.25,4.34,4.21,41352,True
4280,ES,05,35,2025,1,paisaje urbano,espectaculos,"cultura, teatro y danza",canarias,las palmas,708856.88,1135.38,4.27,4.28,51395,True
4281,ES,05,38,2025,1,paisaje urbano,espectaculos,"cultura, teatro y danza",canarias,santa cruz de tenerife,259123.22,955.44,4.28,4.26,66584,True
4282,ES,06,39,2025,1,paisaje urbano,espectaculos,"cultura, teatro y danza",cantabria,cantabria,440796.0,1011.0,4.28,4.27,27507,True
4283,ES,08,02,2025,1,paisaje urbano,espectaculos,"cultura, teatro y danza",castilla - la mancha,albacete,56386.5,560.75,4.09,4.15,3663,True
4284,ES,08,13,2025,1,paisaje urbano,espectaculos,"cultura, teatro y danza",castilla - la mancha,ciudad real,16777.0,1766.0,4.33,4.29,7266,True
4285,ES,08,16,2025,1,paisaje urbano,espectaculos,"cultura, teatro y danza",castilla - la mancha,cuenca,107648.0,1856.0,4.27,4.19,13771,True
4286,ES,08,45,2025,1,paisaje urbano,espectaculos,"cultura, teatro y danza",castilla - la mancha,toledo,87077.33,659.33,4.19,4.18,55769,True
4287,ES,07,09,2025,1,paisaje urbano,espectaculos,"cultura, teatro y danza",castilla y leon,burgos,325.0,65.0,4.35,4.28,19776,True
4288,ES,07,37,2025,1,paisaje urbano,espectaculos,"cultura, teatro y danza",castilla y leon,salamanca,194583.5,575.5,4.24,4.17,31972,True
4289,ES,07,42,2025,1,paisaje urbano,espectaculos,"cultura, teatro y danza",castilla y leon,soria,7920.0,165.0,4.17,3.97,6300,True
4290,ES,07,47,2025,1,paisaje urbano,espectaculos,"cultura, teatro y danza",castilla y leon,valladolid,296900.17,1090.17,4.14,4.06,13695,True
4291,ES,07,49,2025,1,paisaje urbano,espectaculos,"cultura, teatro y danza",castilla y leon,zamora,19536.0,407.0,4.19,4.17,5872,True
4292,ES,09,08,2025,1,paisaje urbano,espectaculos,"cultura, teatro y danza",cataluna,barcelona,810279.09,936.73,4.07,4.05,732080,True
4293,ES,09,17,2025,1,paisaje urbano,espectaculos,"cultura, teatro y danza",cataluna,girona,3683.33,152.67,4.24,4.24,50915,True
4294,ES,09,25,2025,1,paisaje urbano,espectaculos,"cultura, teatro y danza",cataluna,lleida,3198.0,492.0,4.29,4.27,7171,True
4295,ES,09,43,2025,1,paisaje urbano,espectaculos,"cultura, teatro y danza",cataluna,tarragona,812082.0,1310.67,4.23,4.2,53439,True
4296,ES,18,51,2025,1,paisaje urbano,espectaculos,"cultura, teatro y danza",ceuta,ceuta,250466.0,2053.0,0.0,0.0,0,False
4297,ES,13,28,2025,1,paisaje urbano,espectaculos,"cultura, teatro y danza",comunidad de madrid,madrid,107844.6,661.0,4.15,4.1,458466,True
4298,ES,15,31,2025,1,paisaje urbano,espectaculos,"cultura, teatro y danza",comunidad foral de navarra,navarra,87358.0,1409.0,4.25,4.23,19680,True
4299,ES,10,03,2025,1,paisaje urbano,espectaculos,"cultura, teatro y danza",comunitat valenciana,alicante/alacant,205696.6,761.0,4.28,4.28,67888,True
4300,ES,10,46,2025,1,paisaje urbano,espectaculos,"cultura, teatro y danza",comunitat valenciana,valencia/valencia,506262.5,1733.5,4.25,4.15,114505,True
4301,ES,11,06,2025,1,paisaje urbano,espectaculos,"cultura, teatro y danza",extremadura,badajoz,363030.5,1006.5,4.26,4.29,18348,True
4302,ES,11,10,2025,1,paisaje urbano,espectaculos,"cultura, teatro y danza",extremadura,caceres,38650.0,755.5,4.31,4.33,23514,True
4303,ES,12,15,2025,1,paisaje urbano,espectaculos,"cultura, teatro y danza",galicia,a coruna,134496.5,612.5,4.26,4.21,50198,True
4304,ES,12,27,2025,1,paisaje urbano,espectaculos,"cultura, teatro y danza",galicia,lugo,9798.0,1633.0,4.33,4.28,8872,True
4305,ES,12,36,2025,1,paisaje urbano,espectaculos,"cultura, teatro y danza",galicia,pontevedra,39995.0,95.0,4.07,4.17,15892,True
4306,ES,04,07,2025,1,paisaje urbano,espectaculos,"cultura, teatro y danza",illes balears,illes balears,212673.87,834.07,4.21,4.33,107418,True
4307,ES,17,26,2025,1,paisaje urbano,espectaculos,"cultura, teatro y danza",la rioja,la rioja,92698.0,461.0,4.29,4.31,11493,True
4308,ES,16,01,2025,1,paisaje urbano,espectaculos,"cultura, teatro y danza",pais vasco,araba/alava,154834.33,583.67,4.46,4.41,7811,True
4309,ES,16,48,2025,1,paisaje urbano,espectaculos,"cultura, teatro y danza",pais vasco,bizkaia,260311.5,1264.0,4.38,4.31,56425,True
4310,ES,16,20,2025,1,paisaje urbano,espectaculos,"cultura, teatro y danza",pais vasco,gipuzkoa,245242.33,717.5,4.43,4.41,26949,True
4311,ES,03,33,2025,1,paisaje urbano,espectaculos,"cultura, teatro y danza",principado de asturias,asturias,43065.0,957.0,4.37,4.35,40762,True
4312,ES,14,30,2025,1,paisaje urbano,espectaculos,"cultura, teatro y danza",region de murcia,murcia,65817.0,457.5,4.32,4.2,9308,True
4313,ES,04,07,2025,1,compras,espectaculos,ferias,illes balears,illes balears,387032.0,1916.0,4.17,4.33,22175,True
4314,ES,01,21,2025,1,paisaje urbano,espectaculos,museo y exposiciones,andalucia,huelva,15872.0,512.0,4.23,4.11,9984,True
4315,ES,01,41,2025,1,paisaje urbano,espectaculos,museo y exposiciones,andalucia,sevilla,126945.0,1365.0,4.41,4.34,218279,True
4316,ES,08,45,2025,1,paisaje urbano,espectaculos,museo y exposiciones,castilla - la mancha,toledo,60543.0,651.0,4.19,4.18,55769,True
4317,ES,09,08,2025,1,paisaje urbano,espectaculos,museo y exposiciones,cataluna,barcelona,8606.0,1324.0,4.07,4.05,732080,True
4318,ES,09,43,2025,1,paisaje urbano,espectaculos,museo y exposiciones,cataluna,tarragona,34944.0,2496.0,4.23,4.2,53439,True
4319,ES,13,28,2025,1,paisaje urbano,espectaculos,museo y exposiciones,comunidad de madrid,madrid,29495.0,1735.0,4.15,4.1,458466,True
4320,ES,10,46,2025,1,paisaje urbano,espectaculos,museo y exposiciones,comunitat valenciana,valencia/valencia,17227.5,985.5,4.25,4.15,114505,True
4321,ES,04,07,2025,1,paisaje urbano,espectaculos,museo y exposiciones,illes balears,illes balears,16065.0,1071.0,4.21,4.33,107418,True
4322,ES,16,48,2025,1,paisaje urbano,espectaculos,museo y exposiciones,pais vasco,bizkaia,212598.0,1143.0,4.38,4.31,56425,True
4323,ES,01,04,2025,1,vida nocturna,espectaculos,musica,andalucia,almeria,274095.75,2262.25,3.72,4.19,5362,True
4324,ES,01,11,2025,1,vida nocturna,espectaculos,musica,andalucia,cadiz,133978.0,1215.0,4.08,4.26,2343,True
4325,ES,01,14,2025,1,vida nocturna,espectaculos,musica,andalucia,cordoba,518842.0,1058.0,4.3,4.29,1908,True
4326,ES,01,18,2025,1,vida nocturna,espectaculos,musica,andalucia,granada,462408.75,996.75,3.92,4.37,10900,True
4327,ES,01,21,2025,1,vida nocturna,espectaculos,musica,andalucia,huelva,4125.0,125.0,4.03,4.11,1623,True
4328,ES,01,23,2025,1,vida nocturna,espectaculos,musica,andalucia,jaen,26414.83,638.5,4.0,4.33,992,True
4329,ES,01,29,2025,1,vida nocturna,espectaculos,musica,andalucia,malaga,549206.33,1580.5,4.3,4.43,56036,True
4330,ES,01,41,2025,1,vida nocturna,espectaculos,musica,andalucia,sevilla,164568.8,947.8,4.05,4.34,39053,True
4331,ES,02,22,2025,1,vida nocturna,espectaculos,musica,aragon,huesca,172327.5,1139.0,3.85,4.25,1293,True
4332,ES,02,44,2025,1,vida nocturna,espectaculos,musica,aragon,teruel,30637.5,162.5,4.35,4.28,950,True
4333,ES,02,50,2025,1,vida nocturna,espectaculos,musica,aragon,zaragoza,1898588.67,1386.67,3.75,4.21,1614,True
4334,ES,05,35,2025,1,vida nocturna,espectaculos,musica,canarias,las palmas,299650.0,1140.27,4.24,4.28,129544,True
4335,ES,05,38,2025,1,vida nocturna,espectaculos,musica,canarias,santa cruz de tenerife,332728.45,934.45,4.06,4.26,62671,True
4336,ES,06,39,2025,1,vida nocturna,espectaculos,musica,cantabria,cantabria,91603.33,807.67,4.02,4.27,5819,True
4337,ES,08,02,2025,1,vida nocturna,espectaculos,musica,castilla - la mancha,albacete,225058.0,3252.0,4.21,4.15,573,True
4338,ES,08,13,2025,1,vida nocturna,espectaculos,musica,castilla - la mancha,ciudad real,144795.67,1098.33,4.17,4.29,385,True
4339,ES,08,16,2025,1,vida nocturna,espectaculos,musica,castilla - la mancha,cuenca,11285.0,1525.0,3.91,4.19,760,True
4340,ES,08,19,2025,1,vida nocturna,espectaculos,musica,castilla - la mancha,guadalajara,743015.0,1495.0,3.23,4.04,447,True
4341,ES,08,45,2025,1,vida nocturna,espectaculos,musica,castilla - la mancha,toledo,314076.0,3631.33,3.99,4.18,434,True
4342,ES,07,09,2025,1,vida nocturna,espectaculos,musica,castilla y leon,burgos,368272.5,1463.5,3.95,4.28,970,True
4343,ES,07,24,2025,1,vida nocturna,espectaculos,musica,castilla y leon,leon,54921.5,937.5,3.97,4.21,1480,True
4344,ES,07,34,2025,1,vida nocturna,espectaculos,musica,castilla y leon,palencia,169046.33,1083.0,4.23,4.35,379,True
4345,ES,07,37,2025,1,vida nocturna,espectaculos,musica,castilla y leon,salamanca,38156.5,733.0,3.66,4.17,3701,True
4346,ES,07,40,2025,1,vida nocturna,espectaculos,musica,castilla y leon,segovia,237389.67,1044.67,3.91,4.07,263,True
4347,ES,07,42,2025,1,vida nocturna,espectaculos,musica,castilla y leon,soria,193968.0,589.33,4.2,3.97,154,True
4348,ES,07,47,2025,1,vida nocturna,espectaculos,musica,castilla y leon,valladolid,1085921.67,1611.0,4.01,4.06,1293,True
4349,ES,07,49,2025,1,vida nocturna,espectaculos,musica,castilla y leon,zamora,720724.5,1261.0,4.27,4.17,462,True
4350,ES,09,08,2025,1,vida nocturna,espectaculos,musica,cataluna,barcelona,1049093.59,1568.03,3.95,4.05,119743,True
4351,ES,09,17,2025,1,vida nocturna,espectaculos,musica,cataluna,girona,125066.31,4359.92,3.8,4.24,12856,True
4352,ES,09,25,2025,1,vida nocturna,espectaculos,musica,cataluna,lleida,211213.57,927.71,3.84,4.27,1184,True
4353,ES,09,43,2025,1,vida nocturna,espectaculos,musica,cataluna,tarragona,102013.75,1147.12,4.1,4.2,22730,True
4354,ES,13,28,2025,1,vida nocturna,espectaculos,musica,comunidad de madrid,madrid,4133429.2,1016.93,3.85,4.1,100430,True
4355,ES,15,31,2025,1,vida nocturna,espectaculos,musica,comunidad foral de navarra,navarra,1545609.33,1098.0,3.72,4.23,2565,True
4356,ES,10,03,2025,1,vida nocturna,espectaculos,musica,comunitat valenciana,alicante/alacant,222651.12,1115.82,4.03,4.28,84389,True
4357,ES,10,12,2025,1,vida nocturna,espectaculos,musica,comunitat valenciana,castellon/castello,320711.67,1388.33,3.88,4.2,2406,True
4358,ES,10,46,2025,1,vida nocturna,espectaculos,musica,comunitat valenciana,valencia/valencia,707800.71,1389.0,3.72,4.15,9307,True
4359,ES,11,06,2025,1,vida nocturna,espectaculos,musica,extremadura,badajoz,117140.0,1245.33,4.31,4.29,2109,True
4360,ES,11,10,2025,1,vida nocturna,espectaculos,musica,extremadura,caceres,7065.75,646.25,3.95,4.33,1377,True
4361,ES,12,15,2025,1,vida nocturna,espectaculos,musica,galicia,a coruna,183161.5,1329.17,3.74,4.21,5653,True
4362,ES,12,27,2025,1,vida nocturna,espectaculos,musica,galicia,lugo,58995.0,1035.0,4.18,4.28,502,True
4363,ES,12,32,2025,1,vida nocturna,espectaculos,musica,galicia,ourense,388944.0,1314.0,3.7,4.15,660,True
4364,ES,12,36,2025,1,vida nocturna,espectaculos,musica,galicia,pontevedra,68443.25,641.0,4.0,4.17,3092,True
4365,ES,04,07,2025,1,vida nocturna,espectaculos,musica,illes balears,illes balears,569228.25,1271.18,4.12,4.33,122452,True
4366,ES,17,26,2025,1,vida nocturna,espectaculos,musica,la rioja,la rioja,11481.67,1269.33,3.69,4.31,1866,True
4367,ES,16,01,2025,1,vida nocturna,espectaculos,musica,pais vasco,araba/alava,362141.0,1157.0,3.82,4.41,1138,True
4368,ES,16,48,2025,1,vida nocturna,espectaculos,musica,pais vasco,bizkaia,117058.8,979.2,4.21,4.31,5615,True
4369,ES,16,20,2025,1,vida nocturna,espectaculos,musica,pais vasco,gipuzkoa,235634.75,1034.12,4.14,4.41,5503,True
4370,ES,03,33,2025,1,vida nocturna,espectaculos,musica,principado de asturias,asturias,460955.2,1700.6,4.18,4.35,9626,True
4371,ES,14,30,2025,1,vida nocturna,espectaculos,musica,region de murcia,murcia,430436.2,928.8,3.62,4.2,1488,True
4372,ES,01,04,2025,1,vida nocturna,espectaculos,musicales,andalucia,almeria,13815.0,490.33,3.72,4.19,5362,True
4373,ES,01,11,2025,1,vida nocturna,espectaculos,musicales,andalucia,cadiz,169719.0,1529.0,4.08,4.26,2343,True
4374,ES,01,18,2025,1,vida nocturna,espectaculos,musicales,andalucia,granada,108936.0,801.0,3.92,4.37,10900,True
4375,ES,01,29,2025,1,vida nocturna,espectaculos,musicales,andalucia,malaga,50537.0,1042.0,4.3,4.43,56036,True
4376,ES,01,41,2025,1,vida nocturna,espectaculos,musicales,andalucia,sevilla,123462.0,1083.0,4.05,4.34,39053,True
4377,ES,02,50,2025,1,vida nocturna,espectaculos,musicales,aragon,zaragoza,720744.0,1018.0,3.75,4.21,1614,True
4378,ES,05,35,2025,1,vida nocturna,espectaculos,musicales,canarias,las palmas,129186.33,629.0,4.24,4.28,129544,True
4379,ES,05,38,2025,1,vida nocturna,espectaculos,musicales,canarias,santa cruz de tenerife,11362.75,562.0,4.06,4.26,62671,True
4380,ES,08,02,2025,1,vida nocturna,espectaculos,musicales,castilla - la mancha,albacete,1560258.0,1281.0,4.21,4.15,573,True
4381,ES,08,45,2025,1,vida nocturna,espectaculos,musicales,castilla - la mancha,toledo,200.0,50.0,3.99,4.18,434,True
4382,ES,07,37,2025,1,vida nocturna,espectaculos,musicales,castilla y leon,salamanca,383904.0,1488.0,3.66,4.17,3701,True
4383,ES,07,47,2025,1,vida nocturna,espectaculos,musicales,castilla y leon,valladolid,345632.0,1543.0,4.01,4.06,1293,True
4384,ES,09,08,2025,1,vida nocturna,espectaculos,musicales,cataluna,barcelona,1437408.0,1449.0,3.95,4.05,119743,True
4385,ES,09,17,2025,1,vida nocturna,espectaculos,musicales,cataluna,girona,9000.0,100.0,3.8,4.24,12856,True
4386,ES,09,25,2025,1,vida nocturna,espectaculos,musicales,cataluna,lleida,3198.0,492.0,3.84,4.27,1184,True
4387,ES,13,28,2025,1,vida nocturna,espectaculos,musicales,comunidad de madrid,madrid,429828.0,588.0,3.85,4.1,100430,True
4388,ES,15,31,2025,1,vida nocturna,espectaculos,musicales,comunidad foral de navarra,navarra,87358.0,1409.0,3.72,4.23,2565,True
4389,ES,10,03,2025,1,vida nocturna,espectaculos,musicales,comunitat valenciana,alicante/alacant,388944.0,797.0,4.03,4.28,84389,True
4390,ES,10,46,2025,1,vida nocturna,espectaculos,musicales,comunitat valenciana,valencia/valencia,642281.5,1067.0,3.72,4.15,9307,True
4391,ES,11,06,2025,1,vida nocturna,espectaculos,musicales,extremadura,badajoz,483980.67,1332.0,4.31,4.29,2109,True
4392,ES,11,10,2025,1,vida nocturna,espectaculos,musicales,extremadura,caceres,385394.0,904.0,3.95,4.33,1377,True
4393,ES,12,15,2025,1,vida nocturna,espectaculos,musicales,galicia,a coruna,28158.0,722.0,3.74,4.21,5653,True
4394,ES,12,36,2025,1,vida nocturna,espectaculos,musicales,galicia,pontevedra,3997.0,571.0,4.0,4.17,3092,True
4395,ES,04,07,2025,1,vida nocturna,espectaculos,musicales,illes balears,illes balears,156213.0,721.67,4.12,4.33,122452,True
4396,ES,14,30,2025,1,vida nocturna,espectaculos,musicales,region de murcia,murcia,51119.5,883.0,3.62,4.2,1488,True
4397,ES,01,04,2025,2,paisaje naturaleza,actividades,actividades infantiles,andalucia,almeria,9324.0,126.0,4.32,4.19,23376,True
4398,ES,01,11,2025,2,paisaje naturaleza,actividades,actividades infantiles,andalucia,cadiz,51810.5,2214.0,4.27,4.26,12350,True
4399,ES,01,14,2025,2,paisaje naturaleza,actividades,actividades infantiles,andalucia,cordoba,52992.0,1104.0,4.32,4.29,3767,True
4400,ES,01,18,2025,2,paisaje naturaleza,actividades,actividades infantiles,andalucia,granada,197873.0,1735.0,4.52,4.37,18492,True
4401,ES,01,29,2025,2,paisaje naturaleza,actividades,actividades infantiles,andalucia,malaga,61355.25,775.75,4.44,4.43,109648,True
4402,ES,01,41,2025,2,paisaje naturaleza,actividades,actividades infantiles,andalucia,sevilla,43935.67,1135.33,4.47,4.34,21476,True
4403,ES,02,22,2025,2,paisaje naturaleza,actividades,actividades infantiles,aragon,huesca,55554.0,394.0,4.56,4.25,17445,True
4404,ES,02,50,2025,2,paisaje naturaleza,actividades,actividades infantiles,aragon,zaragoza,1793176.0,902.0,4.36,4.21,5888,True
4405,ES,05,35,2025,2,paisaje naturaleza,actividades,actividades infantiles,canarias,las palmas,6290.67,177.33,4.34,4.28,200378,True
4406,ES,05,38,2025,2,paisaje naturaleza,actividades,actividades infantiles,canarias,santa cruz de tenerife,5449.33,229.67,4.31,4.26,190067,True
4407,ES,06,39,2025,2,paisaje naturaleza,actividades,actividades infantiles,cantabria,cantabria,6790.0,70.0,4.36,4.27,37946,True
4408,ES,08,02,2025,2,paisaje naturaleza,actividades,actividades infantiles,castilla - la mancha,albacete,160612.0,578.0,4.38,4.15,3169,True
4409,ES,08,45,2025,2,paisaje naturaleza,actividades,actividades infantiles,castilla - la mancha,toledo,45176.0,1838.0,4.16,4.18,1715,True
4410,ES,07,24,2025,2,paisaje naturaleza,actividades,actividades infantiles,castilla y leon,leon,44396.0,2018.0,4.52,4.21,4506,True
4411,ES,07,42,2025,2,paisaje naturaleza,actividades,actividades infantiles,castilla y leon,soria,70941.0,1391.0,4.14,3.97,2792,True
4412,ES,07,47,2025,2,paisaje naturaleza,actividades,actividades infantiles,castilla y leon,valladolid,2446594.5,870.5,4.18,4.06,8696,True
4413,ES,09,08,2025,2,paisaje naturaleza,actividades,actividades infantiles,cataluna,barcelona,385437.1,2330.7,4.13,4.05,200444,True
4414,ES,09,17,2025,2,paisaje naturaleza,actividades,actividades infantiles,cataluna,girona,9620.0,303.0,4.38,4.24,61683,True
4415,ES,09,43,2025,2,paisaje naturaleza,actividades,actividades infantiles,cataluna,tarragona,49971.0,2178.0,4.26,4.2,33701,True
4416,ES,13,28,2025,2,paisaje naturaleza,actividades,actividades infantiles,comunidad de madrid,madrid,115936.5,790.67,4.19,4.1,121795,True
4417,ES,15,31,2025,2,paisaje naturaleza,actividades,actividades infantiles,comunidad foral de navarra,navarra,77825.0,1415.0,4.33,4.23,7007,True
4418,ES,10,03,2025,2,paisaje naturaleza,actividades,actividades infantiles,comunitat valenciana,alicante/alacant,18418.67,1170.33,4.36,4.28,82424,True
4419,ES,10,46,2025,2,paisaje naturaleza,actividades,actividades infantiles,comunitat valenciana,valencia/valencia,105032.33,317.0,4.23,4.15,90776,True
4420,ES,11,06,2025,2,paisaje naturaleza,actividades,actividades infantiles,extremadura,badajoz,17655.5,514.5,4.4,4.29,1116,True
4421,ES,11,10,2025,2,paisaje naturaleza,actividades,actividades infantiles,extremadura,caceres,37635.0,695.0,4.5,4.33,5814,True
4422,ES,12,15,2025,2,paisaje naturaleza,actividades,actividades infantiles,galicia,a coruna,11306.0,527.5,4.39,4.21,18974,True
4423,ES,12,27,2025,2,paisaje naturaleza,actividades,actividades infantiles,galicia,lugo,303156.0,1604.0,4.57,4.28,8089,True
4424,ES,04,07,2025,2,paisaje naturaleza,actividades,actividades infantiles,illes balears,illes balears,146817.09,1089.73,4.42,4.33,203636,True
4425,ES,16,01,2025,2,paisaje naturaleza,actividades,actividades infantiles,pais vasco,araba/alava,10617.67,370.33,4.66,4.41,11468,True
4426,ES,16,48,2025,2,paisaje naturaleza,actividades,actividades infantiles,pais vasco,bizkaia,404444.67,1150.33,4.38,4.31,7925,True
4427,ES,16,20,2025,2,paisaje naturaleza,actividades,actividades infantiles,pais vasco,gipuzkoa,21144.33,199.67,4.61,4.41,26976,True
4428,ES,03,33,2025,2,paisaje naturaleza,actividades,actividades infantiles,principado de asturias,asturias,31296.0,1304.0,4.42,4.35,44006,True
4429,ES,14,30,2025,2,paisaje naturaleza,actividades,actividades infantiles,region de murcia,murcia,13529.0,477.0,4.4,4.2,2633,True
4430,ES,01,11,2025,2,servicios,actividades,cursos,andalucia,cadiz,17205.0,1147.0,4.74,4.26,39,True
4431,ES,01,29,2025,2,servicios,actividades,cursos,andalucia,malaga,23707.5,1327.5,4.62,4.43,51898,True
4432,ES,01,41,2025,2,servicios,actividades,cursos,andalucia,sevilla,900.0,150.0,4.06,4.34,4859,True
4433,ES,05,35,2025,2,servicios,actividades,cursos,canarias,las palmas,16800.0,175.0,3.72,4.28,2863,True
4434,ES,05,38,2025,2,servicios,actividades,cursos,canarias,santa cruz de tenerife,12364.5,4071.5,3.86,4.26,3753,True
4435,ES,07,47,2025,2,servicios,actividades,cursos,castilla y leon,valladolid,13395.0,705.0,2.7,4.06,292,True
4436,ES,09,08,2025,2,servicios,actividades,cursos,cataluna,barcelona,161213.4,1120.2,4.03,4.05,159935,True
4437,ES,09,17,2025,2,servicios,actividades,cursos,cataluna,girona,1350.0,150.0,3.82,4.24,1146,True
4438,ES,13,28,2025,2,servicios,actividades,cursos,comunidad de madrid,madrid,305271.67,3414.67,3.92,4.1,42370,True
4439,ES,12,15,2025,2,servicios,actividades,cursos,galicia,a coruna,3192.0,152.0,4.04,4.21,605,True
4440,ES,12,36,2025,2,servicios,actividades,cursos,galicia,pontevedra,1030.0,1030.0,4.14,4.17,1424,True
4441,ES,04,07,2025,2,servicios,actividades,cursos,illes balears,illes balears,449200.33,2376.33,4.23,4.33,46354,True
4442,ES,16,48,2025,2,servicios,actividades,cursos,pais vasco,bizkaia,5564.5,2021.5,4.03,4.31,13509,True
4443,ES,16,20,2025,2,servicios,actividades,cursos,pais vasco,gipuzkoa,13328.0,1666.0,3.84,4.41,140,True
4444,ES,03,33,2025,2,servicios,actividades,cursos,principado de asturias,asturias,350.0,350.0,3.91,4.35,2389,True
4445,ES,14,30,2025,2,servicios,actividades,cursos,region de murcia,murcia,173005.33,3685.67,2.83,4.2,6,True
4446,ES,01,11,2025,2,paisaje naturaleza,actividades,deportes y aventuras,andalucia,cadiz,4466.0,1595.0,4.27,4.26,12350,True
4447,ES,01,29,2025,2,paisaje naturaleza,actividades,deportes y aventuras,andalucia,malaga,7469.0,2134.0,4.44,4.43,109648,True
4448,ES,01,41,2025,2,paisaje naturaleza,actividades,deportes y aventuras,andalucia,sevilla,6169.5,559.0,4.47,4.34,21476,True
4449,ES,02,50,2025,2,paisaje naturaleza,actividades,deportes y aventuras,aragon,zaragoza,338131.0,1889.0,4.36,4.21,5888,True
4450,ES,05,35,2025,2,paisaje naturaleza,actividades,deportes y aventuras,canarias,las palmas,1100.0,550.0,4.34,4.28,200378,True
4451,ES,05,38,2025,2,paisaje naturaleza,actividades,deportes y aventuras,canarias,santa cruz de tenerife,2319.0,773.0,4.31,4.26,190067,True
4452,ES,08,19,2025,2,paisaje naturaleza,actividades,deportes y aventuras,castilla - la mancha,guadalajara,15552.5,1102.5,4.19,4.04,1303,True
4453,ES,07,37,2025,2,paisaje naturaleza,actividades,deportes y aventuras,castilla y leon,salamanca,880.0,40.0,4.39,4.17,3319,True
4454,ES,09,08,2025,2,paisaje naturaleza,actividades,deportes y aventuras,cataluna,barcelona,95379.67,1124.5,4.13,4.05,200444,True
4455,ES,09,17,2025,2,paisaje naturaleza,actividades,deportes y aventuras,cataluna,girona,13201.0,307.0,4.38,4.24,61683,True
4456,ES,13,28,2025,2,paisaje naturaleza,actividades,deportes y aventuras,comunidad de madrid,madrid,658136.67,639.33,4.19,4.1,121795,True
4457,ES,10,03,2025,2,paisaje naturaleza,actividades,deportes y aventuras,comunitat valenciana,alicante/alacant,27641.67,2994.0,4.36,4.28,82424,True
4458,ES,10,46,2025,2,paisaje naturaleza,actividades,deportes y aventuras,comunitat valenciana,valencia/valencia,4214.0,49.0,4.23,4.15,90776,True
4459,ES,11,06,2025,2,paisaje naturaleza,actividades,deportes y aventuras,extremadura,badajoz,4640.0,72.5,4.4,4.29,1116,True
4460,ES,11,10,2025,2,paisaje naturaleza,actividades,deportes y aventuras,extremadura,caceres,25662.0,1092.0,4.5,4.33,5814,True
4461,ES,04,07,2025,2,paisaje naturaleza,actividades,deportes y aventuras,illes balears,illes balears,5086.5,1495.5,4.42,4.33,203636,True
4462,ES,16,01,2025,2,paisaje naturaleza,actividades,deportes y aventuras,pais vasco,araba/alava,270.0,30.0,4.66,4.41,11468,True
4463,ES,03,33,2025,2,paisaje naturaleza,actividades,deportes y aventuras,principado de asturias,asturias,9332.0,9332.0,4.42,4.35,44006,True
4464,ES,14,30,2025,2,paisaje naturaleza,actividades,deportes y aventuras,region de murcia,murcia,252668.0,875.5,4.4,4.2,2633,True
4465,ES,01,18,2025,2,comida y bebida,actividades,gastronomia,andalucia,granada,9888.0,1236.0,4.81,4.37,771,True
4466,ES,01,29,2025,2,comida y bebida,actividades,gastronomia,andalucia,malaga,43641.0,1865.0,4.84,4.43,1395,True
4467,ES,01,41,2025,2,comida y bebida,actividades,gastronomia,andalucia,sevilla,75628.0,518.0,4.76,4.34,8170,True
4468,ES,05,35,2025,2,comida y bebida,actividades,gastronomia,canarias,las palmas,140664.0,635.5,3.71,4.28,443,True
4469,ES,05,38,2025,2,comida y bebida,actividades,gastronomia,canarias,santa cruz de tenerife,218.0,109.0,4.31,4.26,72,True
4470,ES,08,02,2025,2,comida y bebida,actividades,gastronomia,castilla - la mancha,albacete,199296.0,1152.0,4.88,4.15,33,True
4471,ES,09,08,2025,2,comida y bebida,actividades,gastronomia,cataluna,barcelona,42672.0,1114.67,4.67,4.05,3911,True
4472,ES,09,43,2025,2,comida y bebida,actividades,gastronomia,cataluna,tarragona,187154.0,1034.0,4.67,4.2,481,True
4473,ES,13,28,2025,2,comida y bebida,actividades,gastronomia,comunidad de madrid,madrid,43430.0,846.0,4.71,4.1,5856,True
4474,ES,10,03,2025,2,comida y bebida,actividades,gastronomia,comunitat valenciana,alicante/alacant,5156.67,173.33,4.52,4.28,760,True
4475,ES,10,46,2025,2,comida y bebida,actividades,gastronomia,comunitat valenciana,valencia/valencia,14602.0,576.0,4.79,4.15,369,True
4476,ES,11,06,2025,2,comida y bebida,actividades,gastronomia,extremadura,badajoz,1000.0,40.0,0.0,0.0,0,False
4477,ES,11,10,2025,2,comida y bebida,actividades,gastronomia,extremadura,caceres,16952.0,1304.0,4.5,4.33,6,True
4478,ES,04,07,2025,2,comida y bebida,actividades,gastronomia,illes balears,illes balears,273522.67,1701.33,4.86,4.33,2196,True
4479,ES,01,04,2025,2,vida nocturna,espectaculos,cine,andalucia,almeria,18976.0,593.0,3.72,4.19,5362,True
4480,ES,01,29,2025,2,vida nocturna,espectaculos,cine,andalucia,malaga,783481.0,1861.0,4.3,4.43,56036,True
4481,ES,01,41,2025,2,vida nocturna,espectaculos,cine,andalucia,sevilla,90024.0,484.0,4.05,4.34,39053,True
4482,ES,02,22,2025,2,vida nocturna,espectaculos,cine,aragon,huesca,250.0,50.0,3.85,4.25,1293,True
4483,ES,02,50,2025,2,vida nocturna,espectaculos,cine,aragon,zaragoza,16521.0,318.5,3.75,4.21,1614,True
4484,ES,05,38,2025,2,vida nocturna,espectaculos,cine,canarias,santa cruz de tenerife,5995.0,545.0,4.06,4.26,62671,True
4485,ES,08,02,2025,2,vida nocturna,espectaculos,cine,castilla - la mancha,albacete,200.0,100.0,4.21,4.15,573,True
4486,ES,08,16,2025,2,vida nocturna,espectaculos,cine,castilla - la mancha,cuenca,2793.0,49.0,3.91,4.19,760,True
4487,ES,07,47,2025,2,vida nocturna,espectaculos,cine,castilla y leon,valladolid,3075.0,615.0,4.01,4.06,1293,True
4488,ES,09,08,2025,2,vida nocturna,espectaculos,cine,cataluna,barcelona,116604.67,394.33,3.95,4.05,119743,True
4489,ES,09,17,2025,2,vida nocturna,espectaculos,cine,cataluna,girona,3737.5,262.5,3.8,4.24,12856,True
4490,ES,13,28,2025,2,vida nocturna,espectaculos,cine,comunidad de madrid,madrid,100171.0,919.0,3.85,4.1,100430,True
4491,ES,10,03,2025,2,vida nocturna,espectaculos,cine,comunitat valenciana,alicante/alacant,166880.0,748.0,4.03,4.28,84389,True
4492,ES,12,15,2025,2,vida nocturna,espectaculos,cine,galicia,a coruna,350.0,50.0,3.74,4.21,5653,True
4493,ES,04,07,2025,2,vida nocturna,espectaculos,cine,illes balears,illes balears,46635.0,598.0,4.12,4.33,122452,True
4494,ES,16,01,2025,2,vida nocturna,espectaculos,cine,pais vasco,araba/alava,1440.0,45.0,3.82,4.41,1138,True
4495,ES,16,48,2025,2,vida nocturna,espectaculos,cine,pais vasco,bizkaia,1450.0,50.0,4.21,4.31,5615,True
4496,ES,16,20,2025,2,vida nocturna,espectaculos,cine,pais vasco,gipuzkoa,21343.0,385.33,4.14,4.41,5503,True
4497,ES,14,30,2025,2,vida nocturna,espectaculos,cine,region de murcia,murcia,342171.0,667.0,3.62,4.2,1488,True
4498,ES,01,18,2025,2,otros,espectaculos,conferencias,andalucia,granada,223554.0,3922.0,4.48,4.37,161,True
4499,ES,07,24,2025,2,otros,espectaculos,conferencias,castilla y leon,leon,307344.0,5392.0,3.98,4.21,146,True
4500,ES,07,47,2025,2,otros,espectaculos,conferencias,castilla y leon,valladolid,102942.0,2451.0,4.45,4.06,83,True
4501,ES,09,08,2025,2,otros,espectaculos,conferencias,cataluna,barcelona,3250.0,250.0,3.9,4.05,2019,True
4502,ES,09,25,2025,2,otros,espectaculos,conferencias,cataluna,lleida,280.0,280.0,3.88,4.27,79,True
4503,ES,09,43,2025,2,otros,espectaculos,conferencias,cataluna,tarragona,700.0,350.0,4.01,4.2,1769,True
4504,ES,13,28,2025,2,otros,espectaculos,conferencias,comunidad de madrid,madrid,2777112.0,7912.0,3.97,4.1,1624,True
4505,ES,10,12,2025,2,otros,espectaculos,conferencias,comunitat valenciana,castellon/castello,119119.0,1001.0,3.95,4.2,247,True
4506,ES,12,15,2025,2,otros,espectaculos,conferencias,galicia,a coruna,1020.0,340.0,4.09,4.21,200,True
4507,ES,04,07,2025,2,otros,espectaculos,conferencias,illes balears,illes balears,2821.0,1007.0,4.21,4.33,296,True
4508,ES,01,04,2025,2,paisaje urbano,espectaculos,"cultura, teatro y danza",andalucia,almeria,169150.0,903.0,4.25,4.19,14318,True
4509,ES,01,11,2025,2,paisaje urbano,espectaculos,"cultura, teatro y danza",andalucia,cadiz,67489.2,1880.0,4.35,4.26,8809,True
4510,ES,01,14,2025,2,paisaje urbano,espectaculos,"cultura, teatro y danza",andalucia,cordoba,195017.33,875.33,4.3,4.29,93962,True
4511,ES,01,18,2025,2,paisaje urbano,espectaculos,"cultura, teatro y danza",andalucia,granada,247945.75,684.5,4.35,4.37,153042,True
4512,ES,01,29,2025,2,paisaje urbano,espectaculos,"cultura, teatro y danza",andalucia,malaga,203911.5,886.0,4.43,4.43,158253,True
4513,ES,01,41,2025,2,paisaje urbano,espectaculos,"cultura, teatro y danza",andalucia,sevilla,300665.33,1069.33,4.41,4.34,218279,True
4514,ES,02,22,2025,2,paisaje urbano,espectaculos,"cultura, teatro y danza",aragon,huesca,28354.5,235.5,4.12,4.25,10916,True
4515,ES,02,50,2025,2,paisaje urbano,espectaculos,"cultura, teatro y danza",aragon,zaragoza,334895.0,642.0,4.34,4.21,41352,True
4516,ES,05,35,2025,2,paisaje urbano,espectaculos,"cultura, teatro y danza",canarias,las palmas,886900.78,1268.78,4.27,4.28,51395,True
4517,ES,05,38,2025,2,paisaje urbano,espectaculos,"cultura, teatro y danza",canarias,santa cruz de tenerife,255386.38,1039.75,4.28,4.26,66584,True
4518,ES,06,39,2025,2,paisaje urbano,espectaculos,"cultura, teatro y danza",cantabria,cantabria,208924.0,569.0,4.28,4.27,27507,True
4519,ES,08,02,2025,2,paisaje urbano,espectaculos,"cultura, teatro y danza",castilla - la mancha,albacete,53172.5,794.25,4.09,4.15,3663,True
4520,ES,08,13,2025,2,paisaje urbano,espectaculos,"cultura, teatro y danza",castilla - la mancha,ciudad real,102508.0,1186.0,4.33,4.29,7266,True
4521,ES,08,16,2025,2,paisaje urbano,espectaculos,"cultura, teatro y danza",castilla - la mancha,cuenca,43424.0,1888.0,4.27,4.19,13771,True
4522,ES,08,45,2025,2,paisaje urbano,espectaculos,"cultura, teatro y danza",castilla - la mancha,toledo,133760.67,597.33,4.19,4.18,55769,True
4523,ES,07,37,2025,2,paisaje urbano,espectaculos,"cultura, teatro y danza",castilla y leon,salamanca,34251.33,403.33,4.24,4.17,31972,True
4524,ES,07,42,2025,2,paisaje urbano,espectaculos,"cultura, teatro y danza",castilla y leon,soria,174299.0,866.5,4.17,3.97,6300,True
4525,ES,07,47,2025,2,paisaje urbano,espectaculos,"cultura, teatro y danza",castilla y leon,valladolid,527469.0,1638.33,4.14,4.06,13695,True
4526,ES,07,49,2025,2,paisaje urbano,espectaculos,"cultura, teatro y danza",castilla y leon,zamora,1120.0,40.0,4.19,4.17,5872,True
4527,ES,09,08,2025,2,paisaje urbano,espectaculos,"cultura, teatro y danza",cataluna,barcelona,751568.1,913.3,4.07,4.05,732080,True
4528,ES,09,17,2025,2,paisaje urbano,espectaculos,"cultura, teatro y danza",cataluna,girona,7829.5,301.0,4.24,4.24,50915,True
4529,ES,09,43,2025,2,paisaje urbano,espectaculos,"cultura, teatro y danza",cataluna,tarragona,27902.25,2604.5,4.23,4.2,53439,True
4530,ES,18,51,2025,2,paisaje urbano,espectaculos,"cultura, teatro y danza",ceuta,ceuta,104958.0,2058.0,0.0,0.0,0,False
4531,ES,13,28,2025,2,paisaje urbano,espectaculos,"cultura, teatro y danza",comunidad de madrid,madrid,664416.86,524.0,4.15,4.1,458466,True
4532,ES,15,31,2025,2,paisaje urbano,espectaculos,"cultura, teatro y danza",comunidad foral de navarra,navarra,77825.0,1415.0,4.25,4.23,19680,True
4533,ES,10,03,2025,2,paisaje urbano,espectaculos,"cultura, teatro y danza",comunitat valenciana,alicante/alacant,132952.8,1513.2,4.28,4.28,67888,True
4534,ES,10,12,2025,2,paisaje urbano,espectaculos,"cultura, teatro y danza",comunitat valenciana,castellon/castello,90168.0,2312.0,4.14,4.2,13212,True
4535,ES,10,46,2025,2,paisaje urbano,espectaculos,"cultura, teatro y danza",comunitat valenciana,valencia/valencia,807773.67,645.33,4.25,4.15,114505,True
4536,ES,11,06,2025,2,paisaje urbano,espectaculos,"cultura, teatro y danza",extremadura,badajoz,7131.5,113.0,4.26,4.29,18348,True
4537,ES,11,10,2025,2,paisaje urbano,espectaculos,"cultura, teatro y danza",extremadura,caceres,39394.0,137.0,4.31,4.33,23514,True
4538,ES,12,15,2025,2,paisaje urbano,espectaculos,"cultura, teatro y danza",galicia,a coruna,214248.0,678.0,4.26,4.21,50198,True
4539,ES,12,27,2025,2,paisaje urbano,espectaculos,"cultura, teatro y danza",galicia,lugo,303156.0,1604.0,4.33,4.28,8872,True
4540,ES,12,36,2025,2,paisaje urbano,espectaculos,"cultura, teatro y danza",galicia,pontevedra,327152.0,1016.0,4.07,4.17,15892,True
4541,ES,04,07,2025,2,paisaje urbano,espectaculos,"cultura, teatro y danza",illes balears,illes balears,201358.5,849.64,4.21,4.33,107418,True
4542,ES,17,26,2025,2,paisaje urbano,espectaculos,"cultura, teatro y danza",la rioja,la rioja,161568.0,7344.0,4.29,4.31,11493,True
4543,ES,16,01,2025,2,paisaje urbano,espectaculos,"cultura, teatro y danza",pais vasco,araba/alava,90605.33,482.67,4.46,4.41,7811,True
4544,ES,16,48,2025,2,paisaje urbano,espectaculos,"cultura, teatro y danza",pais vasco,bizkaia,151095.2,647.2,4.38,4.31,56425,True
4545,ES,16,20,2025,2,paisaje urbano,espectaculos,"cultura, teatro y danza",pais vasco,gipuzkoa,87464.8,614.4,4.43,4.41,26949,True
4546,ES,03,33,2025,2,paisaje urbano,espectaculos,"cultura, teatro y danza",principado de asturias,asturias,21816.5,1039.0,4.37,4.35,40762,True
4547,ES,14,30,2025,2,paisaje urbano,espectaculos,"cultura, teatro y danza",region de murcia,murcia,173749.67,887.67,4.32,4.2,9308,True
4548,ES,09,43,2025,2,compras,espectaculos,ferias,cataluna,tarragona,700.0,350.0,4.19,4.2,2200,True
4549,ES,13,28,2025,2,compras,espectaculos,ferias,comunidad de madrid,madrid,2198.0,314.0,3.83,4.1,89796,True
4550,ES,01,41,2025,2,paisaje urbano,espectaculos,museo y exposiciones,andalucia,sevilla,95996.5,1344.0,4.41,4.34,218279,True
4551,ES,02,50,2025,2,paisaje urbano,espectaculos,museo y exposiciones,aragon,zaragoza,3024.0,336.0,4.34,4.21,41352,True
4552,ES,08,45,2025,2,paisaje urbano,espectaculos,museo y exposiciones,castilla - la mancha,toledo,11754.0,653.0,4.19,4.18,55769,True
4553,ES,07,37,2025,2,paisaje urbano,espectaculos,museo y exposiciones,castilla y leon,salamanca,88722.0,318.0,4.24,4.17,31972,True
4554,ES,07,47,2025,2,paisaje urbano,espectaculos,museo y exposiciones,castilla y leon,valladolid,3000.0,150.0,4.14,4.06,13695,True
4555,ES,09,08,2025,2,paisaje urbano,espectaculos,museo y exposiciones,cataluna,barcelona,9072.0,112.0,4.07,4.05,732080,True
4556,ES,09,43,2025,2,paisaje urbano,espectaculos,museo y exposiciones,cataluna,tarragona,21144.0,2643.0,4.23,4.2,53439,True
4557,ES,13,28,2025,2,paisaje urbano,espectaculos,museo y exposiciones,comunidad de madrid,madrid,360.0,120.0,4.15,4.1,458466,True
4558,ES,10,46,2025,2,paisaje urbano,espectaculos,museo y exposiciones,comunitat valenciana,valencia/valencia,12507.5,1091.5,4.25,4.15,114505,True
4559,ES,04,07,2025,2,paisaje urbano,espectaculos,museo y exposiciones,illes balears,illes balears,1192.0,1192.0,4.21,4.33,107418,True
4560,ES,16,01,2025,2,paisaje urbano,espectaculos,museo y exposiciones,pais vasco,araba/alava,60.0,60.0,4.46,4.41,7811,True
4561,ES,16,48,2025,2,paisaje urbano,espectaculos,museo y exposiciones,pais vasco,bizkaia,375081.0,1011.0,4.38,4.31,56425,True
4562,ES,01,04,2025,2,vida nocturna,espectaculos,musica,andalucia,almeria,1426306.33,1096.33,3.72,4.19,5362,True
4563,ES,01,11,2025,2,vida nocturna,espectaculos,musica,andalucia,cadiz,133733.14,578.29,4.08,4.26,2343,True
4564,ES,01,14,2025,2,vida nocturna,espectaculos,musica,andalucia,cordoba,325404.0,594.0,4.3,4.29,1908,True
4565,ES,01,18,2025,2,vida nocturna,espectaculos,musica,andalucia,granada,477465.14,1716.57,3.92,4.37,10900,True
4566,ES,01,21,2025,2,vida nocturna,espectaculos,musica,andalucia,huelva,1350.0,150.0,4.03,4.11,1623,True
4567,ES,01,23,2025,2,vida nocturna,espectaculos,musica,andalucia,jaen,87680.8,1202.4,4.0,4.33,992,True
4568,ES,01,29,2025,2,vida nocturna,espectaculos,musica,andalucia,malaga,677817.29,1230.14,4.3,4.43,56036,True
4569,ES,01,41,2025,2,vida nocturna,espectaculos,musica,andalucia,sevilla,1240048.5,595.75,4.05,4.34,39053,True
4570,ES,02,22,2025,2,vida nocturna,espectaculos,musica,aragon,huesca,374461.0,1002.0,3.85,4.25,1293,True
4571,ES,02,44,2025,2,vida nocturna,espectaculos,musica,aragon,teruel,149964.67,1832.0,4.35,4.28,950,True
4572,ES,02,50,2025,2,vida nocturna,espectaculos,musica,aragon,zaragoza,3401470.5,886.5,3.75,4.21,1614,True
4573,ES,05,35,2025,2,vida nocturna,espectaculos,musica,canarias,las palmas,190120.11,956.89,4.24,4.28,129544,True
4574,ES,05,38,2025,2,vida nocturna,espectaculos,musica,canarias,santa cruz de tenerife,179886.78,866.22,4.06,4.26,62671,True
4575,ES,06,39,2025,2,vida nocturna,espectaculos,musica,cantabria,cantabria,150486.0,1316.33,4.02,4.27,5819,True
4576,ES,08,02,2025,2,vida nocturna,espectaculos,musica,castilla - la mancha,albacete,246774.0,1406.75,4.21,4.15,573,True
4577,ES,08,13,2025,2,vida nocturna,espectaculos,musica,castilla - la mancha,ciudad real,71689.0,1243.25,4.17,4.29,385,True
4578,ES,08,16,2025,2,vida nocturna,espectaculos,musica,castilla - la mancha,cuenca,1339.5,502.5,3.91,4.19,760,True
4579,ES,08,19,2025,2,vida nocturna,espectaculos,musica,castilla - la mancha,guadalajara,95589.0,1677.0,3.23,4.04,447,True
4580,ES,08,45,2025,2,vida nocturna,espectaculos,musica,castilla - la mancha,toledo,45738.25,1289.5,3.99,4.18,434,True
4581,ES,07,05,2025,2,vida nocturna,espectaculos,musica,castilla y leon,avila,40052.0,86.0,4.04,4.23,397,True
4582,ES,07,09,2025,2,vida nocturna,espectaculos,musica,castilla y leon,burgos,365241.5,1541.5,3.95,4.28,970,True
4583,ES,07,24,2025,2,vida nocturna,espectaculos,musica,castilla y leon,leon,345158.0,1122.33,3.97,4.21,1480,True
4584,ES,07,34,2025,2,vida nocturna,espectaculos,musica,castilla y leon,palencia,62844.0,1481.33,4.23,4.35,379,True
4585,ES,07,37,2025,2,vida nocturna,espectaculos,musica,castilla y leon,salamanca,57146.67,561.67,3.66,4.17,3701,True
4586,ES,07,40,2025,2,vida nocturna,espectaculos,musica,castilla y leon,segovia,470919.0,2583.5,3.91,4.07,263,True
4587,ES,07,42,2025,2,vida nocturna,espectaculos,musica,castilla y leon,soria,186376.0,1350.0,4.2,3.97,154,True
4588,ES,07,47,2025,2,vida nocturna,espectaculos,musica,castilla y leon,valladolid,53862.5,1482.67,4.01,4.06,1293,True
4589,ES,07,49,2025,2,vida nocturna,espectaculos,musica,castilla y leon,zamora,467036.0,1309.0,4.27,4.17,462,True
4590,ES,09,08,2025,2,vida nocturna,espectaculos,musica,cataluna,barcelona,252220.0,1382.63,3.95,4.05,119743,True
4591,ES,09,17,2025,2,vida nocturna,espectaculos,musica,cataluna,girona,41234.0,4336.31,3.8,4.24,12856,True
4592,ES,09,25,2025,2,vida nocturna,espectaculos,musica,cataluna,lleida,206459.2,1146.2,3.84,4.27,1184,True
4593,ES,09,43,2025,2,vida nocturna,espectaculos,musica,cataluna,tarragona,159449.88,957.5,4.1,4.2,22730,True
4594,ES,18,51,2025,2,vida nocturna,espectaculos,musica,ceuta,ceuta,14472.0,804.0,0.0,0.0,0,False
4595,ES,13,28,2025,2,vida nocturna,espectaculos,musica,comunidad de madrid,madrid,2736700.0,1151.59,3.85,4.1,100430,True
4596,ES,15,31,2025,2,vida nocturna,espectaculos,musica,comunidad foral de navarra,navarra,1224255.5,1807.0,3.72,4.23,2565,True
4597,ES,10,03,2025,2,vida nocturna,espectaculos,musica,comunitat valenciana,alicante/alacant,65234.24,938.59,4.03,4.28,84389,True
4598,ES,10,12,2025,2,vida nocturna,espectaculos,musica,comunitat valenciana,castellon/castello,394882.75,1592.75,3.88,4.2,2406,True
4599,ES,10,46,2025,2,vida nocturna,espectaculos,musica,comunitat valenciana,valencia/valencia,734035.44,1273.56,3.72,4.15,9307,True
4600,ES,11,06,2025,2,vida nocturna,espectaculos,musica,extremadura,badajoz,179633.0,1225.33,4.31,4.29,2109,True
4601,ES,11,10,2025,2,vida nocturna,espectaculos,musica,extremadura,caceres,19257.5,592.5,3.95,4.33,1377,True
4602,ES,12,15,2025,2,vida nocturna,espectaculos,musica,galicia,a coruna,353156.57,1101.57,3.74,4.21,5653,True
4603,ES,12,27,2025,2,vida nocturna,espectaculos,musica,galicia,lugo,4284.0,1071.0,4.18,4.28,502,True
4604,ES,12,32,2025,2,vida nocturna,espectaculos,musica,galicia,ourense,44988.0,1304.0,3.7,4.15,660,True
4605,ES,12,36,2025,2,vida nocturna,espectaculos,musica,galicia,pontevedra,112851.22,802.56,4.0,4.17,3092,True
4606,ES,04,07,2025,2,vida nocturna,espectaculos,musica,illes balears,illes balears,301993.48,1171.68,4.12,4.33,122452,True
4607,ES,17,26,2025,2,vida nocturna,espectaculos,musica,la rioja,la rioja,37500.5,621.5,3.69,4.31,1866,True
4608,ES,16,01,2025,2,vida nocturna,espectaculos,musica,pais vasco,araba/alava,75579.0,657.0,3.82,4.41,1138,True
4609,ES,16,48,2025,2,vida nocturna,espectaculos,musica,pais vasco,bizkaia,90760.83,520.5,4.21,4.31,5615,True
4610,ES,16,20,2025,2,vida nocturna,espectaculos,musica,pais vasco,gipuzkoa,241176.78,1392.78,4.14,4.41,5503,True
4611,ES,03,33,2025,2,vida nocturna,espectaculos,musica,principado de asturias,asturias,301993.2,1795.8,4.18,4.35,9626,True
4612,ES,14,30,2025,2,vida nocturna,espectaculos,musica,region de murcia,murcia,875602.4,1000.8,3.62,4.2,1488,True
4613,ES,01,04,2025,2,vida nocturna,espectaculos,musicales,andalucia,almeria,9460.33,497.33,3.72,4.19,5362,True
4614,ES,01,18,2025,2,vida nocturna,espectaculos,musicales,andalucia,granada,12604.0,685.0,3.92,4.37,10900,True
4615,ES,01,29,2025,2,vida nocturna,espectaculos,musicales,andalucia,malaga,184728.0,1032.0,4.3,4.43,56036,True
4616,ES,01,41,2025,2,vida nocturna,espectaculos,musicales,andalucia,sevilla,2880.0,60.0,4.05,4.34,39053,True
4617,ES,02,50,2025,2,vida nocturna,espectaculos,musicales,aragon,zaragoza,3225.0,75.0,3.75,4.21,1614,True
4618,ES,05,35,2025,2,vida nocturna,espectaculos,musicales,canarias,las palmas,33905.0,477.75,4.24,4.28,129544,True
4619,ES,05,38,2025,2,vida nocturna,espectaculos,musicales,canarias,santa cruz de tenerife,3242.67,335.67,4.06,4.26,62671,True
4620,ES,08,02,2025,2,vida nocturna,espectaculos,musicales,castilla - la mancha,albacete,385592.0,1256.0,4.21,4.15,573,True
4621,ES,07,37,2025,2,vida nocturna,espectaculos,musicales,castilla y leon,salamanca,75457.0,1237.0,3.66,4.17,3701,True
4622,ES,07,47,2025,2,vida nocturna,espectaculos,musicales,castilla y leon,valladolid,174159.0,1569.0,4.01,4.06,1293,True
4623,ES,09,08,2025,2,vida nocturna,espectaculos,musicales,cataluna,barcelona,95799.67,1488.67,3.95,4.05,119743,True
4624,ES,09,17,2025,2,vida nocturna,espectaculos,musicales,cataluna,girona,13400.0,100.0,3.8,4.24,12856,True
4625,ES,13,28,2025,2,vida nocturna,espectaculos,musicales,comunidad de madrid,madrid,96753.25,563.75,3.85,4.1,100430,True
4626,ES,15,31,2025,2,vida nocturna,espectaculos,musicales,comunidad foral de navarra,navarra,77825.0,1415.0,3.72,4.23,2565,True
4627,ES,10,03,2025,2,vida nocturna,espectaculos,musicales,comunitat valenciana,alicante/alacant,11737.5,793.5,4.03,4.28,84389,True
4628,ES,10,46,2025,2,vida nocturna,espectaculos,musicales,comunitat valenciana,valencia/valencia,581847.5,999.5,3.72,4.15,9307,True
4629,ES,11,06,2025,2,vida nocturna,espectaculos,musicales,extremadura,badajoz,3608.0,176.0,4.31,4.29,2109,True
4630,ES,11,10,2025,2,vida nocturna,espectaculos,musicales,extremadura,caceres,41460.0,795.0,3.95,4.33,1377,True
4631,ES,12,15,2025,2,vida nocturna,espectaculos,musicales,galicia,a coruna,101802.0,722.0,3.74,4.21,5653,True
4632,ES,12,27,2025,2,vida nocturna,espectaculos,musicales,galicia,lugo,303156.0,1604.0,4.18,4.28,502,True
4633,ES,04,07,2025,2,vida nocturna,espectaculos,musicales,illes balears,illes balears,66146.75,868.75,4.12,4.33,122452,True
4634,ES,16,48,2025,2,vida nocturna,espectaculos,musicales,pais vasco,bizkaia,5877.0,1306.0,4.21,4.31,5615,True
4635,ES,14,30,2025,2,vida nocturna,espectaculos,musicales,region de murcia,murcia,76227.67,877.0,3.62,4.2,1488,True
4636,ES,01,04,2025,3,paisaje naturaleza,actividades,actividades infantiles,andalucia,almeria,3088.5,381.0,4.32,4.19,23376,True
4637,ES,01,11,2025,3,paisaje naturaleza,actividades,actividades infantiles,andalucia,cadiz,30457.0,1337.5,4.27,4.26,12350,True
4638,ES,01,14,2025,3,paisaje naturaleza,actividades,actividades infantiles,andalucia,cordoba,66176.0,1034.0,4.32,4.29,3767,True
4639,ES,01,18,2025,3,paisaje naturaleza,actividades,actividades infantiles,andalucia,granada,323648.5,1820.0,4.52,4.37,18492,True
4640,ES,01,23,2025,3,paisaje naturaleza,actividades,actividades infantiles,andalucia,jaen,6522.0,1087.0,4.44,4.33,4366,True
4641,ES,01,29,2025,3,paisaje naturaleza,actividades,actividades infantiles,andalucia,malaga,98279.33,712.67,4.44,4.43,109648,True
4642,ES,01,41,2025,3,paisaje naturaleza,actividades,actividades infantiles,andalucia,sevilla,84505.75,1041.25,4.47,4.34,21476,True
4643,ES,02,50,2025,3,paisaje naturaleza,actividades,actividades infantiles,aragon,zaragoza,1772784.0,624.0,4.36,4.21,5888,True
4644,ES,05,35,2025,3,paisaje naturaleza,actividades,actividades infantiles,canarias,las palmas,11721.5,178.5,4.34,4.28,200378,True
4645,ES,05,38,2025,3,paisaje naturaleza,actividades,actividades infantiles,canarias,santa cruz de tenerife,43747.67,2138.0,4.31,4.26,190067,True
4646,ES,06,39,2025,3,paisaje naturaleza,actividades,actividades infantiles,cantabria,cantabria,65894.0,701.0,4.36,4.27,37946,True
4647,ES,08,02,2025,3,paisaje naturaleza,actividades,actividades infantiles,castilla - la mancha,albacete,10789.33,714.67,4.38,4.15,3169,True
4648,ES,08,45,2025,3,paisaje naturaleza,actividades,actividades infantiles,castilla - la mancha,toledo,120618.0,1877.5,4.16,4.18,1715,True
4649,ES,07,24,2025,3,paisaje naturaleza,actividades,actividades infantiles,castilla y leon,leon,2600.0,200.0,4.52,4.21,4506,True
4650,ES,07,37,2025,3,paisaje naturaleza,actividades,actividades infantiles,castilla y leon,salamanca,4968.0,138.0,4.39,4.17,3319,True
4651,ES,07,47,2025,3,paisaje naturaleza,actividades,actividades infantiles,castilla y leon,valladolid,19737.0,1161.0,4.18,4.06,8696,True
4652,ES,07,49,2025,3,paisaje naturaleza,actividades,actividades infantiles,castilla y leon,zamora,1320.0,220.0,4.38,4.17,2116,True
4653,ES,09,08,2025,3,paisaje naturaleza,actividades,actividades infantiles,cataluna,barcelona,283868.36,1603.73,4.13,4.05,200444,True
4654,ES,09,17,2025,3,paisaje naturaleza,actividades,actividades infantiles,cataluna,girona,160784.5,1245.0,4.38,4.24,61683,True
4655,ES,09,43,2025,3,paisaje naturaleza,actividades,actividades infantiles,cataluna,tarragona,154564.0,2273.0,4.26,4.2,33701,True
4656,ES,13,28,2025,3,paisaje naturaleza,actividades,actividades infantiles,comunidad de madrid,madrid,95205.62,813.75,4.19,4.1,121795,True
4657,ES,10,03,2025,3,paisaje naturaleza,actividades,actividades infantiles,comunitat valenciana,alicante/alacant,100107.5,456.5,4.36,4.28,82424,True
4658,ES,10,46,2025,3,paisaje naturaleza,actividades,actividades infantiles,comunitat valenciana,valencia/valencia,753961.5,1171.5,4.23,4.15,90776,True
4659,ES,11,06,2025,3,paisaje naturaleza,actividades,actividades infantiles,extremadura,badajoz,2042.0,118.0,4.4,4.29,1116,True
4660,ES,11,10,2025,3,paisaje naturaleza,actividades,actividades infantiles,extremadura,caceres,2601.0,765.0,4.5,4.33,5814,True
4661,ES,12,15,2025,3,paisaje naturaleza,actividades,actividades infantiles,galicia,a coruna,100088.0,523.0,4.39,4.21,18974,True
4662,ES,12,27,2025,3,paisaje naturaleza,actividades,actividades infantiles,galicia,lugo,173664.0,1608.0,4.57,4.28,8089,True
4663,ES,04,07,2025,3,paisaje naturaleza,actividades,actividades infantiles,illes balears,illes balears,97948.18,1176.27,4.42,4.33,203636,True
4664,ES,16,01,2025,3,paisaje naturaleza,actividades,actividades infantiles,pais vasco,araba/alava,99819.0,196.0,4.66,4.41,11468,True
4665,ES,16,48,2025,3,paisaje naturaleza,actividades,actividades infantiles,pais vasco,bizkaia,193694.8,6280.0,4.38,4.31,7925,True
4666,ES,16,20,2025,3,paisaje naturaleza,actividades,actividades infantiles,pais vasco,gipuzkoa,169990.0,555.5,4.61,4.41,26976,True
4667,ES,03,33,2025,3,paisaje naturaleza,actividades,actividades infantiles,principado de asturias,asturias,143325.0,1225.0,4.42,4.35,44006,True
4668,ES,14,30,2025,3,paisaje naturaleza,actividades,actividades infantiles,region de murcia,murcia,9085.67,412.0,4.4,4.2,2633,True
4669,ES,01,11,2025,3,servicios,actividades,cursos,andalucia,cadiz,1980.0,110.0,4.74,4.26,39,True
4670,ES,01,29,2025,3,servicios,actividades,cursos,andalucia,malaga,39369.0,1193.0,4.62,4.43,51898,True
4671,ES,01,41,2025,3,servicios,actividades,cursos,andalucia,sevilla,7928.0,4955.0,4.06,4.34,4859,True
4672,ES,05,35,2025,3,servicios,actividades,cursos,canarias,las palmas,22608.0,942.0,3.72,4.28,2863,True
4673,ES,05,38,2025,3,servicios,actividades,cursos,canarias,santa cruz de tenerife,4500.0,50.0,3.86,4.26,3753,True
4674,ES,08,16,2025,3,servicios,actividades,cursos,castilla - la mancha,cuenca,11706.0,9755.0,5.0,4.19,6,True
4675,ES,07,47,2025,3,servicios,actividades,cursos,castilla y leon,valladolid,3321.0,81.0,2.7,4.06,292,True
4676,ES,09,08,2025,3,servicios,actividades,cursos,cataluna,barcelona,155153.5,1243.33,4.03,4.05,159935,True
4677,ES,09,17,2025,3,servicios,actividades,cursos,cataluna,girona,6380.0,110.0,3.82,4.24,1146,True
4678,ES,13,28,2025,3,servicios,actividades,cursos,comunidad de madrid,madrid,1434286.67,5516.67,3.92,4.1,42370,True
4679,ES,10,03,2025,3,servicios,actividades,cursos,comunitat valenciana,alicante/alacant,8432.0,2108.0,3.73,4.28,29657,True
4680,ES,12,15,2025,3,servicios,actividades,cursos,galicia,a coruna,5124.0,183.0,4.04,4.21,605,True
4681,ES,12,36,2025,3,servicios,actividades,cursos,galicia,pontevedra,2060.0,1030.0,4.14,4.17,1424,True
4682,ES,04,07,2025,3,servicios,actividades,cursos,illes balears,illes balears,74420.0,1896.0,4.23,4.33,46354,True
4683,ES,16,01,2025,3,servicios,actividades,cursos,pais vasco,araba/alava,5502.0,917.0,5.0,4.41,18,True
4684,ES,16,48,2025,3,servicios,actividades,cursos,pais vasco,bizkaia,19581.33,1814.33,4.03,4.31,13509,True
4685,ES,16,20,2025,3,servicios,actividades,cursos,pais vasco,gipuzkoa,1600.0,200.0,3.84,4.41,140,True
4686,ES,14,30,2025,3,servicios,actividades,cursos,region de murcia,murcia,358512.33,1998.33,2.83,4.2,6,True
4687,ES,01,11,2025,3,paisaje naturaleza,actividades,deportes y aventuras,andalucia,cadiz,44274.0,2355.0,4.27,4.26,12350,True
4688,ES,01,18,2025,3,paisaje naturaleza,actividades,deportes y aventuras,andalucia,granada,98.0,98.0,4.52,4.37,18492,True
4689,ES,01,29,2025,3,paisaje naturaleza,actividades,deportes y aventuras,andalucia,malaga,110432.0,952.0,4.44,4.43,109648,True
4690,ES,01,41,2025,3,paisaje naturaleza,actividades,deportes y aventuras,andalucia,sevilla,27448.0,584.0,4.47,4.34,21476,True
4691,ES,02,50,2025,3,paisaje naturaleza,actividades,deportes y aventuras,aragon,zaragoza,18462.0,2172.0,4.36,4.21,5888,True
4692,ES,05,38,2025,3,paisaje naturaleza,actividades,deportes y aventuras,canarias,santa cruz de tenerife,11631.5,331.0,4.31,4.26,190067,True
4693,ES,08,19,2025,3,paisaje naturaleza,actividades,deportes y aventuras,castilla - la mancha,guadalajara,506612.0,2941.0,4.19,4.04,1303,True
4694,ES,07,05,2025,3,paisaje naturaleza,actividades,deportes y aventuras,castilla y leon,avila,7100.0,50.0,4.56,4.23,1874,True
4695,ES,07,37,2025,3,paisaje naturaleza,actividades,deportes y aventuras,castilla y leon,salamanca,990.0,45.0,4.39,4.17,3319,True
4696,ES,09,08,2025,3,paisaje naturaleza,actividades,deportes y aventuras,cataluna,barcelona,303580.4,2481.4,4.13,4.05,200444,True
4697,ES,09,17,2025,3,paisaje naturaleza,actividades,deportes y aventuras,cataluna,girona,307748.0,1737.0,4.38,4.24,61683,True
4698,ES,09,43,2025,3,paisaje naturaleza,actividades,deportes y aventuras,cataluna,tarragona,10506.0,309.0,4.26,4.2,33701,True
4699,ES,13,28,2025,3,paisaje naturaleza,actividades,deportes y aventuras,comunidad de madrid,madrid,255647.0,307.67,4.19,4.1,121795,True
4700,ES,10,03,2025,3,paisaje naturaleza,actividades,deportes y aventuras,comunitat valenciana,alicante/alacant,10719.0,1924.0,4.36,4.28,82424,True
4701,ES,10,46,2025,3,paisaje naturaleza,actividades,deportes y aventuras,comunitat valenciana,valencia/valencia,6616.0,827.0,4.23,4.15,90776,True
4702,ES,11,06,2025,3,paisaje naturaleza,actividades,deportes y aventuras,extremadura,badajoz,2205.0,217.5,4.4,4.29,1116,True
4703,ES,11,10,2025,3,paisaje naturaleza,actividades,deportes y aventuras,extremadura,caceres,269538.0,1002.0,4.5,4.33,5814,True
4704,ES,12,15,2025,3,paisaje naturaleza,actividades,deportes y aventuras,galicia,a coruna,600.0,60.0,4.39,4.21,18974,True
4705,ES,04,07,2025,3,paisaje naturaleza,actividades,deportes y aventuras,illes balears,illes balears,34549.0,1433.0,4.42,4.33,203636,True
4706,ES,16,01,2025,3,paisaje naturaleza,actividades,deportes y aventuras,pais vasco,araba/alava,21184.0,1324.0,4.66,4.41,11468,True
4707,ES,16,48,2025,3,paisaje naturaleza,actividades,deportes y aventuras,pais vasco,bizkaia,381030.0,1954.0,4.38,4.31,7925,True
4708,ES,03,33,2025,3,paisaje naturaleza,actividades,deportes y aventuras,principado de asturias,asturias,65324.0,9332.0,4.42,4.35,44006,True
4709,ES,14,30,2025,3,paisaje naturaleza,actividades,deportes y aventuras,region de murcia,murcia,62582.5,2162.0,4.4,4.2,2633,True
4710,ES,01,11,2025,3,comida y bebida,actividades,gastronomia,andalucia,cadiz,3216.0,1005.0,4.57,4.26,47,True
4711,ES,01,18,2025,3,comida y bebida,actividades,gastronomia,andalucia,granada,30534.0,1454.0,4.81,4.37,771,True
4712,ES,01,29,2025,3,comida y bebida,actividades,gastronomia,andalucia,malaga,202177.0,2349.5,4.84,4.43,1395,True
4713,ES,01,41,2025,3,comida y bebida,actividades,gastronomia,andalucia,sevilla,115514.0,518.0,4.76,4.34,8170,True
4714,ES,05,35,2025,3,comida y bebida,actividades,gastronomia,canarias,las palmas,46706.0,869.0,3.71,4.28,443,True
4715,ES,05,38,2025,3,comida y bebida,actividades,gastronomia,canarias,santa cruz de tenerife,4500.0,50.0,4.31,4.26,72,True
4716,ES,08,02,2025,3,comida y bebida,actividades,gastronomia,castilla - la mancha,albacete,66368.0,136.0,4.88,4.15,33,True
4717,ES,09,08,2025,3,comida y bebida,actividades,gastronomia,cataluna,barcelona,140656.0,298.0,4.67,4.05,3911,True
4718,ES,09,17,2025,3,comida y bebida,actividades,gastronomia,cataluna,girona,2225.0,212.5,4.57,4.24,183,True
4719,ES,13,28,2025,3,comida y bebida,actividades,gastronomia,comunidad de madrid,madrid,135089.0,856.0,4.71,4.1,5856,True
4720,ES,10,03,2025,3,comida y bebida,actividades,gastronomia,comunitat valenciana,alicante/alacant,17820.0,220.0,4.52,4.28,760,True
4721,ES,10,46,2025,3,comida y bebida,actividades,gastronomia,comunitat valenciana,valencia/valencia,44249.5,582.5,4.79,4.15,369,True
4722,ES,11,06,2025,3,comida y bebida,actividades,gastronomia,extremadura,badajoz,1040.0,40.0,0.0,0.0,0,False
4723,ES,12,36,2025,3,comida y bebida,actividades,gastronomia,galicia,pontevedra,378.0,54.0,4.41,4.17,237,True
4724,ES,04,07,2025,3,comida y bebida,actividades,gastronomia,illes balears,illes balears,78594.33,1590.0,4.86,4.33,2196,True
4725,ES,01,04,2025,3,vida nocturna,espectaculos,cine,andalucia,almeria,1230.0,615.0,3.72,4.19,5362,True
4726,ES,01,29,2025,3,vida nocturna,espectaculos,cine,andalucia,malaga,77196.0,1838.0,4.3,4.43,56036,True
4727,ES,01,41,2025,3,vida nocturna,espectaculos,cine,andalucia,sevilla,12141.0,426.0,4.05,4.34,39053,True
4728,ES,02,22,2025,3,vida nocturna,espectaculos,cine,aragon,huesca,8766.0,487.0,3.85,4.25,1293,True
4729,ES,02,50,2025,3,vida nocturna,espectaculos,cine,aragon,zaragoza,19394.0,354.5,3.75,4.21,1614,True
4730,ES,05,35,2025,3,vida nocturna,espectaculos,cine,canarias,las palmas,14850.0,55.0,4.24,4.28,129544,True
4731,ES,08,02,2025,3,vida nocturna,espectaculos,cine,castilla - la mancha,albacete,400.0,400.0,4.21,4.15,573,True
4732,ES,07,47,2025,3,vida nocturna,espectaculos,cine,castilla y leon,valladolid,23751.0,609.0,4.01,4.06,1293,True
4733,ES,09,08,2025,3,vida nocturna,espectaculos,cine,cataluna,barcelona,18333.0,548.5,3.95,4.05,119743,True
4734,ES,09,17,2025,3,vida nocturna,espectaculos,cine,cataluna,girona,8075.0,475.0,3.8,4.24,12856,True
4735,ES,09,25,2025,3,vida nocturna,espectaculos,cine,cataluna,lleida,52644.0,854.0,3.84,4.27,1184,True
4736,ES,09,43,2025,3,vida nocturna,espectaculos,cine,cataluna,tarragona,720.0,120.0,4.1,4.2,22730,True
4737,ES,13,28,2025,3,vida nocturna,espectaculos,cine,comunidad de madrid,madrid,7030.0,95.0,3.85,4.1,100430,True
4738,ES,10,03,2025,3,vida nocturna,espectaculos,cine,comunitat valenciana,alicante/alacant,4660.0,110.0,4.03,4.28,84389,True
4739,ES,04,07,2025,3,vida nocturna,espectaculos,cine,illes balears,illes balears,2827.33,358.67,4.12,4.33,122452,True
4740,ES,16,01,2025,3,vida nocturna,espectaculos,cine,pais vasco,araba/alava,1530.0,45.0,3.82,4.41,1138,True
4741,ES,16,20,2025,3,vida nocturna,espectaculos,cine,pais vasco,gipuzkoa,32582.67,320.67,4.14,4.41,5503,True
4742,ES,14,30,2025,3,vida nocturna,espectaculos,cine,region de murcia,murcia,442134.0,609.0,3.62,4.2,1488,True
4743,ES,02,50,2025,3,otros,espectaculos,conferencias,aragon,zaragoza,196.0,98.0,3.75,4.21,158,True
4744,ES,07,24,2025,3,otros,espectaculos,conferencias,castilla y leon,leon,29656.0,5392.0,3.98,4.21,146,True
4745,ES,07,49,2025,3,otros,espectaculos,conferencias,castilla y leon,zamora,65156.0,716.0,3.68,4.17,378,True
4746,ES,09,08,2025,3,otros,espectaculos,conferencias,cataluna,barcelona,9517.0,301.0,3.9,4.05,2019,True
4747,ES,09,25,2025,3,otros,espectaculos,conferencias,cataluna,lleida,1700.0,340.0,3.88,4.27,79,True
4748,ES,09,43,2025,3,otros,espectaculos,conferencias,cataluna,tarragona,115005.0,3485.0,4.01,4.2,1769,True
4749,ES,13,28,2025,3,otros,espectaculos,conferencias,comunidad de madrid,madrid,419052.0,1475.5,3.97,4.1,1624,True
4750,ES,10,03,2025,3,otros,espectaculos,conferencias,comunitat valenciana,alicante/alacant,528979.5,3128.5,4.26,4.28,392,True
4751,ES,10,12,2025,3,otros,espectaculos,conferencias,comunitat valenciana,castellon/castello,3000.0,100.0,3.95,4.2,247,True
4752,ES,10,46,2025,3,otros,espectaculos,conferencias,comunitat valenciana,valencia/valencia,6272.0,98.0,4.49,4.15,621,True
4753,ES,04,07,2025,3,otros,espectaculos,conferencias,illes balears,illes balears,31754.75,1362.75,4.21,4.33,296,True
4754,ES,01,04,2025,3,paisaje urbano,espectaculos,"cultura, teatro y danza",andalucia,almeria,247360.33,1221.67,4.25,4.19,14318,True
4755,ES,01,11,2025,3,paisaje urbano,espectaculos,"cultura, teatro y danza",andalucia,cadiz,111226.0,2368.0,4.35,4.26,8809,True
4756,ES,01,14,2025,3,paisaje urbano,espectaculos,"cultura, teatro y danza",andalucia,cordoba,38800.33,1152.33,4.3,4.29,93962,True
4757,ES,01,18,2025,3,paisaje urbano,espectaculos,"cultura, teatro y danza",andalucia,granada,398273.67,938.67,4.35,4.37,153042,True
4758,ES,01,21,2025,3,paisaje urbano,espectaculos,"cultura, teatro y danza",andalucia,huelva,1900.0,100.0,4.23,4.11,9984,True
4759,ES,01,23,2025,3,paisaje urbano,espectaculos,"cultura, teatro y danza",andalucia,jaen,565956.0,1791.0,4.3,4.33,16236,True
4760,ES,01,29,2025,3,paisaje urbano,espectaculos,"cultura, teatro y danza",andalucia,malaga,572341.4,1290.6,4.43,4.43,158253,True
4761,ES,01,41,2025,3,paisaje urbano,espectaculos,"cultura, teatro y danza",andalucia,sevilla,3465555.67,1913.67,4.41,4.34,218279,True
4762,ES,02,22,2025,3,paisaje urbano,espectaculos,"cultura, teatro y danza",aragon,huesca,59816.0,917.0,4.12,4.25,10916,True
4763,ES,02,50,2025,3,paisaje urbano,espectaculos,"cultura, teatro y danza",aragon,zaragoza,503078.67,447.33,4.34,4.21,41352,True
4764,ES,05,35,2025,3,paisaje urbano,espectaculos,"cultura, teatro y danza",canarias,las palmas,285864.38,949.0,4.27,4.28,51395,True
4765,ES,05,38,2025,3,paisaje urbano,espectaculos,"cultura, teatro y danza",canarias,santa cruz de tenerife,353586.86,1209.14,4.28,4.26,66584,True
4766,ES,06,39,2025,3,paisaje urbano,espectaculos,"cultura, teatro y danza",cantabria,cantabria,296042.0,689.0,4.28,4.27,27507,True
4767,ES,08,02,2025,3,paisaje urbano,espectaculos,"cultura, teatro y danza",castilla - la mancha,albacete,194722.33,1164.67,4.09,4.15,3663,True
4768,ES,08,13,2025,3,paisaje urbano,espectaculos,"cultura, teatro y danza",castilla - la mancha,ciudad real,182748.67,1175.33,4.33,4.29,7266,True
4769,ES,08,16,2025,3,paisaje urbano,espectaculos,"cultura, teatro y danza",castilla - la mancha,cuenca,376272.0,1872.0,4.27,4.19,13771,True
4770,ES,08,45,2025,3,paisaje urbano,espectaculos,"cultura, teatro y danza",castilla - la mancha,toledo,320638.0,559.0,4.19,4.18,55769,True
4771,ES,07,37,2025,3,paisaje urbano,espectaculos,"cultura, teatro y danza",castilla y leon,salamanca,66668.0,474.0,4.24,4.17,31972,True
4772,ES,07,42,2025,3,paisaje urbano,espectaculos,"cultura, teatro y danza",castilla y leon,soria,8976.0,176.0,4.17,3.97,6300,True
4773,ES,07,47,2025,3,paisaje urbano,espectaculos,"cultura, teatro y danza",castilla y leon,valladolid,274128.0,2438.0,4.14,4.06,13695,True
4774,ES,07,49,2025,3,paisaje urbano,espectaculos,"cultura, teatro y danza",castilla y leon,zamora,2320.0,40.0,4.19,4.17,5872,True
4775,ES,09,08,2025,3,paisaje urbano,espectaculos,"cultura, teatro y danza",cataluna,barcelona,155153.88,865.88,4.07,4.05,732080,True
4776,ES,09,17,2025,3,paisaje urbano,espectaculos,"cultura, teatro y danza",cataluna,girona,27564.8,541.4,4.24,4.24,50915,True
4777,ES,09,25,2025,3,paisaje urbano,espectaculos,"cultura, teatro y danza",cataluna,lleida,21402.0,738.0,4.29,4.27,7171,True
4778,ES,09,43,2025,3,paisaje urbano,espectaculos,"cultura, teatro y danza",cataluna,tarragona,13979.83,853.83,4.23,4.2,53439,True
4779,ES,18,51,2025,3,paisaje urbano,espectaculos,"cultura, teatro y danza",ceuta,ceuta,18084.0,822.0,0.0,0.0,0,False
4780,ES,13,28,2025,3,paisaje urbano,espectaculos,"cultura, teatro y danza",comunidad de madrid,madrid,479871.5,714.42,4.15,4.1,458466,True
4781,ES,10,03,2025,3,paisaje urbano,espectaculos,"cultura, teatro y danza",comunitat valenciana,alicante/alacant,252245.4,1180.2,4.28,4.28,67888,True
4782,ES,10,12,2025,3,paisaje urbano,espectaculos,"cultura, teatro y danza",comunitat valenciana,castellon/castello,34188.0,1221.0,4.14,4.2,13212,True
4783,ES,10,46,2025,3,paisaje urbano,espectaculos,"cultura, teatro y danza",comunitat valenciana,valencia/valencia,1439141.0,624.29,4.25,4.15,114505,True
4784,ES,11,06,2025,3,paisaje urbano,espectaculos,"cultura, teatro y danza",extremadura,badajoz,1247.0,103.0,4.26,4.29,18348,True
4785,ES,11,10,2025,3,paisaje urbano,espectaculos,"cultura, teatro y danza",extremadura,caceres,6237.0,891.0,4.31,4.33,23514,True
4786,ES,12,15,2025,3,paisaje urbano,espectaculos,"cultura, teatro y danza",galicia,a coruna,14878.0,692.0,4.26,4.21,50198,True
4787,ES,12,27,2025,3,paisaje urbano,espectaculos,"cultura, teatro y danza",galicia,lugo,173664.0,1608.0,4.33,4.28,8872,True
4788,ES,12,36,2025,3,paisaje urbano,espectaculos,"cultura, teatro y danza",galicia,pontevedra,263048.0,1004.0,4.07,4.17,15892,True
4789,ES,04,07,2025,3,paisaje urbano,espectaculos,"cultura, teatro y danza",illes balears,illes balears,150167.53,890.76,4.21,4.33,107418,True
4790,ES,17,26,2025,3,paisaje urbano,espectaculos,"cultura, teatro y danza",la rioja,la rioja,1281989.0,3571.0,4.29,4.31,11493,True
4791,ES,16,01,2025,3,paisaje urbano,espectaculos,"cultura, teatro y danza",pais vasco,araba/alava,120788.33,717.33,4.46,4.41,7811,True
4792,ES,16,48,2025,3,paisaje urbano,espectaculos,"cultura, teatro y danza",pais vasco,bizkaia,214066.67,998.0,4.38,4.31,56425,True
4793,ES,16,20,2025,3,paisaje urbano,espectaculos,"cultura, teatro y danza",pais vasco,gipuzkoa,77929.17,660.5,4.43,4.41,26949,True
4794,ES,03,33,2025,3,paisaje urbano,espectaculos,"cultura, teatro y danza",principado de asturias,asturias,83808.0,557.0,4.37,4.35,40762,True
4795,ES,14,30,2025,3,paisaje urbano,espectaculos,"cultura, teatro y danza",region de murcia,murcia,162815.25,502.0,4.32,4.2,9308,True
4796,ES,07,49,2025,3,compras,espectaculos,ferias,castilla y leon,zamora,65156.0,716.0,4.36,4.17,242,True
4797,ES,09,08,2025,3,compras,espectaculos,ferias,cataluna,barcelona,8528.0,252.0,3.75,4.05,95381,True
4798,ES,09,43,2025,3,compras,espectaculos,ferias,cataluna,tarragona,115005.0,3485.0,4.19,4.2,2200,True
4799,ES,13,28,2025,3,compras,espectaculos,ferias,comunidad de madrid,madrid,304471.0,2027.0,3.83,4.1,89796,True
4800,ES,10,03,2025,3,compras,espectaculos,ferias,comunitat valenciana,alicante/alacant,65540.0,580.0,4.22,4.28,12577,True
4801,ES,01,41,2025,3,paisaje urbano,espectaculos,museo y exposiciones,andalucia,sevilla,49212.5,1286.5,4.41,4.34,218279,True
4802,ES,02,50,2025,3,paisaje urbano,espectaculos,museo y exposiciones,aragon,zaragoza,20292.0,356.0,4.34,4.21,41352,True
4803,ES,08,45,2025,3,paisaje urbano,espectaculos,museo y exposiciones,castilla - la mancha,toledo,59752.0,679.0,4.19,4.18,55769,True
4804,ES,07,47,2025,3,paisaje urbano,espectaculos,museo y exposiciones,castilla y leon,valladolid,18544.5,293.5,4.14,4.06,13695,True
4805,ES,09,08,2025,3,paisaje urbano,espectaculos,museo y exposiciones,cataluna,barcelona,3274.0,566.5,4.07,4.05,732080,True
4806,ES,10,46,2025,3,paisaje urbano,espectaculos,museo y exposiciones,comunitat valenciana,valencia/valencia,2593.0,324.0,4.25,4.15,114505,True
4807,ES,04,07,2025,3,paisaje urbano,espectaculos,museo y exposiciones,illes balears,illes balears,13209.0,518.0,4.21,4.33,107418,True
4808,ES,16,48,2025,3,paisaje urbano,espectaculos,museo y exposiciones,pais vasco,bizkaia,362824.0,1064.0,4.38,4.31,56425,True
4809,ES,01,04,2025,3,vida nocturna,espectaculos,musica,andalucia,almeria,67346.0,1535.33,3.72,4.19,5362,True
4810,ES,01,11,2025,3,vida nocturna,espectaculos,musica,andalucia,cadiz,62560.6,578.2,4.08,4.26,2343,True
4811,ES,01,14,2025,3,vida nocturna,espectaculos,musica,andalucia,cordoba,2018367.5,904.5,4.3,4.29,1908,True
4812,ES,01,18,2025,3,vida nocturna,espectaculos,musica,andalucia,granada,251589.55,1200.91,3.92,4.37,10900,True
4813,ES,01,21,2025,3,vida nocturna,espectaculos,musica,andalucia,huelva,1500.0,60.0,4.03,4.11,1623,True
4814,ES,01,23,2025,3,vida nocturna,espectaculos,musica,andalucia,jaen,205459.83,1212.33,4.0,4.33,992,True
4815,ES,01,29,2025,3,vida nocturna,espectaculos,musica,andalucia,malaga,248324.88,1349.25,4.3,4.43,56036,True
4816,ES,01,41,2025,3,vida nocturna,espectaculos,musica,andalucia,sevilla,482097.14,1428.57,4.05,4.34,39053,True
4817,ES,02,22,2025,3,vida nocturna,espectaculos,musica,aragon,huesca,192448.5,1129.5,3.85,4.25,1293,True
4818,ES,02,44,2025,3,vida nocturna,espectaculos,musica,aragon,teruel,103732.0,1979.0,4.35,4.28,950,True
4819,ES,02,50,2025,3,vida nocturna,espectaculos,musica,aragon,zaragoza,3221315.0,969.0,3.75,4.21,1614,True
4820,ES,05,35,2025,3,vida nocturna,espectaculos,musica,canarias,las palmas,547980.5,1528.1,4.24,4.28,129544,True
4821,ES,05,38,2025,3,vida nocturna,espectaculos,musica,canarias,santa cruz de tenerife,384233.82,1999.64,4.06,4.26,62671,True
4822,ES,06,39,2025,3,vida nocturna,espectaculos,musica,cantabria,cantabria,12223.67,588.67,4.02,4.27,5819,True
4823,ES,08,02,2025,3,vida nocturna,espectaculos,musica,castilla - la mancha,albacete,171765.5,1028.5,4.21,4.15,573,True
4824,ES,08,13,2025,3,vida nocturna,espectaculos,musica,castilla - la mancha,ciudad real,65863.75,988.5,4.17,4.29,385,True
4825,ES,08,16,2025,3,vida nocturna,espectaculos,musica,castilla - la mancha,cuenca,16705.67,490.33,3.91,4.19,760,True
4826,ES,08,19,2025,3,vida nocturna,espectaculos,musica,castilla - la mancha,guadalajara,65317.0,2107.0,3.23,4.04,447,True
4827,ES,08,45,2025,3,vida nocturna,espectaculos,musica,castilla - la mancha,toledo,90315.0,1737.67,3.99,4.18,434,True
4828,ES,07,05,2025,3,vida nocturna,espectaculos,musica,castilla y leon,avila,5434.0,1235.0,4.04,4.23,397,True
4829,ES,07,09,2025,3,vida nocturna,espectaculos,musica,castilla y leon,burgos,232643.67,2624.0,3.95,4.28,970,True
4830,ES,07,24,2025,3,vida nocturna,espectaculos,musica,castilla y leon,leon,131815.5,1654.5,3.97,4.21,1480,True
4831,ES,07,34,2025,3,vida nocturna,espectaculos,musica,castilla y leon,palencia,61614.75,1762.5,4.23,4.35,379,True
4832,ES,07,37,2025,3,vida nocturna,espectaculos,musica,castilla y leon,salamanca,384905.0,1343.0,3.66,4.17,3701,True
4833,ES,07,40,2025,3,vida nocturna,espectaculos,musica,castilla y leon,segovia,263691.33,2032.0,3.91,4.07,263,True
4834,ES,07,42,2025,3,vida nocturna,espectaculos,musica,castilla y leon,soria,208725.67,580.0,4.2,3.97,154,True
4835,ES,07,47,2025,3,vida nocturna,espectaculos,musica,castilla y leon,valladolid,78389.0,1970.5,4.01,4.06,1293,True
4836,ES,07,49,2025,3,vida nocturna,espectaculos,musica,castilla y leon,zamora,828389.5,1336.0,4.27,4.17,462,True
4837,ES,09,08,2025,3,vida nocturna,espectaculos,musica,cataluna,barcelona,245787.52,1352.34,3.95,4.05,119743,True
4838,ES,09,17,2025,3,vida nocturna,espectaculos,musica,cataluna,girona,49484.87,4079.93,3.8,4.24,12856,True
4839,ES,09,25,2025,3,vida nocturna,espectaculos,musica,cataluna,lleida,46065.0,607.17,3.84,4.27,1184,True
4840,ES,09,43,2025,3,vida nocturna,espectaculos,musica,cataluna,tarragona,272990.27,1219.27,4.1,4.2,22730,True
4841,ES,18,51,2025,3,vida nocturna,espectaculos,musica,ceuta,ceuta,14480.0,80.0,0.0,0.0,0,False
4842,ES,13,28,2025,3,vida nocturna,espectaculos,musica,comunidad de madrid,madrid,2777509.9,918.43,3.85,4.1,100430,True
4843,ES,15,31,2025,3,vida nocturna,espectaculos,musica,comunidad foral de navarra,navarra,1211217.0,1238.29,3.72,4.23,2565,True
4844,ES,10,03,2025,3,vida nocturna,espectaculos,musica,comunitat valenciana,alicante/alacant,277585.11,877.26,4.03,4.28,84389,True
4845,ES,10,12,2025,3,vida nocturna,espectaculos,musica,comunitat valenciana,castellon/castello,252982.75,1186.0,3.88,4.2,2406,True
4846,ES,10,46,2025,3,vida nocturna,espectaculos,musica,comunitat valenciana,valencia/valencia,504132.67,1497.58,3.72,4.15,9307,True
4847,ES,11,06,2025,3,vida nocturna,espectaculos,musica,extremadura,badajoz,44597.5,1071.75,4.31,4.29,2109,True
4848,ES,11,10,2025,3,vida nocturna,espectaculos,musica,extremadura,caceres,41842.0,373.5,3.95,4.33,1377,True
4849,ES,12,15,2025,3,vida nocturna,espectaculos,musica,galicia,a coruna,205573.38,1154.25,3.74,4.21,5653,True
4850,ES,12,27,2025,3,vida nocturna,espectaculos,musica,galicia,lugo,4887.0,562.5,4.18,4.28,502,True
4851,ES,12,32,2025,3,vida nocturna,espectaculos,musica,galicia,ourense,206360.0,2398.0,3.7,4.15,660,True
4852,ES,12,36,2025,3,vida nocturna,espectaculos,musica,galicia,pontevedra,51052.22,729.89,4.0,4.17,3092,True
4853,ES,04,07,2025,3,vida nocturna,espectaculos,musica,illes balears,illes balears,648975.76,1366.19,4.12,4.33,122452,True
4854,ES,17,26,2025,3,vida nocturna,espectaculos,musica,la rioja,la rioja,472154.0,1117.5,3.69,4.31,1866,True
4855,ES,16,01,2025,3,vida nocturna,espectaculos,musica,pais vasco,araba/alava,61385.0,213.0,3.82,4.41,1138,True
4856,ES,16,48,2025,3,vida nocturna,espectaculos,musica,pais vasco,bizkaia,242835.6,1028.2,4.21,4.31,5615,True
4857,ES,16,20,2025,3,vida nocturna,espectaculos,musica,pais vasco,gipuzkoa,95511.22,1357.78,4.14,4.41,5503,True
4858,ES,03,33,2025,3,vida nocturna,espectaculos,musica,principado de asturias,asturias,94082.33,1098.17,4.18,4.35,9626,True
4859,ES,14,30,2025,3,vida nocturna,espectaculos,musica,region de murcia,murcia,223016.4,1283.0,3.62,4.2,1488,True
4860,ES,01,04,2025,3,vida nocturna,espectaculos,musicales,andalucia,almeria,26271.0,1251.0,3.72,4.19,5362,True
4861,ES,01,18,2025,3,vida nocturna,espectaculos,musicales,andalucia,granada,33542.0,743.0,3.92,4.37,10900,True
4862,ES,01,23,2025,3,vida nocturna,espectaculos,musicales,andalucia,jaen,565956.0,1791.0,4.0,4.33,992,True
4863,ES,01,29,2025,3,vida nocturna,espectaculos,musicales,andalucia,malaga,63798.0,651.0,4.3,4.43,56036,True
4864,ES,01,41,2025,3,vida nocturna,espectaculos,musicales,andalucia,sevilla,148033.0,827.0,4.05,4.34,39053,True
4865,ES,02,50,2025,3,vida nocturna,espectaculos,musicales,aragon,zaragoza,101916.0,447.0,3.75,4.21,1614,True
4866,ES,05,35,2025,3,vida nocturna,espectaculos,musicales,canarias,las palmas,35304.33,637.33,4.24,4.28,129544,True
4867,ES,05,38,2025,3,vida nocturna,espectaculos,musicales,canarias,santa cruz de tenerife,1440.0,30.0,4.06,4.26,62671,True
4868,ES,08,02,2025,3,vida nocturna,espectaculos,musicales,castilla - la mancha,albacete,3449885.0,1145.0,4.21,4.15,573,True
4869,ES,07,37,2025,3,vida nocturna,espectaculos,musicales,castilla y leon,salamanca,3344.0,176.0,3.66,4.17,3701,True
4870,ES,07,47,2025,3,vida nocturna,espectaculos,musicales,castilla y leon,valladolid,362736.0,1584.0,4.01,4.06,1293,True
4871,ES,09,08,2025,3,vida nocturna,espectaculos,musicales,cataluna,barcelona,102773.4,1224.6,3.95,4.05,119743,True
4872,ES,09,17,2025,3,vida nocturna,espectaculos,musicales,cataluna,girona,13026.0,1002.0,3.8,4.24,12856,True
4873,ES,09,43,2025,3,vida nocturna,espectaculos,musicales,cataluna,tarragona,46872.0,504.0,4.1,4.2,22730,True
4874,ES,13,28,2025,3,vida nocturna,espectaculos,musicales,comunidad de madrid,madrid,102525.6,504.6,3.85,4.1,100430,True
4875,ES,10,03,2025,3,vida nocturna,espectaculos,musicales,comunitat valenciana,alicante/alacant,132368.67,715.33,4.03,4.28,84389,True
4876,ES,10,46,2025,3,vida nocturna,espectaculos,musicales,comunitat valenciana,valencia/valencia,282995.33,515.67,3.72,4.15,9307,True
4877,ES,11,06,2025,3,vida nocturna,espectaculos,musicales,extremadura,badajoz,2464.0,176.0,4.31,4.29,2109,True
4878,ES,11,10,2025,3,vida nocturna,espectaculos,musicales,extremadura,caceres,2880.0,120.0,3.95,4.33,1377,True
4879,ES,12,27,2025,3,vida nocturna,espectaculos,musicales,galicia,lugo,173664.0,1608.0,4.18,4.28,502,True
4880,ES,04,07,2025,3,vida nocturna,espectaculos,musicales,illes balears,illes balears,63601.0,769.0,4.12,4.33,122452,True
4881,ES,16,48,2025,3,vida nocturna,espectaculos,musicales,pais vasco,bizkaia,80668.0,602.0,4.21,4.31,5615,True
4882,ES,16,20,2025,3,vida nocturna,espectaculos,musicales,pais vasco,gipuzkoa,98.0,49.0,4.14,4.41,5503,True
4883,ES,03,33,2025,3,vida nocturna,espectaculos,musicales,principado de asturias,asturias,37996.0,826.0,4.18,4.35,9626,True
4884,ES,14,30,2025,3,vida nocturna,espectaculos,musicales,region de murcia,murcia,20639.0,574.67,3.62,4.2,1488,True
4885,ES,01,04,2025,4,paisaje naturaleza,actividades,actividades infantiles,andalucia,almeria,17632.0,608.0,4.32,4.19,23376,True
4886,ES,01,11,2025,4,paisaje naturaleza,actividades,actividades infantiles,andalucia,cadiz,166209.0,3259.0,4.27,4.26,12350,True
4887,ES,01,14,2025,4,paisaje naturaleza,actividades,actividades infantiles,andalucia,cordoba,196.0,98.0,4.32,4.29,3767,True
4888,ES,01,18,2025,4,paisaje naturaleza,actividades,actividades infantiles,andalucia,granada,2964.0,229.5,4.52,4.37,18492,True
4889,ES,01,23,2025,4,paisaje naturaleza,actividades,actividades infantiles,andalucia,jaen,24684.0,1122.0,4.44,4.33,4366,True
4890,ES,01,29,2025,4,paisaje naturaleza,actividades,actividades infantiles,andalucia,malaga,144504.0,469.0,4.44,4.43,109648,True
4891,ES,01,41,2025,4,paisaje naturaleza,actividades,actividades infantiles,andalucia,sevilla,433326.5,3017.5,4.47,4.34,21476,True
4892,ES,02,50,2025,4,paisaje naturaleza,actividades,actividades infantiles,aragon,zaragoza,126880.0,832.0,4.36,4.21,5888,True
4893,ES,05,35,2025,4,paisaje naturaleza,actividades,actividades infantiles,canarias,las palmas,229209.0,1005.0,4.34,4.28,200378,True
4894,ES,05,38,2025,4,paisaje naturaleza,actividades,actividades infantiles,canarias,santa cruz de tenerife,44070.5,417.25,4.31,4.26,190067,True
4895,ES,06,39,2025,4,paisaje naturaleza,actividades,actividades infantiles,cantabria,cantabria,2820.0,705.0,4.36,4.27,37946,True
4896,ES,08,02,2025,4,paisaje naturaleza,actividades,actividades infantiles,castilla - la mancha,albacete,17952.33,807.0,4.38,4.15,3169,True
4897,ES,08,19,2025,4,paisaje naturaleza,actividades,actividades infantiles,castilla - la mancha,guadalajara,686.0,98.0,4.19,4.04,1303,True
4898,ES,08,45,2025,4,paisaje naturaleza,actividades,actividades infantiles,castilla - la mancha,toledo,216902.0,1866.5,4.16,4.18,1715,True
4899,ES,07,24,2025,4,paisaje naturaleza,actividades,actividades infantiles,castilla y leon,leon,122333.0,1723.0,4.52,4.21,4506,True
4900,ES,07,37,2025,4,paisaje naturaleza,actividades,actividades infantiles,castilla y leon,salamanca,3168.0,176.0,4.39,4.17,3319,True
4901,ES,07,47,2025,4,paisaje naturaleza,actividades,actividades infantiles,castilla y leon,valladolid,68324.67,618.67,4.18,4.06,8696,True
4902,ES,07,49,2025,4,paisaje naturaleza,actividades,actividades infantiles,castilla y leon,zamora,2420.0,220.0,4.38,4.17,2116,True
4903,ES,09,08,2025,4,paisaje naturaleza,actividades,actividades infantiles,cataluna,barcelona,128129.89,1635.89,4.13,4.05,200444,True
4904,ES,09,17,2025,4,paisaje naturaleza,actividades,actividades infantiles,cataluna,girona,40139.0,695.5,4.38,4.24,61683,True
4905,ES,09,25,2025,4,paisaje naturaleza,actividades,actividades infantiles,cataluna,lleida,15000.0,150.0,4.38,4.27,9898,True
4906,ES,09,43,2025,4,paisaje naturaleza,actividades,actividades infantiles,cataluna,tarragona,8009.0,363.0,4.26,4.2,33701,True
4907,ES,13,28,2025,4,paisaje naturaleza,actividades,actividades infantiles,comunidad de madrid,madrid,178277.5,963.88,4.19,4.1,121795,True
4908,ES,15,31,2025,4,paisaje naturaleza,actividades,actividades infantiles,comunidad foral de navarra,navarra,8532.0,1422.0,4.33,4.23,7007,True
4909,ES,10,03,2025,4,paisaje naturaleza,actividades,actividades infantiles,comunitat valenciana,alicante/alacant,9045.0,80.0,4.36,4.28,82424,True
4910,ES,10,46,2025,4,paisaje naturaleza,actividades,actividades infantiles,comunitat valenciana,valencia/valencia,1107924.25,523.25,4.23,4.15,90776,True
4911,ES,11,06,2025,4,paisaje naturaleza,actividades,actividades infantiles,extremadura,badajoz,528.0,176.0,4.4,4.29,1116,True
4912,ES,12,15,2025,4,paisaje naturaleza,actividades,actividades infantiles,galicia,a coruna,5265.0,702.0,4.39,4.21,18974,True
4913,ES,12,36,2025,4,paisaje naturaleza,actividades,actividades infantiles,galicia,pontevedra,1610.0,644.0,4.29,4.17,15699,True
4914,ES,04,07,2025,4,paisaje naturaleza,actividades,actividades infantiles,illes balears,illes balears,111446.09,1047.45,4.42,4.33,203636,True
4915,ES,16,01,2025,4,paisaje naturaleza,actividades,actividades infantiles,pais vasco,araba/alava,64406.0,181.0,4.66,4.41,11468,True
4916,ES,16,48,2025,4,paisaje naturaleza,actividades,actividades infantiles,pais vasco,bizkaia,969052.0,12042.0,4.38,4.31,7925,True
4917,ES,16,20,2025,4,paisaje naturaleza,actividades,actividades infantiles,pais vasco,gipuzkoa,133774.0,634.0,4.61,4.41,26976,True
4918,ES,03,33,2025,4,paisaje naturaleza,actividades,actividades infantiles,principado de asturias,asturias,1995.0,798.0,4.42,4.35,44006,True
4919,ES,14,30,2025,4,paisaje naturaleza,actividades,actividades infantiles,region de murcia,murcia,50830.5,404.0,4.4,4.2,2633,True
4920,ES,01,11,2025,4,servicios,actividades,cursos,andalucia,cadiz,18598.0,1094.0,4.74,4.26,39,True
4921,ES,01,23,2025,4,servicios,actividades,cursos,andalucia,jaen,1000.0,200.0,4.34,4.33,84,True
4922,ES,01,29,2025,4,servicios,actividades,cursos,andalucia,malaga,68875.0,2375.0,4.62,4.43,51898,True
4923,ES,01,41,2025,4,servicios,actividades,cursos,andalucia,sevilla,6776.0,484.0,4.06,4.34,4859,True
4924,ES,05,35,2025,4,servicios,actividades,cursos,canarias,las palmas,96002.5,1376.5,3.72,4.28,2863,True
4925,ES,08,16,2025,4,servicios,actividades,cursos,castilla - la mancha,cuenca,228781.0,9947.0,5.0,4.19,6,True
4926,ES,09,08,2025,4,servicios,actividades,cursos,cataluna,barcelona,56561.83,2076.67,4.03,4.05,159935,True
4927,ES,09,17,2025,4,servicios,actividades,cursos,cataluna,girona,1280.0,455.0,3.82,4.24,1146,True
4928,ES,13,28,2025,4,servicios,actividades,cursos,comunidad de madrid,madrid,263178.75,3408.75,3.92,4.1,42370,True
4929,ES,10,03,2025,4,servicios,actividades,cursos,comunitat valenciana,alicante/alacant,8197.0,1171.0,3.73,4.28,29657,True
4930,ES,10,46,2025,4,servicios,actividades,cursos,comunitat valenciana,valencia/valencia,650.0,1625.0,4.56,4.15,7124,True
4931,ES,12,15,2025,4,servicios,actividades,cursos,galicia,a coruna,400.0,200.0,4.04,4.21,605,True
4932,ES,04,07,2025,4,servicios,actividades,cursos,illes balears,illes balears,150568.5,3083.0,4.23,4.33,46354,True
4933,ES,16,01,2025,4,servicios,actividades,cursos,pais vasco,araba/alava,270.0,30.0,5.0,4.41,18,True
4934,ES,16,48,2025,4,servicios,actividades,cursos,pais vasco,bizkaia,3543.0,3543.0,4.03,4.31,13509,True
4935,ES,16,20,2025,4,servicios,actividades,cursos,pais vasco,gipuzkoa,7385.67,1401.67,3.84,4.41,140,True
4936,ES,14,30,2025,4,servicios,actividades,cursos,region de murcia,murcia,21456.0,1341.0,2.83,4.2,6,True
4937,ES,01,18,2025,4,paisaje naturaleza,actividades,deportes y aventuras,andalucia,granada,2058.0,1029.0,4.52,4.37,18492,True
4938,ES,01,29,2025,4,paisaje naturaleza,actividades,deportes y aventuras,andalucia,malaga,86274.33,398.33,4.44,4.43,109648,True
4939,ES,02,50,2025,4,paisaje naturaleza,actividades,deportes y aventuras,aragon,zaragoza,80418.0,1031.0,4.36,4.21,5888,True
4940,ES,05,38,2025,4,paisaje naturaleza,actividades,deportes y aventuras,canarias,santa cruz de tenerife,156629.0,491.0,4.31,4.26,190067,True
4941,ES,08,19,2025,4,paisaje naturaleza,actividades,deportes y aventuras,castilla - la mancha,guadalajara,65945.0,121.0,4.19,4.04,1303,True
4942,ES,07,37,2025,4,paisaje naturaleza,actividades,deportes y aventuras,castilla y leon,salamanca,16492.0,589.0,4.39,4.17,3319,True
4943,ES,07,47,2025,4,paisaje naturaleza,actividades,deportes y aventuras,castilla y leon,valladolid,400.0,100.0,4.18,4.06,8696,True
4944,ES,09,08,2025,4,paisaje naturaleza,actividades,deportes y aventuras,cataluna,barcelona,158643.0,3678.5,4.13,4.05,200444,True
4945,ES,09,17,2025,4,paisaje naturaleza,actividades,deportes y aventuras,cataluna,girona,2500.0,50.0,4.38,4.24,61683,True
4946,ES,13,28,2025,4,paisaje naturaleza,actividades,deportes y aventuras,comunidad de madrid,madrid,48329.75,721.5,4.19,4.1,121795,True
4947,ES,10,03,2025,4,paisaje naturaleza,actividades,deportes y aventuras,comunitat valenciana,alicante/alacant,69281.5,1957.25,4.36,4.28,82424,True
4948,ES,10,46,2025,4,paisaje naturaleza,actividades,deportes y aventuras,comunitat valenciana,valencia/valencia,4950.0,50.0,4.23,4.15,90776,True
4949,ES,11,06,2025,4,paisaje naturaleza,actividades,deportes y aventuras,extremadura,badajoz,9262.33,431.33,4.4,4.29,1116,True
4950,ES,11,10,2025,4,paisaje naturaleza,actividades,deportes y aventuras,extremadura,caceres,244185.0,1115.0,4.5,4.33,5814,True
4951,ES,12,15,2025,4,paisaje naturaleza,actividades,deportes y aventuras,galicia,a coruna,1340.0,1675.0,4.39,4.21,18974,True
4952,ES,04,07,2025,4,paisaje naturaleza,actividades,deportes y aventuras,illes balears,illes balears,250198.5,3783.5,4.42,4.33,203636,True
4953,ES,03,33,2025,4,paisaje naturaleza,actividades,deportes y aventuras,principado de asturias,asturias,27996.0,9332.0,4.42,4.35,44006,True
4954,ES,01,11,2025,4,comida y bebida,actividades,gastronomia,andalucia,cadiz,3800.0,100.0,4.57,4.26,47,True
4955,ES,01,18,2025,4,comida y bebida,actividades,gastronomia,andalucia,granada,3798.0,1266.0,4.81,4.37,771,True
4956,ES,01,29,2025,4,comida y bebida,actividades,gastronomia,andalucia,malaga,223754.5,1439.0,4.84,4.43,1395,True
4957,ES,01,41,2025,4,comida y bebida,actividades,gastronomia,andalucia,sevilla,6216.0,518.0,4.76,4.34,8170,True
4958,ES,02,50,2025,4,comida y bebida,actividades,gastronomia,aragon,zaragoza,17325.0,385.0,4.03,4.21,35,True
4959,ES,05,35,2025,4,comida y bebida,actividades,gastronomia,canarias,las palmas,74870.0,1024.0,3.71,4.28,443,True
4960,ES,08,02,2025,4,comida y bebida,actividades,gastronomia,castilla - la mancha,albacete,163683.0,1399.0,4.88,4.15,33,True
4961,ES,09,08,2025,4,comida y bebida,actividades,gastronomia,cataluna,barcelona,507680.0,2300.0,4.67,4.05,3911,True
4962,ES,09,17,2025,4,comida y bebida,actividades,gastronomia,cataluna,girona,4750.0,475.0,4.57,4.24,183,True
4963,ES,09,43,2025,4,comida y bebida,actividades,gastronomia,cataluna,tarragona,189692.0,2018.0,4.67,4.2,481,True
4964,ES,13,28,2025,4,comida y bebida,actividades,gastronomia,comunidad de madrid,madrid,19877.0,1475.0,4.71,4.1,5856,True
4965,ES,10,03,2025,4,comida y bebida,actividades,gastronomia,comunitat valenciana,alicante/alacant,24640.0,220.0,4.52,4.28,760,True
4966,ES,10,46,2025,4,comida y bebida,actividades,gastronomia,comunitat valenciana,valencia/valencia,342416.0,2115.0,4.79,4.15,369,True
4967,ES,12,15,2025,4,comida y bebida,actividades,gastronomia,galicia,a coruna,630.0,105.0,4.21,4.21,75,True
4968,ES,04,07,2025,4,comida y bebida,actividades,gastronomia,illes balears,illes balears,75162.25,2042.25,4.86,4.33,2196,True
4969,ES,01,04,2025,4,vida nocturna,espectaculos,cine,andalucia,almeria,18972.0,612.0,3.72,4.19,5362,True
4970,ES,01,29,2025,4,vida nocturna,espectaculos,cine,andalucia,malaga,138379.0,1949.0,4.3,4.43,56036,True
4971,ES,01,41,2025,4,vida nocturna,espectaculos,cine,andalucia,sevilla,400.0,40.0,4.05,4.34,39053,True
4972,ES,02,50,2025,4,vida nocturna,espectaculos,cine,aragon,zaragoza,16228.0,526.0,3.75,4.21,1614,True
4973,ES,05,35,2025,4,vida nocturna,espectaculos,cine,canarias,las palmas,103785.0,935.0,4.24,4.28,129544,True
4974,ES,08,02,2025,4,vida nocturna,espectaculos,cine,castilla - la mancha,albacete,30465.0,677.0,4.21,4.15,573,True
4975,ES,07,47,2025,4,vida nocturna,espectaculos,cine,castilla y leon,valladolid,1599.0,615.0,4.01,4.06,1293,True
4976,ES,09,08,2025,4,vida nocturna,espectaculos,cine,cataluna,barcelona,65923.5,667.5,3.95,4.05,119743,True
4977,ES,09,25,2025,4,vida nocturna,espectaculos,cine,cataluna,lleida,1200.0,120.0,3.84,4.27,1184,True
4978,ES,09,43,2025,4,vida nocturna,espectaculos,cine,cataluna,tarragona,480.0,120.0,4.1,4.2,22730,True
4979,ES,13,28,2025,4,vida nocturna,espectaculos,cine,comunidad de madrid,madrid,1152.0,72.0,3.85,4.1,100430,True
4980,ES,10,03,2025,4,vida nocturna,espectaculos,cine,comunitat valenciana,alicante/alacant,54992.0,530.67,4.03,4.28,84389,True
4981,ES,04,07,2025,4,vida nocturna,espectaculos,cine,illes balears,illes balears,7437.0,410.0,4.12,4.33,122452,True
4982,ES,16,20,2025,4,vida nocturna,espectaculos,cine,pais vasco,gipuzkoa,6160.0,237.5,4.14,4.41,5503,True
4983,ES,02,50,2025,4,otros,espectaculos,conferencias,aragon,zaragoza,294.0,98.0,3.75,4.21,158,True
4984,ES,05,38,2025,4,otros,espectaculos,conferencias,canarias,santa cruz de tenerife,9900.0,450.0,4.6,4.26,927,True
4985,ES,08,13,2025,4,otros,espectaculos,conferencias,castilla - la mancha,ciudad real,16335.0,16335.0,4.21,4.29,156,True
4986,ES,09,08,2025,4,otros,espectaculos,conferencias,cataluna,barcelona,352284.0,11364.0,3.9,4.05,2019,True
4987,ES,09,43,2025,4,otros,espectaculos,conferencias,cataluna,tarragona,400.0,200.0,4.01,4.2,1769,True
4988,ES,13,28,2025,4,otros,espectaculos,conferencias,comunidad de madrid,madrid,172770.0,7706.5,3.97,4.1,1624,True
4989,ES,10,03,2025,4,otros,espectaculos,conferencias,comunitat valenciana,alicante/alacant,17400.0,580.0,4.26,4.28,392,True
4990,ES,10,46,2025,4,otros,espectaculos,conferencias,comunitat valenciana,valencia/valencia,466335.0,3615.0,4.49,4.15,621,True
4991,ES,12,36,2025,4,otros,espectaculos,conferencias,galicia,pontevedra,1610.0,644.0,4.43,4.17,119,True
4992,ES,04,07,2025,4,otros,espectaculos,conferencias,illes balears,illes balears,39748.0,1751.0,4.21,4.33,296,True
4993,ES,03,33,2025,4,otros,espectaculos,conferencias,principado de asturias,asturias,200.0,200.0,4.4,4.35,92,True
4994,ES,14,30,2025,4,otros,espectaculos,conferencias,region de murcia,murcia,620.0,620.0,3.14,4.2,7,True
4995,ES,01,04,2025,4,paisaje urbano,espectaculos,"cultura, teatro y danza",andalucia,almeria,674195.0,1196.67,4.25,4.19,14318,True
4996,ES,01,11,2025,4,paisaje urbano,espectaculos,"cultura, teatro y danza",andalucia,cadiz,78330.75,1583.75,4.35,4.26,8809,True
4997,ES,01,14,2025,4,paisaje urbano,espectaculos,"cultura, teatro y danza",andalucia,cordoba,361716.0,1402.0,4.3,4.29,93962,True
4998,ES,01,18,2025,4,paisaje urbano,espectaculos,"cultura, teatro y danza",andalucia,granada,231926.67,576.33,4.35,4.37,153042,True
4999,ES,01,23,2025,4,paisaje urbano,espectaculos,"cultura, teatro y danza",andalucia,jaen,779568.0,1788.0,4.3,4.33,16236,True
5000,ES,01,29,2025,4,paisaje urbano,espectaculos,"cultura, teatro y danza",andalucia,malaga,38941.0,782.8,4.43,4.43,158253,True
5001,ES,01,41,2025,4,paisaje urbano,espectaculos,"cultura, teatro y danza",andalucia,sevilla,546312.0,5304.0,4.41,4.34,218279,True
5002,ES,02,22,2025,4,paisaje urbano,espectaculos,"cultura, teatro y danza",aragon,huesca,652070.5,624.5,4.12,4.25,10916,True
5003,ES,02,44,2025,4,paisaje urbano,espectaculos,"cultura, teatro y danza",aragon,teruel,8202.0,1367.0,4.27,4.28,11015,True
5004,ES,02,50,2025,4,paisaje urbano,espectaculos,"cultura, teatro y danza",aragon,zaragoza,477287.33,241.33,4.34,4.21,41352,True
5005,ES,05,35,2025,4,paisaje urbano,espectaculos,"cultura, teatro y danza",canarias,las palmas,556528.67,1286.44,4.27,4.28,51395,True
5006,ES,05,38,2025,4,paisaje urbano,espectaculos,"cultura, teatro y danza",canarias,santa cruz de tenerife,267841.88,1284.38,4.28,4.26,66584,True
5007,ES,06,39,2025,4,paisaje urbano,espectaculos,"cultura, teatro y danza",cantabria,cantabria,22780.0,1139.0,4.28,4.27,27507,True
5008,ES,08,02,2025,4,paisaje urbano,espectaculos,"cultura, teatro y danza",castilla - la mancha,albacete,237243.5,1050.5,4.09,4.15,3663,True
5009,ES,08,13,2025,4,paisaje urbano,espectaculos,"cultura, teatro y danza",castilla - la mancha,ciudad real,94662.0,1753.0,4.33,4.29,7266,True
5010,ES,08,16,2025,4,paisaje urbano,espectaculos,"cultura, teatro y danza",castilla - la mancha,cuenca,86342.0,1877.0,4.27,4.19,13771,True
5011,ES,08,45,2025,4,paisaje urbano,espectaculos,"cultura, teatro y danza",castilla - la mancha,toledo,287963.0,594.0,4.19,4.18,55769,True
5012,ES,07,37,2025,4,paisaje urbano,espectaculos,"cultura, teatro y danza",castilla y leon,salamanca,10797.5,475.0,4.24,4.17,31972,True
5013,ES,07,47,2025,4,paisaje urbano,espectaculos,"cultura, teatro y danza",castilla y leon,valladolid,134789.0,530.67,4.14,4.06,13695,True
5014,ES,07,49,2025,4,paisaje urbano,espectaculos,"cultura, teatro y danza",castilla y leon,zamora,800.0,40.0,4.19,4.17,5872,True
5015,ES,09,08,2025,4,paisaje urbano,espectaculos,"cultura, teatro y danza",cataluna,barcelona,737254.47,612.18,4.07,4.05,732080,True
5016,ES,09,17,2025,4,paisaje urbano,espectaculos,"cultura, teatro y danza",cataluna,girona,64625.67,536.0,4.24,4.24,50915,True
5017,ES,09,25,2025,4,paisaje urbano,espectaculos,"cultura, teatro y danza",cataluna,lleida,28601.67,445.67,4.29,4.27,7171,True
5018,ES,09,43,2025,4,paisaje urbano,espectaculos,"cultura, teatro y danza",cataluna,tarragona,22536.6,3061.6,4.23,4.2,53439,True
5019,ES,13,28,2025,4,paisaje urbano,espectaculos,"cultura, teatro y danza",comunidad de madrid,madrid,516102.75,611.62,4.15,4.1,458466,True
5020,ES,15,31,2025,4,paisaje urbano,espectaculos,"cultura, teatro y danza",comunidad foral de navarra,navarra,207129.0,1469.0,4.25,4.23,19680,True
5021,ES,10,03,2025,4,paisaje urbano,espectaculos,"cultura, teatro y danza",comunitat valenciana,alicante/alacant,195670.0,1082.0,4.28,4.28,67888,True
5022,ES,10,12,2025,4,paisaje urbano,espectaculos,"cultura, teatro y danza",comunitat valenciana,castellon/castello,71688.0,1236.0,4.14,4.2,13212,True
5023,ES,10,46,2025,4,paisaje urbano,espectaculos,"cultura, teatro y danza",comunitat valenciana,valencia/valencia,2111605.2,1177.2,4.25,4.15,114505,True
5024,ES,11,06,2025,4,paisaje urbano,espectaculos,"cultura, teatro y danza",extremadura,badajoz,982.67,102.0,4.26,4.29,18348,True
5025,ES,11,10,2025,4,paisaje urbano,espectaculos,"cultura, teatro y danza",extremadura,caceres,564894.0,951.0,4.31,4.33,23514,True
5026,ES,12,15,2025,4,paisaje urbano,espectaculos,"cultura, teatro y danza",galicia,a coruna,171872.0,656.0,4.26,4.21,50198,True
5027,ES,12,36,2025,4,paisaje urbano,espectaculos,"cultura, teatro y danza",galicia,pontevedra,328062.0,1022.0,4.07,4.17,15892,True
5028,ES,04,07,2025,4,paisaje urbano,espectaculos,"cultura, teatro y danza",illes balears,illes balears,168082.89,1041.44,4.21,4.33,107418,True
5029,ES,17,26,2025,4,paisaje urbano,espectaculos,"cultura, teatro y danza",la rioja,la rioja,29305.0,415.0,4.29,4.31,11493,True
5030,ES,16,01,2025,4,paisaje urbano,espectaculos,"cultura, teatro y danza",pais vasco,araba/alava,140946.0,483.33,4.46,4.41,7811,True
5031,ES,16,48,2025,4,paisaje urbano,espectaculos,"cultura, teatro y danza",pais vasco,bizkaia,655401.8,1114.4,4.38,4.31,56425,True
5032,ES,16,20,2025,4,paisaje urbano,espectaculos,"cultura, teatro y danza",pais vasco,gipuzkoa,24060.5,397.67,4.43,4.41,26949,True
5033,ES,03,33,2025,4,paisaje urbano,espectaculos,"cultura, teatro y danza",principado de asturias,asturias,27882.5,352.5,4.37,4.35,40762,True
5034,ES,14,30,2025,4,paisaje urbano,espectaculos,"cultura, teatro y danza",region de murcia,murcia,157410.67,1162.0,4.32,4.2,9308,True
5035,ES,08,13,2025,4,compras,espectaculos,ferias,castilla - la mancha,ciudad real,16335.0,16335.0,4.64,4.29,147,True
5036,ES,09,43,2025,4,compras,espectaculos,ferias,cataluna,tarragona,400.0,200.0,4.19,4.2,2200,True
5037,ES,13,28,2025,4,compras,espectaculos,ferias,comunidad de madrid,madrid,124297.0,7737.5,3.83,4.1,89796,True
5038,ES,10,03,2025,4,compras,espectaculos,ferias,comunitat valenciana,alicante/alacant,17400.0,580.0,4.22,4.28,12577,True
5039,ES,10,46,2025,4,compras,espectaculos,ferias,comunitat valenciana,valencia/valencia,466335.0,3615.0,3.72,4.15,81279,True
5040,ES,01,41,2025,4,paisaje urbano,espectaculos,museo y exposiciones,andalucia,sevilla,75075.0,1365.0,4.41,4.34,218279,True
5041,ES,02,50,2025,4,paisaje urbano,espectaculos,museo y exposiciones,aragon,zaragoza,139347.0,351.0,4.34,4.21,41352,True
5042,ES,08,45,2025,4,paisaje urbano,espectaculos,museo y exposiciones,castilla - la mancha,toledo,146258.0,674.0,4.19,4.18,55769,True
5043,ES,07,37,2025,4,paisaje urbano,espectaculos,museo y exposiciones,castilla y leon,salamanca,14976.0,384.0,4.24,4.17,31972,True
5044,ES,07,47,2025,4,paisaje urbano,espectaculos,museo y exposiciones,castilla y leon,valladolid,13831.5,275.5,4.14,4.06,13695,True
5045,ES,09,08,2025,4,paisaje urbano,espectaculos,museo y exposiciones,cataluna,barcelona,88634.5,1043.5,4.07,4.05,732080,True
5046,ES,04,07,2025,4,paisaje urbano,espectaculos,museo y exposiciones,illes balears,illes balears,2901.33,760.0,4.21,4.33,107418,True
5047,ES,16,48,2025,4,paisaje urbano,espectaculos,museo y exposiciones,pais vasco,bizkaia,2609124.0,1047.0,4.38,4.31,56425,True
5048,ES,01,04,2025,4,vida nocturna,espectaculos,musica,andalucia,almeria,1478794.67,2263.67,3.72,4.19,5362,True
5049,ES,01,11,2025,4,vida nocturna,espectaculos,musica,andalucia,cadiz,197171.4,894.0,4.08,4.26,2343,True
5050,ES,01,14,2025,4,vida nocturna,espectaculos,musica,andalucia,cordoba,184142.0,457.67,4.3,4.29,1908,True
5051,ES,01,18,2025,4,vida nocturna,espectaculos,musica,andalucia,granada,492380.4,1091.0,3.92,4.37,10900,True
5052,ES,01,23,2025,4,vida nocturna,espectaculos,musica,andalucia,jaen,79702.67,788.17,4.0,4.33,992,True
5053,ES,01,29,2025,4,vida nocturna,espectaculos,musica,andalucia,malaga,724370.0,1415.2,4.3,4.43,56036,True
5054,ES,01,41,2025,4,vida nocturna,espectaculos,musica,andalucia,sevilla,783467.8,2335.2,4.05,4.34,39053,True
5055,ES,02,22,2025,4,vida nocturna,espectaculos,musica,aragon,huesca,104752.75,580.5,3.85,4.25,1293,True
5056,ES,02,44,2025,4,vida nocturna,espectaculos,musica,aragon,teruel,98131.0,860.0,4.35,4.28,950,True
5057,ES,02,50,2025,4,vida nocturna,espectaculos,musica,aragon,zaragoza,1469174.0,1059.5,3.75,4.21,1614,True
5058,ES,05,35,2025,4,vida nocturna,espectaculos,musica,canarias,las palmas,383675.78,1172.22,4.24,4.28,129544,True
5059,ES,05,38,2025,4,vida nocturna,espectaculos,musica,canarias,santa cruz de tenerife,595359.92,1913.08,4.06,4.26,62671,True
5060,ES,06,39,2025,4,vida nocturna,espectaculos,musica,cantabria,cantabria,189555.0,1467.0,4.02,4.27,5819,True
5061,ES,08,02,2025,4,vida nocturna,espectaculos,musica,castilla - la mancha,albacete,23054.0,497.0,4.21,4.15,573,True
5062,ES,08,13,2025,4,vida nocturna,espectaculos,musica,castilla - la mancha,ciudad real,170634.75,1008.25,4.17,4.29,385,True
5063,ES,08,16,2025,4,vida nocturna,espectaculos,musica,castilla - la mancha,cuenca,34912.33,836.33,3.91,4.19,760,True
5064,ES,08,19,2025,4,vida nocturna,espectaculos,musica,castilla - la mancha,guadalajara,135373.0,1631.0,3.23,4.04,447,True
5065,ES,08,45,2025,4,vida nocturna,espectaculos,musica,castilla - la mancha,toledo,152919.67,2074.33,3.99,4.18,434,True
5066,ES,07,05,2025,4,vida nocturna,espectaculos,musica,castilla y leon,avila,4801.5,1030.5,4.04,4.23,397,True
5067,ES,07,09,2025,4,vida nocturna,espectaculos,musica,castilla y leon,burgos,145936.33,3003.0,3.95,4.28,970,True
5068,ES,07,24,2025,4,vida nocturna,espectaculos,musica,castilla y leon,leon,140184.0,772.0,3.97,4.21,1480,True
5069,ES,07,34,2025,4,vida nocturna,espectaculos,musica,castilla y leon,palencia,22129.5,1919.0,4.23,4.35,379,True
5070,ES,07,37,2025,4,vida nocturna,espectaculos,musica,castilla y leon,salamanca,222878.33,1247.0,3.66,4.17,3701,True
5071,ES,07,40,2025,4,vida nocturna,espectaculos,musica,castilla y leon,segovia,93983.0,1538.0,3.91,4.07,263,True
5072,ES,07,42,2025,4,vida nocturna,espectaculos,musica,castilla y leon,soria,37571.0,1034.33,4.2,3.97,154,True
5073,ES,07,47,2025,4,vida nocturna,espectaculos,musica,castilla y leon,valladolid,312463.0,1631.0,4.01,4.06,1293,True
5074,ES,07,49,2025,4,vida nocturna,espectaculos,musica,castilla y leon,zamora,56251.0,1425.5,4.27,4.17,462,True
5075,ES,09,08,2025,4,vida nocturna,espectaculos,musica,cataluna,barcelona,1044802.11,1150.89,3.95,4.05,119743,True
5076,ES,09,17,2025,4,vida nocturna,espectaculos,musica,cataluna,girona,46572.15,1118.15,3.8,4.24,12856,True
5077,ES,09,25,2025,4,vida nocturna,espectaculos,musica,cataluna,lleida,20884.12,996.88,3.84,4.27,1184,True
5078,ES,09,43,2025,4,vida nocturna,espectaculos,musica,cataluna,tarragona,142054.79,1695.0,4.1,4.2,22730,True
5079,ES,13,28,2025,4,vida nocturna,espectaculos,musica,comunidad de madrid,madrid,926874.1,1146.52,3.85,4.1,100430,True
5080,ES,15,31,2025,4,vida nocturna,espectaculos,musica,comunidad foral de navarra,navarra,652880.22,1591.67,3.72,4.23,2565,True
5081,ES,10,03,2025,4,vida nocturna,espectaculos,musica,comunitat valenciana,alicante/alacant,203262.33,864.13,4.03,4.28,84389,True
5082,ES,10,12,2025,4,vida nocturna,espectaculos,musica,comunitat valenciana,castellon/castello,20689.8,937.6,3.88,4.2,2406,True
5083,ES,10,46,2025,4,vida nocturna,espectaculos,musica,comunitat valenciana,valencia/valencia,67123.82,829.45,3.72,4.15,9307,True
5084,ES,11,06,2025,4,vida nocturna,espectaculos,musica,extremadura,badajoz,75975.25,786.5,4.31,4.29,2109,True
5085,ES,11,10,2025,4,vida nocturna,espectaculos,musica,extremadura,caceres,9476.25,468.0,3.95,4.33,1377,True
5086,ES,12,15,2025,4,vida nocturna,espectaculos,musica,galicia,a coruna,539273.0,1235.17,3.74,4.21,5653,True
5087,ES,12,27,2025,4,vida nocturna,espectaculos,musica,galicia,lugo,7198.0,122.0,4.18,4.28,502,True
5088,ES,12,32,2025,4,vida nocturna,espectaculos,musica,galicia,ourense,183593.33,1474.0,3.7,4.15,660,True
5089,ES,12,36,2025,4,vida nocturna,espectaculos,musica,galicia,pontevedra,23867.2,655.8,4.0,4.17,3092,True
5090,ES,04,07,2025,4,vida nocturna,espectaculos,musica,illes balears,illes balears,521550.0,1590.82,4.12,4.33,122452,True
5091,ES,17,26,2025,4,vida nocturna,espectaculos,musica,la rioja,la rioja,74049.67,756.67,3.69,4.31,1866,True
5092,ES,16,01,2025,4,vida nocturna,espectaculos,musica,pais vasco,araba/alava,204194.0,1058.0,3.82,4.41,1138,True
5093,ES,16,48,2025,4,vida nocturna,espectaculos,musica,pais vasco,bizkaia,321308.86,838.43,4.21,4.31,5615,True
5094,ES,16,20,2025,4,vida nocturna,espectaculos,musica,pais vasco,gipuzkoa,98430.56,1019.67,4.14,4.41,5503,True
5095,ES,03,33,2025,4,vida nocturna,espectaculos,musica,principado de asturias,asturias,355359.0,928.0,4.18,4.35,9626,True
5096,ES,14,30,2025,4,vida nocturna,espectaculos,musica,region de murcia,murcia,528793.6,1003.2,3.62,4.2,1488,True
5097,ES,01,04,2025,4,vida nocturna,espectaculos,musicales,andalucia,almeria,65286.0,1209.0,3.72,4.19,5362,True
5098,ES,01,18,2025,4,vida nocturna,espectaculos,musicales,andalucia,granada,56513.33,499.33,3.92,4.37,10900,True
5099,ES,01,23,2025,4,vida nocturna,espectaculos,musicales,andalucia,jaen,779568.0,1788.0,4.0,4.33,992,True
5100,ES,01,29,2025,4,vida nocturna,espectaculos,musicales,andalucia,malaga,700.0,875.0,4.3,4.43,56036,True
5101,ES,01,41,2025,4,vida nocturna,espectaculos,musicales,andalucia,sevilla,336168.0,2436.0,4.05,4.34,39053,True
5102,ES,02,50,2025,4,vida nocturna,espectaculos,musicales,aragon,zaragoza,281875.0,451.0,3.75,4.21,1614,True
5103,ES,05,35,2025,4,vida nocturna,espectaculos,musicales,canarias,las palmas,324356.75,1414.25,4.24,4.28,129544,True
5104,ES,05,38,2025,4,vida nocturna,espectaculos,musicales,canarias,santa cruz de tenerife,12163.5,937.5,4.06,4.26,62671,True
5105,ES,08,02,2025,4,vida nocturna,espectaculos,musicales,castilla - la mancha,albacete,245718.0,1122.0,4.21,4.15,573,True
5106,ES,07,37,2025,4,vida nocturna,espectaculos,musicales,castilla y leon,salamanca,8448.0,1536.0,3.66,4.17,3701,True
5107,ES,07,47,2025,4,vida nocturna,espectaculos,musicales,castilla y leon,valladolid,219096.0,1611.0,4.01,4.06,1293,True
5108,ES,09,08,2025,4,vida nocturna,espectaculos,musicales,cataluna,barcelona,405050.0,1271.75,3.95,4.05,119743,True
5109,ES,09,17,2025,4,vida nocturna,espectaculos,musicales,cataluna,girona,3332.0,833.0,3.8,4.24,12856,True
5110,ES,13,28,2025,4,vida nocturna,espectaculos,musicales,comunidad de madrid,madrid,45284.5,531.5,3.85,4.1,100430,True
5111,ES,10,03,2025,4,vida nocturna,espectaculos,musicales,comunitat valenciana,alicante/alacant,51455.0,711.67,4.03,4.28,84389,True
5112,ES,10,12,2025,4,vida nocturna,espectaculos,musicales,comunitat valenciana,castellon/castello,504.0,126.0,3.88,4.2,2406,True
5113,ES,10,46,2025,4,vida nocturna,espectaculos,musicales,comunitat valenciana,valencia/valencia,343947.0,495.75,3.72,4.15,9307,True
5114,ES,11,06,2025,4,vida nocturna,espectaculos,musicales,extremadura,badajoz,528.0,176.0,4.31,4.29,2109,True
5115,ES,11,10,2025,4,vida nocturna,espectaculos,musicales,extremadura,caceres,61455.0,1205.0,3.95,4.33,1377,True
5116,ES,04,07,2025,4,vida nocturna,espectaculos,musicales,illes balears,illes balears,30421.0,1049.0,4.12,4.33,122452,True
5117,ES,16,48,2025,4,vida nocturna,espectaculos,musicales,pais vasco,bizkaia,67405.0,793.0,4.21,4.31,5615,True
5118,ES,16,20,2025,4,vida nocturna,espectaculos,musicales,pais vasco,gipuzkoa,6958.0,497.0,4.14,4.41,5503,True
5119,ES,14,30,2025,4,vida nocturna,espectaculos,musicales,region de murcia,murcia,61234.5,1139.5,3.62,4.2,1488,True
5120,ES,01,04,2025,5,paisaje naturaleza,actividades,actividades infantiles,andalucia,almeria,3198.0,615.0,4.32,4.19,23376,True
5121,ES,01,11,2025,5,paisaje naturaleza,actividades,actividades infantiles,andalucia,cadiz,54960.5,233.5,4.27,4.26,12350,True
5122,ES,01,18,2025,5,paisaje naturaleza,actividades,actividades infantiles,andalucia,granada,7798.0,914.75,4.52,4.37,18492,True
5123,ES,01,23,2025,5,paisaje naturaleza,actividades,actividades infantiles,andalucia,jaen,303552.0,1054.0,4.44,4.33,4366,True
5124,ES,01,29,2025,5,paisaje naturaleza,actividades,actividades infantiles,andalucia,malaga,60225.67,678.67,4.44,4.43,109648,True
5125,ES,01,41,2025,5,paisaje naturaleza,actividades,actividades infantiles,andalucia,sevilla,303374.0,2314.5,4.47,4.34,21476,True
5126,ES,02,50,2025,5,paisaje naturaleza,actividades,actividades infantiles,aragon,zaragoza,80460.0,1192.0,4.36,4.21,5888,True
5127,ES,05,35,2025,5,paisaje naturaleza,actividades,actividades infantiles,canarias,las palmas,21486.67,1030.67,4.34,4.28,200378,True
5128,ES,05,38,2025,5,paisaje naturaleza,actividades,actividades infantiles,canarias,santa cruz de tenerife,3150.0,30.0,4.31,4.26,190067,True
5129,ES,08,02,2025,5,paisaje naturaleza,actividades,actividades infantiles,castilla - la mancha,albacete,26745.33,653.33,4.38,4.15,3169,True
5130,ES,08,13,2025,5,paisaje naturaleza,actividades,actividades infantiles,castilla - la mancha,ciudad real,8792.0,1256.0,4.36,4.29,3026,True
5131,ES,08,19,2025,5,paisaje naturaleza,actividades,actividades infantiles,castilla - la mancha,guadalajara,588.0,98.0,4.19,4.04,1303,True
5132,ES,08,45,2025,5,paisaje naturaleza,actividades,actividades infantiles,castilla - la mancha,toledo,68861.5,2132.5,4.16,4.18,1715,True
5133,ES,07,24,2025,5,paisaje naturaleza,actividades,actividades infantiles,castilla y leon,leon,7400.0,200.0,4.52,4.21,4506,True
5134,ES,07,37,2025,5,paisaje naturaleza,actividades,actividades infantiles,castilla y leon,salamanca,7040.0,176.0,4.39,4.17,3319,True
5135,ES,07,47,2025,5,paisaje naturaleza,actividades,actividades infantiles,castilla y leon,valladolid,13724.0,985.0,4.18,4.06,8696,True
5136,ES,07,49,2025,5,paisaje naturaleza,actividades,actividades infantiles,castilla y leon,zamora,660.0,220.0,4.38,4.17,2116,True
5137,ES,09,08,2025,5,paisaje naturaleza,actividades,actividades infantiles,cataluna,barcelona,297229.82,1431.73,4.13,4.05,200444,True
5138,ES,09,17,2025,5,paisaje naturaleza,actividades,actividades infantiles,cataluna,girona,282564.0,1002.0,4.38,4.24,61683,True
5139,ES,09,25,2025,5,paisaje naturaleza,actividades,actividades infantiles,cataluna,lleida,16860.0,30.0,4.38,4.27,9898,True
5140,ES,09,43,2025,5,paisaje naturaleza,actividades,actividades infantiles,cataluna,tarragona,161236.0,932.0,4.26,4.2,33701,True
5141,ES,13,28,2025,5,paisaje naturaleza,actividades,actividades infantiles,comunidad de madrid,madrid,115697.5,1116.12,4.19,4.1,121795,True
5142,ES,15,31,2025,5,paisaje naturaleza,actividades,actividades infantiles,comunidad foral de navarra,navarra,622545.0,1029.0,4.33,4.23,7007,True
5143,ES,10,03,2025,5,paisaje naturaleza,actividades,actividades infantiles,comunitat valenciana,alicante/alacant,6632.5,1057.5,4.36,4.28,82424,True
5144,ES,10,46,2025,5,paisaje naturaleza,actividades,actividades infantiles,comunitat valenciana,valencia/valencia,1394325.5,1366.5,4.23,4.15,90776,True
5145,ES,11,06,2025,5,paisaje naturaleza,actividades,actividades infantiles,extremadura,badajoz,40876.0,500.5,4.4,4.29,1116,True
5146,ES,12,15,2025,5,paisaje naturaleza,actividades,actividades infantiles,galicia,a coruna,83292.0,631.0,4.39,4.21,18974,True
5147,ES,12,36,2025,5,paisaje naturaleza,actividades,actividades infantiles,galicia,pontevedra,2312.0,578.0,4.29,4.17,15699,True
5148,ES,04,07,2025,5,paisaje naturaleza,actividades,actividades infantiles,illes balears,illes balears,294839.22,1496.0,4.42,4.33,203636,True
5149,ES,16,01,2025,5,paisaje naturaleza,actividades,actividades infantiles,pais vasco,araba/alava,2468.0,343.0,4.66,4.41,11468,True
5150,ES,16,48,2025,5,paisaje naturaleza,actividades,actividades infantiles,pais vasco,bizkaia,2616566.0,26761.5,4.38,4.31,7925,True
5151,ES,16,20,2025,5,paisaje naturaleza,actividades,actividades infantiles,pais vasco,gipuzkoa,21606.67,413.33,4.61,4.41,26976,True
5152,ES,14,30,2025,5,paisaje naturaleza,actividades,actividades infantiles,region de murcia,murcia,7112.0,1016.0,4.4,4.2,2633,True
5153,ES,01,04,2025,5,servicios,actividades,cursos,andalucia,almeria,268035.0,2505.0,4.19,4.19,430,True
5154,ES,01,11,2025,5,servicios,actividades,cursos,andalucia,cadiz,540.0,108.0,4.74,4.26,39,True
5155,ES,01,29,2025,5,servicios,actividades,cursos,andalucia,malaga,166785.0,11119.0,4.62,4.43,51898,True
5156,ES,01,41,2025,5,servicios,actividades,cursos,andalucia,sevilla,25350.0,65.0,4.06,4.34,4859,True
5157,ES,02,50,2025,5,servicios,actividades,cursos,aragon,zaragoza,500225.0,2675.0,4.05,4.21,61,True
5158,ES,05,35,2025,5,servicios,actividades,cursos,canarias,las palmas,59015.5,2434.0,3.72,4.28,2863,True
5159,ES,05,38,2025,5,servicios,actividades,cursos,canarias,santa cruz de tenerife,42516.0,1181.0,3.86,4.26,3753,True
5160,ES,08,16,2025,5,servicios,actividades,cursos,castilla - la mancha,cuenca,303164.0,7978.0,5.0,4.19,6,True
5161,ES,09,08,2025,5,servicios,actividades,cursos,cataluna,barcelona,81513.12,1394.0,4.03,4.05,159935,True
5162,ES,09,17,2025,5,servicios,actividades,cursos,cataluna,girona,600.0,200.0,3.82,4.24,1146,True
5163,ES,13,28,2025,5,servicios,actividades,cursos,comunidad de madrid,madrid,878045.0,5307.67,3.92,4.1,42370,True
5164,ES,10,03,2025,5,servicios,actividades,cursos,comunitat valenciana,alicante/alacant,450.0,30.0,3.73,4.28,29657,True
5165,ES,10,46,2025,5,servicios,actividades,cursos,comunitat valenciana,valencia/valencia,520.0,260.0,4.56,4.15,7124,True
5166,ES,12,15,2025,5,servicios,actividades,cursos,galicia,a coruna,690.0,115.0,4.04,4.21,605,True
5167,ES,12,36,2025,5,servicios,actividades,cursos,galicia,pontevedra,1030.0,1030.0,4.14,4.17,1424,True
5168,ES,04,07,2025,5,servicios,actividades,cursos,illes balears,illes balears,55266.78,2878.44,4.23,4.33,46354,True
5169,ES,16,01,2025,5,servicios,actividades,cursos,pais vasco,araba/alava,1105.0,65.0,5.0,4.41,18,True
5170,ES,16,20,2025,5,servicios,actividades,cursos,pais vasco,gipuzkoa,68432.67,775.67,3.84,4.41,140,True
5171,ES,14,30,2025,5,servicios,actividades,cursos,region de murcia,murcia,34341.0,1430.75,2.83,4.2,6,True
5172,ES,01,29,2025,5,paisaje naturaleza,actividades,deportes y aventuras,andalucia,malaga,49698.67,825.0,4.44,4.43,109648,True
5173,ES,02,50,2025,5,paisaje naturaleza,actividades,deportes y aventuras,aragon,zaragoza,5176.0,1294.0,4.36,4.21,5888,True
5174,ES,07,37,2025,5,paisaje naturaleza,actividades,deportes y aventuras,castilla y leon,salamanca,12111.0,367.0,4.39,4.17,3319,True
5175,ES,07,42,2025,5,paisaje naturaleza,actividades,deportes y aventuras,castilla y leon,soria,103994.0,1793.0,4.14,3.97,2792,True
5176,ES,07,47,2025,5,paisaje naturaleza,actividades,deportes y aventuras,castilla y leon,valladolid,15109.33,1221.67,4.18,4.06,8696,True
5177,ES,09,08,2025,5,paisaje naturaleza,actividades,deportes y aventuras,cataluna,barcelona,9706.12,1336.88,4.13,4.05,200444,True
5178,ES,09,17,2025,5,paisaje naturaleza,actividades,deportes y aventuras,cataluna,girona,35478.33,3587.67,4.38,4.24,61683,True
5179,ES,09,43,2025,5,paisaje naturaleza,actividades,deportes y aventuras,cataluna,tarragona,26832.0,516.0,4.26,4.2,33701,True
5180,ES,13,28,2025,5,paisaje naturaleza,actividades,deportes y aventuras,comunidad de madrid,madrid,106450.5,724.5,4.19,4.1,121795,True
5181,ES,10,03,2025,5,paisaje naturaleza,actividades,deportes y aventuras,comunitat valenciana,alicante/alacant,5508.4,388.4,4.36,4.28,82424,True
5182,ES,10,46,2025,5,paisaje naturaleza,actividades,deportes y aventuras,comunitat valenciana,valencia/valencia,1900.0,50.0,4.23,4.15,90776,True
5183,ES,11,06,2025,5,paisaje naturaleza,actividades,deportes y aventuras,extremadura,badajoz,30547.0,432.33,4.4,4.29,1116,True
5184,ES,11,10,2025,5,paisaje naturaleza,actividades,deportes y aventuras,extremadura,caceres,21691.0,995.0,4.5,4.33,5814,True
5185,ES,12,15,2025,5,paisaje naturaleza,actividades,deportes y aventuras,galicia,a coruna,4329.0,962.0,4.39,4.21,18974,True
5186,ES,04,07,2025,5,paisaje naturaleza,actividades,deportes y aventuras,illes balears,illes balears,23279.33,1410.0,4.42,4.33,203636,True
5187,ES,17,26,2025,5,paisaje naturaleza,actividades,deportes y aventuras,la rioja,la rioja,336168.0,2001.0,4.4,4.31,18300,True
5188,ES,16,01,2025,5,paisaje naturaleza,actividades,deportes y aventuras,pais vasco,araba/alava,1163.5,89.5,4.66,4.41,11468,True
5189,ES,16,20,2025,5,paisaje naturaleza,actividades,deportes y aventuras,pais vasco,gipuzkoa,20475.0,1575.0,4.61,4.41,26976,True
5190,ES,03,33,2025,5,paisaje naturaleza,actividades,deportes y aventuras,principado de asturias,asturias,12882.0,9103.5,4.42,4.35,44006,True
5191,ES,14,30,2025,5,paisaje naturaleza,actividades,deportes y aventuras,region de murcia,murcia,620.0,155.0,4.4,4.2,2633,True
5192,ES,01,04,2025,5,comida y bebida,actividades,gastronomia,andalucia,almeria,320.0,160.0,5.0,4.19,6,True
5193,ES,01,11,2025,5,comida y bebida,actividades,gastronomia,andalucia,cadiz,91625.5,4031.5,4.57,4.26,47,True
5194,ES,01,18,2025,5,comida y bebida,actividades,gastronomia,andalucia,granada,32162.0,1237.0,4.81,4.37,771,True
5195,ES,01,29,2025,5,comida y bebida,actividades,gastronomia,andalucia,malaga,170995.0,1439.0,4.84,4.43,1395,True
5196,ES,01,41,2025,5,comida y bebida,actividades,gastronomia,andalucia,sevilla,111672.0,517.0,4.76,4.34,8170,True
5197,ES,02,50,2025,5,comida y bebida,actividades,gastronomia,aragon,zaragoza,127445.0,1795.0,4.03,4.21,35,True
5198,ES,05,35,2025,5,comida y bebida,actividades,gastronomia,canarias,las palmas,92778.0,987.0,3.71,4.28,443,True
5199,ES,08,02,2025,5,comida y bebida,actividades,gastronomia,castilla - la mancha,albacete,2700.0,90.0,4.88,4.15,33,True
5200,ES,07,49,2025,5,comida y bebida,actividades,gastronomia,castilla y leon,zamora,16362.0,1515.0,0.0,0.0,0,False
5201,ES,09,08,2025,5,comida y bebida,actividades,gastronomia,cataluna,barcelona,643209.5,2655.5,4.67,4.05,3911,True
5202,ES,09,43,2025,5,comida y bebida,actividades,gastronomia,cataluna,tarragona,2340.0,260.0,4.67,4.2,481,True
5203,ES,13,28,2025,5,comida y bebida,actividades,gastronomia,comunidad de madrid,madrid,133686.0,607.0,4.71,4.1,5856,True
5204,ES,10,03,2025,5,comida y bebida,actividades,gastronomia,comunitat valenciana,alicante/alacant,34818.0,1658.0,4.52,4.28,760,True
5205,ES,10,46,2025,5,comida y bebida,actividades,gastronomia,comunitat valenciana,valencia/valencia,83212.0,1300.0,4.79,4.15,369,True
5206,ES,12,15,2025,5,comida y bebida,actividades,gastronomia,galicia,a coruna,430.0,1075.0,4.21,4.21,75,True
5207,ES,04,07,2025,5,comida y bebida,actividades,gastronomia,illes balears,illes balears,25258.33,1590.5,4.86,4.33,2196,True
5208,ES,01,04,2025,5,vida nocturna,espectaculos,cine,andalucia,almeria,3936.0,615.0,3.72,4.19,5362,True
5209,ES,01,11,2025,5,vida nocturna,espectaculos,cine,andalucia,cadiz,85936.0,262.0,4.08,4.26,2343,True
5210,ES,01,41,2025,5,vida nocturna,espectaculos,cine,andalucia,sevilla,20988.0,583.0,4.05,4.34,39053,True
5211,ES,05,35,2025,5,vida nocturna,espectaculos,cine,canarias,las palmas,20124.0,1548.0,4.24,4.28,129544,True
5212,ES,08,02,2025,5,vida nocturna,espectaculos,cine,castilla - la mancha,albacete,20002.0,274.0,4.21,4.15,573,True
5213,ES,07,47,2025,5,vida nocturna,espectaculos,cine,castilla y leon,valladolid,2214.0,615.0,4.01,4.06,1293,True
5214,ES,09,08,2025,5,vida nocturna,espectaculos,cine,cataluna,barcelona,10623.5,687.25,3.95,4.05,119743,True
5215,ES,09,17,2025,5,vida nocturna,espectaculos,cine,cataluna,girona,500.0,50.0,3.8,4.24,12856,True
5216,ES,09,25,2025,5,vida nocturna,espectaculos,cine,cataluna,lleida,6240.0,120.0,3.84,4.27,1184,True
5217,ES,09,43,2025,5,vida nocturna,espectaculos,cine,cataluna,tarragona,5280.0,120.0,4.1,4.2,22730,True
5218,ES,13,28,2025,5,vida nocturna,espectaculos,cine,comunidad de madrid,madrid,159274.0,821.0,3.85,4.1,100430,True
5219,ES,10,03,2025,5,vida nocturna,espectaculos,cine,comunitat valenciana,alicante/alacant,950.0,50.0,4.03,4.28,84389,True
5220,ES,04,07,2025,5,vida nocturna,espectaculos,cine,illes balears,illes balears,1464.5,376.0,4.12,4.33,122452,True
5221,ES,16,20,2025,5,vida nocturna,espectaculos,cine,pais vasco,gipuzkoa,19552.0,154.0,4.14,4.41,5503,True
5222,ES,02,50,2025,5,otros,espectaculos,conferencias,aragon,zaragoza,23000.0,460.0,3.75,4.21,158,True
5223,ES,08,13,2025,5,otros,espectaculos,conferencias,castilla - la mancha,ciudad real,381134.0,14659.0,4.21,4.29,156,True
5224,ES,09,08,2025,5,otros,espectaculos,conferencias,cataluna,barcelona,5307.5,3076.5,3.9,4.05,2019,True
5225,ES,09,25,2025,5,otros,espectaculos,conferencias,cataluna,lleida,1440.0,72.0,3.88,4.27,79,True
5226,ES,09,43,2025,5,otros,espectaculos,conferencias,cataluna,tarragona,16666.0,8333.0,4.01,4.2,1769,True
5227,ES,13,28,2025,5,otros,espectaculos,conferencias,comunidad de madrid,madrid,1087668.0,2238.0,3.97,4.1,1624,True
5228,ES,10,46,2025,5,otros,espectaculos,conferencias,comunitat valenciana,valencia/valencia,28641.0,2284.0,4.49,4.15,621,True
5229,ES,12,36,2025,5,otros,espectaculos,conferencias,galicia,pontevedra,2312.0,578.0,4.43,4.17,119,True
5230,ES,04,07,2025,5,otros,espectaculos,conferencias,illes balears,illes balears,353736.0,2312.0,4.21,4.33,296,True
5231,ES,16,48,2025,5,otros,espectaculos,conferencias,pais vasco,bizkaia,731707.0,4489.0,4.87,4.31,794,True
5232,ES,03,33,2025,5,otros,espectaculos,conferencias,principado de asturias,asturias,2800.0,200.0,4.4,4.35,92,True
5233,ES,14,30,2025,5,otros,espectaculos,conferencias,region de murcia,murcia,5025.0,1005.0,3.14,4.2,7,True
5234,ES,01,04,2025,5,paisaje urbano,espectaculos,"cultura, teatro y danza",andalucia,almeria,672076.5,1747.0,4.25,4.19,14318,True
5235,ES,01,11,2025,5,paisaje urbano,espectaculos,"cultura, teatro y danza",andalucia,cadiz,61765.2,843.2,4.35,4.26,8809,True
5236,ES,01,14,2025,5,paisaje urbano,espectaculos,"cultura, teatro y danza",andalucia,cordoba,432075.5,1097.5,4.3,4.29,93962,True
5237,ES,01,18,2025,5,paisaje urbano,espectaculos,"cultura, teatro y danza",andalucia,granada,352626.67,896.67,4.35,4.37,153042,True
5238,ES,01,23,2025,5,paisaje urbano,espectaculos,"cultura, teatro y danza",andalucia,jaen,885521.0,1841.0,4.3,4.33,16236,True
5239,ES,01,29,2025,5,paisaje urbano,espectaculos,"cultura, teatro y danza",andalucia,malaga,279445.43,1411.29,4.43,4.43,158253,True
5240,ES,01,41,2025,5,paisaje urbano,espectaculos,"cultura, teatro y danza",andalucia,sevilla,609847.33,431.33,4.41,4.34,218279,True
5241,ES,02,22,2025,5,paisaje urbano,espectaculos,"cultura, teatro y danza",aragon,huesca,439510.0,643.33,4.12,4.25,10916,True
5242,ES,02,44,2025,5,paisaje urbano,espectaculos,"cultura, teatro y danza",aragon,teruel,30386.0,1601.5,4.27,4.28,11015,True
5243,ES,02,50,2025,5,paisaje urbano,espectaculos,"cultura, teatro y danza",aragon,zaragoza,791838.0,426.0,4.34,4.21,41352,True
5244,ES,05,35,2025,5,paisaje urbano,espectaculos,"cultura, teatro y danza",canarias,las palmas,261027.12,1109.25,4.27,4.28,51395,True
5245,ES,05,38,2025,5,paisaje urbano,espectaculos,"cultura, teatro y danza",canarias,santa cruz de tenerife,225836.38,923.75,4.28,4.26,66584,True
5246,ES,06,39,2025,5,paisaje urbano,espectaculos,"cultura, teatro y danza",cantabria,cantabria,19328.0,128.0,4.28,4.27,27507,True
5247,ES,08,02,2025,5,paisaje urbano,espectaculos,"cultura, teatro y danza",castilla - la mancha,albacete,62023.0,1078.2,4.09,4.15,3663,True
5248,ES,08,13,2025,5,paisaje urbano,espectaculos,"cultura, teatro y danza",castilla - la mancha,ciudad real,8792.0,1256.0,4.33,4.29,7266,True
5249,ES,08,45,2025,5,paisaje urbano,espectaculos,"cultura, teatro y danza",castilla - la mancha,toledo,2175399.0,2794.0,4.19,4.18,55769,True
5250,ES,07,37,2025,5,paisaje urbano,espectaculos,"cultura, teatro y danza",castilla y leon,salamanca,204842.25,454.5,4.24,4.17,31972,True
5251,ES,07,40,2025,5,paisaje urbano,espectaculos,"cultura, teatro y danza",castilla y leon,segovia,2850.0,150.0,4.12,4.07,27928,True
5252,ES,07,47,2025,5,paisaje urbano,espectaculos,"cultura, teatro y danza",castilla y leon,valladolid,119173.38,2389.38,4.14,4.06,13695,True
5253,ES,07,49,2025,5,paisaje urbano,espectaculos,"cultura, teatro y danza",castilla y leon,zamora,2120.0,40.0,4.19,4.17,5872,True
5254,ES,09,08,2025,5,paisaje urbano,espectaculos,"cultura, teatro y danza",cataluna,barcelona,1010812.47,926.59,4.07,4.05,732080,True
5255,ES,09,17,2025,5,paisaje urbano,espectaculos,"cultura, teatro y danza",cataluna,girona,26177.25,565.0,4.24,4.24,50915,True
5256,ES,09,25,2025,5,paisaje urbano,espectaculos,"cultura, teatro y danza",cataluna,lleida,9380.0,65.0,4.29,4.27,7171,True
5257,ES,09,43,2025,5,paisaje urbano,espectaculos,"cultura, teatro y danza",cataluna,tarragona,236725.71,2297.71,4.23,4.2,53439,True
5258,ES,18,51,2025,5,paisaje urbano,espectaculos,"cultura, teatro y danza",ceuta,ceuta,55022.0,902.0,0.0,0.0,0,False
5259,ES,13,28,2025,5,paisaje urbano,espectaculos,"cultura, teatro y danza",comunidad de madrid,madrid,157521.12,611.38,4.15,4.1,458466,True
5260,ES,15,31,2025,5,paisaje urbano,espectaculos,"cultura, teatro y danza",comunidad foral de navarra,navarra,272504.0,1481.0,4.25,4.23,19680,True
5261,ES,10,03,2025,5,paisaje urbano,espectaculos,"cultura, teatro y danza",comunitat valenciana,alicante/alacant,147319.57,759.71,4.28,4.28,67888,True
5262,ES,10,12,2025,5,paisaje urbano,espectaculos,"cultura, teatro y danza",comunitat valenciana,castellon/castello,280.0,140.0,4.14,4.2,13212,True
5263,ES,10,46,2025,5,paisaje urbano,espectaculos,"cultura, teatro y danza",comunitat valenciana,valencia/valencia,1431132.0,1205.0,4.25,4.15,114505,True
5264,ES,11,06,2025,5,paisaje urbano,espectaculos,"cultura, teatro y danza",extremadura,badajoz,4666.0,103.0,4.26,4.29,18348,True
5265,ES,11,10,2025,5,paisaje urbano,espectaculos,"cultura, teatro y danza",extremadura,caceres,140845.33,378.67,4.31,4.33,23514,True
5266,ES,12,15,2025,5,paisaje urbano,espectaculos,"cultura, teatro y danza",galicia,a coruna,138204.0,698.0,4.26,4.21,50198,True
5267,ES,12,36,2025,5,paisaje urbano,espectaculos,"cultura, teatro y danza",galicia,pontevedra,212695.0,935.5,4.07,4.17,15892,True
5268,ES,04,07,2025,5,paisaje urbano,espectaculos,"cultura, teatro y danza",illes balears,illes balears,98793.76,819.24,4.21,4.33,107418,True
5269,ES,17,26,2025,5,paisaje urbano,espectaculos,"cultura, teatro y danza",la rioja,la rioja,178882.5,2952.5,4.29,4.31,11493,True
5270,ES,16,01,2025,5,paisaje urbano,espectaculos,"cultura, teatro y danza",pais vasco,araba/alava,63725.67,401.0,4.46,4.41,7811,True
5271,ES,16,48,2025,5,paisaje urbano,espectaculos,"cultura, teatro y danza",pais vasco,bizkaia,324949.0,910.5,4.38,4.31,56425,True
5272,ES,16,20,2025,5,paisaje urbano,espectaculos,"cultura, teatro y danza",pais vasco,gipuzkoa,124451.14,614.71,4.43,4.41,26949,True
5273,ES,03,33,2025,5,paisaje urbano,espectaculos,"cultura, teatro y danza",principado de asturias,asturias,107688.0,1923.0,4.37,4.35,40762,True
5274,ES,14,30,2025,5,paisaje urbano,espectaculos,"cultura, teatro y danza",region de murcia,murcia,74240.0,831.0,4.32,4.2,9308,True
5275,ES,02,50,2025,5,compras,espectaculos,ferias,aragon,zaragoza,21320.0,520.0,4.41,4.21,3119,True
5276,ES,08,13,2025,5,compras,espectaculos,ferias,castilla - la mancha,ciudad real,381134.0,14659.0,4.64,4.29,147,True
5277,ES,09,08,2025,5,compras,espectaculos,ferias,cataluna,barcelona,3922.0,3922.0,3.75,4.05,95381,True
5278,ES,09,43,2025,5,compras,espectaculos,ferias,cataluna,tarragona,16666.0,8333.0,4.19,4.2,2200,True
5279,ES,13,28,2025,5,compras,espectaculos,ferias,comunidad de madrid,madrid,624084.0,1572.0,3.83,4.1,89796,True
5280,ES,10,46,2025,5,compras,espectaculos,ferias,comunitat valenciana,valencia/valencia,36702.0,4078.0,3.72,4.15,81279,True
5281,ES,16,48,2025,5,compras,espectaculos,ferias,pais vasco,bizkaia,731707.0,4489.0,3.8,4.31,694,True
5282,ES,01,41,2025,5,paisaje urbano,espectaculos,museo y exposiciones,andalucia,sevilla,83692.0,1372.0,4.41,4.34,218279,True
5283,ES,02,50,2025,5,paisaje urbano,espectaculos,museo y exposiciones,aragon,zaragoza,126727.0,353.0,4.34,4.21,41352,True
5284,ES,08,45,2025,5,paisaje urbano,espectaculos,museo y exposiciones,castilla - la mancha,toledo,16309.0,694.0,4.19,4.18,55769,True
5285,ES,07,37,2025,5,paisaje urbano,espectaculos,museo y exposiciones,castilla y leon,salamanca,103125.0,275.0,4.24,4.17,31972,True
5286,ES,07,47,2025,5,paisaje urbano,espectaculos,museo y exposiciones,castilla y leon,valladolid,16102.5,970.0,4.14,4.06,13695,True
5287,ES,09,08,2025,5,paisaje urbano,espectaculos,museo y exposiciones,cataluna,barcelona,46547.5,672.5,4.07,4.05,732080,True
5288,ES,10,46,2025,5,paisaje urbano,espectaculos,museo y exposiciones,comunitat valenciana,valencia/valencia,1324.0,662.0,4.25,4.15,114505,True
5289,ES,04,07,2025,5,paisaje urbano,espectaculos,museo y exposiciones,illes balears,illes balears,9778.0,760.0,4.21,4.33,107418,True
5290,ES,16,48,2025,5,paisaje urbano,espectaculos,museo y exposiciones,pais vasco,bizkaia,886626.0,1053.0,4.38,4.31,56425,True
5291,ES,01,04,2025,5,vida nocturna,espectaculos,musica,andalucia,almeria,104715.25,1216.0,3.72,4.19,5362,True
5292,ES,01,11,2025,5,vida nocturna,espectaculos,musica,andalucia,cadiz,19348.5,1066.83,4.08,4.26,2343,True
5293,ES,01,14,2025,5,vida nocturna,espectaculos,musica,andalucia,cordoba,159507.0,588.5,4.3,4.29,1908,True
5294,ES,01,18,2025,5,vida nocturna,espectaculos,musica,andalucia,granada,297754.0,1453.73,3.92,4.37,10900,True
5295,ES,01,23,2025,5,vida nocturna,espectaculos,musica,andalucia,jaen,24020.8,863.8,4.0,4.33,992,True
5296,ES,01,29,2025,5,vida nocturna,espectaculos,musica,andalucia,malaga,546571.38,1268.75,4.3,4.43,56036,True
5297,ES,01,41,2025,5,vida nocturna,espectaculos,musica,andalucia,sevilla,727259.2,1660.6,4.05,4.34,39053,True
5298,ES,02,22,2025,5,vida nocturna,espectaculos,musica,aragon,huesca,238611.67,775.67,3.85,4.25,1293,True
5299,ES,02,44,2025,5,vida nocturna,espectaculos,musica,aragon,teruel,244942.5,1549.25,4.35,4.28,950,True
5300,ES,02,50,2025,5,vida nocturna,espectaculos,musica,aragon,zaragoza,129620.29,1022.57,3.75,4.21,1614,True
5301,ES,05,35,2025,5,vida nocturna,espectaculos,musica,canarias,las palmas,751811.86,1289.0,4.24,4.28,129544,True
5302,ES,05,38,2025,5,vida nocturna,espectaculos,musica,canarias,santa cruz de tenerife,469693.0,2075.17,4.06,4.26,62671,True
5303,ES,06,39,2025,5,vida nocturna,espectaculos,musica,cantabria,cantabria,46511.5,1304.5,4.02,4.27,5819,True
5304,ES,08,02,2025,5,vida nocturna,espectaculos,musica,castilla - la mancha,albacete,76670.0,745.5,4.21,4.15,573,True
5305,ES,08,13,2025,5,vida nocturna,espectaculos,musica,castilla - la mancha,ciudad real,46473.75,650.0,4.17,4.29,385,True
5306,ES,08,16,2025,5,vida nocturna,espectaculos,musica,castilla - la mancha,cuenca,69382.5,809.5,3.91,4.19,760,True
5307,ES,08,19,2025,5,vida nocturna,espectaculos,musica,castilla - la mancha,guadalajara,47143.67,871.0,3.23,4.04,447,True
5308,ES,08,45,2025,5,vida nocturna,espectaculos,musica,castilla - la mancha,toledo,336178.5,1712.75,3.99,4.18,434,True
5309,ES,07,09,2025,5,vida nocturna,espectaculos,musica,castilla y leon,burgos,139218.67,3247.33,3.95,4.28,970,True
5310,ES,07,24,2025,5,vida nocturna,espectaculos,musica,castilla y leon,leon,70866.0,1508.5,3.97,4.21,1480,True
5311,ES,07,34,2025,5,vida nocturna,espectaculos,musica,castilla y leon,palencia,9285.5,1331.0,4.23,4.35,379,True
5312,ES,07,37,2025,5,vida nocturna,espectaculos,musica,castilla y leon,salamanca,102000.33,1547.33,3.66,4.17,3701,True
5313,ES,07,40,2025,5,vida nocturna,espectaculos,musica,castilla y leon,segovia,154533.0,2599.5,3.91,4.07,263,True
5314,ES,07,42,2025,5,vida nocturna,espectaculos,musica,castilla y leon,soria,38865.0,840.0,4.2,3.97,154,True
5315,ES,07,47,2025,5,vida nocturna,espectaculos,musica,castilla y leon,valladolid,715429.5,1732.0,4.01,4.06,1293,True
5316,ES,07,49,2025,5,vida nocturna,espectaculos,musica,castilla y leon,zamora,44653.5,1636.0,4.27,4.17,462,True
5317,ES,09,08,2025,5,vida nocturna,espectaculos,musica,cataluna,barcelona,900814.74,1369.26,3.95,4.05,119743,True
5318,ES,09,17,2025,5,vida nocturna,espectaculos,musica,cataluna,girona,463274.95,1974.67,3.8,4.24,12856,True
5319,ES,09,25,2025,5,vida nocturna,espectaculos,musica,cataluna,lleida,228644.2,1564.0,3.84,4.27,1184,True
5320,ES,09,43,2025,5,vida nocturna,espectaculos,musica,cataluna,tarragona,142683.38,741.31,4.1,4.2,22730,True
5321,ES,13,28,2025,5,vida nocturna,espectaculos,musica,comunidad de madrid,madrid,3618397.67,1549.56,3.85,4.1,100430,True
5322,ES,15,31,2025,5,vida nocturna,espectaculos,musica,comunidad foral de navarra,navarra,887328.57,1399.57,3.72,4.23,2565,True
5323,ES,10,03,2025,5,vida nocturna,espectaculos,musica,comunitat valenciana,alicante/alacant,98016.5,1548.0,4.03,4.28,84389,True
5324,ES,10,12,2025,5,vida nocturna,espectaculos,musica,comunitat valenciana,castellon/castello,65158.6,1062.0,3.88,4.2,2406,True
5325,ES,10,46,2025,5,vida nocturna,espectaculos,musica,comunitat valenciana,valencia/valencia,338757.57,1187.21,3.72,4.15,9307,True
5326,ES,11,06,2025,5,vida nocturna,espectaculos,musica,extremadura,badajoz,199260.5,1283.0,4.31,4.29,2109,True
5327,ES,11,10,2025,5,vida nocturna,espectaculos,musica,extremadura,caceres,197639.33,1842.67,3.95,4.33,1377,True
5328,ES,12,15,2025,5,vida nocturna,espectaculos,musica,galicia,a coruna,348543.0,849.43,3.74,4.21,5653,True
5329,ES,12,27,2025,5,vida nocturna,espectaculos,musica,galicia,lugo,72177.0,1473.0,4.18,4.28,502,True
5330,ES,12,32,2025,5,vida nocturna,espectaculos,musica,galicia,ourense,3078.0,1557.33,3.7,4.15,660,True
5331,ES,12,36,2025,5,vida nocturna,espectaculos,musica,galicia,pontevedra,137949.14,1062.14,4.0,4.17,3092,True
5332,ES,04,07,2025,5,vida nocturna,espectaculos,musica,illes balears,illes balears,780080.21,1519.64,4.12,4.33,122452,True
5333,ES,17,26,2025,5,vida nocturna,espectaculos,musica,la rioja,la rioja,46318.67,929.67,3.69,4.31,1866,True
5334,ES,16,01,2025,5,vida nocturna,espectaculos,musica,pais vasco,araba/alava,162183.5,690.5,3.82,4.41,1138,True
5335,ES,16,48,2025,5,vida nocturna,espectaculos,musica,pais vasco,bizkaia,434636.6,1143.2,4.21,4.31,5615,True
5336,ES,16,20,2025,5,vida nocturna,espectaculos,musica,pais vasco,gipuzkoa,194767.57,1598.29,4.14,4.41,5503,True
5337,ES,03,33,2025,5,vida nocturna,espectaculos,musica,principado de asturias,asturias,1170054.5,3999.25,4.18,4.35,9626,True
5338,ES,14,30,2025,5,vida nocturna,espectaculos,musica,region de murcia,murcia,226720.75,1031.25,3.62,4.2,1488,True
5339,ES,01,04,2025,5,vida nocturna,espectaculos,musicales,andalucia,almeria,194886.0,1203.0,3.72,4.19,5362,True
5340,ES,01,11,2025,5,vida nocturna,espectaculos,musicales,andalucia,cadiz,73876.0,803.0,4.08,4.26,2343,True
5341,ES,01,14,2025,5,vida nocturna,espectaculos,musicales,andalucia,cordoba,148097.0,1081.0,4.3,4.29,1908,True
5342,ES,01,18,2025,5,vida nocturna,espectaculos,musicales,andalucia,granada,171994.5,458.5,3.92,4.37,10900,True
5343,ES,01,23,2025,5,vida nocturna,espectaculos,musicales,andalucia,jaen,79101.0,1683.0,4.0,4.33,992,True
5344,ES,01,29,2025,5,vida nocturna,espectaculos,musicales,andalucia,malaga,1700.0,100.0,4.3,4.43,56036,True
5345,ES,01,41,2025,5,vida nocturna,espectaculos,musicales,andalucia,sevilla,421138.0,3074.0,4.05,4.34,39053,True
5346,ES,02,22,2025,5,vida nocturna,espectaculos,musicales,aragon,huesca,1299675.0,775.0,3.85,4.25,1293,True
5347,ES,02,50,2025,5,vida nocturna,espectaculos,musicales,aragon,zaragoza,180264.0,696.0,3.75,4.21,1614,True
5348,ES,05,35,2025,5,vida nocturna,espectaculos,musicales,canarias,las palmas,111010.0,760.0,4.24,4.28,129544,True
5349,ES,05,38,2025,5,vida nocturna,espectaculos,musicales,canarias,santa cruz de tenerife,5840.0,170.0,4.06,4.26,62671,True
5350,ES,08,02,2025,5,vida nocturna,espectaculos,musicales,castilla - la mancha,albacete,41418.0,118.0,4.21,4.15,573,True
5351,ES,07,37,2025,5,vida nocturna,espectaculos,musicales,castilla y leon,salamanca,7665.0,1533.0,3.66,4.17,3701,True
5352,ES,07,47,2025,5,vida nocturna,espectaculos,musicales,castilla y leon,valladolid,13139.5,1105.5,4.01,4.06,1293,True
5353,ES,09,08,2025,5,vida nocturna,espectaculos,musicales,cataluna,barcelona,712208.67,1522.67,3.95,4.05,119743,True
5354,ES,09,17,2025,5,vida nocturna,espectaculos,musicales,cataluna,girona,43637.5,440.0,3.8,4.24,12856,True
5355,ES,13,28,2025,5,vida nocturna,espectaculos,musicales,comunidad de madrid,madrid,103491.0,544.5,3.85,4.1,100430,True
5356,ES,10,03,2025,5,vida nocturna,espectaculos,musicales,comunitat valenciana,alicante/alacant,12761.0,118.0,4.03,4.28,84389,True
5357,ES,10,46,2025,5,vida nocturna,espectaculos,musicales,comunitat valenciana,valencia/valencia,40255.0,97.0,3.72,4.15,9307,True
5358,ES,11,06,2025,5,vida nocturna,espectaculos,musicales,extremadura,badajoz,9152.0,176.0,4.31,4.29,2109,True
5359,ES,11,10,2025,5,vida nocturna,espectaculos,musicales,extremadura,caceres,50851.0,1205.0,3.95,4.33,1377,True
5360,ES,04,07,2025,5,vida nocturna,espectaculos,musicales,illes balears,illes balears,320355.0,945.0,4.12,4.33,122452,True
5361,ES,14,30,2025,5,vida nocturna,espectaculos,musicales,region de murcia,murcia,38661.5,563.0,3.62,4.2,1488,True
5362,ES,01,04,2025,6,paisaje naturaleza,actividades,actividades infantiles,andalucia,almeria,21736.0,572.0,4.32,4.19,23376,True
5363,ES,01,11,2025,6,paisaje naturaleza,actividades,actividades infantiles,andalucia,cadiz,35298.0,1961.0,4.27,4.26,12350,True
5364,ES,01,18,2025,6,paisaje naturaleza,actividades,actividades infantiles,andalucia,granada,179366.0,2893.0,4.52,4.37,18492,True
5365,ES,01,21,2025,6,paisaje naturaleza,actividades,actividades infantiles,andalucia,huelva,10270.0,1364.0,4.12,4.11,8396,True
5366,ES,01,29,2025,6,paisaje naturaleza,actividades,actividades infantiles,andalucia,malaga,3217.5,258.75,4.44,4.43,109648,True
5367,ES,01,41,2025,6,paisaje naturaleza,actividades,actividades infantiles,andalucia,sevilla,52865.5,2113.0,4.47,4.34,21476,True
5368,ES,02,22,2025,6,paisaje naturaleza,actividades,actividades infantiles,aragon,huesca,240.0,120.0,4.56,4.25,17445,True
5369,ES,02,50,2025,6,paisaje naturaleza,actividades,actividades infantiles,aragon,zaragoza,50026.0,772.67,4.36,4.21,5888,True
5370,ES,05,38,2025,6,paisaje naturaleza,actividades,actividades infantiles,canarias,santa cruz de tenerife,1914.0,319.0,4.31,4.26,190067,True
5371,ES,06,39,2025,6,paisaje naturaleza,actividades,actividades infantiles,cantabria,cantabria,28808.0,1108.0,4.36,4.27,37946,True
5372,ES,08,02,2025,6,paisaje naturaleza,actividades,actividades infantiles,castilla - la mancha,albacete,885162.0,1954.0,4.38,4.15,3169,True
5373,ES,08,13,2025,6,paisaje naturaleza,actividades,actividades infantiles,castilla - la mancha,ciudad real,11160.0,124.0,4.36,4.29,3026,True
5374,ES,08,45,2025,6,paisaje naturaleza,actividades,actividades infantiles,castilla - la mancha,toledo,61390.33,1729.0,4.16,4.18,1715,True
5375,ES,07,09,2025,6,paisaje naturaleza,actividades,actividades infantiles,castilla y leon,burgos,35931.0,609.0,4.44,4.28,6285,True
5376,ES,07,24,2025,6,paisaje naturaleza,actividades,actividades infantiles,castilla y leon,leon,8841.0,1263.0,4.52,4.21,4506,True
5377,ES,07,34,2025,6,paisaje naturaleza,actividades,actividades infantiles,castilla y leon,palencia,2346.0,69.0,4.36,4.35,398,True
5378,ES,07,37,2025,6,paisaje naturaleza,actividades,actividades infantiles,castilla y leon,salamanca,8624.0,176.0,4.39,4.17,3319,True
5379,ES,07,47,2025,6,paisaje naturaleza,actividades,actividades infantiles,castilla y leon,valladolid,25149.0,1198.33,4.18,4.06,8696,True
5380,ES,09,08,2025,6,paisaje naturaleza,actividades,actividades infantiles,cataluna,barcelona,91000.62,994.31,4.13,4.05,200444,True
5381,ES,09,17,2025,6,paisaje naturaleza,actividades,actividades infantiles,cataluna,girona,78078.0,1001.0,4.38,4.24,61683,True
5382,ES,09,25,2025,6,paisaje naturaleza,actividades,actividades infantiles,cataluna,lleida,1140.0,30.0,4.38,4.27,9898,True
5383,ES,13,28,2025,6,paisaje naturaleza,actividades,actividades infantiles,comunidad de madrid,madrid,498452.5,1070.0,4.19,4.1,121795,True
5384,ES,15,31,2025,6,paisaje naturaleza,actividades,actividades infantiles,comunidad foral de navarra,navarra,36314.5,1292.5,4.33,4.23,7007,True
5385,ES,10,03,2025,6,paisaje naturaleza,actividades,actividades infantiles,comunitat valenciana,alicante/alacant,13426.0,1918.0,4.36,4.28,82424,True
5386,ES,10,46,2025,6,paisaje naturaleza,actividades,actividades infantiles,comunitat valenciana,valencia/valencia,249394.33,1472.33,4.23,4.15,90776,True
5387,ES,11,06,2025,6,paisaje naturaleza,actividades,actividades infantiles,extremadura,badajoz,53588.67,3254.0,4.4,4.29,1116,True
5388,ES,11,10,2025,6,paisaje naturaleza,actividades,actividades infantiles,extremadura,caceres,85496.0,2705.5,4.5,4.33,5814,True
5389,ES,12,15,2025,6,paisaje naturaleza,actividades,actividades infantiles,galicia,a coruna,18864.0,996.0,4.39,4.21,18974,True
5390,ES,12,36,2025,6,paisaje naturaleza,actividades,actividades infantiles,galicia,pontevedra,540.0,675.0,4.29,4.17,15699,True
5391,ES,04,07,2025,6,paisaje naturaleza,actividades,actividades infantiles,illes balears,illes balears,205970.0,1497.8,4.42,4.33,203636,True
5392,ES,16,01,2025,6,paisaje naturaleza,actividades,actividades infantiles,pais vasco,araba/alava,13170.0,654.0,4.66,4.41,11468,True
5393,ES,16,48,2025,6,paisaje naturaleza,actividades,actividades infantiles,pais vasco,bizkaia,708777.0,17419.0,4.38,4.31,7925,True
5394,ES,16,20,2025,6,paisaje naturaleza,actividades,actividades infantiles,pais vasco,gipuzkoa,15932.0,681.33,4.61,4.41,26976,True
5395,ES,03,33,2025,6,paisaje naturaleza,actividades,actividades infantiles,principado de asturias,asturias,3430.0,343.0,4.42,4.35,44006,True
5396,ES,14,30,2025,6,paisaje naturaleza,actividades,actividades infantiles,region de murcia,murcia,50367.0,103.0,4.4,4.2,2633,True
5397,ES,01,29,2025,6,servicios,actividades,cursos,andalucia,malaga,65481.0,299.0,4.62,4.43,51898,True
5398,ES,01,41,2025,6,servicios,actividades,cursos,andalucia,sevilla,31978.0,542.0,4.06,4.34,4859,True
5399,ES,02,22,2025,6,servicios,actividades,cursos,aragon,huesca,3750.0,250.0,4.88,4.25,533,True
5400,ES,02,50,2025,6,servicios,actividades,cursos,aragon,zaragoza,349376.0,5459.0,4.05,4.21,61,True
5401,ES,05,35,2025,6,servicios,actividades,cursos,canarias,las palmas,38373.0,1217.67,3.72,4.28,2863,True
5402,ES,05,38,2025,6,servicios,actividades,cursos,canarias,santa cruz de tenerife,3520.0,110.0,3.86,4.26,3753,True
5403,ES,09,08,2025,6,servicios,actividades,cursos,cataluna,barcelona,358074.17,1608.17,4.03,4.05,159935,True
5404,ES,09,17,2025,6,servicios,actividades,cursos,cataluna,girona,400.0,200.0,3.82,4.24,1146,True
5405,ES,09,43,2025,6,servicios,actividades,cursos,cataluna,tarragona,35908.0,5232.0,3.44,4.2,9269,True
5406,ES,13,28,2025,6,servicios,actividades,cursos,comunidad de madrid,madrid,55924.0,5052.0,3.92,4.1,42370,True
5407,ES,10,46,2025,6,servicios,actividades,cursos,comunitat valenciana,valencia/valencia,16184.0,1544.0,4.56,4.15,7124,True
5408,ES,12,15,2025,6,servicios,actividades,cursos,galicia,a coruna,450.0,30.0,4.04,4.21,605,True
5409,ES,04,07,2025,6,servicios,actividades,cursos,illes balears,illes balears,27409.0,1748.83,4.23,4.33,46354,True
5410,ES,16,01,2025,6,servicios,actividades,cursos,pais vasco,araba/alava,600.0,100.0,5.0,4.41,18,True
5411,ES,16,48,2025,6,servicios,actividades,cursos,pais vasco,bizkaia,2750.0,550.0,4.03,4.31,13509,True
5412,ES,14,30,2025,6,servicios,actividades,cursos,region de murcia,murcia,65868.0,1996.0,2.83,4.2,6,True
5413,ES,01,21,2025,6,paisaje naturaleza,actividades,deportes y aventuras,andalucia,huelva,2942.0,1471.0,4.12,4.11,8396,True
5414,ES,01,29,2025,6,paisaje naturaleza,actividades,deportes y aventuras,andalucia,malaga,6306.0,2102.0,4.44,4.43,109648,True
5415,ES,02,44,2025,6,paisaje naturaleza,actividades,deportes y aventuras,aragon,teruel,269982.0,2547.0,4.32,4.28,3578,True
5416,ES,02,50,2025,6,paisaje naturaleza,actividades,deportes y aventuras,aragon,zaragoza,158268.0,1930.5,4.36,4.21,5888,True
5417,ES,05,38,2025,6,paisaje naturaleza,actividades,deportes y aventuras,canarias,santa cruz de tenerife,21574.0,276.0,4.31,4.26,190067,True
5418,ES,08,02,2025,6,paisaje naturaleza,actividades,deportes y aventuras,castilla - la mancha,albacete,67541.0,3973.0,4.38,4.15,3169,True
5419,ES,07,34,2025,6,paisaje naturaleza,actividades,deportes y aventuras,castilla y leon,palencia,350.0,350.0,4.36,4.35,398,True
5420,ES,07,37,2025,6,paisaje naturaleza,actividades,deportes y aventuras,castilla y leon,salamanca,6608.0,413.0,4.39,4.17,3319,True
5421,ES,07,42,2025,6,paisaje naturaleza,actividades,deportes y aventuras,castilla y leon,soria,1800.0,1800.0,4.14,3.97,2792,True
5422,ES,07,47,2025,6,paisaje naturaleza,actividades,deportes y aventuras,castilla y leon,valladolid,31129.25,2232.0,4.18,4.06,8696,True
5423,ES,09,08,2025,6,paisaje naturaleza,actividades,deportes y aventuras,cataluna,barcelona,112066.29,662.29,4.13,4.05,200444,True
5424,ES,09,17,2025,6,paisaje naturaleza,actividades,deportes y aventuras,cataluna,girona,5705.0,707.0,4.38,4.24,61683,True
5425,ES,09,43,2025,6,paisaje naturaleza,actividades,deportes y aventuras,cataluna,tarragona,2329.0,293.5,4.26,4.2,33701,True
5426,ES,13,28,2025,6,paisaje naturaleza,actividades,deportes y aventuras,comunidad de madrid,madrid,68468.0,1089.33,4.19,4.1,121795,True
5427,ES,15,31,2025,6,paisaje naturaleza,actividades,deportes y aventuras,comunidad foral de navarra,navarra,124236.0,4284.0,4.33,4.23,7007,True
5428,ES,10,03,2025,6,paisaje naturaleza,actividades,deportes y aventuras,comunitat valenciana,alicante/alacant,26545.5,408.5,4.36,4.28,82424,True
5429,ES,10,46,2025,6,paisaje naturaleza,actividades,deportes y aventuras,comunitat valenciana,valencia/valencia,227448.0,4374.0,4.23,4.15,90776,True
5430,ES,11,06,2025,6,paisaje naturaleza,actividades,deportes y aventuras,extremadura,badajoz,319160.67,1910.67,4.4,4.29,1116,True
5431,ES,11,10,2025,6,paisaje naturaleza,actividades,deportes y aventuras,extremadura,caceres,470704.0,1898.0,4.5,4.33,5814,True
5432,ES,12,15,2025,6,paisaje naturaleza,actividades,deportes y aventuras,galicia,a coruna,40341.0,791.0,4.39,4.21,18974,True
5433,ES,04,07,2025,6,paisaje naturaleza,actividades,deportes y aventuras,illes balears,illes balears,181575.0,807.0,4.42,4.33,203636,True
5434,ES,17,26,2025,6,paisaje naturaleza,actividades,deportes y aventuras,la rioja,la rioja,6021.0,2007.0,4.4,4.31,18300,True
5435,ES,16,01,2025,6,paisaje naturaleza,actividades,deportes y aventuras,pais vasco,araba/alava,10253.5,499.0,4.66,4.41,11468,True
5436,ES,16,20,2025,6,paisaje naturaleza,actividades,deportes y aventuras,pais vasco,gipuzkoa,58275.0,1575.0,4.61,4.41,26976,True
5437,ES,03,33,2025,6,paisaje naturaleza,actividades,deportes y aventuras,principado de asturias,asturias,5048.0,2704.5,4.42,4.35,44006,True
5438,ES,14,30,2025,6,paisaje naturaleza,actividades,deportes y aventuras,region de murcia,murcia,5044.0,194.0,4.4,4.2,2633,True
5439,ES,01,04,2025,6,comida y bebida,actividades,gastronomia,andalucia,almeria,516.0,129.0,5.0,4.19,6,True
5440,ES,01,11,2025,6,comida y bebida,actividades,gastronomia,andalucia,cadiz,561773.5,3695.5,4.57,4.26,47,True
5441,ES,01,29,2025,6,comida y bebida,actividades,gastronomia,andalucia,malaga,97710.0,1392.0,4.84,4.43,1395,True
5442,ES,01,41,2025,6,comida y bebida,actividades,gastronomia,andalucia,sevilla,111944.0,1999.0,4.76,4.34,8170,True
5443,ES,02,22,2025,6,comida y bebida,actividades,gastronomia,aragon,huesca,240.0,120.0,4.6,4.25,40,True
5444,ES,02,50,2025,6,comida y bebida,actividades,gastronomia,aragon,zaragoza,9970.0,3988.0,4.03,4.21,35,True
5445,ES,05,35,2025,6,comida y bebida,actividades,gastronomia,canarias,las palmas,300.0,100.0,3.71,4.28,443,True
5446,ES,05,38,2025,6,comida y bebida,actividades,gastronomia,canarias,santa cruz de tenerife,49056.0,1022.0,4.31,4.26,72,True
5447,ES,06,39,2025,6,comida y bebida,actividades,gastronomia,cantabria,cantabria,28808.0,1108.0,4.65,4.27,26,True
5448,ES,08,02,2025,6,comida y bebida,actividades,gastronomia,castilla - la mancha,albacete,35779.0,967.0,4.88,4.15,33,True
5449,ES,07,49,2025,6,comida y bebida,actividades,gastronomia,castilla y leon,zamora,126034.0,1537.0,0.0,0.0,0,False
5450,ES,09,08,2025,6,comida y bebida,actividades,gastronomia,cataluna,barcelona,153458.14,1171.71,4.67,4.05,3911,True
5451,ES,09,17,2025,6,comida y bebida,actividades,gastronomia,cataluna,girona,41551.67,1010.67,4.57,4.24,183,True
5452,ES,09,43,2025,6,comida y bebida,actividades,gastronomia,cataluna,tarragona,242358.0,2606.0,4.67,4.2,481,True
5453,ES,13,28,2025,6,comida y bebida,actividades,gastronomia,comunidad de madrid,madrid,675716.0,1046.0,4.71,4.1,5856,True
5454,ES,15,31,2025,6,comida y bebida,actividades,gastronomia,comunidad foral de navarra,navarra,56987.0,1163.0,4.63,4.23,135,True
5455,ES,10,03,2025,6,comida y bebida,actividades,gastronomia,comunitat valenciana,alicante/alacant,34858.0,2404.0,4.52,4.28,760,True
5456,ES,04,07,2025,6,comida y bebida,actividades,gastronomia,illes balears,illes balears,530415.25,1812.25,4.86,4.33,2196,True
5457,ES,16,01,2025,6,comida y bebida,actividades,gastronomia,pais vasco,araba/alava,26075.0,1043.0,4.37,4.41,303,True
5458,ES,01,04,2025,6,vida nocturna,espectaculos,cine,andalucia,almeria,26818.0,583.0,3.72,4.19,5362,True
5459,ES,01,29,2025,6,vida nocturna,espectaculos,cine,andalucia,malaga,20000.0,100.0,4.3,4.43,56036,True
5460,ES,01,41,2025,6,vida nocturna,espectaculos,cine,andalucia,sevilla,6463.0,562.0,4.05,4.34,39053,True
5461,ES,08,45,2025,6,vida nocturna,espectaculos,cine,castilla - la mancha,toledo,358834.0,1349.0,3.99,4.18,434,True
5462,ES,07,47,2025,6,vida nocturna,espectaculos,cine,castilla y leon,valladolid,11865.0,709.0,4.01,4.06,1293,True
5463,ES,09,08,2025,6,vida nocturna,espectaculos,cine,cataluna,barcelona,65347.0,1408.0,3.95,4.05,119743,True
5464,ES,13,28,2025,6,vida nocturna,espectaculos,cine,comunidad de madrid,madrid,9380.0,140.0,3.85,4.1,100430,True
5465,ES,10,03,2025,6,vida nocturna,espectaculos,cine,comunitat valenciana,alicante/alacant,350.0,50.0,4.03,4.28,84389,True
5466,ES,12,15,2025,6,vida nocturna,espectaculos,cine,galicia,a coruna,2158.0,83.0,3.74,4.21,5653,True
5467,ES,04,07,2025,6,vida nocturna,espectaculos,cine,illes balears,illes balears,3986.5,410.0,4.12,4.33,122452,True
5468,ES,16,20,2025,6,vida nocturna,espectaculos,cine,pais vasco,gipuzkoa,5646.0,309.0,4.14,4.41,5503,True
5469,ES,01,04,2025,6,otros,espectaculos,conferencias,andalucia,almeria,550476.0,6796.0,4.31,4.19,238,True
5470,ES,02,50,2025,6,otros,espectaculos,conferencias,aragon,zaragoza,26404.0,3772.0,3.75,4.21,158,True
5471,ES,08,13,2025,6,otros,espectaculos,conferencias,castilla - la mancha,ciudad real,169404.0,14117.0,4.21,4.29,156,True
5472,ES,09,08,2025,6,otros,espectaculos,conferencias,cataluna,barcelona,64152.0,1188.0,3.9,4.05,2019,True
5473,ES,09,25,2025,6,otros,espectaculos,conferencias,cataluna,lleida,10320.0,120.0,3.88,4.27,79,True
5474,ES,09,43,2025,6,otros,espectaculos,conferencias,cataluna,tarragona,4068.0,452.0,4.01,4.2,1769,True
5475,ES,13,28,2025,6,otros,espectaculos,conferencias,comunidad de madrid,madrid,58733.0,2195.5,3.97,4.1,1624,True
5476,ES,10,46,2025,6,otros,espectaculos,conferencias,comunitat valenciana,valencia/valencia,23283.0,9804.0,4.49,4.15,621,True
5477,ES,12,15,2025,6,otros,espectaculos,conferencias,galicia,a coruna,9875.0,1975.0,4.09,4.21,200,True
5478,ES,12,36,2025,6,otros,espectaculos,conferencias,galicia,pontevedra,540.0,675.0,4.43,4.17,119,True
5479,ES,04,07,2025,6,otros,espectaculos,conferencias,illes balears,illes balears,116058.0,4002.0,4.21,4.33,296,True
5480,ES,16,48,2025,6,otros,espectaculos,conferencias,pais vasco,bizkaia,21964.0,323.0,4.87,4.31,794,True
5481,ES,01,04,2025,6,paisaje urbano,espectaculos,"cultura, teatro y danza",andalucia,almeria,792495.5,1965.5,4.25,4.19,14318,True
5482,ES,01,11,2025,6,paisaje urbano,espectaculos,"cultura, teatro y danza",andalucia,cadiz,117926.6,2336.8,4.35,4.26,8809,True
5483,ES,01,14,2025,6,paisaje urbano,espectaculos,"cultura, teatro y danza",andalucia,cordoba,662285.0,1495.0,4.3,4.29,93962,True
5484,ES,01,18,2025,6,paisaje urbano,espectaculos,"cultura, teatro y danza",andalucia,granada,2274448.0,4894.67,4.35,4.37,153042,True
5485,ES,01,21,2025,6,paisaje urbano,espectaculos,"cultura, teatro y danza",andalucia,huelva,17598.0,1257.0,4.23,4.11,9984,True
5486,ES,01,23,2025,6,paisaje urbano,espectaculos,"cultura, teatro y danza",andalucia,jaen,2800.0,350.0,4.3,4.33,16236,True
5487,ES,01,29,2025,6,paisaje urbano,espectaculos,"cultura, teatro y danza",andalucia,malaga,56948.5,1805.75,4.43,4.43,158253,True
5488,ES,01,41,2025,6,paisaje urbano,espectaculos,"cultura, teatro y danza",andalucia,sevilla,563121.33,1013.0,4.41,4.34,218279,True
5489,ES,02,22,2025,6,paisaje urbano,espectaculos,"cultura, teatro y danza",aragon,huesca,26861.2,559.6,4.12,4.25,10916,True
5490,ES,02,44,2025,6,paisaje urbano,espectaculos,"cultura, teatro y danza",aragon,teruel,319.0,1595.0,4.27,4.28,11015,True
5491,ES,02,50,2025,6,paisaje urbano,espectaculos,"cultura, teatro y danza",aragon,zaragoza,233542.75,675.25,4.34,4.21,41352,True
5492,ES,05,35,2025,6,paisaje urbano,espectaculos,"cultura, teatro y danza",canarias,las palmas,104650.33,395.0,4.27,4.28,51395,True
5493,ES,05,38,2025,6,paisaje urbano,espectaculos,"cultura, teatro y danza",canarias,santa cruz de tenerife,93900.4,971.8,4.28,4.26,66584,True
5494,ES,06,39,2025,6,paisaje urbano,espectaculos,"cultura, teatro y danza",cantabria,cantabria,5590.0,1075.0,4.28,4.27,27507,True
5495,ES,08,02,2025,6,paisaje urbano,espectaculos,"cultura, teatro y danza",castilla - la mancha,albacete,61495.0,1056.33,4.09,4.15,3663,True
5496,ES,08,13,2025,6,paisaje urbano,espectaculos,"cultura, teatro y danza",castilla - la mancha,ciudad real,21144.0,1762.0,4.33,4.29,7266,True
5497,ES,08,16,2025,6,paisaje urbano,espectaculos,"cultura, teatro y danza",castilla - la mancha,cuenca,540.0,60.0,4.27,4.19,13771,True
5498,ES,08,19,2025,6,paisaje urbano,espectaculos,"cultura, teatro y danza",castilla - la mancha,guadalajara,231249.5,1229.0,4.18,4.04,6159,True
5499,ES,08,45,2025,6,paisaje urbano,espectaculos,"cultura, teatro y danza",castilla - la mancha,toledo,689680.0,2283.33,4.19,4.18,55769,True
5500,ES,07,37,2025,6,paisaje urbano,espectaculos,"cultura, teatro y danza",castilla y leon,salamanca,17385.0,172.5,4.24,4.17,31972,True
5501,ES,07,47,2025,6,paisaje urbano,espectaculos,"cultura, teatro y danza",castilla y leon,valladolid,135524.67,1094.67,4.14,4.06,13695,True
5502,ES,09,08,2025,6,paisaje urbano,espectaculos,"cultura, teatro y danza",cataluna,barcelona,941731.57,1377.29,4.07,4.05,732080,True
5503,ES,09,17,2025,6,paisaje urbano,espectaculos,"cultura, teatro y danza",cataluna,girona,6607.33,215.0,4.24,4.24,50915,True
5504,ES,09,25,2025,6,paisaje urbano,espectaculos,"cultura, teatro y danza",cataluna,lleida,3977.0,326.6,4.29,4.27,7171,True
5505,ES,09,43,2025,6,paisaje urbano,espectaculos,"cultura, teatro y danza",cataluna,tarragona,1932.5,187.5,4.23,4.2,53439,True
5506,ES,18,51,2025,6,paisaje urbano,espectaculos,"cultura, teatro y danza",ceuta,ceuta,3600.0,90.0,0.0,0.0,0,False
5507,ES,13,28,2025,6,paisaje urbano,espectaculos,"cultura, teatro y danza",comunidad de madrid,madrid,81302.33,366.33,4.15,4.1,458466,True
5508,ES,10,03,2025,6,paisaje urbano,espectaculos,"cultura, teatro y danza",comunitat valenciana,alicante/alacant,145984.5,3405.75,4.28,4.28,67888,True
5509,ES,10,12,2025,6,paisaje urbano,espectaculos,"cultura, teatro y danza",comunitat valenciana,castellon/castello,280.0,140.0,4.14,4.2,13212,True
5510,ES,10,46,2025,6,paisaje urbano,espectaculos,"cultura, teatro y danza",comunitat valenciana,valencia/valencia,1367649.0,955.0,4.25,4.15,114505,True
5511,ES,11,06,2025,6,paisaje urbano,espectaculos,"cultura, teatro y danza",extremadura,badajoz,174888.0,1208.0,4.26,4.29,18348,True
5512,ES,11,10,2025,6,paisaje urbano,espectaculos,"cultura, teatro y danza",extremadura,caceres,1585.0,95.0,4.31,4.33,23514,True
5513,ES,12,15,2025,6,paisaje urbano,espectaculos,"cultura, teatro y danza",galicia,a coruna,110833.0,809.0,4.26,4.21,50198,True
5514,ES,12,36,2025,6,paisaje urbano,espectaculos,"cultura, teatro y danza",galicia,pontevedra,128062.5,858.5,4.07,4.17,15892,True
5515,ES,04,07,2025,6,paisaje urbano,espectaculos,"cultura, teatro y danza",illes balears,illes balears,233182.62,794.31,4.21,4.33,107418,True
5516,ES,17,26,2025,6,paisaje urbano,espectaculos,"cultura, teatro y danza",la rioja,la rioja,325313.0,5333.0,4.29,4.31,11493,True
5517,ES,16,01,2025,6,paisaje urbano,espectaculos,"cultura, teatro y danza",pais vasco,araba/alava,328522.0,1186.0,4.46,4.41,7811,True
5518,ES,16,48,2025,6,paisaje urbano,espectaculos,"cultura, teatro y danza",pais vasco,bizkaia,137932.6,838.8,4.38,4.31,56425,True
5519,ES,16,20,2025,6,paisaje urbano,espectaculos,"cultura, teatro y danza",pais vasco,gipuzkoa,25141.17,659.67,4.43,4.41,26949,True
5520,ES,03,33,2025,6,paisaje urbano,espectaculos,"cultura, teatro y danza",principado de asturias,asturias,19482.0,501.0,4.37,4.35,40762,True
5521,ES,14,30,2025,6,paisaje urbano,espectaculos,"cultura, teatro y danza",region de murcia,murcia,454672.0,1264.75,4.32,4.2,9308,True
5522,ES,01,04,2025,6,compras,espectaculos,ferias,andalucia,almeria,550476.0,6796.0,4.23,4.19,2490,True
5523,ES,02,50,2025,6,compras,espectaculos,ferias,aragon,zaragoza,24172.0,6043.0,4.41,4.21,3119,True
5524,ES,08,13,2025,6,compras,espectaculos,ferias,castilla - la mancha,ciudad real,169404.0,14117.0,4.64,4.29,147,True
5525,ES,09,43,2025,6,compras,espectaculos,ferias,cataluna,tarragona,4068.0,452.0,4.19,4.2,2200,True
5526,ES,13,28,2025,6,compras,espectaculos,ferias,comunidad de madrid,madrid,99822.0,254.0,3.83,4.1,89796,True
5527,ES,10,46,2025,6,compras,espectaculos,ferias,comunitat valenciana,valencia/valencia,38236.0,19118.0,3.72,4.15,81279,True
5528,ES,16,48,2025,6,compras,espectaculos,ferias,pais vasco,bizkaia,21964.0,323.0,3.8,4.31,694,True
5529,ES,01,41,2025,6,paisaje urbano,espectaculos,museo y exposiciones,andalucia,sevilla,29498.0,1372.0,4.41,4.34,218279,True
5530,ES,02,50,2025,6,paisaje urbano,espectaculos,museo y exposiciones,aragon,zaragoza,39663.0,339.0,4.34,4.21,41352,True
5531,ES,08,45,2025,6,paisaje urbano,espectaculos,museo y exposiciones,castilla - la mancha,toledo,49664.0,776.0,4.19,4.18,55769,True
5532,ES,07,37,2025,6,paisaje urbano,espectaculos,museo y exposiciones,castilla y leon,salamanca,5488.0,224.0,4.24,4.17,31972,True
5533,ES,07,47,2025,6,paisaje urbano,espectaculos,museo y exposiciones,castilla y leon,valladolid,15931.0,304.0,4.14,4.06,13695,True
5534,ES,09,08,2025,6,paisaje urbano,espectaculos,museo y exposiciones,cataluna,barcelona,122155.0,2221.0,4.07,4.05,732080,True
5535,ES,13,28,2025,6,paisaje urbano,espectaculos,museo y exposiciones,comunidad de madrid,madrid,2900.0,290.0,4.15,4.1,458466,True
5536,ES,10,46,2025,6,paisaje urbano,espectaculos,museo y exposiciones,comunitat valenciana,valencia/valencia,32433.0,1707.0,4.25,4.15,114505,True
5537,ES,16,48,2025,6,paisaje urbano,espectaculos,museo y exposiciones,pais vasco,bizkaia,508032.0,1152.0,4.38,4.31,56425,True
5538,ES,03,33,2025,6,paisaje urbano,espectaculos,museo y exposiciones,principado de asturias,asturias,6468.0,588.0,4.37,4.35,40762,True
5539,ES,01,04,2025,6,vida nocturna,espectaculos,musica,andalucia,almeria,18404.0,830.5,3.72,4.19,5362,True
5540,ES,01,11,2025,6,vida nocturna,espectaculos,musica,andalucia,cadiz,296830.75,1734.62,4.08,4.26,2343,True
5541,ES,01,14,2025,6,vida nocturna,espectaculos,musica,andalucia,cordoba,192430.0,2333.5,4.3,4.29,1908,True
5542,ES,01,18,2025,6,vida nocturna,espectaculos,musica,andalucia,granada,356444.5,1893.0,3.92,4.37,10900,True
5543,ES,01,23,2025,6,vida nocturna,espectaculos,musica,andalucia,jaen,145006.75,1395.25,4.0,4.33,992,True
5544,ES,01,29,2025,6,vida nocturna,espectaculos,musica,andalucia,malaga,289072.64,1888.18,4.3,4.43,56036,True
5545,ES,01,41,2025,6,vida nocturna,espectaculos,musica,andalucia,sevilla,972481.6,1611.4,4.05,4.34,39053,True
5546,ES,02,22,2025,6,vida nocturna,espectaculos,musica,aragon,huesca,59319.67,589.83,3.85,4.25,1293,True
5547,ES,02,44,2025,6,vida nocturna,espectaculos,musica,aragon,teruel,328201.33,1929.0,4.35,4.28,950,True
5548,ES,02,50,2025,6,vida nocturna,espectaculos,musica,aragon,zaragoza,723946.33,1041.44,3.75,4.21,1614,True
5549,ES,05,35,2025,6,vida nocturna,espectaculos,musica,canarias,las palmas,405589.0,1093.5,4.24,4.28,129544,True
5550,ES,05,38,2025,6,vida nocturna,espectaculos,musica,canarias,santa cruz de tenerife,629244.27,2051.82,4.06,4.26,62671,True
5551,ES,06,39,2025,6,vida nocturna,espectaculos,musica,cantabria,cantabria,23005.0,1221.33,4.02,4.27,5819,True
5552,ES,08,02,2025,6,vida nocturna,espectaculos,musica,castilla - la mancha,albacete,224162.8,1235.6,4.21,4.15,573,True
5553,ES,08,13,2025,6,vida nocturna,espectaculos,musica,castilla - la mancha,ciudad real,37697.5,998.5,4.17,4.29,385,True
5554,ES,08,16,2025,6,vida nocturna,espectaculos,musica,castilla - la mancha,cuenca,4437.0,493.0,3.91,4.19,760,True
5555,ES,08,19,2025,6,vida nocturna,espectaculos,musica,castilla - la mancha,guadalajara,77196.25,821.0,3.23,4.04,447,True
5556,ES,08,45,2025,6,vida nocturna,espectaculos,musica,castilla - la mancha,toledo,14475.5,928.25,3.99,4.18,434,True
5557,ES,07,09,2025,6,vida nocturna,espectaculos,musica,castilla y leon,burgos,104086.75,1871.75,3.95,4.28,970,True
5558,ES,07,24,2025,6,vida nocturna,espectaculos,musica,castilla y leon,leon,26460.67,930.33,3.97,4.21,1480,True
5559,ES,07,34,2025,6,vida nocturna,espectaculos,musica,castilla y leon,palencia,16510.0,254.0,4.23,4.35,379,True
5560,ES,07,37,2025,6,vida nocturna,espectaculos,musica,castilla y leon,salamanca,28149.5,666.5,3.66,4.17,3701,True
5561,ES,07,40,2025,6,vida nocturna,espectaculos,musica,castilla y leon,segovia,71290.5,1739.75,3.91,4.07,263,True
5562,ES,07,42,2025,6,vida nocturna,espectaculos,musica,castilla y leon,soria,174150.0,162.0,4.2,3.97,154,True
5563,ES,07,47,2025,6,vida nocturna,espectaculos,musica,castilla y leon,valladolid,2489534.0,1993.5,4.01,4.06,1293,True
5564,ES,07,49,2025,6,vida nocturna,espectaculos,musica,castilla y leon,zamora,41066.0,926.25,4.27,4.17,462,True
5565,ES,09,08,2025,6,vida nocturna,espectaculos,musica,cataluna,barcelona,777034.23,1267.0,3.95,4.05,119743,True
5566,ES,09,17,2025,6,vida nocturna,espectaculos,musica,cataluna,girona,373680.82,1952.36,3.8,4.24,12856,True
5567,ES,09,25,2025,6,vida nocturna,espectaculos,musica,cataluna,lleida,251403.17,1275.67,3.84,4.27,1184,True
5568,ES,09,43,2025,6,vida nocturna,espectaculos,musica,cataluna,tarragona,246635.14,1705.57,4.1,4.2,22730,True
5569,ES,18,51,2025,6,vida nocturna,espectaculos,musica,ceuta,ceuta,7049.0,1007.0,0.0,0.0,0,False
5570,ES,13,28,2025,6,vida nocturna,espectaculos,musica,comunidad de madrid,madrid,557360.57,1847.71,3.85,4.1,100430,True
5571,ES,15,31,2025,6,vida nocturna,espectaculos,musica,comunidad foral de navarra,navarra,220974.0,1450.75,3.72,4.23,2565,True
5572,ES,10,03,2025,6,vida nocturna,espectaculos,musica,comunitat valenciana,alicante/alacant,86174.0,1535.53,4.03,4.28,84389,True
5573,ES,10,12,2025,6,vida nocturna,espectaculos,musica,comunitat valenciana,castellon/castello,56519.8,1473.4,3.88,4.2,2406,True
5574,ES,10,46,2025,6,vida nocturna,espectaculos,musica,comunitat valenciana,valencia/valencia,334282.0,977.25,3.72,4.15,9307,True
5575,ES,11,06,2025,6,vida nocturna,espectaculos,musica,extremadura,badajoz,56007.0,412.25,4.31,4.29,2109,True
5576,ES,11,10,2025,6,vida nocturna,espectaculos,musica,extremadura,caceres,14681.33,1597.67,3.95,4.33,1377,True
5577,ES,12,15,2025,6,vida nocturna,espectaculos,musica,galicia,a coruna,323037.62,1182.25,3.74,4.21,5653,True
5578,ES,12,27,2025,6,vida nocturna,espectaculos,musica,galicia,lugo,381463.0,1181.0,4.18,4.28,502,True
5579,ES,12,32,2025,6,vida nocturna,espectaculos,musica,galicia,ourense,1508.0,116.0,3.7,4.15,660,True
5580,ES,12,36,2025,6,vida nocturna,espectaculos,musica,galicia,pontevedra,95489.0,857.83,4.0,4.17,3092,True
5581,ES,04,07,2025,6,vida nocturna,espectaculos,musica,illes balears,illes balears,709215.15,1656.78,4.12,4.33,122452,True
5582,ES,17,26,2025,6,vida nocturna,espectaculos,musica,la rioja,la rioja,123467.0,728.33,3.69,4.31,1866,True
5583,ES,16,01,2025,6,vida nocturna,espectaculos,musica,pais vasco,araba/alava,127553.67,903.33,3.82,4.41,1138,True
5584,ES,16,48,2025,6,vida nocturna,espectaculos,musica,pais vasco,bizkaia,216685.12,1238.5,4.21,4.31,5615,True
5585,ES,16,20,2025,6,vida nocturna,espectaculos,musica,pais vasco,gipuzkoa,339158.33,1405.17,4.14,4.41,5503,True
5586,ES,03,33,2025,6,vida nocturna,espectaculos,musica,principado de asturias,asturias,1560381.6,5909.6,4.18,4.35,9626,True
5587,ES,14,30,2025,6,vida nocturna,espectaculos,musica,region de murcia,murcia,199945.67,1640.33,3.62,4.2,1488,True
5588,ES,01,14,2025,6,vida nocturna,espectaculos,musicales,andalucia,cordoba,133712.0,1096.0,4.3,4.29,1908,True
5589,ES,01,18,2025,6,vida nocturna,espectaculos,musicales,andalucia,granada,231222.0,866.0,3.92,4.37,10900,True
5590,ES,01,29,2025,6,vida nocturna,espectaculos,musicales,andalucia,malaga,2000.0,100.0,4.3,4.43,56036,True
5591,ES,01,41,2025,6,vida nocturna,espectaculos,musicales,andalucia,sevilla,1728.0,864.0,4.05,4.34,39053,True
5592,ES,02,22,2025,6,vida nocturna,espectaculos,musicales,aragon,huesca,12878.0,685.0,3.85,4.25,1293,True
5593,ES,02,50,2025,6,vida nocturna,espectaculos,musicales,aragon,zaragoza,77965.0,503.0,3.75,4.21,1614,True
5594,ES,05,35,2025,6,vida nocturna,espectaculos,musicales,canarias,las palmas,300.0,100.0,4.24,4.28,129544,True
5595,ES,05,38,2025,6,vida nocturna,espectaculos,musicales,canarias,santa cruz de tenerife,3960.0,120.0,4.06,4.26,62671,True
5596,ES,07,37,2025,6,vida nocturna,espectaculos,musicales,castilla y leon,salamanca,8624.0,176.0,3.66,4.17,3701,True
5597,ES,07,47,2025,6,vida nocturna,espectaculos,musicales,castilla y leon,valladolid,130850.0,1111.0,4.01,4.06,1293,True
5598,ES,09,08,2025,6,vida nocturna,espectaculos,musicales,cataluna,barcelona,194078.8,381.4,3.95,4.05,119743,True
5599,ES,09,17,2025,6,vida nocturna,espectaculos,musicales,cataluna,girona,151478.0,851.0,3.8,4.24,12856,True
5600,ES,13,28,2025,6,vida nocturna,espectaculos,musicales,comunidad de madrid,madrid,299016.0,476.0,3.85,4.1,100430,True
5601,ES,10,03,2025,6,vida nocturna,espectaculos,musicales,comunitat valenciana,alicante/alacant,9870.0,70.0,4.03,4.28,84389,True
5602,ES,10,46,2025,6,vida nocturna,espectaculos,musicales,comunitat valenciana,valencia/valencia,384445.0,657.0,3.72,4.15,9307,True
5603,ES,11,06,2025,6,vida nocturna,espectaculos,musicales,extremadura,badajoz,59229.0,1092.5,4.31,4.29,2109,True
5604,ES,04,07,2025,6,vida nocturna,espectaculos,musicales,illes balears,illes balears,205376.0,543.5,4.12,4.33,122452,True
5605,ES,16,48,2025,6,vida nocturna,espectaculos,musicales,pais vasco,bizkaia,420.0,60.0,4.21,4.31,5615,True
5606,ES,14,30,2025,6,vida nocturna,espectaculos,musicales,region de murcia,murcia,107650.5,860.0,3.62,4.2,1488,True
5607,ES,01,04,2025,7,paisaje naturaleza,actividades,actividades infantiles,andalucia,almeria,11267.0,593.0,4.32,4.19,23376,True
5608,ES,01,14,2025,7,paisaje naturaleza,actividades,actividades infantiles,andalucia,cordoba,591.0,985.0,4.32,4.29,3767,True
5609,ES,01,18,2025,7,paisaje naturaleza,actividades,actividades infantiles,andalucia,granada,235376.0,2504.0,4.52,4.37,18492,True
5610,ES,01,21,2025,7,paisaje naturaleza,actividades,actividades infantiles,andalucia,huelva,16269.0,1378.5,4.12,4.11,8396,True
5611,ES,01,29,2025,7,paisaje naturaleza,actividades,actividades infantiles,andalucia,malaga,3561.0,1404.33,4.44,4.43,109648,True
5612,ES,01,41,2025,7,paisaje naturaleza,actividades,actividades infantiles,andalucia,sevilla,25411.5,1873.5,4.47,4.34,21476,True
5613,ES,02,22,2025,7,paisaje naturaleza,actividades,actividades infantiles,aragon,huesca,9282.0,559.0,4.56,4.25,17445,True
5614,ES,02,50,2025,7,paisaje naturaleza,actividades,actividades infantiles,aragon,zaragoza,106940.0,1520.0,4.36,4.21,5888,True
5615,ES,05,35,2025,7,paisaje naturaleza,actividades,actividades infantiles,canarias,las palmas,144.0,48.0,4.34,4.28,200378,True
5616,ES,05,38,2025,7,paisaje naturaleza,actividades,actividades infantiles,canarias,santa cruz de tenerife,12960.0,40.0,4.31,4.26,190067,True
5617,ES,06,39,2025,7,paisaje naturaleza,actividades,actividades infantiles,cantabria,cantabria,5835.0,1032.0,4.36,4.27,37946,True
5618,ES,08,02,2025,7,paisaje naturaleza,actividades,actividades infantiles,castilla - la mancha,albacete,421056.0,1376.0,4.38,4.15,3169,True
5619,ES,08,45,2025,7,paisaje naturaleza,actividades,actividades infantiles,castilla - la mancha,toledo,207042.0,1123.0,4.16,4.18,1715,True
5620,ES,07,24,2025,7,paisaje naturaleza,actividades,actividades infantiles,castilla y leon,leon,211515.0,1195.0,4.52,4.21,4506,True
5621,ES,07,37,2025,7,paisaje naturaleza,actividades,actividades infantiles,castilla y leon,salamanca,18304.0,176.0,4.39,4.17,3319,True
5622,ES,07,47,2025,7,paisaje naturaleza,actividades,actividades infantiles,castilla y leon,valladolid,678.0,565.0,4.18,4.06,8696,True
5623,ES,09,08,2025,7,paisaje naturaleza,actividades,actividades infantiles,cataluna,barcelona,157290.1,1564.9,4.13,4.05,200444,True
5624,ES,09,25,2025,7,paisaje naturaleza,actividades,actividades infantiles,cataluna,lleida,58347.0,2161.0,4.38,4.27,9898,True
5625,ES,09,43,2025,7,paisaje naturaleza,actividades,actividades infantiles,cataluna,tarragona,305292.0,618.0,4.26,4.2,33701,True
5626,ES,13,28,2025,7,paisaje naturaleza,actividades,actividades infantiles,comunidad de madrid,madrid,170828.33,796.17,4.19,4.1,121795,True
5627,ES,15,31,2025,7,paisaje naturaleza,actividades,actividades infantiles,comunidad foral de navarra,navarra,61873.5,1182.0,4.33,4.23,7007,True
5628,ES,10,03,2025,7,paisaje naturaleza,actividades,actividades infantiles,comunitat valenciana,alicante/alacant,2519.0,1602.0,4.36,4.28,82424,True
5629,ES,10,12,2025,7,paisaje naturaleza,actividades,actividades infantiles,comunitat valenciana,castellon/castello,59432.0,1564.0,4.22,4.2,6934,True
5630,ES,10,46,2025,7,paisaje naturaleza,actividades,actividades infantiles,comunitat valenciana,valencia/valencia,402276.5,1877.5,4.23,4.15,90776,True
5631,ES,11,06,2025,7,paisaje naturaleza,actividades,actividades infantiles,extremadura,badajoz,105590.5,1619.0,4.4,4.29,1116,True
5632,ES,11,10,2025,7,paisaje naturaleza,actividades,actividades infantiles,extremadura,caceres,87636.0,2644.5,4.5,4.33,5814,True
5633,ES,12,15,2025,7,paisaje naturaleza,actividades,actividades infantiles,galicia,a coruna,480.0,60.0,4.39,4.21,18974,True
5634,ES,12,36,2025,7,paisaje naturaleza,actividades,actividades infantiles,galicia,pontevedra,9495.0,633.0,4.29,4.17,15699,True
5635,ES,04,07,2025,7,paisaje naturaleza,actividades,actividades infantiles,illes balears,illes balears,159546.75,1531.5,4.42,4.33,203636,True
5636,ES,16,01,2025,7,paisaje naturaleza,actividades,actividades infantiles,pais vasco,araba/alava,85834.0,785.5,4.66,4.41,11468,True
5637,ES,16,48,2025,7,paisaje naturaleza,actividades,actividades infantiles,pais vasco,bizkaia,502048.0,13574.0,4.38,4.31,7925,True
5638,ES,16,20,2025,7,paisaje naturaleza,actividades,actividades infantiles,pais vasco,gipuzkoa,1937.0,496.5,4.61,4.41,26976,True
5639,ES,03,33,2025,7,paisaje naturaleza,actividades,actividades infantiles,principado de asturias,asturias,2214.33,249.67,4.42,4.35,44006,True
5640,ES,01,29,2025,7,servicios,actividades,cursos,andalucia,malaga,7355.0,1471.0,4.62,4.43,51898,True
5641,ES,01,41,2025,7,servicios,actividades,cursos,andalucia,sevilla,87906.0,6279.0,4.06,4.34,4859,True
5642,ES,02,22,2025,7,servicios,actividades,cursos,aragon,huesca,500.0,250.0,4.88,4.25,533,True
5643,ES,02,50,2025,7,servicios,actividades,cursos,aragon,zaragoza,3990.0,1330.0,4.05,4.21,61,True
5644,ES,05,35,2025,7,servicios,actividades,cursos,canarias,las palmas,2375.0,150.0,3.72,4.28,2863,True
5645,ES,07,47,2025,7,servicios,actividades,cursos,castilla y leon,valladolid,156864.0,13072.0,2.7,4.06,292,True
5646,ES,09,08,2025,7,servicios,actividades,cursos,cataluna,barcelona,30526.5,1809.25,4.03,4.05,159935,True
5647,ES,13,28,2025,7,servicios,actividades,cursos,comunidad de madrid,madrid,466592.0,7110.0,3.92,4.1,42370,True
5648,ES,10,03,2025,7,servicios,actividades,cursos,comunitat valenciana,alicante/alacant,143925.0,1515.0,3.73,4.28,29657,True
5649,ES,10,46,2025,7,servicios,actividades,cursos,comunitat valenciana,valencia/valencia,17424.0,5808.0,4.56,4.15,7124,True
5650,ES,04,07,2025,7,servicios,actividades,cursos,illes balears,illes balears,16233.43,1013.71,4.23,4.33,46354,True
5651,ES,16,01,2025,7,servicios,actividades,cursos,pais vasco,araba/alava,14706.0,7353.0,5.0,4.41,18,True
5652,ES,16,48,2025,7,servicios,actividades,cursos,pais vasco,bizkaia,20825.0,675.0,4.03,4.31,13509,True
5653,ES,14,30,2025,7,servicios,actividades,cursos,region de murcia,murcia,39600.0,2200.0,2.83,4.2,6,True
5654,ES,01,14,2025,7,paisaje naturaleza,actividades,deportes y aventuras,andalucia,cordoba,34425.0,2295.0,4.32,4.29,3767,True
5655,ES,01,21,2025,7,paisaje naturaleza,actividades,deportes y aventuras,andalucia,huelva,12218.0,885.5,4.12,4.11,8396,True
5656,ES,01,29,2025,7,paisaje naturaleza,actividades,deportes y aventuras,andalucia,malaga,780.0,30.0,4.44,4.43,109648,True
5657,ES,02,50,2025,7,paisaje naturaleza,actividades,deportes y aventuras,aragon,zaragoza,103586.0,2114.0,4.36,4.21,5888,True
5658,ES,05,38,2025,7,paisaje naturaleza,actividades,deportes y aventuras,canarias,santa cruz de tenerife,753296.0,1186.0,4.31,4.26,190067,True
5659,ES,08,02,2025,7,paisaje naturaleza,actividades,deportes y aventuras,castilla - la mancha,albacete,175997.0,3175.0,4.38,4.15,3169,True
5660,ES,08,13,2025,7,paisaje naturaleza,actividades,deportes y aventuras,castilla - la mancha,ciudad real,6500.0,130.0,4.36,4.29,3026,True
5661,ES,08,16,2025,7,paisaje naturaleza,actividades,deportes y aventuras,castilla - la mancha,cuenca,146608.0,2618.0,4.42,4.19,3251,True
5662,ES,07,34,2025,7,paisaje naturaleza,actividades,deportes y aventuras,castilla y leon,palencia,808588.0,2068.0,4.36,4.35,398,True
5663,ES,07,37,2025,7,paisaje naturaleza,actividades,deportes y aventuras,castilla y leon,salamanca,2529.0,562.0,4.39,4.17,3319,True
5664,ES,07,40,2025,7,paisaje naturaleza,actividades,deportes y aventuras,castilla y leon,segovia,41676.0,138.0,4.14,4.07,4583,True
5665,ES,07,42,2025,7,paisaje naturaleza,actividades,deportes y aventuras,castilla y leon,soria,3724.0,931.0,4.14,3.97,2792,True
5666,ES,07,47,2025,7,paisaje naturaleza,actividades,deportes y aventuras,castilla y leon,valladolid,5703.5,938.5,4.18,4.06,8696,True
5667,ES,09,08,2025,7,paisaje naturaleza,actividades,deportes y aventuras,cataluna,barcelona,46048.17,681.83,4.13,4.05,200444,True
5668,ES,13,28,2025,7,paisaje naturaleza,actividades,deportes y aventuras,comunidad de madrid,madrid,10853.0,1629.0,4.19,4.1,121795,True
5669,ES,15,31,2025,7,paisaje naturaleza,actividades,deportes y aventuras,comunidad foral de navarra,navarra,67008.0,2792.0,4.33,4.23,7007,True
5670,ES,10,03,2025,7,paisaje naturaleza,actividades,deportes y aventuras,comunitat valenciana,alicante/alacant,6708.33,1758.67,4.36,4.28,82424,True
5671,ES,10,46,2025,7,paisaje naturaleza,actividades,deportes y aventuras,comunitat valenciana,valencia/valencia,219108.0,3534.0,4.23,4.15,90776,True
5672,ES,11,06,2025,7,paisaje naturaleza,actividades,deportes y aventuras,extremadura,badajoz,117942.33,758.0,4.4,4.29,1116,True
5673,ES,11,10,2025,7,paisaje naturaleza,actividades,deportes y aventuras,extremadura,caceres,64175.0,2567.0,4.5,4.33,5814,True
5674,ES,04,07,2025,7,paisaje naturaleza,actividades,deportes y aventuras,illes balears,illes balears,300.0,100.0,4.42,4.33,203636,True
5675,ES,16,48,2025,7,paisaje naturaleza,actividades,deportes y aventuras,pais vasco,bizkaia,206535.0,1967.0,4.38,4.31,7925,True
5676,ES,16,20,2025,7,paisaje naturaleza,actividades,deportes y aventuras,pais vasco,gipuzkoa,51423.0,843.0,4.61,4.41,26976,True
5677,ES,03,33,2025,7,paisaje naturaleza,actividades,deportes y aventuras,principado de asturias,asturias,30168.33,3339.33,4.42,4.35,44006,True
5678,ES,14,30,2025,7,paisaje naturaleza,actividades,deportes y aventuras,region de murcia,murcia,26829.0,2439.0,4.4,4.2,2633,True
5679,ES,01,11,2025,7,comida y bebida,actividades,gastronomia,andalucia,cadiz,552727.33,3101.33,4.57,4.26,47,True
5680,ES,01,18,2025,7,comida y bebida,actividades,gastronomia,andalucia,granada,1180.0,167.5,4.81,4.37,771,True
5681,ES,01,29,2025,7,comida y bebida,actividades,gastronomia,andalucia,malaga,14315.0,2045.0,4.84,4.43,1395,True
5682,ES,01,41,2025,7,comida y bebida,actividades,gastronomia,andalucia,sevilla,94608.0,1971.0,4.76,4.34,8170,True
5683,ES,02,22,2025,7,comida y bebida,actividades,gastronomia,aragon,huesca,9282.0,559.0,4.6,4.25,40,True
5684,ES,02,50,2025,7,comida y bebida,actividades,gastronomia,aragon,zaragoza,208437.0,3417.0,4.03,4.21,35,True
5685,ES,05,35,2025,7,comida y bebida,actividades,gastronomia,canarias,las palmas,115456.0,902.0,3.71,4.28,443,True
5686,ES,05,38,2025,7,comida y bebida,actividades,gastronomia,canarias,santa cruz de tenerife,38181.0,1157.0,4.31,4.26,72,True
5687,ES,06,39,2025,7,comida y bebida,actividades,gastronomia,cantabria,cantabria,6975.0,1125.0,4.65,4.27,26,True
5688,ES,08,02,2025,7,comida y bebida,actividades,gastronomia,castilla - la mancha,albacete,280.0,140.0,4.88,4.15,33,True
5689,ES,07,49,2025,7,comida y bebida,actividades,gastronomia,castilla y leon,zamora,387584.0,1514.0,0.0,0.0,0,False
5690,ES,09,08,2025,7,comida y bebida,actividades,gastronomia,cataluna,barcelona,198715.8,1331.8,4.67,4.05,3911,True
5691,ES,09,17,2025,7,comida y bebida,actividades,gastronomia,cataluna,girona,104306.2,1091.8,4.57,4.24,183,True
5692,ES,09,43,2025,7,comida y bebida,actividades,gastronomia,cataluna,tarragona,156178.0,2519.0,4.67,4.2,481,True
5693,ES,13,28,2025,7,comida y bebida,actividades,gastronomia,comunidad de madrid,madrid,626225.0,925.0,4.71,4.1,5856,True
5694,ES,15,31,2025,7,comida y bebida,actividades,gastronomia,comunidad foral de navarra,navarra,42948.0,1193.0,4.63,4.23,135,True
5695,ES,10,03,2025,7,comida y bebida,actividades,gastronomia,comunitat valenciana,alicante/alacant,178432.0,2624.0,4.52,4.28,760,True
5696,ES,10,46,2025,7,comida y bebida,actividades,gastronomia,comunitat valenciana,valencia/valencia,750.0,150.0,4.79,4.15,369,True
5697,ES,04,07,2025,7,comida y bebida,actividades,gastronomia,illes balears,illes balears,95586.38,2140.0,4.86,4.33,2196,True
5698,ES,16,01,2025,7,comida y bebida,actividades,gastronomia,pais vasco,araba/alava,64064.0,1144.0,4.37,4.41,303,True
5699,ES,01,04,2025,7,vida nocturna,espectaculos,cine,andalucia,almeria,15984.0,592.0,3.72,4.19,5362,True
5700,ES,01,29,2025,7,vida nocturna,espectaculos,cine,andalucia,malaga,31279.0,1009.0,4.3,4.43,56036,True
5701,ES,01,41,2025,7,vida nocturna,espectaculos,cine,andalucia,sevilla,95288.0,554.0,4.05,4.34,39053,True
5702,ES,02,22,2025,7,vida nocturna,espectaculos,cine,aragon,huesca,199479.0,1357.0,3.85,4.25,1293,True
5703,ES,08,45,2025,7,vida nocturna,espectaculos,cine,castilla - la mancha,toledo,611581.5,1050.5,3.99,4.18,434,True
5704,ES,07,47,2025,7,vida nocturna,espectaculos,cine,castilla y leon,valladolid,3114.0,307.5,4.01,4.06,1293,True
5705,ES,09,08,2025,7,vida nocturna,espectaculos,cine,cataluna,barcelona,37315.67,1323.33,3.95,4.05,119743,True
5706,ES,13,28,2025,7,vida nocturna,espectaculos,cine,comunidad de madrid,madrid,141966.0,2151.0,3.85,4.1,100430,True
5707,ES,10,03,2025,7,vida nocturna,espectaculos,cine,comunitat valenciana,alicante/alacant,420.0,140.0,4.03,4.28,84389,True
5708,ES,04,07,2025,7,vida nocturna,espectaculos,cine,illes balears,illes balears,11569.0,503.0,4.12,4.33,122452,True
5709,ES,16,20,2025,7,vida nocturna,espectaculos,cine,pais vasco,gipuzkoa,12744.0,1593.0,4.14,4.41,5503,True
5710,ES,02,22,2025,7,otros,espectaculos,conferencias,aragon,huesca,194106.0,2941.0,4.26,4.25,61,True
5711,ES,02,50,2025,7,otros,espectaculos,conferencias,aragon,zaragoza,6162.0,158.0,3.75,4.21,158,True
5712,ES,08,13,2025,7,otros,espectaculos,conferencias,castilla - la mancha,ciudad real,1892.0,172.0,4.21,4.29,156,True
5713,ES,09,08,2025,7,otros,espectaculos,conferencias,cataluna,barcelona,468832.0,4186.0,3.9,4.05,2019,True
5714,ES,09,43,2025,7,otros,espectaculos,conferencias,cataluna,tarragona,17155.0,3431.0,4.01,4.2,1769,True
5715,ES,13,28,2025,7,otros,espectaculos,conferencias,comunidad de madrid,madrid,376194.0,7261.0,3.97,4.1,1624,True
5716,ES,10,46,2025,7,otros,espectaculos,conferencias,comunitat valenciana,valencia/valencia,839859.0,11829.0,4.49,4.15,621,True
5717,ES,12,36,2025,7,otros,espectaculos,conferencias,galicia,pontevedra,9495.0,633.0,4.43,4.17,119,True
5718,ES,04,07,2025,7,otros,espectaculos,conferencias,illes balears,illes balears,21985.0,2587.5,4.21,4.33,296,True
5719,ES,16,01,2025,7,otros,espectaculos,conferencias,pais vasco,araba/alava,5882.0,5882.0,0.0,0.0,0,False
5720,ES,16,48,2025,7,otros,espectaculos,conferencias,pais vasco,bizkaia,1549.0,7745.0,4.87,4.31,794,True
5721,ES,01,04,2025,7,paisaje urbano,espectaculos,"cultura, teatro y danza",andalucia,almeria,1717008.0,1990.0,4.25,4.19,14318,True
5722,ES,01,11,2025,7,paisaje urbano,espectaculos,"cultura, teatro y danza",andalucia,cadiz,200054.8,1180.8,4.35,4.26,8809,True
5723,ES,01,14,2025,7,paisaje urbano,espectaculos,"cultura, teatro y danza",andalucia,cordoba,251620.5,1371.0,4.3,4.29,93962,True
5724,ES,01,18,2025,7,paisaje urbano,espectaculos,"cultura, teatro y danza",andalucia,granada,452639.33,4454.0,4.35,4.37,153042,True
5725,ES,01,21,2025,7,paisaje urbano,espectaculos,"cultura, teatro y danza",andalucia,huelva,9002.0,1286.0,4.23,4.11,9984,True
5726,ES,01,23,2025,7,paisaje urbano,espectaculos,"cultura, teatro y danza",andalucia,jaen,210.0,525.0,4.3,4.33,16236,True
5727,ES,01,29,2025,7,paisaje urbano,espectaculos,"cultura, teatro y danza",andalucia,malaga,148651.67,2004.33,4.43,4.43,158253,True
5728,ES,01,41,2025,7,paisaje urbano,espectaculos,"cultura, teatro y danza",andalucia,sevilla,42366.0,1535.0,4.41,4.34,218279,True
5729,ES,02,22,2025,7,paisaje urbano,espectaculos,"cultura, teatro y danza",aragon,huesca,100161.0,947.0,4.12,4.25,10916,True
5730,ES,02,44,2025,7,paisaje urbano,espectaculos,"cultura, teatro y danza",aragon,teruel,40461.0,1230.33,4.27,4.28,11015,True
5731,ES,02,50,2025,7,paisaje urbano,espectaculos,"cultura, teatro y danza",aragon,zaragoza,262762.0,699.5,4.34,4.21,41352,True
5732,ES,05,35,2025,7,paisaje urbano,espectaculos,"cultura, teatro y danza",canarias,las palmas,60969.43,757.14,4.27,4.28,51395,True
5733,ES,05,38,2025,7,paisaje urbano,espectaculos,"cultura, teatro y danza",canarias,santa cruz de tenerife,63561.75,1058.0,4.28,4.26,66584,True
5734,ES,08,02,2025,7,paisaje urbano,espectaculos,"cultura, teatro y danza",castilla - la mancha,albacete,103548.0,967.75,4.09,4.15,3663,True
5735,ES,08,13,2025,7,paisaje urbano,espectaculos,"cultura, teatro y danza",castilla - la mancha,ciudad real,625816.0,2284.0,4.33,4.29,7266,True
5736,ES,08,19,2025,7,paisaje urbano,espectaculos,"cultura, teatro y danza",castilla - la mancha,guadalajara,316485.0,195.0,4.18,4.04,6159,True
5737,ES,08,45,2025,7,paisaje urbano,espectaculos,"cultura, teatro y danza",castilla - la mancha,toledo,66466.0,886.5,4.19,4.18,55769,True
5738,ES,07,37,2025,7,paisaje urbano,espectaculos,"cultura, teatro y danza",castilla y leon,salamanca,66669.0,591.33,4.24,4.17,31972,True
5739,ES,07,47,2025,7,paisaje urbano,espectaculos,"cultura, teatro y danza",castilla y leon,valladolid,967749.33,777.0,4.14,4.06,13695,True
5740,ES,09,08,2025,7,paisaje urbano,espectaculos,"cultura, teatro y danza",cataluna,barcelona,568526.33,653.4,4.07,4.05,732080,True
5741,ES,09,17,2025,7,paisaje urbano,espectaculos,"cultura, teatro y danza",cataluna,girona,28553.75,383.5,4.24,4.24,50915,True
5742,ES,09,25,2025,7,paisaje urbano,espectaculos,"cultura, teatro y danza",cataluna,lleida,23918.33,295.33,4.29,4.27,7171,True
5743,ES,09,43,2025,7,paisaje urbano,espectaculos,"cultura, teatro y danza",cataluna,tarragona,142944.33,448.5,4.23,4.2,53439,True
5744,ES,18,51,2025,7,paisaje urbano,espectaculos,"cultura, teatro y danza",ceuta,ceuta,73146.0,1002.0,0.0,0.0,0,False
5745,ES,13,28,2025,7,paisaje urbano,espectaculos,"cultura, teatro y danza",comunidad de madrid,madrid,137049.29,619.71,4.15,4.1,458466,True
5746,ES,10,03,2025,7,paisaje urbano,espectaculos,"cultura, teatro y danza",comunitat valenciana,alicante/alacant,15695.0,1014.0,4.28,4.28,67888,True
5747,ES,10,46,2025,7,paisaje urbano,espectaculos,"cultura, teatro y danza",comunitat valenciana,valencia/valencia,313210.5,943.25,4.25,4.15,114505,True
5748,ES,11,06,2025,7,paisaje urbano,espectaculos,"cultura, teatro y danza",extremadura,badajoz,219358.33,1891.0,4.26,4.29,18348,True
5749,ES,11,10,2025,7,paisaje urbano,espectaculos,"cultura, teatro y danza",extremadura,caceres,2178.0,198.0,4.31,4.33,23514,True
5750,ES,12,15,2025,7,paisaje urbano,espectaculos,"cultura, teatro y danza",galicia,a coruna,1557.5,351.5,4.26,4.21,50198,True
5751,ES,12,27,2025,7,paisaje urbano,espectaculos,"cultura, teatro y danza",galicia,lugo,29408.0,7352.0,4.33,4.28,8872,True
5752,ES,12,36,2025,7,paisaje urbano,espectaculos,"cultura, teatro y danza",galicia,pontevedra,720.0,180.0,4.07,4.17,15892,True
5753,ES,04,07,2025,7,paisaje urbano,espectaculos,"cultura, teatro y danza",illes balears,illes balears,149375.15,907.77,4.21,4.33,107418,True
5754,ES,17,26,2025,7,paisaje urbano,espectaculos,"cultura, teatro y danza",la rioja,la rioja,461000.43,1654.71,4.29,4.31,11493,True
5755,ES,16,01,2025,7,paisaje urbano,espectaculos,"cultura, teatro y danza",pais vasco,araba/alava,176910.0,481.5,4.46,4.41,7811,True
5756,ES,16,48,2025,7,paisaje urbano,espectaculos,"cultura, teatro y danza",pais vasco,bizkaia,564237.0,864.25,4.38,4.31,56425,True
5757,ES,16,20,2025,7,paisaje urbano,espectaculos,"cultura, teatro y danza",pais vasco,gipuzkoa,45156.67,964.0,4.43,4.41,26949,True
5758,ES,03,33,2025,7,paisaje urbano,espectaculos,"cultura, teatro y danza",principado de asturias,asturias,34721.0,1032.0,4.37,4.35,40762,True
5759,ES,14,30,2025,7,paisaje urbano,espectaculos,"cultura, teatro y danza",region de murcia,murcia,42548.0,816.5,4.32,4.2,9308,True
5760,ES,08,13,2025,7,compras,espectaculos,ferias,castilla - la mancha,ciudad real,1892.0,172.0,4.64,4.29,147,True
5761,ES,09,08,2025,7,compras,espectaculos,ferias,cataluna,barcelona,255456.0,7983.0,3.75,4.05,95381,True
5762,ES,09,43,2025,7,compras,espectaculos,ferias,cataluna,tarragona,17155.0,3431.0,4.19,4.2,2200,True
5763,ES,13,28,2025,7,compras,espectaculos,ferias,comunidad de madrid,madrid,475006.0,9694.0,3.83,4.1,89796,True
5764,ES,10,46,2025,7,compras,espectaculos,ferias,comunitat valenciana,valencia/valencia,41118.0,20559.0,3.72,4.15,81279,True
5765,ES,16,01,2025,7,compras,espectaculos,ferias,pais vasco,araba/alava,5882.0,5882.0,3.88,4.41,300,True
5766,ES,16,48,2025,7,compras,espectaculos,ferias,pais vasco,bizkaia,1549.0,7745.0,3.8,4.31,694,True
5767,ES,01,18,2025,7,paisaje urbano,espectaculos,museo y exposiciones,andalucia,granada,9208.0,1151.0,4.35,4.37,153042,True
5768,ES,01,41,2025,7,paisaje urbano,espectaculos,museo y exposiciones,andalucia,sevilla,117216.0,1332.0,4.41,4.34,218279,True
5769,ES,08,45,2025,7,paisaje urbano,espectaculos,museo y exposiciones,castilla - la mancha,toledo,52972.0,646.0,4.19,4.18,55769,True
5770,ES,07,37,2025,7,paisaje urbano,espectaculos,museo y exposiciones,castilla y leon,salamanca,174038.0,503.0,4.24,4.17,31972,True
5771,ES,07,47,2025,7,paisaje urbano,espectaculos,museo y exposiciones,castilla y leon,valladolid,47792.0,464.0,4.14,4.06,13695,True
5772,ES,09,08,2025,7,paisaje urbano,espectaculos,museo y exposiciones,cataluna,barcelona,58179.0,1353.0,4.07,4.05,732080,True
5773,ES,10,03,2025,7,paisaje urbano,espectaculos,museo y exposiciones,comunitat valenciana,alicante/alacant,1216.0,1216.0,4.28,4.28,67888,True
5774,ES,10,46,2025,7,paisaje urbano,espectaculos,museo y exposiciones,comunitat valenciana,valencia/valencia,119306.0,2057.0,4.25,4.15,114505,True
5775,ES,04,07,2025,7,paisaje urbano,espectaculos,museo y exposiciones,illes balears,illes balears,2072.0,518.0,4.21,4.33,107418,True
5776,ES,16,48,2025,7,paisaje urbano,espectaculos,museo y exposiciones,pais vasco,bizkaia,205865.0,1045.0,4.38,4.31,56425,True
5777,ES,03,33,2025,7,paisaje urbano,espectaculos,museo y exposiciones,principado de asturias,asturias,13584.0,849.0,4.37,4.35,40762,True
5778,ES,01,04,2025,7,vida nocturna,espectaculos,musica,andalucia,almeria,277059.0,2244.6,3.72,4.19,5362,True
5779,ES,01,11,2025,7,vida nocturna,espectaculos,musica,andalucia,cadiz,476322.29,1349.71,4.08,4.26,2343,True
5780,ES,01,14,2025,7,vida nocturna,espectaculos,musica,andalucia,cordoba,15462.67,992.33,4.3,4.29,1908,True
5781,ES,01,18,2025,7,vida nocturna,espectaculos,musica,andalucia,granada,279378.22,1616.11,3.92,4.37,10900,True
5782,ES,01,21,2025,7,vida nocturna,espectaculos,musica,andalucia,huelva,1020.0,170.0,4.03,4.11,1623,True
5783,ES,01,23,2025,7,vida nocturna,espectaculos,musica,andalucia,jaen,269698.33,1561.67,4.0,4.33,992,True
5784,ES,01,29,2025,7,vida nocturna,espectaculos,musica,andalucia,malaga,150413.89,1174.11,4.3,4.43,56036,True
5785,ES,01,41,2025,7,vida nocturna,espectaculos,musica,andalucia,sevilla,596502.2,1531.2,4.05,4.34,39053,True
5786,ES,02,22,2025,7,vida nocturna,espectaculos,musica,aragon,huesca,4945.0,633.25,3.85,4.25,1293,True
5787,ES,02,44,2025,7,vida nocturna,espectaculos,musica,aragon,teruel,68580.5,1732.0,4.35,4.28,950,True
5788,ES,02,50,2025,7,vida nocturna,espectaculos,musica,aragon,zaragoza,293150.11,1293.89,3.75,4.21,1614,True
5789,ES,05,35,2025,7,vida nocturna,espectaculos,musica,canarias,las palmas,166851.14,812.0,4.24,4.28,129544,True
5790,ES,05,38,2025,7,vida nocturna,espectaculos,musica,canarias,santa cruz de tenerife,953682.5,2019.88,4.06,4.26,62671,True
5791,ES,06,39,2025,7,vida nocturna,espectaculos,musica,cantabria,cantabria,158059.0,1349.33,4.02,4.27,5819,True
5792,ES,08,02,2025,7,vida nocturna,espectaculos,musica,castilla - la mancha,albacete,116492.75,728.75,4.21,4.15,573,True
5793,ES,08,13,2025,7,vida nocturna,espectaculos,musica,castilla - la mancha,ciudad real,85227.0,1225.67,4.17,4.29,385,True
5794,ES,08,16,2025,7,vida nocturna,espectaculos,musica,castilla - la mancha,cuenca,8038.5,775.5,3.91,4.19,760,True
5795,ES,08,19,2025,7,vida nocturna,espectaculos,musica,castilla - la mancha,guadalajara,178061.67,1276.33,3.23,4.04,447,True
5796,ES,08,45,2025,7,vida nocturna,espectaculos,musica,castilla - la mancha,toledo,136839.0,443.5,3.99,4.18,434,True
5797,ES,07,05,2025,7,vida nocturna,espectaculos,musica,castilla y leon,avila,3333.0,606.0,4.04,4.23,397,True
5798,ES,07,09,2025,7,vida nocturna,espectaculos,musica,castilla y leon,burgos,433583.5,1337.0,3.95,4.28,970,True
5799,ES,07,24,2025,7,vida nocturna,espectaculos,musica,castilla y leon,leon,104542.33,1071.67,3.97,4.21,1480,True
5800,ES,07,34,2025,7,vida nocturna,espectaculos,musica,castilla y leon,palencia,60757.5,1576.5,4.23,4.35,379,True
5801,ES,07,37,2025,7,vida nocturna,espectaculos,musica,castilla y leon,salamanca,1314.0,241.0,3.66,4.17,3701,True
5802,ES,07,40,2025,7,vida nocturna,espectaculos,musica,castilla y leon,segovia,505941.0,1509.33,3.91,4.07,263,True
5803,ES,07,42,2025,7,vida nocturna,espectaculos,musica,castilla y leon,soria,102600.0,1498.5,4.2,3.97,154,True
5804,ES,07,47,2025,7,vida nocturna,espectaculos,musica,castilla y leon,valladolid,1003183.0,1241.0,4.01,4.06,1293,True
5805,ES,07,49,2025,7,vida nocturna,espectaculos,musica,castilla y leon,zamora,194824.0,821.5,4.27,4.17,462,True
5806,ES,09,08,2025,7,vida nocturna,espectaculos,musica,cataluna,barcelona,641919.76,1409.17,3.95,4.05,119743,True
5807,ES,09,17,2025,7,vida nocturna,espectaculos,musica,cataluna,girona,173103.14,1219.05,3.8,4.24,12856,True
5808,ES,09,25,2025,7,vida nocturna,espectaculos,musica,cataluna,lleida,356743.8,1259.8,3.84,4.27,1184,True
5809,ES,09,43,2025,7,vida nocturna,espectaculos,musica,cataluna,tarragona,210342.53,1061.12,4.1,4.2,22730,True
5810,ES,13,28,2025,7,vida nocturna,espectaculos,musica,comunidad de madrid,madrid,2511153.25,1768.58,3.85,4.1,100430,True
5811,ES,15,31,2025,7,vida nocturna,espectaculos,musica,comunidad foral de navarra,navarra,34696.25,779.0,3.72,4.23,2565,True
5812,ES,10,03,2025,7,vida nocturna,espectaculos,musica,comunitat valenciana,alicante/alacant,106000.3,1395.25,4.03,4.28,84389,True
5813,ES,10,12,2025,7,vida nocturna,espectaculos,musica,comunitat valenciana,castellon/castello,170381.2,1830.6,3.88,4.2,2406,True
5814,ES,10,46,2025,7,vida nocturna,espectaculos,musica,comunitat valenciana,valencia/valencia,266790.25,945.12,3.72,4.15,9307,True
5815,ES,11,06,2025,7,vida nocturna,espectaculos,musica,extremadura,badajoz,251844.5,669.0,4.31,4.29,2109,True
5816,ES,11,10,2025,7,vida nocturna,espectaculos,musica,extremadura,caceres,65873.67,2350.0,3.95,4.33,1377,True
5817,ES,12,15,2025,7,vida nocturna,espectaculos,musica,galicia,a coruna,425157.67,1133.67,3.74,4.21,5653,True
5818,ES,12,27,2025,7,vida nocturna,espectaculos,musica,galicia,lugo,353922.0,1096.5,4.18,4.28,502,True
5819,ES,12,32,2025,7,vida nocturna,espectaculos,musica,galicia,ourense,304.0,152.0,3.7,4.15,660,True
5820,ES,12,36,2025,7,vida nocturna,espectaculos,musica,galicia,pontevedra,251341.5,1854.5,4.0,4.17,3092,True
5821,ES,04,07,2025,7,vida nocturna,espectaculos,musica,illes balears,illes balears,668155.7,1758.77,4.12,4.33,122452,True
5822,ES,17,26,2025,7,vida nocturna,espectaculos,musica,la rioja,la rioja,95744.33,515.33,3.69,4.31,1866,True
5823,ES,16,01,2025,7,vida nocturna,espectaculos,musica,pais vasco,araba/alava,115360.0,1440.0,3.82,4.41,1138,True
5824,ES,16,48,2025,7,vida nocturna,espectaculos,musica,pais vasco,bizkaia,20533.5,1341.33,4.21,4.31,5615,True
5825,ES,16,20,2025,7,vida nocturna,espectaculos,musica,pais vasco,gipuzkoa,124557.71,1002.86,4.14,4.41,5503,True
5826,ES,03,33,2025,7,vida nocturna,espectaculos,musica,principado de asturias,asturias,340012.33,1870.33,4.18,4.35,9626,True
5827,ES,14,30,2025,7,vida nocturna,espectaculos,musica,region de murcia,murcia,73871.5,582.75,3.62,4.2,1488,True
5828,ES,01,04,2025,7,vida nocturna,espectaculos,musicales,andalucia,almeria,480.0,120.0,3.72,4.19,5362,True
5829,ES,01,11,2025,7,vida nocturna,espectaculos,musicales,andalucia,cadiz,352.0,176.0,4.08,4.26,2343,True
5830,ES,01,14,2025,7,vida nocturna,espectaculos,musicales,andalucia,cordoba,18828.0,1046.0,4.3,4.29,1908,True
5831,ES,05,35,2025,7,vida nocturna,espectaculos,musicales,canarias,las palmas,75072.0,1104.0,4.24,4.28,129544,True
5832,ES,05,38,2025,7,vida nocturna,espectaculos,musicales,canarias,santa cruz de tenerife,19270.5,608.5,4.06,4.26,62671,True
5833,ES,08,02,2025,7,vida nocturna,espectaculos,musicales,castilla - la mancha,albacete,24984.0,1041.0,4.21,4.15,573,True
5834,ES,07,37,2025,7,vida nocturna,espectaculos,musicales,castilla y leon,salamanca,18304.0,176.0,3.66,4.17,3701,True
5835,ES,07,47,2025,7,vida nocturna,espectaculos,musicales,castilla y leon,valladolid,50924.0,1756.0,4.01,4.06,1293,True
5836,ES,09,08,2025,7,vida nocturna,espectaculos,musicales,cataluna,barcelona,209628.29,683.14,3.95,4.05,119743,True
5837,ES,13,28,2025,7,vida nocturna,espectaculos,musicales,comunidad de madrid,madrid,103032.0,1272.0,3.85,4.1,100430,True
5838,ES,10,46,2025,7,vida nocturna,espectaculos,musicales,comunitat valenciana,valencia/valencia,107289.0,819.0,3.72,4.15,9307,True
5839,ES,11,06,2025,7,vida nocturna,espectaculos,musicales,extremadura,badajoz,114488.5,1096.5,4.31,4.29,2109,True
5840,ES,11,10,2025,7,vida nocturna,espectaculos,musicales,extremadura,caceres,2178.0,198.0,3.95,4.33,1377,True
5841,ES,04,07,2025,7,vida nocturna,espectaculos,musicales,illes balears,illes balears,53872.0,1036.0,4.12,4.33,122452,True
5842,ES,17,26,2025,7,vida nocturna,espectaculos,musicales,la rioja,la rioja,131655.0,1005.0,3.69,4.31,1866,True
5843,ES,16,48,2025,7,vida nocturna,espectaculos,musicales,pais vasco,bizkaia,6030.0,603.0,4.21,4.31,5615,True
5844,ES,14,30,2025,7,vida nocturna,espectaculos,musicales,region de murcia,murcia,481818.0,1839.0,3.62,4.2,1488,True
5845,ES,01,14,2025,8,paisaje naturaleza,actividades,actividades infantiles,andalucia,cordoba,656.0,82.0,4.32,4.29,3767,True
5846,ES,01,18,2025,8,paisaje naturaleza,actividades,actividades infantiles,andalucia,granada,10075.67,847.33,4.52,4.37,18492,True
5847,ES,01,29,2025,8,paisaje naturaleza,actividades,actividades infantiles,andalucia,malaga,23360.67,2766.67,4.44,4.43,109648,True
5848,ES,01,41,2025,8,paisaje naturaleza,actividades,actividades infantiles,andalucia,sevilla,3720.0,40.0,4.47,4.34,21476,True
5849,ES,02,22,2025,8,paisaje naturaleza,actividades,actividades infantiles,aragon,huesca,73324.5,1093.5,4.56,4.25,17445,True
5850,ES,02,50,2025,8,paisaje naturaleza,actividades,actividades infantiles,aragon,zaragoza,77803.5,1429.5,4.36,4.21,5888,True
5851,ES,05,35,2025,8,paisaje naturaleza,actividades,actividades infantiles,canarias,las palmas,432.0,48.0,4.34,4.28,200378,True
5852,ES,05,38,2025,8,paisaje naturaleza,actividades,actividades infantiles,canarias,santa cruz de tenerife,8279.33,261.67,4.31,4.26,190067,True
5853,ES,06,39,2025,8,paisaje naturaleza,actividades,actividades infantiles,cantabria,cantabria,412129.5,909.0,4.36,4.27,37946,True
5854,ES,08,02,2025,8,paisaje naturaleza,actividades,actividades infantiles,castilla - la mancha,albacete,200.0,100.0,4.38,4.15,3169,True
5855,ES,08,45,2025,8,paisaje naturaleza,actividades,actividades infantiles,castilla - la mancha,toledo,79784.0,850.5,4.16,4.18,1715,True
5856,ES,07,37,2025,8,paisaje naturaleza,actividades,actividades infantiles,castilla y leon,salamanca,19536.0,176.0,4.39,4.17,3319,True
5857,ES,07,47,2025,8,paisaje naturaleza,actividades,actividades infantiles,castilla y leon,valladolid,31979.0,894.67,4.18,4.06,8696,True
5858,ES,09,08,2025,8,paisaje naturaleza,actividades,actividades infantiles,cataluna,barcelona,81420.62,964.5,4.13,4.05,200444,True
5859,ES,09,25,2025,8,paisaje naturaleza,actividades,actividades infantiles,cataluna,lleida,89954.0,2194.0,4.38,4.27,9898,True
5860,ES,09,43,2025,8,paisaje naturaleza,actividades,actividades infantiles,cataluna,tarragona,13578.0,719.5,4.26,4.2,33701,True
5861,ES,13,28,2025,8,paisaje naturaleza,actividades,actividades infantiles,comunidad de madrid,madrid,99005.6,2853.2,4.19,4.1,121795,True
5862,ES,15,31,2025,8,paisaje naturaleza,actividades,actividades infantiles,comunidad foral de navarra,navarra,24138.0,704.0,4.33,4.23,7007,True
5863,ES,10,03,2025,8,paisaje naturaleza,actividades,actividades infantiles,comunitat valenciana,alicante/alacant,652776.0,3286.0,4.36,4.28,82424,True
5864,ES,10,12,2025,8,paisaje naturaleza,actividades,actividades infantiles,comunitat valenciana,castellon/castello,353.0,1765.0,4.22,4.2,6934,True
5865,ES,10,46,2025,8,paisaje naturaleza,actividades,actividades infantiles,comunitat valenciana,valencia/valencia,54573.0,636.5,4.23,4.15,90776,True
5866,ES,11,06,2025,8,paisaje naturaleza,actividades,actividades infantiles,extremadura,badajoz,25674.0,755.0,4.4,4.29,1116,True
5867,ES,11,10,2025,8,paisaje naturaleza,actividades,actividades infantiles,extremadura,caceres,3314.0,154.0,4.5,4.33,5814,True
5868,ES,12,15,2025,8,paisaje naturaleza,actividades,actividades infantiles,galicia,a coruna,3528.0,1176.0,4.39,4.21,18974,True
5869,ES,12,36,2025,8,paisaje naturaleza,actividades,actividades infantiles,galicia,pontevedra,1701.0,567.0,4.29,4.17,15699,True
5870,ES,04,07,2025,8,paisaje naturaleza,actividades,actividades infantiles,illes balears,illes balears,453363.33,1729.33,4.42,4.33,203636,True
5871,ES,17,26,2025,8,paisaje naturaleza,actividades,actividades infantiles,la rioja,la rioja,66483.0,801.0,4.4,4.31,18300,True
5872,ES,16,01,2025,8,paisaje naturaleza,actividades,actividades infantiles,pais vasco,araba/alava,275807.0,751.0,4.66,4.41,11468,True
5873,ES,16,48,2025,8,paisaje naturaleza,actividades,actividades infantiles,pais vasco,bizkaia,507267.0,2236.5,4.38,4.31,7925,True
5874,ES,16,20,2025,8,paisaje naturaleza,actividades,actividades infantiles,pais vasco,gipuzkoa,7387.0,72.0,4.61,4.41,26976,True
5875,ES,03,33,2025,8,paisaje naturaleza,actividades,actividades infantiles,principado de asturias,asturias,343.0,343.0,4.42,4.35,44006,True
5876,ES,14,30,2025,8,paisaje naturaleza,actividades,actividades infantiles,region de murcia,murcia,16830.0,198.0,4.4,4.2,2633,True
5877,ES,01,11,2025,8,servicios,actividades,cursos,andalucia,cadiz,300.0,150.0,4.74,4.26,39,True
5878,ES,01,41,2025,8,servicios,actividades,cursos,andalucia,sevilla,188598.0,4386.0,4.06,4.34,4859,True
5879,ES,05,35,2025,8,servicios,actividades,cursos,canarias,las palmas,50192.0,6274.0,3.72,4.28,2863,True
5880,ES,07,42,2025,8,servicios,actividades,cursos,castilla y leon,soria,11768.0,1471.0,2.0,3.97,2,True
5881,ES,09,08,2025,8,servicios,actividades,cursos,cataluna,barcelona,390189.0,3084.0,4.03,4.05,159935,True
5882,ES,09,43,2025,8,servicios,actividades,cursos,cataluna,tarragona,62478.0,1157.0,3.44,4.2,9269,True
5883,ES,13,28,2025,8,servicios,actividades,cursos,comunidad de madrid,madrid,625711.5,7494.5,3.92,4.1,42370,True
5884,ES,10,03,2025,8,servicios,actividades,cursos,comunitat valenciana,alicante/alacant,135720.5,2984.5,3.73,4.28,29657,True
5885,ES,10,46,2025,8,servicios,actividades,cursos,comunitat valenciana,valencia/valencia,37688.0,9422.0,4.56,4.15,7124,True
5886,ES,11,10,2025,8,servicios,actividades,cursos,extremadura,caceres,1350.0,50.0,4.99,4.33,60,True
5887,ES,12,36,2025,8,servicios,actividades,cursos,galicia,pontevedra,48516.0,1231.5,4.14,4.17,1424,True
5888,ES,04,07,2025,8,servicios,actividades,cursos,illes balears,illes balears,15275.8,1263.8,4.23,4.33,46354,True
5889,ES,16,01,2025,8,servicios,actividades,cursos,pais vasco,araba/alava,95589.0,7353.0,5.0,4.41,18,True
5890,ES,16,48,2025,8,servicios,actividades,cursos,pais vasco,bizkaia,2400.0,400.0,4.03,4.31,13509,True
5891,ES,14,30,2025,8,servicios,actividades,cursos,region de murcia,murcia,362764.0,2017.0,2.83,4.2,6,True
5892,ES,01,14,2025,8,paisaje naturaleza,actividades,deportes y aventuras,andalucia,cordoba,210.0,210.0,4.32,4.29,3767,True
5893,ES,01,29,2025,8,paisaje naturaleza,actividades,deportes y aventuras,andalucia,malaga,360.0,30.0,4.44,4.43,109648,True
5894,ES,02,50,2025,8,paisaje naturaleza,actividades,deportes y aventuras,aragon,zaragoza,19503.0,2167.0,4.36,4.21,5888,True
5895,ES,05,38,2025,8,paisaje naturaleza,actividades,deportes y aventuras,canarias,santa cruz de tenerife,54416.0,1432.0,4.31,4.26,190067,True
5896,ES,08,02,2025,8,paisaje naturaleza,actividades,deportes y aventuras,castilla - la mancha,albacete,10548.0,2637.0,4.38,4.15,3169,True
5897,ES,07,34,2025,8,paisaje naturaleza,actividades,deportes y aventuras,castilla y leon,palencia,1230915.0,1995.0,4.36,4.35,398,True
5898,ES,07,37,2025,8,paisaje naturaleza,actividades,deportes y aventuras,castilla y leon,salamanca,1761.0,587.0,4.39,4.17,3319,True
5899,ES,07,42,2025,8,paisaje naturaleza,actividades,deportes y aventuras,castilla y leon,soria,151565.5,768.5,4.14,3.97,2792,True
5900,ES,07,47,2025,8,paisaje naturaleza,actividades,deportes y aventuras,castilla y leon,valladolid,79506.0,1893.0,4.18,4.06,8696,True
5901,ES,09,08,2025,8,paisaje naturaleza,actividades,deportes y aventuras,cataluna,barcelona,25338.4,521.0,4.13,4.05,200444,True
5902,ES,13,28,2025,8,paisaje naturaleza,actividades,deportes y aventuras,comunidad de madrid,madrid,155632.33,3458.67,4.19,4.1,121795,True
5903,ES,15,31,2025,8,paisaje naturaleza,actividades,deportes y aventuras,comunidad foral de navarra,navarra,369495.0,5355.0,4.33,4.23,7007,True
5904,ES,10,03,2025,8,paisaje naturaleza,actividades,deportes y aventuras,comunitat valenciana,alicante/alacant,652776.0,3286.0,4.36,4.28,82424,True
5905,ES,10,46,2025,8,paisaje naturaleza,actividades,deportes y aventuras,comunitat valenciana,valencia/valencia,1496.0,187.0,4.23,4.15,90776,True
5906,ES,11,06,2025,8,paisaje naturaleza,actividades,deportes y aventuras,extremadura,badajoz,2100402.0,1272.67,4.4,4.29,1116,True
5907,ES,11,10,2025,8,paisaje naturaleza,actividades,deportes y aventuras,extremadura,caceres,74796.0,755.0,4.5,4.33,5814,True
5908,ES,12,32,2025,8,paisaje naturaleza,actividades,deportes y aventuras,galicia,ourense,211296.0,1136.0,4.42,4.15,1840,True
5909,ES,16,48,2025,8,paisaje naturaleza,actividades,deportes y aventuras,pais vasco,bizkaia,1140.0,190.0,4.38,4.31,7925,True
5910,ES,03,33,2025,8,paisaje naturaleza,actividades,deportes y aventuras,principado de asturias,asturias,9503.5,4837.5,4.42,4.35,44006,True
5911,ES,01,11,2025,8,comida y bebida,actividades,gastronomia,andalucia,cadiz,131924.0,3741.0,4.57,4.26,47,True
5912,ES,01,18,2025,8,comida y bebida,actividades,gastronomia,andalucia,granada,34959.0,782.67,4.81,4.37,771,True
5913,ES,01,29,2025,8,comida y bebida,actividades,gastronomia,andalucia,malaga,6293.0,1015.0,4.84,4.43,1395,True
5914,ES,02,22,2025,8,comida y bebida,actividades,gastronomia,aragon,huesca,73324.5,1093.5,4.6,4.25,40,True
5915,ES,02,50,2025,8,comida y bebida,actividades,gastronomia,aragon,zaragoza,48714.0,2118.0,4.03,4.21,35,True
5916,ES,05,35,2025,8,comida y bebida,actividades,gastronomia,canarias,las palmas,3426.5,947.0,3.71,4.28,443,True
5917,ES,05,38,2025,8,comida y bebida,actividades,gastronomia,canarias,santa cruz de tenerife,166318.0,1214.0,4.31,4.26,72,True
5918,ES,06,39,2025,8,comida y bebida,actividades,gastronomia,cantabria,cantabria,415875.0,1109.0,4.65,4.27,26,True
5919,ES,08,02,2025,8,comida y bebida,actividades,gastronomia,castilla - la mancha,albacete,936.0,156.0,4.88,4.15,33,True
5920,ES,07,49,2025,8,comida y bebida,actividades,gastronomia,castilla y leon,zamora,92171.0,1511.0,0.0,0.0,0,False
5921,ES,09,08,2025,8,comida y bebida,actividades,gastronomia,cataluna,barcelona,227312.33,1874.33,4.67,4.05,3911,True
5922,ES,09,17,2025,8,comida y bebida,actividades,gastronomia,cataluna,girona,189658.0,1079.5,4.57,4.24,183,True
5923,ES,13,28,2025,8,comida y bebida,actividades,gastronomia,comunidad de madrid,madrid,72616.0,1252.0,4.71,4.1,5856,True
5924,ES,15,31,2025,8,comida y bebida,actividades,gastronomia,comunidad foral de navarra,navarra,39211.0,113.0,4.63,4.23,135,True
5925,ES,10,46,2025,8,comida y bebida,actividades,gastronomia,comunitat valenciana,valencia/valencia,804.0,1005.0,4.79,4.15,369,True
5926,ES,12,15,2025,8,comida y bebida,actividades,gastronomia,galicia,a coruna,2300.0,100.0,4.21,4.21,75,True
5927,ES,12,36,2025,8,comida y bebida,actividades,gastronomia,galicia,pontevedra,9779.67,637.33,4.41,4.17,237,True
5928,ES,04,07,2025,8,comida y bebida,actividades,gastronomia,illes balears,illes balears,20941.71,1460.0,4.86,4.33,2196,True
5929,ES,16,01,2025,8,comida y bebida,actividades,gastronomia,pais vasco,araba/alava,442462.0,1123.0,4.37,4.41,303,True
5930,ES,01,18,2025,8,vida nocturna,espectaculos,cine,andalucia,granada,96489.0,639.0,3.92,4.37,10900,True
5931,ES,01,29,2025,8,vida nocturna,espectaculos,cine,andalucia,malaga,114814.0,1946.0,4.3,4.43,56036,True
5932,ES,01,41,2025,8,vida nocturna,espectaculos,cine,andalucia,sevilla,63954.0,561.0,4.05,4.34,39053,True
5933,ES,02,22,2025,8,vida nocturna,espectaculos,cine,aragon,huesca,613364.0,1357.0,3.85,4.25,1293,True
5934,ES,08,02,2025,8,vida nocturna,espectaculos,cine,castilla - la mancha,albacete,35438.0,754.0,4.21,4.15,573,True
5935,ES,08,45,2025,8,vida nocturna,espectaculos,cine,castilla - la mancha,toledo,3204.0,89.0,3.99,4.18,434,True
5936,ES,07,47,2025,8,vida nocturna,espectaculos,cine,castilla y leon,valladolid,1722.0,615.0,4.01,4.06,1293,True
5937,ES,09,08,2025,8,vida nocturna,espectaculos,cine,cataluna,barcelona,13165.33,856.33,3.95,4.05,119743,True
5938,ES,13,28,2025,8,vida nocturna,espectaculos,cine,comunidad de madrid,madrid,7610.0,1522.0,3.85,4.1,100430,True
5939,ES,10,03,2025,8,vida nocturna,espectaculos,cine,comunitat valenciana,alicante/alacant,89168.67,562.0,4.03,4.28,84389,True
5940,ES,04,07,2025,8,vida nocturna,espectaculos,cine,illes balears,illes balears,1159.0,305.0,4.12,4.33,122452,True
5941,ES,16,01,2025,8,vida nocturna,espectaculos,cine,pais vasco,araba/alava,1100.0,50.0,3.82,4.41,1138,True
5942,ES,16,20,2025,8,vida nocturna,espectaculos,cine,pais vasco,gipuzkoa,142792.0,1373.0,4.14,4.41,5503,True
5943,ES,02,50,2025,8,otros,espectaculos,conferencias,aragon,zaragoza,32362.0,1471.0,3.75,4.21,158,True
5944,ES,08,13,2025,8,otros,espectaculos,conferencias,castilla - la mancha,ciudad real,9315.0,1863.0,4.21,4.29,156,True
5945,ES,07,34,2025,8,otros,espectaculos,conferencias,castilla y leon,palencia,88165.0,2519.0,5.0,4.35,16,True
5946,ES,09,08,2025,8,otros,espectaculos,conferencias,cataluna,barcelona,300181.0,4921.0,3.9,4.05,2019,True
5947,ES,13,28,2025,8,otros,espectaculos,conferencias,comunidad de madrid,madrid,354445.0,13325.0,3.97,4.1,1624,True
5948,ES,10,46,2025,8,otros,espectaculos,conferencias,comunitat valenciana,valencia/valencia,368888.0,14188.0,4.49,4.15,621,True
5949,ES,12,36,2025,8,otros,espectaculos,conferencias,galicia,pontevedra,1701.0,567.0,4.43,4.17,119,True
5950,ES,04,07,2025,8,otros,espectaculos,conferencias,illes balears,illes balears,8071.0,1153.0,4.21,4.33,296,True
5951,ES,16,48,2025,8,otros,espectaculos,conferencias,pais vasco,bizkaia,7746.0,3873.0,4.87,4.31,794,True
5952,ES,01,04,2025,8,paisaje urbano,espectaculos,"cultura, teatro y danza",andalucia,almeria,2784969.5,1917.5,4.25,4.19,14318,True
5953,ES,01,11,2025,8,paisaje urbano,espectaculos,"cultura, teatro y danza",andalucia,cadiz,608236.0,2083.0,4.35,4.26,8809,True
5954,ES,01,14,2025,8,paisaje urbano,espectaculos,"cultura, teatro y danza",andalucia,cordoba,717408.0,1504.0,4.3,4.29,93962,True
5955,ES,01,18,2025,8,paisaje urbano,espectaculos,"cultura, teatro y danza",andalucia,granada,407091.67,1457.33,4.35,4.37,153042,True
5956,ES,01,29,2025,8,paisaje urbano,espectaculos,"cultura, teatro y danza",andalucia,malaga,63421.0,632.5,4.43,4.43,158253,True
5957,ES,01,41,2025,8,paisaje urbano,espectaculos,"cultura, teatro y danza",andalucia,sevilla,174204.0,843.0,4.41,4.34,218279,True
5958,ES,02,22,2025,8,paisaje urbano,espectaculos,"cultura, teatro y danza",aragon,huesca,53266.5,1043.0,4.12,4.25,10916,True
5959,ES,02,44,2025,8,paisaje urbano,espectaculos,"cultura, teatro y danza",aragon,teruel,58031.0,1230.67,4.27,4.28,11015,True
5960,ES,02,50,2025,8,paisaje urbano,espectaculos,"cultura, teatro y danza",aragon,zaragoza,181992.5,625.5,4.34,4.21,41352,True
5961,ES,05,35,2025,8,paisaje urbano,espectaculos,"cultura, teatro y danza",canarias,las palmas,53063.75,1310.38,4.27,4.28,51395,True
5962,ES,05,38,2025,8,paisaje urbano,espectaculos,"cultura, teatro y danza",canarias,santa cruz de tenerife,86401.57,848.71,4.28,4.26,66584,True
5963,ES,08,02,2025,8,paisaje urbano,espectaculos,"cultura, teatro y danza",castilla - la mancha,albacete,60494.0,1387.33,4.09,4.15,3663,True
5964,ES,08,13,2025,8,paisaje urbano,espectaculos,"cultura, teatro y danza",castilla - la mancha,ciudad real,48006.0,2286.0,4.33,4.29,7266,True
5965,ES,08,45,2025,8,paisaje urbano,espectaculos,"cultura, teatro y danza",castilla - la mancha,toledo,52588.0,644.0,4.19,4.18,55769,True
5966,ES,07,37,2025,8,paisaje urbano,espectaculos,"cultura, teatro y danza",castilla y leon,salamanca,1995149.33,477.33,4.24,4.17,31972,True
5967,ES,07,47,2025,8,paisaje urbano,espectaculos,"cultura, teatro y danza",castilla y leon,valladolid,2568681.8,1036.4,4.14,4.06,13695,True
5968,ES,09,08,2025,8,paisaje urbano,espectaculos,"cultura, teatro y danza",cataluna,barcelona,280886.1,650.6,4.07,4.05,732080,True
5969,ES,09,17,2025,8,paisaje urbano,espectaculos,"cultura, teatro y danza",cataluna,girona,29206.5,718.5,4.24,4.24,50915,True
5970,ES,09,43,2025,8,paisaje urbano,espectaculos,"cultura, teatro y danza",cataluna,tarragona,15633.83,306.33,4.23,4.2,53439,True
5971,ES,13,28,2025,8,paisaje urbano,espectaculos,"cultura, teatro y danza",comunidad de madrid,madrid,72945.33,331.67,4.15,4.1,458466,True
5972,ES,15,31,2025,8,paisaje urbano,espectaculos,"cultura, teatro y danza",comunidad foral de navarra,navarra,354216.0,2261.0,4.25,4.23,19680,True
5973,ES,10,03,2025,8,paisaje urbano,espectaculos,"cultura, teatro y danza",comunitat valenciana,alicante/alacant,8643.0,731.67,4.28,4.28,67888,True
5974,ES,10,12,2025,8,paisaje urbano,espectaculos,"cultura, teatro y danza",comunitat valenciana,castellon/castello,280.0,140.0,4.14,4.2,13212,True
5975,ES,10,46,2025,8,paisaje urbano,espectaculos,"cultura, teatro y danza",comunitat valenciana,valencia/valencia,149274.5,1477.75,4.25,4.15,114505,True
5976,ES,11,06,2025,8,paisaje urbano,espectaculos,"cultura, teatro y danza",extremadura,badajoz,62915.33,1022.0,4.26,4.29,18348,True
5977,ES,11,10,2025,8,paisaje urbano,espectaculos,"cultura, teatro y danza",extremadura,caceres,3567.0,149.0,4.31,4.33,23514,True
5978,ES,12,15,2025,8,paisaje urbano,espectaculos,"cultura, teatro y danza",galicia,a coruna,86310.5,1008.5,4.26,4.21,50198,True
5979,ES,12,27,2025,8,paisaje urbano,espectaculos,"cultura, teatro y danza",galicia,lugo,902.0,2255.0,4.33,4.28,8872,True
5980,ES,12,36,2025,8,paisaje urbano,espectaculos,"cultura, teatro y danza",galicia,pontevedra,2580.0,1032.0,4.07,4.17,15892,True
5981,ES,04,07,2025,8,paisaje urbano,espectaculos,"cultura, teatro y danza",illes balears,illes balears,168486.5,1092.1,4.21,4.33,107418,True
5982,ES,17,26,2025,8,paisaje urbano,espectaculos,"cultura, teatro y danza",la rioja,la rioja,305580.67,1530.0,4.29,4.31,11493,True
5983,ES,16,01,2025,8,paisaje urbano,espectaculos,"cultura, teatro y danza",pais vasco,araba/alava,145504.0,2161.67,4.46,4.41,7811,True
5984,ES,16,48,2025,8,paisaje urbano,espectaculos,"cultura, teatro y danza",pais vasco,bizkaia,878584.67,1023.33,4.38,4.31,56425,True
5985,ES,16,20,2025,8,paisaje urbano,espectaculos,"cultura, teatro y danza",pais vasco,gipuzkoa,188351.0,1265.5,4.43,4.41,26949,True
5986,ES,03,33,2025,8,paisaje urbano,espectaculos,"cultura, teatro y danza",principado de asturias,asturias,14409.0,415.5,4.37,4.35,40762,True
5987,ES,14,30,2025,8,paisaje urbano,espectaculos,"cultura, teatro y danza",region de murcia,murcia,13356.0,1383.0,4.32,4.2,9308,True
5988,ES,08,13,2025,8,compras,espectaculos,ferias,castilla - la mancha,ciudad real,9315.0,1863.0,4.64,4.29,147,True
5989,ES,09,08,2025,8,compras,espectaculos,ferias,cataluna,barcelona,195748.0,13982.0,3.75,4.05,95381,True
5990,ES,13,28,2025,8,compras,espectaculos,ferias,comunidad de madrid,madrid,225250.0,850.0,3.83,4.1,89796,True
5991,ES,10,46,2025,8,compras,espectaculos,ferias,comunitat valenciana,valencia/valencia,4400.0,2200.0,3.72,4.15,81279,True
5992,ES,16,48,2025,8,compras,espectaculos,ferias,pais vasco,bizkaia,7746.0,3873.0,3.8,4.31,694,True
5993,ES,01,18,2025,8,paisaje urbano,espectaculos,museo y exposiciones,andalucia,granada,151065.0,1119.0,4.35,4.37,153042,True
5994,ES,01,41,2025,8,paisaje urbano,espectaculos,museo y exposiciones,andalucia,sevilla,100639.0,1307.0,4.41,4.34,218279,True
5995,ES,08,45,2025,8,paisaje urbano,espectaculos,museo y exposiciones,castilla - la mancha,toledo,6090.0,725.0,4.19,4.18,55769,True
5996,ES,07,37,2025,8,paisaje urbano,espectaculos,museo y exposiciones,castilla y leon,salamanca,268596.0,324.0,4.24,4.17,31972,True
5997,ES,07,47,2025,8,paisaje urbano,espectaculos,museo y exposiciones,castilla y leon,valladolid,46258.0,458.0,4.14,4.06,13695,True
5998,ES,09,08,2025,8,paisaje urbano,espectaculos,museo y exposiciones,cataluna,barcelona,115425.0,1425.0,4.07,4.05,732080,True
5999,ES,10,03,2025,8,paisaje urbano,espectaculos,museo y exposiciones,comunitat valenciana,alicante/alacant,7545.0,1509.0,4.28,4.28,67888,True
6000,ES,10,46,2025,8,paisaje urbano,espectaculos,museo y exposiciones,comunitat valenciana,valencia/valencia,11725.0,2345.0,4.25,4.15,114505,True
6001,ES,04,07,2025,8,paisaje urbano,espectaculos,museo y exposiciones,illes balears,illes balears,4144.0,518.0,4.21,4.33,107418,True
6002,ES,03,33,2025,8,paisaje urbano,espectaculos,museo y exposiciones,principado de asturias,asturias,31413.0,849.0,4.37,4.35,40762,True
6003,ES,01,04,2025,8,vida nocturna,espectaculos,musica,andalucia,almeria,213107.0,1675.8,3.72,4.19,5362,True
6004,ES,01,11,2025,8,vida nocturna,espectaculos,musica,andalucia,cadiz,170699.88,993.5,4.08,4.26,2343,True
6005,ES,01,14,2025,8,vida nocturna,espectaculos,musica,andalucia,cordoba,66468.75,1123.75,4.3,4.29,1908,True
6006,ES,01,18,2025,8,vida nocturna,espectaculos,musica,andalucia,granada,216175.67,750.44,3.92,4.37,10900,True
6007,ES,01,23,2025,8,vida nocturna,espectaculos,musica,andalucia,jaen,119727.43,813.86,4.0,4.33,992,True
6008,ES,01,29,2025,8,vida nocturna,espectaculos,musica,andalucia,malaga,38892.75,2629.25,4.3,4.43,56036,True
6009,ES,01,41,2025,8,vida nocturna,espectaculos,musica,andalucia,sevilla,148490.0,838.0,4.05,4.34,39053,True
6010,ES,02,22,2025,8,vida nocturna,espectaculos,musica,aragon,huesca,48198.6,992.6,3.85,4.25,1293,True
6011,ES,02,44,2025,8,vida nocturna,espectaculos,musica,aragon,teruel,17575.67,1210.33,4.35,4.28,950,True
6012,ES,02,50,2025,8,vida nocturna,espectaculos,musica,aragon,zaragoza,179924.8,1472.2,3.75,4.21,1614,True
6013,ES,05,35,2025,8,vida nocturna,espectaculos,musica,canarias,las palmas,204317.4,520.2,4.24,4.28,129544,True
6014,ES,05,38,2025,8,vida nocturna,espectaculos,musica,canarias,santa cruz de tenerife,234691.25,1541.75,4.06,4.26,62671,True
6015,ES,06,39,2025,8,vida nocturna,espectaculos,musica,cantabria,cantabria,268269.6,1119.2,4.02,4.27,5819,True
6016,ES,08,02,2025,8,vida nocturna,espectaculos,musica,castilla - la mancha,albacete,285698.0,1544.0,4.21,4.15,573,True
6017,ES,08,13,2025,8,vida nocturna,espectaculos,musica,castilla - la mancha,ciudad real,251847.4,944.4,4.17,4.29,385,True
6018,ES,08,16,2025,8,vida nocturna,espectaculos,musica,castilla - la mancha,cuenca,11270.0,49.0,3.91,4.19,760,True
6019,ES,08,19,2025,8,vida nocturna,espectaculos,musica,castilla - la mancha,guadalajara,5700.0,100.0,3.23,4.04,447,True
6020,ES,08,45,2025,8,vida nocturna,espectaculos,musica,castilla - la mancha,toledo,1980.0,132.0,3.99,4.18,434,True
6021,ES,07,05,2025,8,vida nocturna,espectaculos,musica,castilla y leon,avila,22652.0,809.0,4.04,4.23,397,True
6022,ES,07,09,2025,8,vida nocturna,espectaculos,musica,castilla y leon,burgos,262162.33,1196.33,3.95,4.28,970,True
6023,ES,07,24,2025,8,vida nocturna,espectaculos,musica,castilla y leon,leon,184549.0,1016.0,3.97,4.21,1480,True
6024,ES,07,34,2025,8,vida nocturna,espectaculos,musica,castilla y leon,palencia,193463.33,1380.67,4.23,4.35,379,True
6025,ES,07,37,2025,8,vida nocturna,espectaculos,musica,castilla y leon,salamanca,39294.0,852.67,3.66,4.17,3701,True
6026,ES,07,40,2025,8,vida nocturna,espectaculos,musica,castilla y leon,segovia,66232.67,2290.0,3.91,4.07,263,True
6027,ES,07,42,2025,8,vida nocturna,espectaculos,musica,castilla y leon,soria,539637.0,1539.5,4.2,3.97,154,True
6028,ES,07,47,2025,8,vida nocturna,espectaculos,musica,castilla y leon,valladolid,118287.8,612.4,4.01,4.06,1293,True
6029,ES,07,49,2025,8,vida nocturna,espectaculos,musica,castilla y leon,zamora,24799.75,783.25,4.27,4.17,462,True
6030,ES,09,08,2025,8,vida nocturna,espectaculos,musica,cataluna,barcelona,643600.08,1829.77,3.95,4.05,119743,True
6031,ES,09,17,2025,8,vida nocturna,espectaculos,musica,cataluna,girona,138945.45,1336.45,3.8,4.24,12856,True
6032,ES,09,25,2025,8,vida nocturna,espectaculos,musica,cataluna,lleida,58090.0,969.4,3.84,4.27,1184,True
6033,ES,09,43,2025,8,vida nocturna,espectaculos,musica,cataluna,tarragona,156423.5,885.0,4.1,4.2,22730,True
6034,ES,18,51,2025,8,vida nocturna,espectaculos,musica,ceuta,ceuta,800.0,100.0,0.0,0.0,0,False
6035,ES,13,28,2025,8,vida nocturna,espectaculos,musica,comunidad de madrid,madrid,1033754.72,1980.28,3.85,4.1,100430,True
6036,ES,15,31,2025,8,vida nocturna,espectaculos,musica,comunidad foral de navarra,navarra,12788.67,920.0,3.72,4.23,2565,True
6037,ES,10,03,2025,8,vida nocturna,espectaculos,musica,comunitat valenciana,alicante/alacant,98354.37,1596.47,4.03,4.28,84389,True
6038,ES,10,12,2025,8,vida nocturna,espectaculos,musica,comunitat valenciana,castellon/castello,47709.0,1648.0,3.88,4.2,2406,True
6039,ES,10,46,2025,8,vida nocturna,espectaculos,musica,comunitat valenciana,valencia/valencia,328642.2,734.4,3.72,4.15,9307,True
6040,ES,11,06,2025,8,vida nocturna,espectaculos,musica,extremadura,badajoz,35590.8,1206.6,4.31,4.29,2109,True
6041,ES,11,10,2025,8,vida nocturna,espectaculos,musica,extremadura,caceres,34401.0,3606.0,3.95,4.33,1377,True
6042,ES,12,15,2025,8,vida nocturna,espectaculos,musica,galicia,a coruna,310394.83,924.17,3.74,4.21,5653,True
6043,ES,12,27,2025,8,vida nocturna,espectaculos,musica,galicia,lugo,196940.5,1166.5,4.18,4.28,502,True
6044,ES,12,32,2025,8,vida nocturna,espectaculos,musica,galicia,ourense,2255.0,451.0,3.7,4.15,660,True
6045,ES,12,36,2025,8,vida nocturna,espectaculos,musica,galicia,pontevedra,89209.17,1822.33,4.0,4.17,3092,True
6046,ES,04,07,2025,8,vida nocturna,espectaculos,musica,illes balears,illes balears,692917.53,1493.29,4.12,4.33,122452,True
6047,ES,17,26,2025,8,vida nocturna,espectaculos,musica,la rioja,la rioja,36491.5,1313.5,3.69,4.31,1866,True
6048,ES,16,01,2025,8,vida nocturna,espectaculos,musica,pais vasco,araba/alava,198035.75,1327.0,3.82,4.41,1138,True
6049,ES,16,48,2025,8,vida nocturna,espectaculos,musica,pais vasco,bizkaia,31749.25,1002.25,4.21,4.31,5615,True
6050,ES,16,20,2025,8,vida nocturna,espectaculos,musica,pais vasco,gipuzkoa,122182.83,1114.5,4.14,4.41,5503,True
6051,ES,03,33,2025,8,vida nocturna,espectaculos,musica,principado de asturias,asturias,305549.88,1839.12,4.18,4.35,9626,True
6052,ES,14,30,2025,8,vida nocturna,espectaculos,musica,region de murcia,murcia,137594.33,1096.33,3.62,4.2,1488,True
6053,ES,01,04,2025,8,vida nocturna,espectaculos,musicales,andalucia,almeria,972.0,1215.0,3.72,4.19,5362,True
6054,ES,01,11,2025,8,vida nocturna,espectaculos,musicales,andalucia,cadiz,1760.0,176.0,4.08,4.26,2343,True
6055,ES,01,14,2025,8,vida nocturna,espectaculos,musicales,andalucia,cordoba,270.0,90.0,4.3,4.29,1908,True
6056,ES,01,41,2025,8,vida nocturna,espectaculos,musicales,andalucia,sevilla,480.0,160.0,4.05,4.34,39053,True
6057,ES,02,50,2025,8,vida nocturna,espectaculos,musicales,aragon,zaragoza,6552.0,504.0,3.75,4.21,1614,True
6058,ES,05,35,2025,8,vida nocturna,espectaculos,musicales,canarias,las palmas,360.0,120.0,4.24,4.28,129544,True
6059,ES,05,38,2025,8,vida nocturna,espectaculos,musicales,canarias,santa cruz de tenerife,120121.5,611.5,4.06,4.26,62671,True
6060,ES,08,02,2025,8,vida nocturna,espectaculos,musicales,castilla - la mancha,albacete,56808.0,1052.0,4.21,4.15,573,True
6061,ES,07,37,2025,8,vida nocturna,espectaculos,musicales,castilla y leon,salamanca,19536.0,176.0,3.66,4.17,3701,True
6062,ES,07,47,2025,8,vida nocturna,espectaculos,musicales,castilla y leon,valladolid,1056.0,176.0,4.01,4.06,1293,True
6063,ES,09,08,2025,8,vida nocturna,espectaculos,musicales,cataluna,barcelona,31232.0,916.5,3.95,4.05,119743,True
6064,ES,09,17,2025,8,vida nocturna,espectaculos,musicales,cataluna,girona,360.0,120.0,3.8,4.24,12856,True
6065,ES,09,43,2025,8,vida nocturna,espectaculos,musicales,cataluna,tarragona,250.0,50.0,4.1,4.2,22730,True
6066,ES,13,28,2025,8,vida nocturna,espectaculos,musicales,comunidad de madrid,madrid,1375.0,1375.0,3.85,4.1,100430,True
6067,ES,11,06,2025,8,vida nocturna,espectaculos,musicales,extremadura,badajoz,16742.0,187.0,4.31,4.29,2109,True
6068,ES,11,10,2025,8,vida nocturna,espectaculos,musicales,extremadura,caceres,6534.0,198.0,3.95,4.33,1377,True
6069,ES,12,15,2025,8,vida nocturna,espectaculos,musicales,galicia,a coruna,39442.0,962.0,3.74,4.21,5653,True
6070,ES,04,07,2025,8,vida nocturna,espectaculos,musicales,illes balears,illes balears,32121.0,1124.0,4.12,4.33,122452,True
6071,ES,17,26,2025,8,vida nocturna,espectaculos,musicales,la rioja,la rioja,14003.0,737.0,3.69,4.31,1866,True
6072,ES,16,01,2025,8,vida nocturna,espectaculos,musicales,pais vasco,araba/alava,5350.0,50.0,3.82,4.41,1138,True
6073,ES,16,48,2025,8,vida nocturna,espectaculos,musicales,pais vasco,bizkaia,1400.0,100.0,4.21,4.31,5615,True
6074,ES,14,30,2025,8,vida nocturna,espectaculos,musicales,region de murcia,murcia,47670.5,1412.0,3.62,4.2,1488,True
6075,ES,01,04,2025,9,paisaje naturaleza,actividades,actividades infantiles,andalucia,almeria,5529.0,300.5,4.32,4.19,23376,True
6076,ES,01,11,2025,9,paisaje naturaleza,actividades,actividades infantiles,andalucia,cadiz,300071.0,2971.0,4.27,4.26,12350,True
6077,ES,01,14,2025,9,paisaje naturaleza,actividades,actividades infantiles,andalucia,cordoba,7719.0,93.0,4.32,4.29,3767,True
6078,ES,01,18,2025,9,paisaje naturaleza,actividades,actividades infantiles,andalucia,granada,48375.0,1075.0,4.52,4.37,18492,True
6079,ES,01,21,2025,9,paisaje naturaleza,actividades,actividades infantiles,andalucia,huelva,191235.0,2013.0,4.12,4.11,8396,True
6080,ES,01,23,2025,9,paisaje naturaleza,actividades,actividades infantiles,andalucia,jaen,2062.0,2062.0,4.44,4.33,4366,True
6081,ES,01,29,2025,9,paisaje naturaleza,actividades,actividades infantiles,andalucia,malaga,67057.5,2113.5,4.44,4.43,109648,True
6082,ES,01,41,2025,9,paisaje naturaleza,actividades,actividades infantiles,andalucia,sevilla,64875.5,1687.0,4.47,4.34,21476,True
6083,ES,02,50,2025,9,paisaje naturaleza,actividades,actividades infantiles,aragon,zaragoza,176890.5,964.5,4.36,4.21,5888,True
6084,ES,05,35,2025,9,paisaje naturaleza,actividades,actividades infantiles,canarias,las palmas,1656.0,414.0,4.34,4.28,200378,True
6085,ES,05,38,2025,9,paisaje naturaleza,actividades,actividades infantiles,canarias,santa cruz de tenerife,23097.5,964.0,4.31,4.26,190067,True
6086,ES,06,39,2025,9,paisaje naturaleza,actividades,actividades infantiles,cantabria,cantabria,1400.0,70.0,4.36,4.27,37946,True
6087,ES,08,02,2025,9,paisaje naturaleza,actividades,actividades infantiles,castilla - la mancha,albacete,780.0,78.0,4.38,4.15,3169,True
6088,ES,08,45,2025,9,paisaje naturaleza,actividades,actividades infantiles,castilla - la mancha,toledo,69408.0,723.0,4.16,4.18,1715,True
6089,ES,07,05,2025,9,paisaje naturaleza,actividades,actividades infantiles,castilla y leon,avila,1143.0,1905.0,4.56,4.23,1874,True
6090,ES,07,24,2025,9,paisaje naturaleza,actividades,actividades infantiles,castilla y leon,leon,30891.0,1471.0,4.52,4.21,4506,True
6091,ES,07,37,2025,9,paisaje naturaleza,actividades,actividades infantiles,castilla y leon,salamanca,580062.0,1973.0,4.39,4.17,3319,True
6092,ES,07,47,2025,9,paisaje naturaleza,actividades,actividades infantiles,castilla y leon,valladolid,55096.0,1036.0,4.18,4.06,8696,True
6093,ES,07,49,2025,9,paisaje naturaleza,actividades,actividades infantiles,castilla y leon,zamora,8514.0,774.0,4.38,4.17,2116,True
6094,ES,09,08,2025,9,paisaje naturaleza,actividades,actividades infantiles,cataluna,barcelona,227441.9,1915.7,4.13,4.05,200444,True
6095,ES,09,17,2025,9,paisaje naturaleza,actividades,actividades infantiles,cataluna,girona,200.0,100.0,4.38,4.24,61683,True
6096,ES,09,25,2025,9,paisaje naturaleza,actividades,actividades infantiles,cataluna,lleida,107044.0,2036.0,4.38,4.27,9898,True
6097,ES,09,43,2025,9,paisaje naturaleza,actividades,actividades infantiles,cataluna,tarragona,77900.0,1271.0,4.26,4.2,33701,True
6098,ES,13,28,2025,9,paisaje naturaleza,actividades,actividades infantiles,comunidad de madrid,madrid,267373.14,2221.57,4.19,4.1,121795,True
6099,ES,15,31,2025,9,paisaje naturaleza,actividades,actividades infantiles,comunidad foral de navarra,navarra,7975.0,725.0,4.33,4.23,7007,True
6100,ES,10,03,2025,9,paisaje naturaleza,actividades,actividades infantiles,comunitat valenciana,alicante/alacant,126016.25,1965.25,4.36,4.28,82424,True
6101,ES,10,12,2025,9,paisaje naturaleza,actividades,actividades infantiles,comunitat valenciana,castellon/castello,9805.0,1961.0,4.22,4.2,6934,True
6102,ES,10,46,2025,9,paisaje naturaleza,actividades,actividades infantiles,comunitat valenciana,valencia/valencia,222129.0,1516.0,4.23,4.15,90776,True
6103,ES,11,06,2025,9,paisaje naturaleza,actividades,actividades infantiles,extremadura,badajoz,17960.0,750.0,4.4,4.29,1116,True
6104,ES,11,10,2025,9,paisaje naturaleza,actividades,actividades infantiles,extremadura,caceres,107832.5,1102.0,4.5,4.33,5814,True
6105,ES,12,15,2025,9,paisaje naturaleza,actividades,actividades infantiles,galicia,a coruna,116441.0,689.0,4.39,4.21,18974,True
6106,ES,12,36,2025,9,paisaje naturaleza,actividades,actividades infantiles,galicia,pontevedra,77953.0,569.0,4.29,4.17,15699,True
6107,ES,04,07,2025,9,paisaje naturaleza,actividades,actividades infantiles,illes balears,illes balears,491845.33,1252.0,4.42,4.33,203636,True
6108,ES,17,26,2025,9,paisaje naturaleza,actividades,actividades infantiles,la rioja,la rioja,20826.0,801.0,4.4,4.31,18300,True
6109,ES,16,01,2025,9,paisaje naturaleza,actividades,actividades infantiles,pais vasco,araba/alava,545.0,40.0,4.66,4.41,11468,True
6110,ES,16,48,2025,9,paisaje naturaleza,actividades,actividades infantiles,pais vasco,bizkaia,380562.0,861.0,4.38,4.31,7925,True
6111,ES,16,20,2025,9,paisaje naturaleza,actividades,actividades infantiles,pais vasco,gipuzkoa,26052.33,214.0,4.61,4.41,26976,True
6112,ES,03,33,2025,9,paisaje naturaleza,actividades,actividades infantiles,principado de asturias,asturias,3264.0,102.0,4.42,4.35,44006,True
6113,ES,14,30,2025,9,paisaje naturaleza,actividades,actividades infantiles,region de murcia,murcia,11441.0,1346.0,4.4,4.2,2633,True
6114,ES,01,04,2025,9,servicios,actividades,cursos,andalucia,almeria,132927.0,751.0,4.19,4.19,430,True
6115,ES,01,29,2025,9,servicios,actividades,cursos,andalucia,malaga,10748.0,982.0,4.62,4.43,51898,True
6116,ES,01,41,2025,9,servicios,actividades,cursos,andalucia,sevilla,6422.0,3211.0,4.06,4.34,4859,True
6117,ES,02,50,2025,9,servicios,actividades,cursos,aragon,zaragoza,6615.0,315.0,4.05,4.21,61,True
6118,ES,05,35,2025,9,servicios,actividades,cursos,canarias,las palmas,12252.0,2042.0,3.72,4.28,2863,True
6119,ES,05,38,2025,9,servicios,actividades,cursos,canarias,santa cruz de tenerife,605.0,121.0,3.86,4.26,3753,True
6120,ES,06,39,2025,9,servicios,actividades,cursos,cantabria,cantabria,30681.0,20454.0,3.94,4.27,4877,True
6121,ES,07,42,2025,9,servicios,actividades,cursos,castilla y leon,soria,10297.0,1471.0,2.0,3.97,2,True
6122,ES,07,47,2025,9,servicios,actividades,cursos,castilla y leon,valladolid,82356.0,13726.0,2.7,4.06,292,True
6123,ES,07,49,2025,9,servicios,actividades,cursos,castilla y leon,zamora,532524.0,2388.0,5.0,4.17,2,True
6124,ES,09,08,2025,9,servicios,actividades,cursos,cataluna,barcelona,267379.25,2299.25,4.03,4.05,159935,True
6125,ES,09,17,2025,9,servicios,actividades,cursos,cataluna,girona,3062.5,287.5,3.82,4.24,1146,True
6126,ES,09,43,2025,9,servicios,actividades,cursos,cataluna,tarragona,144606.0,6573.0,3.44,4.2,9269,True
6127,ES,13,28,2025,9,servicios,actividades,cursos,comunidad de madrid,madrid,3140246.5,9891.0,3.92,4.1,42370,True
6128,ES,10,03,2025,9,servicios,actividades,cursos,comunitat valenciana,alicante/alacant,100182.0,16697.0,3.73,4.28,29657,True
6129,ES,10,46,2025,9,servicios,actividades,cursos,comunitat valenciana,valencia/valencia,1280496.0,7622.0,4.56,4.15,7124,True
6130,ES,11,10,2025,9,servicios,actividades,cursos,extremadura,caceres,550.0,50.0,4.99,4.33,60,True
6131,ES,12,15,2025,9,servicios,actividades,cursos,galicia,a coruna,27454.0,3922.0,4.04,4.21,605,True
6132,ES,12,32,2025,9,servicios,actividades,cursos,galicia,ourense,7695.0,2025.0,3.34,4.15,37,True
6133,ES,12,36,2025,9,servicios,actividades,cursos,galicia,pontevedra,11400.0,50.0,4.14,4.17,1424,True
6134,ES,04,07,2025,9,servicios,actividades,cursos,illes balears,illes balears,22773.25,2414.88,4.23,4.33,46354,True
6135,ES,16,01,2025,9,servicios,actividades,cursos,pais vasco,araba/alava,58027.5,3853.5,5.0,4.41,18,True
6136,ES,16,48,2025,9,servicios,actividades,cursos,pais vasco,bizkaia,6983.33,516.67,4.03,4.31,13509,True
6137,ES,01,21,2025,9,paisaje naturaleza,actividades,deportes y aventuras,andalucia,huelva,191235.0,2013.0,4.12,4.11,8396,True
6138,ES,01,29,2025,9,paisaje naturaleza,actividades,deportes y aventuras,andalucia,malaga,690.0,115.0,4.44,4.43,109648,True
6139,ES,05,38,2025,9,paisaje naturaleza,actividades,deportes y aventuras,canarias,santa cruz de tenerife,2800.0,350.0,4.31,4.26,190067,True
6140,ES,08,02,2025,9,paisaje naturaleza,actividades,deportes y aventuras,castilla - la mancha,albacete,148666.0,3034.0,4.38,4.15,3169,True
6141,ES,07,24,2025,9,paisaje naturaleza,actividades,deportes y aventuras,castilla y leon,leon,294487.0,1627.0,4.52,4.21,4506,True
6142,ES,07,37,2025,9,paisaje naturaleza,actividades,deportes y aventuras,castilla y leon,salamanca,24192.0,1008.0,4.39,4.17,3319,True
6143,ES,07,47,2025,9,paisaje naturaleza,actividades,deportes y aventuras,castilla y leon,valladolid,91008.0,1896.0,4.18,4.06,8696,True
6144,ES,09,08,2025,9,paisaje naturaleza,actividades,deportes y aventuras,cataluna,barcelona,96866.22,1437.56,4.13,4.05,200444,True
6145,ES,09,17,2025,9,paisaje naturaleza,actividades,deportes y aventuras,cataluna,girona,200.0,100.0,4.38,4.24,61683,True
6146,ES,13,28,2025,9,paisaje naturaleza,actividades,deportes y aventuras,comunidad de madrid,madrid,689769.33,5142.33,4.19,4.1,121795,True
6147,ES,15,31,2025,9,paisaje naturaleza,actividades,deportes y aventuras,comunidad foral de navarra,navarra,367298.0,3566.0,4.33,4.23,7007,True
6148,ES,10,03,2025,9,paisaje naturaleza,actividades,deportes y aventuras,comunitat valenciana,alicante/alacant,179011.0,2368.33,4.36,4.28,82424,True
6149,ES,10,46,2025,9,paisaje naturaleza,actividades,deportes y aventuras,comunitat valenciana,valencia/valencia,218845.0,1903.0,4.23,4.15,90776,True
6150,ES,11,06,2025,9,paisaje naturaleza,actividades,deportes y aventuras,extremadura,badajoz,10607.33,379.33,4.4,4.29,1116,True
6151,ES,11,10,2025,9,paisaje naturaleza,actividades,deportes y aventuras,extremadura,caceres,38502.5,593.5,4.5,4.33,5814,True
6152,ES,12,15,2025,9,paisaje naturaleza,actividades,deportes y aventuras,galicia,a coruna,2480.0,80.0,4.39,4.21,18974,True
6153,ES,12,32,2025,9,paisaje naturaleza,actividades,deportes y aventuras,galicia,ourense,183696.0,1032.0,4.42,4.15,1840,True
6154,ES,04,07,2025,9,paisaje naturaleza,actividades,deportes y aventuras,illes balears,illes balears,4448.0,1657.5,4.42,4.33,203636,True
6155,ES,16,01,2025,9,paisaje naturaleza,actividades,deportes y aventuras,pais vasco,araba/alava,132944.0,8309.0,4.66,4.41,11468,True
6156,ES,16,48,2025,9,paisaje naturaleza,actividades,deportes y aventuras,pais vasco,bizkaia,133068.0,2559.0,4.38,4.31,7925,True
6157,ES,03,33,2025,9,paisaje naturaleza,actividades,deportes y aventuras,principado de asturias,asturias,9332.0,9332.0,4.42,4.35,44006,True
6158,ES,01,11,2025,9,comida y bebida,actividades,gastronomia,andalucia,cadiz,79266.0,1201.0,4.57,4.26,47,True
6159,ES,01,18,2025,9,comida y bebida,actividades,gastronomia,andalucia,granada,16048.0,1003.0,4.81,4.37,771,True
6160,ES,01,29,2025,9,comida y bebida,actividades,gastronomia,andalucia,malaga,1060539.0,1011.0,4.84,4.43,1395,True
6161,ES,01,41,2025,9,comida y bebida,actividades,gastronomia,andalucia,sevilla,3732.0,622.0,4.76,4.34,8170,True
6162,ES,02,50,2025,9,comida y bebida,actividades,gastronomia,aragon,zaragoza,41313.0,4395.0,4.03,4.21,35,True
6163,ES,05,35,2025,9,comida y bebida,actividades,gastronomia,canarias,las palmas,147685.0,4377.5,3.71,4.28,443,True
6164,ES,05,38,2025,9,comida y bebida,actividades,gastronomia,canarias,santa cruz de tenerife,218.0,545.0,4.31,4.26,72,True
6165,ES,08,02,2025,9,comida y bebida,actividades,gastronomia,castilla - la mancha,albacete,212107.0,1351.0,4.88,4.15,33,True
6166,ES,09,08,2025,9,comida y bebida,actividades,gastronomia,cataluna,barcelona,83996.0,1909.0,4.67,4.05,3911,True
6167,ES,09,17,2025,9,comida y bebida,actividades,gastronomia,cataluna,girona,29840.25,996.0,4.57,4.24,183,True
6168,ES,13,28,2025,9,comida y bebida,actividades,gastronomia,comunidad de madrid,madrid,11195.0,617.0,4.71,4.1,5856,True
6169,ES,10,46,2025,9,comida y bebida,actividades,gastronomia,comunitat valenciana,valencia/valencia,44026.0,909.0,4.79,4.15,369,True
6170,ES,04,07,2025,9,comida y bebida,actividades,gastronomia,illes balears,illes balears,81628.5,2338.5,4.86,4.33,2196,True
6171,ES,16,01,2025,9,comida y bebida,actividades,gastronomia,pais vasco,araba/alava,1250.0,415.0,4.37,4.41,303,True
6172,ES,16,48,2025,9,comida y bebida,actividades,gastronomia,pais vasco,bizkaia,59292.0,732.0,4.31,4.31,319,True
6173,ES,01,18,2025,9,vida nocturna,espectaculos,cine,andalucia,granada,88821.0,639.0,3.92,4.37,10900,True
6174,ES,01,41,2025,9,vida nocturna,espectaculos,cine,andalucia,sevilla,73853.0,437.0,4.05,4.34,39053,True
6175,ES,09,08,2025,9,vida nocturna,espectaculos,cine,cataluna,barcelona,34754.6,680.6,3.95,4.05,119743,True
6176,ES,09,17,2025,9,vida nocturna,espectaculos,cine,cataluna,girona,99.0,495.0,3.8,4.24,12856,True
6177,ES,13,28,2025,9,vida nocturna,espectaculos,cine,comunidad de madrid,madrid,168498.0,1221.0,3.85,4.1,100430,True
6178,ES,10,03,2025,9,vida nocturna,espectaculos,cine,comunitat valenciana,alicante/alacant,400.0,50.0,4.03,4.28,84389,True
6179,ES,10,46,2025,9,vida nocturna,espectaculos,cine,comunitat valenciana,valencia/valencia,609.0,94.5,3.72,4.15,9307,True
6180,ES,04,07,2025,9,vida nocturna,espectaculos,cine,illes balears,illes balears,4113.0,457.0,4.12,4.33,122452,True
6181,ES,16,20,2025,9,vida nocturna,espectaculos,cine,pais vasco,gipuzkoa,57752.33,604.67,4.14,4.41,5503,True
6182,ES,01,23,2025,9,otros,espectaculos,conferencias,andalucia,jaen,250.0,50.0,4.24,4.33,765,True
6183,ES,01,29,2025,9,otros,espectaculos,conferencias,andalucia,malaga,1560.0,390.0,4.25,4.43,1156,True
6184,ES,01,41,2025,9,otros,espectaculos,conferencias,andalucia,sevilla,36225.0,805.0,3.68,4.34,431,True
6185,ES,02,50,2025,9,otros,espectaculos,conferencias,aragon,zaragoza,310804.0,2236.0,3.75,4.21,158,True
6186,ES,08,13,2025,9,otros,espectaculos,conferencias,castilla - la mancha,ciudad real,20784.0,1732.0,4.21,4.29,156,True
6187,ES,07,05,2025,9,otros,espectaculos,conferencias,castilla y leon,avila,618888.0,5784.0,3.61,4.23,173,True
6188,ES,07,34,2025,9,otros,espectaculos,conferencias,castilla y leon,palencia,357929.0,2503.0,5.0,4.35,16,True
6189,ES,07,47,2025,9,otros,espectaculos,conferencias,castilla y leon,valladolid,240.0,120.0,4.45,4.06,83,True
6190,ES,09,08,2025,9,otros,espectaculos,conferencias,cataluna,barcelona,31111.0,9815.5,3.9,4.05,2019,True
6191,ES,09,17,2025,9,otros,espectaculos,conferencias,cataluna,girona,6249.0,6249.0,4.07,4.24,798,True
6192,ES,13,28,2025,9,otros,espectaculos,conferencias,comunidad de madrid,madrid,1823601.0,6099.0,3.97,4.1,1624,True
6193,ES,10,03,2025,9,otros,espectaculos,conferencias,comunitat valenciana,alicante/alacant,1300.0,260.0,4.26,4.28,392,True
6194,ES,10,46,2025,9,otros,espectaculos,conferencias,comunitat valenciana,valencia/valencia,813338.0,7673.0,4.49,4.15,621,True
6195,ES,12,36,2025,9,otros,espectaculos,conferencias,galicia,pontevedra,77953.0,569.0,4.43,4.17,119,True
6196,ES,04,07,2025,9,otros,espectaculos,conferencias,illes balears,illes balears,14850.0,12375.0,4.21,4.33,296,True
6197,ES,16,48,2025,9,otros,espectaculos,conferencias,pais vasco,bizkaia,212009.0,6839.0,4.87,4.31,794,True
6198,ES,03,33,2025,9,otros,espectaculos,conferencias,principado de asturias,asturias,46566.0,3582.0,4.4,4.35,92,True
6199,ES,01,04,2025,9,paisaje urbano,espectaculos,"cultura, teatro y danza",andalucia,almeria,111866.5,718.0,4.25,4.19,14318,True
6200,ES,01,11,2025,9,paisaje urbano,espectaculos,"cultura, teatro y danza",andalucia,cadiz,255048.0,1698.33,4.35,4.26,8809,True
6201,ES,01,14,2025,9,paisaje urbano,espectaculos,"cultura, teatro y danza",andalucia,cordoba,1518805.0,1405.0,4.3,4.29,93962,True
6202,ES,01,18,2025,9,paisaje urbano,espectaculos,"cultura, teatro y danza",andalucia,granada,254581.33,506.67,4.35,4.37,153042,True
6203,ES,01,23,2025,9,paisaje urbano,espectaculos,"cultura, teatro y danza",andalucia,jaen,2062.0,2062.0,4.3,4.33,16236,True
6204,ES,01,29,2025,9,paisaje urbano,espectaculos,"cultura, teatro y danza",andalucia,malaga,859271.0,1114.33,4.43,4.43,158253,True
6205,ES,01,41,2025,9,paisaje urbano,espectaculos,"cultura, teatro y danza",andalucia,sevilla,680537.33,1287.67,4.41,4.34,218279,True
6206,ES,02,22,2025,9,paisaje urbano,espectaculos,"cultura, teatro y danza",aragon,huesca,133095.0,1401.0,4.12,4.25,10916,True
6207,ES,02,50,2025,9,paisaje urbano,espectaculos,"cultura, teatro y danza",aragon,zaragoza,898097.0,474.5,4.34,4.21,41352,True
6208,ES,05,35,2025,9,paisaje urbano,espectaculos,"cultura, teatro y danza",canarias,las palmas,112865.33,1115.33,4.27,4.28,51395,True
6209,ES,05,38,2025,9,paisaje urbano,espectaculos,"cultura, teatro y danza",canarias,santa cruz de tenerife,94590.29,967.43,4.28,4.26,66584,True
6210,ES,06,39,2025,9,paisaje urbano,espectaculos,"cultura, teatro y danza",cantabria,cantabria,78315.0,1135.0,4.28,4.27,27507,True
6211,ES,08,02,2025,9,paisaje urbano,espectaculos,"cultura, teatro y danza",castilla - la mancha,albacete,295153.5,1029.5,4.09,4.15,3663,True
6212,ES,08,16,2025,9,paisaje urbano,espectaculos,"cultura, teatro y danza",castilla - la mancha,cuenca,1200.0,150.0,4.27,4.19,13771,True
6213,ES,08,45,2025,9,paisaje urbano,espectaculos,"cultura, teatro y danza",castilla - la mancha,toledo,23272.67,311.0,4.19,4.18,55769,True
6214,ES,07,37,2025,9,paisaje urbano,espectaculos,"cultura, teatro y danza",castilla y leon,salamanca,47728.0,152.0,4.24,4.17,31972,True
6215,ES,07,47,2025,9,paisaje urbano,espectaculos,"cultura, teatro y danza",castilla y leon,valladolid,781347.75,635.75,4.14,4.06,13695,True
6216,ES,07,49,2025,9,paisaje urbano,espectaculos,"cultura, teatro y danza",castilla y leon,zamora,4757.0,412.0,4.19,4.17,5872,True
6217,ES,09,08,2025,9,paisaje urbano,espectaculos,"cultura, teatro y danza",cataluna,barcelona,804766.18,972.82,4.07,4.05,732080,True
6218,ES,09,17,2025,9,paisaje urbano,espectaculos,"cultura, teatro y danza",cataluna,girona,6847.25,873.25,4.24,4.24,50915,True
6219,ES,09,43,2025,9,paisaje urbano,espectaculos,"cultura, teatro y danza",cataluna,tarragona,17336.0,490.75,4.23,4.2,53439,True
6220,ES,13,28,2025,9,paisaje urbano,espectaculos,"cultura, teatro y danza",comunidad de madrid,madrid,645716.17,794.83,4.15,4.1,458466,True
6221,ES,15,31,2025,9,paisaje urbano,espectaculos,"cultura, teatro y danza",comunidad foral de navarra,navarra,66402.0,1581.0,4.25,4.23,19680,True
6222,ES,10,03,2025,9,paisaje urbano,espectaculos,"cultura, teatro y danza",comunitat valenciana,alicante/alacant,155429.2,1184.8,4.28,4.28,67888,True
6223,ES,10,12,2025,9,paisaje urbano,espectaculos,"cultura, teatro y danza",comunitat valenciana,castellon/castello,20297.0,775.0,4.14,4.2,13212,True
6224,ES,10,46,2025,9,paisaje urbano,espectaculos,"cultura, teatro y danza",comunitat valenciana,valencia/valencia,857830.2,870.8,4.25,4.15,114505,True
6225,ES,11,06,2025,9,paisaje urbano,espectaculos,"cultura, teatro y danza",extremadura,badajoz,16029.33,517.33,4.26,4.29,18348,True
6226,ES,11,10,2025,9,paisaje urbano,espectaculos,"cultura, teatro y danza",extremadura,caceres,163155.0,1095.0,4.31,4.33,23514,True
6227,ES,12,15,2025,9,paisaje urbano,espectaculos,"cultura, teatro y danza",galicia,a coruna,73470.75,513.75,4.26,4.21,50198,True
6228,ES,12,27,2025,9,paisaje urbano,espectaculos,"cultura, teatro y danza",galicia,lugo,126645.5,4798.5,4.33,4.28,8872,True
6229,ES,12,36,2025,9,paisaje urbano,espectaculos,"cultura, teatro y danza",galicia,pontevedra,227767.0,953.0,4.07,4.17,15892,True
6230,ES,04,07,2025,9,paisaje urbano,espectaculos,"cultura, teatro y danza",illes balears,illes balears,203176.19,994.14,4.21,4.33,107418,True
6231,ES,17,26,2025,9,paisaje urbano,espectaculos,"cultura, teatro y danza",la rioja,la rioja,207438.0,3143.0,4.29,4.31,11493,True
6232,ES,16,01,2025,9,paisaje urbano,espectaculos,"cultura, teatro y danza",pais vasco,araba/alava,111804.5,370.5,4.46,4.41,7811,True
6233,ES,16,48,2025,9,paisaje urbano,espectaculos,"cultura, teatro y danza",pais vasco,bizkaia,298505.5,842.0,4.38,4.31,56425,True
6234,ES,16,20,2025,9,paisaje urbano,espectaculos,"cultura, teatro y danza",pais vasco,gipuzkoa,200342.6,984.0,4.43,4.41,26949,True
6235,ES,03,33,2025,9,paisaje urbano,espectaculos,"cultura, teatro y danza",principado de asturias,asturias,58632.0,1047.0,4.37,4.35,40762,True
6236,ES,14,30,2025,9,paisaje urbano,espectaculos,"cultura, teatro y danza",region de murcia,murcia,149904.5,459.5,4.32,4.2,9308,True
6237,ES,01,23,2025,9,compras,espectaculos,ferias,andalucia,jaen,250.0,50.0,4.55,4.33,484,True
6238,ES,08,13,2025,9,compras,espectaculos,ferias,castilla - la mancha,ciudad real,20784.0,1732.0,4.64,4.29,147,True
6239,ES,09,08,2025,9,compras,espectaculos,ferias,cataluna,barcelona,279080.0,14560.0,3.75,4.05,95381,True
6240,ES,13,28,2025,9,compras,espectaculos,ferias,comunidad de madrid,madrid,854964.0,3366.0,3.83,4.1,89796,True
6241,ES,10,46,2025,9,compras,espectaculos,ferias,comunitat valenciana,valencia/valencia,98001.0,10889.0,3.72,4.15,81279,True
6242,ES,16,48,2025,9,compras,espectaculos,ferias,pais vasco,bizkaia,212009.0,6839.0,3.8,4.31,694,True
6243,ES,03,33,2025,9,compras,espectaculos,ferias,principado de asturias,asturias,46566.0,3582.0,4.23,4.35,2445,True
6244,ES,01,23,2025,9,paisaje urbano,espectaculos,museo y exposiciones,andalucia,jaen,2062.0,2062.0,4.3,4.33,16236,True
6245,ES,01,41,2025,9,paisaje urbano,espectaculos,museo y exposiciones,andalucia,sevilla,16714.0,122.0,4.41,4.34,218279,True
6246,ES,02,50,2025,9,paisaje urbano,espectaculos,museo y exposiciones,aragon,zaragoza,45021.0,349.0,4.34,4.21,41352,True
6247,ES,08,45,2025,9,paisaje urbano,espectaculos,museo y exposiciones,castilla - la mancha,toledo,69408.0,723.0,4.19,4.18,55769,True
6248,ES,07,47,2025,9,paisaje urbano,espectaculos,museo y exposiciones,castilla y leon,valladolid,16302.0,494.0,4.14,4.06,13695,True
6249,ES,09,08,2025,9,paisaje urbano,espectaculos,museo y exposiciones,cataluna,barcelona,15424.0,1205.0,4.07,4.05,732080,True
6250,ES,04,07,2025,9,paisaje urbano,espectaculos,museo y exposiciones,illes balears,illes balears,1554.0,518.0,4.21,4.33,107418,True
6251,ES,01,04,2025,9,vida nocturna,espectaculos,musica,andalucia,almeria,382415.29,1022.86,3.72,4.19,5362,True
6252,ES,01,11,2025,9,vida nocturna,espectaculos,musica,andalucia,cadiz,114669.29,1108.57,4.08,4.26,2343,True
6253,ES,01,14,2025,9,vida nocturna,espectaculos,musica,andalucia,cordoba,31147.33,1403.0,4.3,4.29,1908,True
6254,ES,01,18,2025,9,vida nocturna,espectaculos,musica,andalucia,granada,517979.2,1620.0,3.92,4.37,10900,True
6255,ES,01,23,2025,9,vida nocturna,espectaculos,musica,andalucia,jaen,68994.6,1200.6,4.0,4.33,992,True
6256,ES,01,29,2025,9,vida nocturna,espectaculos,musica,andalucia,malaga,3183476.8,4186.0,4.3,4.43,56036,True
6257,ES,01,41,2025,9,vida nocturna,espectaculos,musica,andalucia,sevilla,804281.0,1545.5,4.05,4.34,39053,True
6258,ES,02,22,2025,9,vida nocturna,espectaculos,musica,aragon,huesca,1695.0,67.5,3.85,4.25,1293,True
6259,ES,02,44,2025,9,vida nocturna,espectaculos,musica,aragon,teruel,276763.67,1589.0,4.35,4.28,950,True
6260,ES,02,50,2025,9,vida nocturna,espectaculos,musica,aragon,zaragoza,755372.33,1780.33,3.75,4.21,1614,True
6261,ES,05,35,2025,9,vida nocturna,espectaculos,musica,canarias,las palmas,244138.17,1078.5,4.24,4.28,129544,True
6262,ES,05,38,2025,9,vida nocturna,espectaculos,musica,canarias,santa cruz de tenerife,830697.7,1258.8,4.06,4.26,62671,True
6263,ES,06,39,2025,9,vida nocturna,espectaculos,musica,cantabria,cantabria,128233.0,719.0,4.02,4.27,5819,True
6264,ES,08,02,2025,9,vida nocturna,espectaculos,musica,castilla - la mancha,albacete,182197.0,1979.75,4.21,4.15,573,True
6265,ES,08,13,2025,9,vida nocturna,espectaculos,musica,castilla - la mancha,ciudad real,13307.25,806.75,4.17,4.29,385,True
6266,ES,08,16,2025,9,vida nocturna,espectaculos,musica,castilla - la mancha,cuenca,55203.0,1142.5,3.91,4.19,760,True
6267,ES,08,19,2025,9,vida nocturna,espectaculos,musica,castilla - la mancha,guadalajara,1215.0,2025.0,3.23,4.04,447,True
6268,ES,08,45,2025,9,vida nocturna,espectaculos,musica,castilla - la mancha,toledo,37433.5,1191.5,3.99,4.18,434,True
6269,ES,07,05,2025,9,vida nocturna,espectaculos,musica,castilla y leon,avila,6282.0,1587.0,4.04,4.23,397,True
6270,ES,07,09,2025,9,vida nocturna,espectaculos,musica,castilla y leon,burgos,447110.0,904.67,3.95,4.28,970,True
6271,ES,07,24,2025,9,vida nocturna,espectaculos,musica,castilla y leon,leon,486675.0,1545.0,3.97,4.21,1480,True
6272,ES,07,34,2025,9,vida nocturna,espectaculos,musica,castilla y leon,palencia,70660.0,905.5,4.23,4.35,379,True
6273,ES,07,37,2025,9,vida nocturna,espectaculos,musica,castilla y leon,salamanca,209268.0,598.67,3.66,4.17,3701,True
6274,ES,07,40,2025,9,vida nocturna,espectaculos,musica,castilla y leon,segovia,66614.5,1043.5,3.91,4.07,263,True
6275,ES,07,42,2025,9,vida nocturna,espectaculos,musica,castilla y leon,soria,19962.0,898.0,4.2,3.97,154,True
6276,ES,07,47,2025,9,vida nocturna,espectaculos,musica,castilla y leon,valladolid,691008.0,1416.0,4.01,4.06,1293,True
6277,ES,07,49,2025,9,vida nocturna,espectaculos,musica,castilla y leon,zamora,19979.0,1073.33,4.27,4.17,462,True
6278,ES,09,08,2025,9,vida nocturna,espectaculos,musica,cataluna,barcelona,986576.09,1700.68,3.95,4.05,119743,True
6279,ES,09,17,2025,9,vida nocturna,espectaculos,musica,cataluna,girona,122270.39,1177.56,3.8,4.24,12856,True
6280,ES,09,25,2025,9,vida nocturna,espectaculos,musica,cataluna,lleida,174936.5,1182.67,3.84,4.27,1184,True
6281,ES,09,43,2025,9,vida nocturna,espectaculos,musica,cataluna,tarragona,311272.64,996.82,4.1,4.2,22730,True
6282,ES,18,51,2025,9,vida nocturna,espectaculos,musica,ceuta,ceuta,2200.0,100.0,0.0,0.0,0,False
6283,ES,13,28,2025,9,vida nocturna,espectaculos,musica,comunidad de madrid,madrid,395129.75,1790.25,3.85,4.1,100430,True
6284,ES,15,31,2025,9,vida nocturna,espectaculos,musica,comunidad foral de navarra,navarra,71852.67,964.67,3.72,4.23,2565,True
6285,ES,10,03,2025,9,vida nocturna,espectaculos,musica,comunitat valenciana,alicante/alacant,305381.85,1612.8,4.03,4.28,84389,True
6286,ES,10,12,2025,9,vida nocturna,espectaculos,musica,comunitat valenciana,castellon/castello,494224.0,1343.0,3.88,4.2,2406,True
6287,ES,10,46,2025,9,vida nocturna,espectaculos,musica,comunitat valenciana,valencia/valencia,363404.57,1151.14,3.72,4.15,9307,True
6288,ES,11,06,2025,9,vida nocturna,espectaculos,musica,extremadura,badajoz,41935.0,1110.33,4.31,4.29,2109,True
6289,ES,11,10,2025,9,vida nocturna,espectaculos,musica,extremadura,caceres,6515.0,1303.0,3.95,4.33,1377,True
6290,ES,12,15,2025,9,vida nocturna,espectaculos,musica,galicia,a coruna,408996.5,1417.83,3.74,4.21,5653,True
6291,ES,12,27,2025,9,vida nocturna,espectaculos,musica,galicia,lugo,166918.67,2441.0,4.18,4.28,502,True
6292,ES,12,32,2025,9,vida nocturna,espectaculos,musica,galicia,ourense,6465.0,1293.0,3.7,4.15,660,True
6293,ES,12,36,2025,9,vida nocturna,espectaculos,musica,galicia,pontevedra,335916.0,1378.33,4.0,4.17,3092,True
6294,ES,04,07,2025,9,vida nocturna,espectaculos,musica,illes balears,illes balears,481655.37,1238.5,4.12,4.33,122452,True
6295,ES,17,26,2025,9,vida nocturna,espectaculos,musica,la rioja,la rioja,30495.0,1605.0,3.69,4.31,1866,True
6296,ES,16,01,2025,9,vida nocturna,espectaculos,musica,pais vasco,araba/alava,838980.5,1653.5,3.82,4.41,1138,True
6297,ES,16,48,2025,9,vida nocturna,espectaculos,musica,pais vasco,bizkaia,523460.86,1779.86,4.21,4.31,5615,True
6298,ES,16,20,2025,9,vida nocturna,espectaculos,musica,pais vasco,gipuzkoa,170295.67,982.78,4.14,4.41,5503,True
6299,ES,03,33,2025,9,vida nocturna,espectaculos,musica,principado de asturias,asturias,271232.14,1455.43,4.18,4.35,9626,True
6300,ES,14,30,2025,9,vida nocturna,espectaculos,musica,region de murcia,murcia,506076.33,980.0,3.62,4.2,1488,True
6301,ES,01,04,2025,9,vida nocturna,espectaculos,musicales,andalucia,almeria,2280.0,120.0,3.72,4.19,5362,True
6302,ES,01,11,2025,9,vida nocturna,espectaculos,musicales,andalucia,cadiz,284888.0,1912.0,4.08,4.26,2343,True
6303,ES,01,14,2025,9,vida nocturna,espectaculos,musicales,andalucia,cordoba,2457.0,91.0,4.3,4.29,1908,True
6304,ES,01,18,2025,9,vida nocturna,espectaculos,musicales,andalucia,granada,411.5,357.5,3.92,4.37,10900,True
6305,ES,01,41,2025,9,vida nocturna,espectaculos,musicales,andalucia,sevilla,28955.0,1284.5,4.05,4.34,39053,True
6306,ES,02,50,2025,9,vida nocturna,espectaculos,musicales,aragon,zaragoza,30520.0,872.0,3.75,4.21,1614,True
6307,ES,05,35,2025,9,vida nocturna,espectaculos,musicales,canarias,las palmas,19467.0,103.0,4.24,4.28,129544,True
6308,ES,05,38,2025,9,vida nocturna,espectaculos,musicales,canarias,santa cruz de tenerife,1800.0,30.0,4.06,4.26,62671,True
6309,ES,06,39,2025,9,vida nocturna,espectaculos,musicales,cantabria,cantabria,1386.0,198.0,4.02,4.27,5819,True
6310,ES,07,37,2025,9,vida nocturna,espectaculos,musicales,castilla y leon,salamanca,51975.0,175.0,3.66,4.17,3701,True
6311,ES,07,47,2025,9,vida nocturna,espectaculos,musicales,castilla y leon,valladolid,147708.0,198.0,4.01,4.06,1293,True
6312,ES,09,08,2025,9,vida nocturna,espectaculos,musicales,cataluna,barcelona,906273.67,1395.33,3.95,4.05,119743,True
6313,ES,09,17,2025,9,vida nocturna,espectaculos,musicales,cataluna,girona,315.0,105.0,3.8,4.24,12856,True
6314,ES,09,43,2025,9,vida nocturna,espectaculos,musicales,cataluna,tarragona,650.0,50.0,4.1,4.2,22730,True
6315,ES,13,28,2025,9,vida nocturna,espectaculos,musicales,comunidad de madrid,madrid,234000.0,1160.67,3.85,4.1,100430,True
6316,ES,10,46,2025,9,vida nocturna,espectaculos,musicales,comunitat valenciana,valencia/valencia,13065.0,216.5,3.72,4.15,9307,True
6317,ES,11,06,2025,9,vida nocturna,espectaculos,musicales,extremadura,badajoz,23122.0,187.0,4.31,4.29,2109,True
6318,ES,11,10,2025,9,vida nocturna,espectaculos,musicales,extremadura,caceres,173272.0,1969.0,3.95,4.33,1377,True
6319,ES,12,15,2025,9,vida nocturna,espectaculos,musicales,galicia,a coruna,72624.0,816.0,3.74,4.21,5653,True
6320,ES,04,07,2025,9,vida nocturna,espectaculos,musicales,illes balears,illes balears,60003.6,914.2,4.12,4.33,122452,True
6321,ES,16,01,2025,9,vida nocturna,espectaculos,musicales,pais vasco,araba/alava,4424.0,553.0,3.82,4.41,1138,True
6322,ES,16,48,2025,9,vida nocturna,espectaculos,musicales,pais vasco,bizkaia,29261.0,1009.0,4.21,4.31,5615,True
6323,ES,14,30,2025,9,vida nocturna,espectaculos,musicales,region de murcia,murcia,62382.0,843.0,3.62,4.2,1488,True
6324,ES,01,04,2025,10,paisaje naturaleza,actividades,actividades infantiles,andalucia,almeria,239148.0,1638.0,4.32,4.19,23376,True
6325,ES,01,11,2025,10,paisaje naturaleza,actividades,actividades infantiles,andalucia,cadiz,686868.0,3367.0,4.27,4.26,12350,True
6326,ES,01,14,2025,10,paisaje naturaleza,actividades,actividades infantiles,andalucia,cordoba,18760.0,938.0,4.32,4.29,3767,True
6327,ES,01,18,2025,10,paisaje naturaleza,actividades,actividades infantiles,andalucia,granada,36853.0,707.0,4.52,4.37,18492,True
6328,ES,01,21,2025,10,paisaje naturaleza,actividades,actividades infantiles,andalucia,huelva,135772.0,5222.0,4.12,4.11,8396,True
6329,ES,01,29,2025,10,paisaje naturaleza,actividades,actividades infantiles,andalucia,malaga,79739.0,659.0,4.44,4.43,109648,True
6330,ES,01,41,2025,10,paisaje naturaleza,actividades,actividades infantiles,andalucia,sevilla,46174.67,436.0,4.47,4.34,21476,True
6331,ES,02,50,2025,10,paisaje naturaleza,actividades,actividades infantiles,aragon,zaragoza,368028.0,1167.5,4.36,4.21,5888,True
6332,ES,05,38,2025,10,paisaje naturaleza,actividades,actividades infantiles,canarias,santa cruz de tenerife,44080.5,1082.25,4.31,4.26,190067,True
6333,ES,06,39,2025,10,paisaje naturaleza,actividades,actividades infantiles,cantabria,cantabria,8750.0,70.0,4.36,4.27,37946,True
6334,ES,08,02,2025,10,paisaje naturaleza,actividades,actividades infantiles,castilla - la mancha,albacete,49984.0,781.0,4.38,4.15,3169,True
6335,ES,08,45,2025,10,paisaje naturaleza,actividades,actividades infantiles,castilla - la mancha,toledo,98379.0,643.0,4.16,4.18,1715,True
6336,ES,07,05,2025,10,paisaje naturaleza,actividades,actividades infantiles,castilla y leon,avila,20801.0,1891.0,4.56,4.23,1874,True
6337,ES,07,24,2025,10,paisaje naturaleza,actividades,actividades infantiles,castilla y leon,leon,160666.0,1474.0,4.52,4.21,4506,True
6338,ES,07,37,2025,10,paisaje naturaleza,actividades,actividades infantiles,castilla y leon,salamanca,1620456.0,2152.0,4.39,4.17,3319,True
6339,ES,07,42,2025,10,paisaje naturaleza,actividades,actividades infantiles,castilla y leon,soria,2340.0,156.0,4.14,3.97,2792,True
6340,ES,07,47,2025,10,paisaje naturaleza,actividades,actividades infantiles,castilla y leon,valladolid,50958.0,1002.0,4.18,4.06,8696,True
6341,ES,07,49,2025,10,paisaje naturaleza,actividades,actividades infantiles,castilla y leon,zamora,29452.0,398.0,4.38,4.17,2116,True
6342,ES,09,08,2025,10,paisaje naturaleza,actividades,actividades infantiles,cataluna,barcelona,230012.78,1337.89,4.13,4.05,200444,True
6343,ES,09,17,2025,10,paisaje naturaleza,actividades,actividades infantiles,cataluna,girona,41877.2,710.6,4.38,4.24,61683,True
6344,ES,09,25,2025,10,paisaje naturaleza,actividades,actividades infantiles,cataluna,lleida,300897.0,1341.5,4.38,4.27,9898,True
6345,ES,09,43,2025,10,paisaje naturaleza,actividades,actividades infantiles,cataluna,tarragona,60.0,60.0,4.26,4.2,33701,True
6346,ES,13,28,2025,10,paisaje naturaleza,actividades,actividades infantiles,comunidad de madrid,madrid,525982.4,1206.8,4.19,4.1,121795,True
6347,ES,15,31,2025,10,paisaje naturaleza,actividades,actividades infantiles,comunidad foral de navarra,navarra,60.0,60.0,4.33,4.23,7007,True
6348,ES,10,03,2025,10,paisaje naturaleza,actividades,actividades infantiles,comunitat valenciana,alicante/alacant,165772.25,1239.5,4.36,4.28,82424,True
6349,ES,10,12,2025,10,paisaje naturaleza,actividades,actividades infantiles,comunitat valenciana,castellon/castello,110075.0,175.0,4.22,4.2,6934,True
6350,ES,10,46,2025,10,paisaje naturaleza,actividades,actividades infantiles,comunitat valenciana,valencia/valencia,154421.33,1321.33,4.23,4.15,90776,True
6351,ES,11,06,2025,10,paisaje naturaleza,actividades,actividades infantiles,extremadura,badajoz,31328.0,176.0,4.4,4.29,1116,True
6352,ES,11,10,2025,10,paisaje naturaleza,actividades,actividades infantiles,extremadura,caceres,65465.5,992.0,4.5,4.33,5814,True
6353,ES,12,15,2025,10,paisaje naturaleza,actividades,actividades infantiles,galicia,a coruna,10665.0,675.0,4.39,4.21,18974,True
6354,ES,12,36,2025,10,paisaje naturaleza,actividades,actividades infantiles,galicia,pontevedra,27727.0,303.0,4.29,4.17,15699,True
6355,ES,04,07,2025,10,paisaje naturaleza,actividades,actividades infantiles,illes balears,illes balears,222290.0,1124.44,4.42,4.33,203636,True
6356,ES,16,01,2025,10,paisaje naturaleza,actividades,actividades infantiles,pais vasco,araba/alava,990.0,30.0,4.66,4.41,11468,True
6357,ES,16,48,2025,10,paisaje naturaleza,actividades,actividades infantiles,pais vasco,bizkaia,178013.0,456.5,4.38,4.31,7925,True
6358,ES,16,20,2025,10,paisaje naturaleza,actividades,actividades infantiles,pais vasco,gipuzkoa,25468.5,367.5,4.61,4.41,26976,True
6359,ES,03,33,2025,10,paisaje naturaleza,actividades,actividades infantiles,principado de asturias,asturias,93215.0,927.0,4.42,4.35,44006,True
6360,ES,14,30,2025,10,paisaje naturaleza,actividades,actividades infantiles,region de murcia,murcia,378328.0,664.0,4.4,4.2,2633,True
6361,ES,01,29,2025,10,servicios,actividades,cursos,andalucia,malaga,165585.0,1743.0,4.62,4.43,51898,True
6362,ES,01,41,2025,10,servicios,actividades,cursos,andalucia,sevilla,239794.0,2551.0,4.06,4.34,4859,True
6363,ES,02,22,2025,10,servicios,actividades,cursos,aragon,huesca,80.0,80.0,4.88,4.25,533,True
6364,ES,02,50,2025,10,servicios,actividades,cursos,aragon,zaragoza,106848.0,848.0,4.05,4.21,61,True
6365,ES,05,35,2025,10,servicios,actividades,cursos,canarias,las palmas,20286.0,294.0,3.72,4.28,2863,True
6366,ES,05,38,2025,10,servicios,actividades,cursos,canarias,santa cruz de tenerife,8426.5,1130.5,3.86,4.26,3753,True
6367,ES,06,39,2025,10,servicios,actividades,cursos,cantabria,cantabria,5000.0,2500.0,3.94,4.27,4877,True
6368,ES,08,02,2025,10,servicios,actividades,cursos,castilla - la mancha,albacete,2310.0,231.0,4.08,4.15,9,True
6369,ES,07,47,2025,10,servicios,actividades,cursos,castilla y leon,valladolid,2100.0,300.0,2.7,4.06,292,True
6370,ES,07,49,2025,10,servicios,actividades,cursos,castilla y leon,zamora,65485.0,1871.0,5.0,4.17,2,True
6371,ES,09,08,2025,10,servicios,actividades,cursos,cataluna,barcelona,593999.5,3953.5,4.03,4.05,159935,True
6372,ES,13,28,2025,10,servicios,actividades,cursos,comunidad de madrid,madrid,5806944.0,7722.0,3.92,4.1,42370,True
6373,ES,10,03,2025,10,servicios,actividades,cursos,comunitat valenciana,alicante/alacant,2205.0,315.0,3.73,4.28,29657,True
6374,ES,10,46,2025,10,servicios,actividades,cursos,comunitat valenciana,valencia/valencia,414715.0,3485.0,4.56,4.15,7124,True
6375,ES,12,15,2025,10,servicios,actividades,cursos,galicia,a coruna,23757.0,2036.0,4.04,4.21,605,True
6376,ES,04,07,2025,10,servicios,actividades,cursos,illes balears,illes balears,245542.4,3730.0,4.23,4.33,46354,True
6377,ES,17,26,2025,10,servicios,actividades,cursos,la rioja,la rioja,98112.0,3066.0,4.81,4.31,10,True
6378,ES,16,01,2025,10,servicios,actividades,cursos,pais vasco,araba/alava,1455.0,345.0,5.0,4.41,18,True
6379,ES,16,48,2025,10,servicios,actividades,cursos,pais vasco,bizkaia,179444.0,4838.0,4.03,4.31,13509,True
6380,ES,16,20,2025,10,servicios,actividades,cursos,pais vasco,gipuzkoa,1650.0,275.0,3.84,4.41,140,True
6381,ES,14,30,2025,10,servicios,actividades,cursos,region de murcia,murcia,918543.0,5777.0,2.83,4.2,6,True
6382,ES,01,18,2025,10,paisaje naturaleza,actividades,deportes y aventuras,andalucia,granada,17340.0,255.0,4.52,4.37,18492,True
6383,ES,01,21,2025,10,paisaje naturaleza,actividades,deportes y aventuras,andalucia,huelva,135772.0,5222.0,4.12,4.11,8396,True
6384,ES,01,23,2025,10,paisaje naturaleza,actividades,deportes y aventuras,andalucia,jaen,1767.0,2945.0,4.44,4.33,4366,True
6385,ES,01,29,2025,10,paisaje naturaleza,actividades,deportes y aventuras,andalucia,malaga,36736.0,2624.0,4.44,4.43,109648,True
6386,ES,01,41,2025,10,paisaje naturaleza,actividades,deportes y aventuras,andalucia,sevilla,75369.0,679.0,4.47,4.34,21476,True
6387,ES,02,50,2025,10,paisaje naturaleza,actividades,deportes y aventuras,aragon,zaragoza,306592.0,1474.0,4.36,4.21,5888,True
6388,ES,05,35,2025,10,paisaje naturaleza,actividades,deportes y aventuras,canarias,las palmas,3300.0,30.0,4.34,4.28,200378,True
6389,ES,05,38,2025,10,paisaje naturaleza,actividades,deportes y aventuras,canarias,santa cruz de tenerife,19793.0,637.0,4.31,4.26,190067,True
6390,ES,06,39,2025,10,paisaje naturaleza,actividades,deportes y aventuras,cantabria,cantabria,39186.0,622.0,4.36,4.27,37946,True
6391,ES,08,02,2025,10,paisaje naturaleza,actividades,deportes y aventuras,castilla - la mancha,albacete,595197.0,2144.0,4.38,4.15,3169,True
6392,ES,08,16,2025,10,paisaje naturaleza,actividades,deportes y aventuras,castilla - la mancha,cuenca,3300.0,30.0,4.42,4.19,3251,True
6393,ES,07,09,2025,10,paisaje naturaleza,actividades,deportes y aventuras,castilla y leon,burgos,2050.0,50.0,4.44,4.28,6285,True
6394,ES,07,24,2025,10,paisaje naturaleza,actividades,deportes y aventuras,castilla y leon,leon,169456.0,1513.0,4.52,4.21,4506,True
6395,ES,07,37,2025,10,paisaje naturaleza,actividades,deportes y aventuras,castilla y leon,salamanca,660.0,264.0,4.39,4.17,3319,True
6396,ES,07,47,2025,10,paisaje naturaleza,actividades,deportes y aventuras,castilla y leon,valladolid,45629.0,1260.5,4.18,4.06,8696,True
6397,ES,09,08,2025,10,paisaje naturaleza,actividades,deportes y aventuras,cataluna,barcelona,261722.67,1373.0,4.13,4.05,200444,True
6398,ES,09,17,2025,10,paisaje naturaleza,actividades,deportes y aventuras,cataluna,girona,41492.0,902.0,4.38,4.24,61683,True
6399,ES,09,43,2025,10,paisaje naturaleza,actividades,deportes y aventuras,cataluna,tarragona,60.0,60.0,4.26,4.2,33701,True
6400,ES,13,28,2025,10,paisaje naturaleza,actividades,deportes y aventuras,comunidad de madrid,madrid,178354.0,2662.0,4.19,4.1,121795,True
6401,ES,15,31,2025,10,paisaje naturaleza,actividades,deportes y aventuras,comunidad foral de navarra,navarra,54636.0,1256.0,4.33,4.23,7007,True
6402,ES,10,03,2025,10,paisaje naturaleza,actividades,deportes y aventuras,comunitat valenciana,alicante/alacant,259213.0,2017.75,4.36,4.28,82424,True
6403,ES,10,46,2025,10,paisaje naturaleza,actividades,deportes y aventuras,comunitat valenciana,valencia/valencia,121662.0,1356.0,4.23,4.15,90776,True
6404,ES,11,06,2025,10,paisaje naturaleza,actividades,deportes y aventuras,extremadura,badajoz,10463.33,239.67,4.4,4.29,1116,True
6405,ES,11,10,2025,10,paisaje naturaleza,actividades,deportes y aventuras,extremadura,caceres,212887.0,1161.5,4.5,4.33,5814,True
6406,ES,12,15,2025,10,paisaje naturaleza,actividades,deportes y aventuras,galicia,a coruna,13813.5,458.5,4.39,4.21,18974,True
6407,ES,04,07,2025,10,paisaje naturaleza,actividades,deportes y aventuras,illes balears,illes balears,32326.0,1442.0,4.42,4.33,203636,True
6408,ES,16,01,2025,10,paisaje naturaleza,actividades,deportes y aventuras,pais vasco,araba/alava,145521.0,6327.0,4.66,4.41,11468,True
6409,ES,16,48,2025,10,paisaje naturaleza,actividades,deportes y aventuras,pais vasco,bizkaia,1747277.0,983.5,4.38,4.31,7925,True
6410,ES,16,20,2025,10,paisaje naturaleza,actividades,deportes y aventuras,pais vasco,gipuzkoa,44000.0,200.0,4.61,4.41,26976,True
6411,ES,14,30,2025,10,paisaje naturaleza,actividades,deportes y aventuras,region de murcia,murcia,4917.0,959.0,4.4,4.2,2633,True
6412,ES,01,18,2025,10,comida y bebida,actividades,gastronomia,andalucia,granada,1870.0,55.0,4.81,4.37,771,True
6413,ES,01,29,2025,10,comida y bebida,actividades,gastronomia,andalucia,malaga,664464.0,1016.0,4.84,4.43,1395,True
6414,ES,01,41,2025,10,comida y bebida,actividades,gastronomia,andalucia,sevilla,3120.0,624.0,4.76,4.34,8170,True
6415,ES,02,50,2025,10,comida y bebida,actividades,gastronomia,aragon,zaragoza,1623129.0,2883.0,4.03,4.21,35,True
6416,ES,05,35,2025,10,comida y bebida,actividades,gastronomia,canarias,las palmas,122125.0,977.0,3.71,4.28,443,True
6417,ES,05,38,2025,10,comida y bebida,actividades,gastronomia,canarias,santa cruz de tenerife,109.0,545.0,4.31,4.26,72,True
6418,ES,08,02,2025,10,comida y bebida,actividades,gastronomia,castilla - la mancha,albacete,140184.0,1062.0,4.88,4.15,33,True
6419,ES,09,08,2025,10,comida y bebida,actividades,gastronomia,cataluna,barcelona,34083.0,1623.0,4.67,4.05,3911,True
6420,ES,09,17,2025,10,comida y bebida,actividades,gastronomia,cataluna,girona,19266.0,814.5,4.57,4.24,183,True
6421,ES,13,28,2025,10,comida y bebida,actividades,gastronomia,comunidad de madrid,madrid,30520.0,1526.0,4.71,4.1,5856,True
6422,ES,10,46,2025,10,comida y bebida,actividades,gastronomia,comunitat valenciana,valencia/valencia,83374.67,762.67,4.79,4.15,369,True
6423,ES,12,36,2025,10,comida y bebida,actividades,gastronomia,galicia,pontevedra,2754.0,162.0,4.41,4.17,237,True
6424,ES,04,07,2025,10,comida y bebida,actividades,gastronomia,illes balears,illes balears,419158.0,4130.5,4.86,4.33,2196,True
6425,ES,16,01,2025,10,comida y bebida,actividades,gastronomia,pais vasco,araba/alava,975.0,345.0,4.37,4.41,303,True
6426,ES,16,48,2025,10,comida y bebida,actividades,gastronomia,pais vasco,bizkaia,4470.0,745.0,4.31,4.31,319,True
6427,ES,14,30,2025,10,comida y bebida,actividades,gastronomia,region de murcia,murcia,1704.0,852.0,3.99,4.2,320,True
6428,ES,01,04,2025,10,vida nocturna,espectaculos,cine,andalucia,almeria,984.0,615.0,3.72,4.19,5362,True
6429,ES,01,29,2025,10,vida nocturna,espectaculos,cine,andalucia,malaga,4081.0,1855.0,4.3,4.43,56036,True
6430,ES,01,41,2025,10,vida nocturna,espectaculos,cine,andalucia,sevilla,260889.0,437.0,4.05,4.34,39053,True
6431,ES,02,50,2025,10,vida nocturna,espectaculos,cine,aragon,zaragoza,12122.0,913.0,3.75,4.21,1614,True
6432,ES,07,47,2025,10,vida nocturna,espectaculos,cine,castilla y leon,valladolid,70512.0,624.0,4.01,4.06,1293,True
6433,ES,09,08,2025,10,vida nocturna,espectaculos,cine,cataluna,barcelona,11408.8,486.2,3.95,4.05,119743,True
6434,ES,09,17,2025,10,vida nocturna,espectaculos,cine,cataluna,girona,665.0,475.0,3.8,4.24,12856,True
6435,ES,09,43,2025,10,vida nocturna,espectaculos,cine,cataluna,tarragona,44982.0,441.0,4.1,4.2,22730,True
6436,ES,13,28,2025,10,vida nocturna,espectaculos,cine,comunidad de madrid,madrid,8285.0,190.67,3.85,4.1,100430,True
6437,ES,10,03,2025,10,vida nocturna,espectaculos,cine,comunitat valenciana,alicante/alacant,3013.33,110.0,4.03,4.28,84389,True
6438,ES,04,07,2025,10,vida nocturna,espectaculos,cine,illes balears,illes balears,1245.0,41.0,4.12,4.33,122452,True
6439,ES,16,20,2025,10,vida nocturna,espectaculos,cine,pais vasco,gipuzkoa,10783.67,140.0,4.14,4.41,5503,True
6440,ES,03,33,2025,10,vida nocturna,espectaculos,cine,principado de asturias,asturias,2720.0,80.0,4.18,4.35,9626,True
6441,ES,01,41,2025,10,otros,espectaculos,conferencias,andalucia,sevilla,15639.0,802.0,3.68,4.34,431,True
6442,ES,02,44,2025,10,otros,espectaculos,conferencias,aragon,teruel,135972.0,2518.0,4.17,4.28,5064,True
6443,ES,05,35,2025,10,otros,espectaculos,conferencias,canarias,las palmas,249417.0,3959.0,4.32,4.28,176,True
6444,ES,08,13,2025,10,otros,espectaculos,conferencias,castilla - la mancha,ciudad real,170604.0,2031.0,4.21,4.29,156,True
6445,ES,07,24,2025,10,otros,espectaculos,conferencias,castilla y leon,leon,3924.0,327.0,3.98,4.21,146,True
6446,ES,07,34,2025,10,otros,espectaculos,conferencias,castilla y leon,palencia,500.0,250.0,5.0,4.35,16,True
6447,ES,07,47,2025,10,otros,espectaculos,conferencias,castilla y leon,valladolid,360.0,120.0,4.45,4.06,83,True
6448,ES,09,08,2025,10,otros,espectaculos,conferencias,cataluna,barcelona,56880.8,3202.4,3.9,4.05,2019,True
6449,ES,09,43,2025,10,otros,espectaculos,conferencias,cataluna,tarragona,5388.0,449.0,4.01,4.2,1769,True
6450,ES,13,28,2025,10,otros,espectaculos,conferencias,comunidad de madrid,madrid,689280.0,7506.0,3.97,4.1,1624,True
6451,ES,10,03,2025,10,otros,espectaculos,conferencias,comunitat valenciana,alicante/alacant,7540.0,260.0,4.26,4.28,392,True
6452,ES,10,46,2025,10,otros,espectaculos,conferencias,comunitat valenciana,valencia/valencia,180375.0,1625.0,4.49,4.15,621,True
6453,ES,12,36,2025,10,otros,espectaculos,conferencias,galicia,pontevedra,55154.0,506.0,4.43,4.17,119,True
6454,ES,17,26,2025,10,otros,espectaculos,conferencias,la rioja,la rioja,237084.0,2577.0,4.09,4.31,363,True
6455,ES,03,33,2025,10,otros,espectaculos,conferencias,principado de asturias,asturias,3846.0,3205.0,4.4,4.35,92,True
6456,ES,01,04,2025,10,paisaje urbano,espectaculos,"cultura, teatro y danza",andalucia,almeria,444707.33,1289.33,4.25,4.19,14318,True
6457,ES,01,11,2025,10,paisaje urbano,espectaculos,"cultura, teatro y danza",andalucia,cadiz,243365.33,1762.0,4.35,4.26,8809,True
6458,ES,01,14,2025,10,paisaje urbano,espectaculos,"cultura, teatro y danza",andalucia,cordoba,1275008.0,1423.0,4.3,4.29,93962,True
6459,ES,01,18,2025,10,paisaje urbano,espectaculos,"cultura, teatro y danza",andalucia,granada,67326.75,814.75,4.35,4.37,153042,True
6460,ES,01,29,2025,10,paisaje urbano,espectaculos,"cultura, teatro y danza",andalucia,malaga,54435.75,1579.25,4.43,4.43,158253,True
6461,ES,01,41,2025,10,paisaje urbano,espectaculos,"cultura, teatro y danza",andalucia,sevilla,971543.5,1041.75,4.41,4.34,218279,True
6462,ES,02,22,2025,10,paisaje urbano,espectaculos,"cultura, teatro y danza",aragon,huesca,25185.0,1095.0,4.12,4.25,10916,True
6463,ES,02,44,2025,10,paisaje urbano,espectaculos,"cultura, teatro y danza",aragon,teruel,26401.0,1553.0,4.27,4.28,11015,True
6464,ES,02,50,2025,10,paisaje urbano,espectaculos,"cultura, teatro y danza",aragon,zaragoza,118337.0,281.67,4.34,4.21,41352,True
6465,ES,05,35,2025,10,paisaje urbano,espectaculos,"cultura, teatro y danza",canarias,las palmas,141590.14,1441.29,4.27,4.28,51395,True
6466,ES,05,38,2025,10,paisaje urbano,espectaculos,"cultura, teatro y danza",canarias,santa cruz de tenerife,168717.14,968.43,4.28,4.26,66584,True
6467,ES,06,39,2025,10,paisaje urbano,espectaculos,"cultura, teatro y danza",cantabria,cantabria,559872.0,864.0,4.28,4.27,27507,True
6468,ES,08,02,2025,10,paisaje urbano,espectaculos,"cultura, teatro y danza",castilla - la mancha,albacete,124422.67,688.67,4.09,4.15,3663,True
6469,ES,08,13,2025,10,paisaje urbano,espectaculos,"cultura, teatro y danza",castilla - la mancha,ciudad real,10242.0,2845.0,4.33,4.29,7266,True
6470,ES,08,45,2025,10,paisaje urbano,espectaculos,"cultura, teatro y danza",castilla - la mancha,toledo,41052.75,366.5,4.19,4.18,55769,True
6471,ES,07,09,2025,10,paisaje urbano,espectaculos,"cultura, teatro y danza",castilla y leon,burgos,240.0,120.0,4.35,4.28,19776,True
6472,ES,07,37,2025,10,paisaje urbano,espectaculos,"cultura, teatro y danza",castilla y leon,salamanca,481920.0,772.33,4.24,4.17,31972,True
6473,ES,07,42,2025,10,paisaje urbano,espectaculos,"cultura, teatro y danza",castilla y leon,soria,2340.0,156.0,4.17,3.97,6300,True
6474,ES,07,47,2025,10,paisaje urbano,espectaculos,"cultura, teatro y danza",castilla y leon,valladolid,377842.25,841.62,4.14,4.06,13695,True
6475,ES,07,49,2025,10,paisaje urbano,espectaculos,"cultura, teatro y danza",castilla y leon,zamora,15926.0,224.0,4.19,4.17,5872,True
6476,ES,09,08,2025,10,paisaje urbano,espectaculos,"cultura, teatro y danza",cataluna,barcelona,485292.38,702.88,4.07,4.05,732080,True
6477,ES,09,17,2025,10,paisaje urbano,espectaculos,"cultura, teatro y danza",cataluna,girona,22840.83,526.67,4.24,4.24,50915,True
6478,ES,09,25,2025,10,paisaje urbano,espectaculos,"cultura, teatro y danza",cataluna,lleida,208917.0,501.0,4.29,4.27,7171,True
6479,ES,09,43,2025,10,paisaje urbano,espectaculos,"cultura, teatro y danza",cataluna,tarragona,950398.0,817.33,4.23,4.2,53439,True
6480,ES,18,51,2025,10,paisaje urbano,espectaculos,"cultura, teatro y danza",ceuta,ceuta,2880.0,80.0,0.0,0.0,0,False
6481,ES,13,28,2025,10,paisaje urbano,espectaculos,"cultura, teatro y danza",comunidad de madrid,madrid,1179702.2,765.6,4.15,4.1,458466,True
6482,ES,15,31,2025,10,paisaje urbano,espectaculos,"cultura, teatro y danza",comunidad foral de navarra,navarra,14154.0,1685.0,4.25,4.23,19680,True
6483,ES,10,03,2025,10,paisaje urbano,espectaculos,"cultura, teatro y danza",comunitat valenciana,alicante/alacant,207363.67,1927.33,4.28,4.28,67888,True
6484,ES,10,12,2025,10,paisaje urbano,espectaculos,"cultura, teatro y danza",comunitat valenciana,castellon/castello,63558.33,1082.67,4.14,4.2,13212,True
6485,ES,10,46,2025,10,paisaje urbano,espectaculos,"cultura, teatro y danza",comunitat valenciana,valencia/valencia,1763528.6,940.4,4.25,4.15,114505,True
6486,ES,11,06,2025,10,paisaje urbano,espectaculos,"cultura, teatro y danza",extremadura,badajoz,38790.0,1076.0,4.26,4.29,18348,True
6487,ES,11,10,2025,10,paisaje urbano,espectaculos,"cultura, teatro y danza",extremadura,caceres,42271.0,941.0,4.31,4.33,23514,True
6488,ES,12,15,2025,10,paisaje urbano,espectaculos,"cultura, teatro y danza",galicia,a coruna,82795.0,459.25,4.26,4.21,50198,True
6489,ES,12,36,2025,10,paisaje urbano,espectaculos,"cultura, teatro y danza",galicia,pontevedra,386848.0,1232.0,4.07,4.17,15892,True
6490,ES,04,07,2025,10,paisaje urbano,espectaculos,"cultura, teatro y danza",illes balears,illes balears,213043.96,1237.54,4.21,4.33,107418,True
6491,ES,17,26,2025,10,paisaje urbano,espectaculos,"cultura, teatro y danza",la rioja,la rioja,640156.0,1796.0,4.29,4.31,11493,True
6492,ES,16,01,2025,10,paisaje urbano,espectaculos,"cultura, teatro y danza",pais vasco,araba/alava,70388.75,355.75,4.46,4.41,7811,True
6493,ES,16,48,2025,10,paisaje urbano,espectaculos,"cultura, teatro y danza",pais vasco,bizkaia,140090.33,1467.67,4.38,4.31,56425,True
6494,ES,16,20,2025,10,paisaje urbano,espectaculos,"cultura, teatro y danza",pais vasco,gipuzkoa,303363.25,880.75,4.43,4.41,26949,True
6495,ES,03,33,2025,10,paisaje urbano,espectaculos,"cultura, teatro y danza",principado de asturias,asturias,126808.0,1048.0,4.37,4.35,40762,True
6496,ES,14,30,2025,10,paisaje urbano,espectaculos,"cultura, teatro y danza",region de murcia,murcia,229231.75,737.25,4.32,4.2,9308,True
6497,ES,05,35,2025,10,compras,espectaculos,ferias,canarias,las palmas,36309.0,637.0,3.9,4.28,20086,True
6498,ES,08,13,2025,10,compras,espectaculos,ferias,castilla - la mancha,ciudad real,170604.0,2031.0,4.64,4.29,147,True
6499,ES,07,24,2025,10,compras,espectaculos,ferias,castilla y leon,leon,3924.0,327.0,4.31,4.21,389,True
6500,ES,09,08,2025,10,compras,espectaculos,ferias,cataluna,barcelona,120204.0,7038.0,3.75,4.05,95381,True
6501,ES,13,28,2025,10,compras,espectaculos,ferias,comunidad de madrid,madrid,178914.5,4680.5,3.83,4.1,89796,True
6502,ES,10,46,2025,10,compras,espectaculos,ferias,comunitat valenciana,valencia/valencia,180375.0,1625.0,3.72,4.15,81279,True
6503,ES,17,26,2025,10,compras,espectaculos,ferias,la rioja,la rioja,28602.0,3405.0,4.36,4.31,872,True
6504,ES,03,33,2025,10,compras,espectaculos,ferias,principado de asturias,asturias,3846.0,3205.0,4.23,4.35,2445,True
6505,ES,01,41,2025,10,paisaje urbano,espectaculos,museo y exposiciones,andalucia,sevilla,11676.5,1332.5,4.41,4.34,218279,True
6506,ES,02,50,2025,10,paisaje urbano,espectaculos,museo y exposiciones,aragon,zaragoza,29438.0,359.0,4.34,4.21,41352,True
6507,ES,08,45,2025,10,paisaje urbano,espectaculos,museo y exposiciones,castilla - la mancha,toledo,98379.0,643.0,4.19,4.18,55769,True
6508,ES,07,37,2025,10,paisaje urbano,espectaculos,museo y exposiciones,castilla y leon,salamanca,129766.0,299.0,4.24,4.17,31972,True
6509,ES,07,47,2025,10,paisaje urbano,espectaculos,museo y exposiciones,castilla y leon,valladolid,31484.0,463.0,4.14,4.06,13695,True
6510,ES,09,08,2025,10,paisaje urbano,espectaculos,museo y exposiciones,cataluna,barcelona,12997.0,1585.0,4.07,4.05,732080,True
6511,ES,09,17,2025,10,paisaje urbano,espectaculos,museo y exposiciones,cataluna,girona,1740.0,145.0,4.24,4.24,50915,True
6512,ES,13,28,2025,10,paisaje urbano,espectaculos,museo y exposiciones,comunidad de madrid,madrid,70.0,70.0,4.15,4.1,458466,True
6513,ES,10,03,2025,10,paisaje urbano,espectaculos,museo y exposiciones,comunitat valenciana,alicante/alacant,366021.0,5463.0,4.28,4.28,67888,True
6514,ES,04,07,2025,10,paisaje urbano,espectaculos,museo y exposiciones,illes balears,illes balears,518.0,518.0,4.21,4.33,107418,True
6515,ES,01,04,2025,10,vida nocturna,espectaculos,musica,andalucia,almeria,114190.67,1458.17,3.72,4.19,5362,True
6516,ES,01,11,2025,10,vida nocturna,espectaculos,musica,andalucia,cadiz,118221.83,773.83,4.08,4.26,2343,True
6517,ES,01,14,2025,10,vida nocturna,espectaculos,musica,andalucia,cordoba,825188.75,1055.25,4.3,4.29,1908,True
6518,ES,01,18,2025,10,vida nocturna,espectaculos,musica,andalucia,granada,131775.6,1405.2,3.92,4.37,10900,True
6519,ES,01,23,2025,10,vida nocturna,espectaculos,musica,andalucia,jaen,147740.33,707.67,4.0,4.33,992,True
6520,ES,01,29,2025,10,vida nocturna,espectaculos,musica,andalucia,malaga,233088.17,1146.33,4.3,4.43,56036,True
6521,ES,01,41,2025,10,vida nocturna,espectaculos,musica,andalucia,sevilla,144368.17,425.0,4.05,4.34,39053,True
6522,ES,02,22,2025,10,vida nocturna,espectaculos,musica,aragon,huesca,279454.4,1078.8,3.85,4.25,1293,True
6523,ES,02,44,2025,10,vida nocturna,espectaculos,musica,aragon,teruel,196675.5,1935.5,4.35,4.28,950,True
6524,ES,02,50,2025,10,vida nocturna,espectaculos,musica,aragon,zaragoza,3376137.25,1334.0,3.75,4.21,1614,True
6525,ES,05,35,2025,10,vida nocturna,espectaculos,musica,canarias,las palmas,379182.0,606.0,4.24,4.28,129544,True
6526,ES,05,38,2025,10,vida nocturna,espectaculos,musica,canarias,santa cruz de tenerife,879192.0,1839.1,4.06,4.26,62671,True
6527,ES,06,39,2025,10,vida nocturna,espectaculos,musica,cantabria,cantabria,228492.0,1161.0,4.02,4.27,5819,True
6528,ES,08,02,2025,10,vida nocturna,espectaculos,musica,castilla - la mancha,albacete,288831.33,1301.33,4.21,4.15,573,True
6529,ES,08,13,2025,10,vida nocturna,espectaculos,musica,castilla - la mancha,ciudad real,61605.6,1013.0,4.17,4.29,385,True
6530,ES,08,16,2025,10,vida nocturna,espectaculos,musica,castilla - la mancha,cuenca,120512.0,1076.0,3.91,4.19,760,True
6531,ES,08,19,2025,10,vida nocturna,espectaculos,musica,castilla - la mancha,guadalajara,2080.0,160.0,3.23,4.04,447,True
6532,ES,08,45,2025,10,vida nocturna,espectaculos,musica,castilla - la mancha,toledo,137527.33,1010.0,3.99,4.18,434,True
6533,ES,07,05,2025,10,vida nocturna,espectaculos,musica,castilla y leon,avila,53498.5,1598.5,4.04,4.23,397,True
6534,ES,07,09,2025,10,vida nocturna,espectaculos,musica,castilla y leon,burgos,869942.0,1472.5,3.95,4.28,970,True
6535,ES,07,24,2025,10,vida nocturna,espectaculos,musica,castilla y leon,leon,33202.0,440.0,3.97,4.21,1480,True
6536,ES,07,34,2025,10,vida nocturna,espectaculos,musica,castilla y leon,palencia,76140.5,696.5,4.23,4.35,379,True
6537,ES,07,37,2025,10,vida nocturna,espectaculos,musica,castilla y leon,salamanca,379867.33,624.67,3.66,4.17,3701,True
6538,ES,07,40,2025,10,vida nocturna,espectaculos,musica,castilla y leon,segovia,66025.0,776.5,3.91,4.07,263,True
6539,ES,07,42,2025,10,vida nocturna,espectaculos,musica,castilla y leon,soria,529730.0,1630.5,4.2,3.97,154,True
6540,ES,07,47,2025,10,vida nocturna,espectaculos,musica,castilla y leon,valladolid,382581.0,562.67,4.01,4.06,1293,True
6541,ES,07,49,2025,10,vida nocturna,espectaculos,musica,castilla y leon,zamora,601545.67,525.33,4.27,4.17,462,True
6542,ES,09,08,2025,10,vida nocturna,espectaculos,musica,cataluna,barcelona,1309543.46,1249.03,3.95,4.05,119743,True
6543,ES,09,17,2025,10,vida nocturna,espectaculos,musica,cataluna,girona,46853.81,1155.75,3.8,4.24,12856,True
6544,ES,09,25,2025,10,vida nocturna,espectaculos,musica,cataluna,lleida,168498.83,1062.33,3.84,4.27,1184,True
6545,ES,09,43,2025,10,vida nocturna,espectaculos,musica,cataluna,tarragona,202707.3,850.1,4.1,4.2,22730,True
6546,ES,18,51,2025,10,vida nocturna,espectaculos,musica,ceuta,ceuta,23205.0,1275.0,0.0,0.0,0,False
6547,ES,13,28,2025,10,vida nocturna,espectaculos,musica,comunidad de madrid,madrid,306977.75,1438.42,3.85,4.1,100430,True
6548,ES,15,31,2025,10,vida nocturna,espectaculos,musica,comunidad foral de navarra,navarra,132966.4,1226.4,3.72,4.23,2565,True
6549,ES,10,03,2025,10,vida nocturna,espectaculos,musica,comunitat valenciana,alicante/alacant,187853.14,1599.18,4.03,4.28,84389,True
6550,ES,10,12,2025,10,vida nocturna,espectaculos,musica,comunitat valenciana,castellon/castello,1213617.5,803.5,3.88,4.2,2406,True
6551,ES,10,46,2025,10,vida nocturna,espectaculos,musica,comunitat valenciana,valencia/valencia,514761.1,662.3,3.72,4.15,9307,True
6552,ES,11,06,2025,10,vida nocturna,espectaculos,musica,extremadura,badajoz,248489.0,770.0,4.31,4.29,2109,True
6553,ES,11,10,2025,10,vida nocturna,espectaculos,musica,extremadura,caceres,555.0,85.5,3.95,4.33,1377,True
6554,ES,12,15,2025,10,vida nocturna,espectaculos,musica,galicia,a coruna,195736.0,891.83,3.74,4.21,5653,True
6555,ES,12,27,2025,10,vida nocturna,espectaculos,musica,galicia,lugo,58388.0,644.0,4.18,4.28,502,True
6556,ES,12,32,2025,10,vida nocturna,espectaculos,musica,galicia,ourense,2268.0,126.0,3.7,4.15,660,True
6557,ES,12,36,2025,10,vida nocturna,espectaculos,musica,galicia,pontevedra,41508.33,493.67,4.0,4.17,3092,True
6558,ES,04,07,2025,10,vida nocturna,espectaculos,musica,illes balears,illes balears,644080.17,1342.0,4.12,4.33,122452,True
6559,ES,17,26,2025,10,vida nocturna,espectaculos,musica,la rioja,la rioja,86385.0,1329.0,3.69,4.31,1866,True
6560,ES,16,01,2025,10,vida nocturna,espectaculos,musica,pais vasco,araba/alava,847656.0,1544.0,3.82,4.41,1138,True
6561,ES,16,48,2025,10,vida nocturna,espectaculos,musica,pais vasco,bizkaia,1057333.29,2052.71,4.21,4.31,5615,True
6562,ES,16,20,2025,10,vida nocturna,espectaculos,musica,pais vasco,gipuzkoa,150346.2,1048.2,4.14,4.41,5503,True
6563,ES,03,33,2025,10,vida nocturna,espectaculos,musica,principado de asturias,asturias,222204.83,1031.17,4.18,4.35,9626,True
6564,ES,14,30,2025,10,vida nocturna,espectaculos,musica,region de murcia,murcia,500010.2,1084.6,3.62,4.2,1488,True
6565,ES,01,04,2025,10,vida nocturna,espectaculos,musicales,andalucia,almeria,15939.0,1155.0,3.72,4.19,5362,True
6566,ES,01,11,2025,10,vida nocturna,espectaculos,musicales,andalucia,cadiz,192496.0,1816.0,4.08,4.26,2343,True
6567,ES,01,14,2025,10,vida nocturna,espectaculos,musicales,andalucia,cordoba,18720.0,120.0,4.3,4.29,1908,True
6568,ES,01,18,2025,10,vida nocturna,espectaculos,musicales,andalucia,granada,21714.0,621.0,3.92,4.37,10900,True
6569,ES,01,29,2025,10,vida nocturna,espectaculos,musicales,andalucia,malaga,700.0,100.0,4.3,4.43,56036,True
6570,ES,01,41,2025,10,vida nocturna,espectaculos,musicales,andalucia,sevilla,20783.5,1128.5,4.05,4.34,39053,True
6571,ES,02,50,2025,10,vida nocturna,espectaculos,musicales,aragon,zaragoza,385974.0,738.0,3.75,4.21,1614,True
6572,ES,05,35,2025,10,vida nocturna,espectaculos,musicales,canarias,las palmas,4935.0,105.0,4.24,4.28,129544,True
6573,ES,05,38,2025,10,vida nocturna,espectaculos,musicales,canarias,santa cruz de tenerife,4320.0,30.0,4.06,4.26,62671,True
6574,ES,06,39,2025,10,vida nocturna,espectaculos,musicales,cantabria,cantabria,37818.0,198.0,4.02,4.27,5819,True
6575,ES,07,37,2025,10,vida nocturna,espectaculos,musicales,castilla y leon,salamanca,1322479.0,1747.0,3.66,4.17,3701,True
6576,ES,07,42,2025,10,vida nocturna,espectaculos,musicales,castilla y leon,soria,2340.0,156.0,4.2,3.97,154,True
6577,ES,07,47,2025,10,vida nocturna,espectaculos,musicales,castilla y leon,valladolid,139986.0,198.0,4.01,4.06,1293,True
6578,ES,09,08,2025,10,vida nocturna,espectaculos,musicales,cataluna,barcelona,98680.4,447.4,3.95,4.05,119743,True
6579,ES,09,25,2025,10,vida nocturna,espectaculos,musicales,cataluna,lleida,208917.0,501.0,3.84,4.27,1184,True
6580,ES,13,28,2025,10,vida nocturna,espectaculos,musicales,comunidad de madrid,madrid,237726.5,1175.5,3.85,4.1,100430,True
6581,ES,10,03,2025,10,vida nocturna,espectaculos,musicales,comunitat valenciana,alicante/alacant,7050.0,50.0,4.03,4.28,84389,True
6582,ES,10,46,2025,10,vida nocturna,espectaculos,musicales,comunitat valenciana,valencia/valencia,1402089.5,711.5,3.72,4.15,9307,True
6583,ES,11,06,2025,10,vida nocturna,espectaculos,musicales,extremadura,badajoz,38790.0,1076.0,4.31,4.29,2109,True
6584,ES,11,10,2025,10,vida nocturna,espectaculos,musicales,extremadura,caceres,8316.0,198.0,3.95,4.33,1377,True
6585,ES,12,15,2025,10,vida nocturna,espectaculos,musicales,galicia,a coruna,59286.0,723.0,3.74,4.21,5653,True
6586,ES,04,07,2025,10,vida nocturna,espectaculos,musicales,illes balears,illes balears,211551.14,1455.43,4.12,4.33,122452,True
6587,ES,17,26,2025,10,vida nocturna,espectaculos,musicales,la rioja,la rioja,1650.0,50.0,3.69,4.31,1866,True
6588,ES,16,01,2025,10,vida nocturna,espectaculos,musicales,pais vasco,araba/alava,1224.0,612.0,3.82,4.41,1138,True
6589,ES,16,20,2025,10,vida nocturna,espectaculos,musicales,pais vasco,gipuzkoa,200724.0,1167.0,4.14,4.41,5503,True
6590,ES,14,30,2025,10,vida nocturna,espectaculos,musicales,region de murcia,murcia,107844.0,946.0,3.62,4.2,1488,True
6591,ES,01,23,2025,10,paisaje naturaleza,espectaculos,parques tematicos,andalucia,jaen,1767.0,2945.0,4.44,4.33,4366,True
6592,ES,09,08,2025,10,paisaje naturaleza,espectaculos,parques tematicos,cataluna,barcelona,967672.0,776.0,4.13,4.05,200444,True
6593,ES,01,04,2025,11,paisaje naturaleza,actividades,actividades infantiles,andalucia,almeria,1046.5,829.5,4.32,4.19,23376,True
6594,ES,01,11,2025,11,paisaje naturaleza,actividades,actividades infantiles,andalucia,cadiz,56976.0,919.0,4.27,4.26,12350,True
6595,ES,01,14,2025,11,paisaje naturaleza,actividades,actividades infantiles,andalucia,cordoba,273776.0,964.0,4.32,4.29,3767,True
6596,ES,01,18,2025,11,paisaje naturaleza,actividades,actividades infantiles,andalucia,granada,241754.0,1043.0,4.52,4.37,18492,True
6597,ES,01,21,2025,11,paisaje naturaleza,actividades,actividades infantiles,andalucia,huelva,47237.67,661.33,4.12,4.11,8396,True
6598,ES,01,23,2025,11,paisaje naturaleza,actividades,actividades infantiles,andalucia,jaen,1200.0,150.0,4.44,4.33,4366,True
6599,ES,01,29,2025,11,paisaje naturaleza,actividades,actividades infantiles,andalucia,malaga,64602.0,666.0,4.44,4.43,109648,True
6600,ES,01,41,2025,11,paisaje naturaleza,actividades,actividades infantiles,andalucia,sevilla,58447.75,1467.5,4.47,4.34,21476,True
6601,ES,02,22,2025,11,paisaje naturaleza,actividades,actividades infantiles,aragon,huesca,82414.0,463.0,4.56,4.25,17445,True
6602,ES,02,50,2025,11,paisaje naturaleza,actividades,actividades infantiles,aragon,zaragoza,78346.0,43.0,4.36,4.21,5888,True
6603,ES,05,35,2025,11,paisaje naturaleza,actividades,actividades infantiles,canarias,las palmas,4840.0,110.0,4.34,4.28,200378,True
6604,ES,05,38,2025,11,paisaje naturaleza,actividades,actividades infantiles,canarias,santa cruz de tenerife,11020.33,134.33,4.31,4.26,190067,True
6605,ES,06,39,2025,11,paisaje naturaleza,actividades,actividades infantiles,cantabria,cantabria,5460.0,70.0,4.36,4.27,37946,True
6606,ES,08,45,2025,11,paisaje naturaleza,actividades,actividades infantiles,castilla - la mancha,toledo,76780.0,2467.0,4.16,4.18,1715,True
6607,ES,07,05,2025,11,paisaje naturaleza,actividades,actividades infantiles,castilla y leon,avila,204552.0,1894.0,4.56,4.23,1874,True
6608,ES,07,24,2025,11,paisaje naturaleza,actividades,actividades infantiles,castilla y leon,leon,18500.0,148.0,4.52,4.21,4506,True
6609,ES,07,37,2025,11,paisaje naturaleza,actividades,actividades infantiles,castilla y leon,salamanca,122976.0,1952.0,4.39,4.17,3319,True
6610,ES,07,42,2025,11,paisaje naturaleza,actividades,actividades infantiles,castilla y leon,soria,156.0,156.0,4.14,3.97,2792,True
6611,ES,07,47,2025,11,paisaje naturaleza,actividades,actividades infantiles,castilla y leon,valladolid,159496.17,736.83,4.18,4.06,8696,True
6612,ES,09,08,2025,11,paisaje naturaleza,actividades,actividades infantiles,cataluna,barcelona,592286.33,1598.33,4.13,4.05,200444,True
6613,ES,09,17,2025,11,paisaje naturaleza,actividades,actividades infantiles,cataluna,girona,1120.0,160.0,4.38,4.24,61683,True
6614,ES,09,25,2025,11,paisaje naturaleza,actividades,actividades infantiles,cataluna,lleida,202016.0,1888.0,4.38,4.27,9898,True
6615,ES,09,43,2025,11,paisaje naturaleza,actividades,actividades infantiles,cataluna,tarragona,28907.5,1079.0,4.26,4.2,33701,True
6616,ES,13,28,2025,11,paisaje naturaleza,actividades,actividades infantiles,comunidad de madrid,madrid,397727.5,1027.83,4.19,4.1,121795,True
6617,ES,15,31,2025,11,paisaje naturaleza,actividades,actividades infantiles,comunidad foral de navarra,navarra,52536.0,597.0,4.33,4.23,7007,True
6618,ES,10,03,2025,11,paisaje naturaleza,actividades,actividades infantiles,comunitat valenciana,alicante/alacant,11436.0,1049.88,4.36,4.28,82424,True
6619,ES,10,12,2025,11,paisaje naturaleza,actividades,actividades infantiles,comunitat valenciana,castellon/castello,431067.0,1579.0,4.22,4.2,6934,True
6620,ES,10,46,2025,11,paisaje naturaleza,actividades,actividades infantiles,comunitat valenciana,valencia/valencia,962470.4,2093.2,4.23,4.15,90776,True
6621,ES,11,06,2025,11,paisaje naturaleza,actividades,actividades infantiles,extremadura,badajoz,94714.5,306.0,4.4,4.29,1116,True
6622,ES,11,10,2025,11,paisaje naturaleza,actividades,actividades infantiles,extremadura,caceres,72765.0,842.0,4.5,4.33,5814,True
6623,ES,12,15,2025,11,paisaje naturaleza,actividades,actividades infantiles,galicia,a coruna,57069.5,468.5,4.39,4.21,18974,True
6624,ES,12,36,2025,11,paisaje naturaleza,actividades,actividades infantiles,galicia,pontevedra,63827.0,769.0,4.29,4.17,15699,True
6625,ES,04,07,2025,11,paisaje naturaleza,actividades,actividades infantiles,illes balears,illes balears,119561.09,1439.36,4.42,4.33,203636,True
6626,ES,16,01,2025,11,paisaje naturaleza,actividades,actividades infantiles,pais vasco,araba/alava,1592.0,340.67,4.66,4.41,11468,True
6627,ES,16,48,2025,11,paisaje naturaleza,actividades,actividades infantiles,pais vasco,bizkaia,40352.0,560.5,4.38,4.31,7925,True
6628,ES,16,20,2025,11,paisaje naturaleza,actividades,actividades infantiles,pais vasco,gipuzkoa,106048.0,437.0,4.61,4.41,26976,True
6629,ES,03,33,2025,11,paisaje naturaleza,actividades,actividades infantiles,principado de asturias,asturias,14126.33,424.0,4.42,4.35,44006,True
6630,ES,14,30,2025,11,paisaje naturaleza,actividades,actividades infantiles,region de murcia,murcia,301749.0,446.5,4.4,4.2,2633,True
6631,ES,01,18,2025,11,servicios,actividades,cursos,andalucia,granada,9440.0,590.0,4.47,4.37,1868,True
6632,ES,01,29,2025,11,servicios,actividades,cursos,andalucia,malaga,493941.33,2592.0,4.62,4.43,51898,True
6633,ES,01,41,2025,11,servicios,actividades,cursos,andalucia,sevilla,1500.0,100.0,4.06,4.34,4859,True
6634,ES,02,22,2025,11,servicios,actividades,cursos,aragon,huesca,704.0,88.0,4.88,4.25,533,True
6635,ES,02,50,2025,11,servicios,actividades,cursos,aragon,zaragoza,54614.0,1162.0,4.05,4.21,61,True
6636,ES,05,35,2025,11,servicios,actividades,cursos,canarias,las palmas,30456.0,423.0,3.72,4.28,2863,True
6637,ES,05,38,2025,11,servicios,actividades,cursos,canarias,santa cruz de tenerife,10962.0,1218.0,3.86,4.26,3753,True
6638,ES,06,39,2025,11,servicios,actividades,cursos,cantabria,cantabria,750.0,50.0,3.94,4.27,4877,True
6639,ES,07,24,2025,11,servicios,actividades,cursos,castilla y leon,leon,1500.0,100.0,3.51,4.21,307,True
6640,ES,07,37,2025,11,servicios,actividades,cursos,castilla y leon,salamanca,1200.0,600.0,3.87,4.17,1337,True
6641,ES,07,47,2025,11,servicios,actividades,cursos,castilla y leon,valladolid,5250.0,375.0,2.7,4.06,292,True
6642,ES,09,08,2025,11,servicios,actividades,cursos,cataluna,barcelona,332293.5,3476.0,4.03,4.05,159935,True
6643,ES,13,28,2025,11,servicios,actividades,cursos,comunidad de madrid,madrid,500916.0,1850.5,3.92,4.1,42370,True
6644,ES,10,03,2025,11,servicios,actividades,cursos,comunitat valenciana,alicante/alacant,76478.67,5141.33,3.73,4.28,29657,True
6645,ES,10,46,2025,11,servicios,actividades,cursos,comunitat valenciana,valencia/valencia,7632.0,477.0,4.56,4.15,7124,True
6646,ES,12,15,2025,11,servicios,actividades,cursos,galicia,a coruna,29336.0,3667.0,4.04,4.21,605,True
6647,ES,12,36,2025,11,servicios,actividades,cursos,galicia,pontevedra,83317.0,4901.0,4.14,4.17,1424,True
6648,ES,04,07,2025,11,servicios,actividades,cursos,illes balears,illes balears,179238.75,1871.25,4.23,4.33,46354,True
6649,ES,17,26,2025,11,servicios,actividades,cursos,la rioja,la rioja,8001.0,381.0,4.81,4.31,10,True
6650,ES,16,01,2025,11,servicios,actividades,cursos,pais vasco,araba/alava,14298.5,576.5,5.0,4.41,18,True
6651,ES,16,48,2025,11,servicios,actividades,cursos,pais vasco,bizkaia,493804.0,12044.0,4.03,4.31,13509,True
6652,ES,16,20,2025,11,servicios,actividades,cursos,pais vasco,gipuzkoa,22002.0,3667.0,3.84,4.41,140,True
6653,ES,03,33,2025,11,servicios,actividades,cursos,principado de asturias,asturias,1200.0,300.0,3.91,4.35,2389,True
6654,ES,14,30,2025,11,servicios,actividades,cursos,region de murcia,murcia,46648.0,6664.0,2.83,4.2,6,True
6655,ES,01,18,2025,11,paisaje naturaleza,actividades,deportes y aventuras,andalucia,granada,11775.0,2355.0,4.52,4.37,18492,True
6656,ES,01,29,2025,11,paisaje naturaleza,actividades,deportes y aventuras,andalucia,malaga,8027.33,882.67,4.44,4.43,109648,True
6657,ES,01,41,2025,11,paisaje naturaleza,actividades,deportes y aventuras,andalucia,sevilla,6247.0,577.0,4.47,4.34,21476,True
6658,ES,02,50,2025,11,paisaje naturaleza,actividades,deportes y aventuras,aragon,zaragoza,45269.0,203.0,4.36,4.21,5888,True
6659,ES,05,35,2025,11,paisaje naturaleza,actividades,deportes y aventuras,canarias,las palmas,9750.0,30.0,4.34,4.28,200378,True
6660,ES,05,38,2025,11,paisaje naturaleza,actividades,deportes y aventuras,canarias,santa cruz de tenerife,3020.0,85.0,4.31,4.26,190067,True
6661,ES,06,39,2025,11,paisaje naturaleza,actividades,deportes y aventuras,cantabria,cantabria,2294.0,62.0,4.36,4.27,37946,True
6662,ES,08,16,2025,11,paisaje naturaleza,actividades,deportes y aventuras,castilla - la mancha,cuenca,9750.0,30.0,4.42,4.19,3251,True
6663,ES,08,45,2025,11,paisaje naturaleza,actividades,deportes y aventuras,castilla - la mancha,toledo,11372.0,2843.0,4.16,4.18,1715,True
6664,ES,07,37,2025,11,paisaje naturaleza,actividades,deportes y aventuras,castilla y leon,salamanca,660.0,60.0,4.39,4.17,3319,True
6665,ES,07,47,2025,11,paisaje naturaleza,actividades,deportes y aventuras,castilla y leon,valladolid,7760.0,526.0,4.18,4.06,8696,True
6666,ES,09,08,2025,11,paisaje naturaleza,actividades,deportes y aventuras,cataluna,barcelona,257773.33,2543.22,4.13,4.05,200444,True
6667,ES,09,43,2025,11,paisaje naturaleza,actividades,deportes y aventuras,cataluna,tarragona,975.0,792.5,4.26,4.2,33701,True
6668,ES,13,28,2025,11,paisaje naturaleza,actividades,deportes y aventuras,comunidad de madrid,madrid,901341.0,1197.0,4.19,4.1,121795,True
6669,ES,15,31,2025,11,paisaje naturaleza,actividades,deportes y aventuras,comunidad foral de navarra,navarra,82360.0,2059.0,4.33,4.23,7007,True
6670,ES,10,03,2025,11,paisaje naturaleza,actividades,deportes y aventuras,comunitat valenciana,alicante/alacant,25705.8,1615.4,4.36,4.28,82424,True
6671,ES,10,46,2025,11,paisaje naturaleza,actividades,deportes y aventuras,comunitat valenciana,valencia/valencia,161152.0,2914.25,4.23,4.15,90776,True
6672,ES,11,06,2025,11,paisaje naturaleza,actividades,deportes y aventuras,extremadura,badajoz,23121.67,171.67,4.4,4.29,1116,True
6673,ES,11,10,2025,11,paisaje naturaleza,actividades,deportes y aventuras,extremadura,caceres,378012.0,1308.0,4.5,4.33,5814,True
6674,ES,04,07,2025,11,paisaje naturaleza,actividades,deportes y aventuras,illes balears,illes balears,42646.67,1660.0,4.42,4.33,203636,True
6675,ES,16,48,2025,11,paisaje naturaleza,actividades,deportes y aventuras,pais vasco,bizkaia,915110.67,1007.67,4.38,4.31,7925,True
6676,ES,16,20,2025,11,paisaje naturaleza,actividades,deportes y aventuras,pais vasco,gipuzkoa,340369.5,2317.5,4.61,4.41,26976,True
6677,ES,03,33,2025,11,paisaje naturaleza,actividades,deportes y aventuras,principado de asturias,asturias,18664.0,9332.0,4.42,4.35,44006,True
6678,ES,14,30,2025,11,paisaje naturaleza,actividades,deportes y aventuras,region de murcia,murcia,9232.5,265.5,4.4,4.2,2633,True
6679,ES,01,18,2025,11,comida y bebida,actividades,gastronomia,andalucia,granada,1430.0,55.0,4.81,4.37,771,True
6680,ES,01,29,2025,11,comida y bebida,actividades,gastronomia,andalucia,malaga,1675.0,470.0,4.84,4.43,1395,True
6681,ES,01,41,2025,11,comida y bebida,actividades,gastronomia,andalucia,sevilla,74074.0,814.0,4.76,4.34,8170,True
6682,ES,02,50,2025,11,comida y bebida,actividades,gastronomia,aragon,zaragoza,846708.0,1907.0,4.03,4.21,35,True
6683,ES,05,35,2025,11,comida y bebida,actividades,gastronomia,canarias,las palmas,133864.0,1154.0,3.71,4.28,443,True
6684,ES,08,02,2025,11,comida y bebida,actividades,gastronomia,castilla - la mancha,albacete,99792.0,1008.0,4.88,4.15,33,True
6685,ES,09,08,2025,11,comida y bebida,actividades,gastronomia,cataluna,barcelona,155514.67,851.33,4.67,4.05,3911,True
6686,ES,09,17,2025,11,comida y bebida,actividades,gastronomia,cataluna,girona,46547.5,1157.5,4.57,4.24,183,True
6687,ES,13,28,2025,11,comida y bebida,actividades,gastronomia,comunidad de madrid,madrid,4290.0,752.5,4.71,4.1,5856,True
6688,ES,10,03,2025,11,comida y bebida,actividades,gastronomia,comunitat valenciana,alicante/alacant,36259.0,3319.0,4.52,4.28,760,True
6689,ES,10,46,2025,11,comida y bebida,actividades,gastronomia,comunitat valenciana,valencia/valencia,208193.5,967.0,4.79,4.15,369,True
6690,ES,11,06,2025,11,comida y bebida,actividades,gastronomia,extremadura,badajoz,922.5,102.5,0.0,0.0,0,False
6691,ES,11,10,2025,11,comida y bebida,actividades,gastronomia,extremadura,caceres,33388.0,491.0,4.5,4.33,6,True
6692,ES,04,07,2025,11,comida y bebida,actividades,gastronomia,illes balears,illes balears,350300.5,2943.5,4.86,4.33,2196,True
6693,ES,16,01,2025,11,comida y bebida,actividades,gastronomia,pais vasco,araba/alava,1270.0,325.0,4.37,4.41,303,True
6694,ES,01,04,2025,11,vida nocturna,espectaculos,cine,andalucia,almeria,1265.0,575.0,3.72,4.19,5362,True
6695,ES,01,11,2025,11,vida nocturna,espectaculos,cine,andalucia,cadiz,475.0,25.0,4.08,4.26,2343,True
6696,ES,01,29,2025,11,vida nocturna,espectaculos,cine,andalucia,malaga,57933.0,1845.0,4.3,4.43,56036,True
6697,ES,01,41,2025,11,vida nocturna,espectaculos,cine,andalucia,sevilla,116021.0,641.0,4.05,4.34,39053,True
6698,ES,02,50,2025,11,vida nocturna,espectaculos,cine,aragon,zaragoza,32065.0,583.0,3.75,4.21,1614,True
6699,ES,05,35,2025,11,vida nocturna,espectaculos,cine,canarias,las palmas,6520.0,40.0,4.24,4.28,129544,True
6700,ES,05,38,2025,11,vida nocturna,espectaculos,cine,canarias,santa cruz de tenerife,43780.0,110.0,4.06,4.26,62671,True
6701,ES,06,39,2025,11,vida nocturna,espectaculos,cine,cantabria,cantabria,4560.0,80.0,4.02,4.27,5819,True
6702,ES,08,02,2025,11,vida nocturna,espectaculos,cine,castilla - la mancha,albacete,100.0,100.0,4.21,4.15,573,True
6703,ES,08,45,2025,11,vida nocturna,espectaculos,cine,castilla - la mancha,toledo,2312.0,578.0,3.99,4.18,434,True
6704,ES,07,47,2025,11,vida nocturna,espectaculos,cine,castilla y leon,valladolid,492.0,615.0,4.01,4.06,1293,True
6705,ES,09,08,2025,11,vida nocturna,espectaculos,cine,cataluna,barcelona,246075.0,453.25,3.95,4.05,119743,True
6706,ES,09,17,2025,11,vida nocturna,espectaculos,cine,cataluna,girona,45.0,45.0,3.8,4.24,12856,True
6707,ES,09,43,2025,11,vida nocturna,espectaculos,cine,cataluna,tarragona,2288.0,286.0,4.1,4.2,22730,True
6708,ES,13,28,2025,11,vida nocturna,espectaculos,cine,comunidad de madrid,madrid,26228.0,509.0,3.85,4.1,100430,True
6709,ES,10,03,2025,11,vida nocturna,espectaculos,cine,comunitat valenciana,alicante/alacant,481052.5,919.5,4.03,4.28,84389,True
6710,ES,10,46,2025,11,vida nocturna,espectaculos,cine,comunitat valenciana,valencia/valencia,210.0,525.0,3.72,4.15,9307,True
6711,ES,04,07,2025,11,vida nocturna,espectaculos,cine,illes balears,illes balears,242.0,605.0,4.12,4.33,122452,True
6712,ES,16,01,2025,11,vida nocturna,espectaculos,cine,pais vasco,araba/alava,341404.0,356.0,3.82,4.41,1138,True
6713,ES,16,20,2025,11,vida nocturna,espectaculos,cine,pais vasco,gipuzkoa,1008.0,43.0,4.14,4.41,5503,True
6714,ES,03,33,2025,11,vida nocturna,espectaculos,cine,principado de asturias,asturias,61332.0,807.0,4.18,4.35,9626,True
6715,ES,01,29,2025,11,otros,espectaculos,conferencias,andalucia,malaga,11625.0,300.0,4.25,4.43,1156,True
6716,ES,02,22,2025,11,otros,espectaculos,conferencias,aragon,huesca,13320.0,2220.0,4.26,4.25,61,True
6717,ES,02,50,2025,11,otros,espectaculos,conferencias,aragon,zaragoza,13420.0,220.0,3.75,4.21,158,True
6718,ES,05,35,2025,11,otros,espectaculos,conferencias,canarias,las palmas,103875.0,4155.0,4.32,4.28,176,True
6719,ES,05,38,2025,11,otros,espectaculos,conferencias,canarias,santa cruz de tenerife,1980.0,198.0,4.6,4.26,927,True
6720,ES,08,13,2025,11,otros,espectaculos,conferencias,castilla - la mancha,ciudad real,3157.0,451.0,4.21,4.29,156,True
6721,ES,07,05,2025,11,otros,espectaculos,conferencias,castilla y leon,avila,3098.0,7745.0,3.61,4.23,173,True
6722,ES,09,08,2025,11,otros,espectaculos,conferencias,cataluna,barcelona,65752.5,2277.75,3.9,4.05,2019,True
6723,ES,09,43,2025,11,otros,espectaculos,conferencias,cataluna,tarragona,31188.0,524.5,4.01,4.2,1769,True
6724,ES,13,28,2025,11,otros,espectaculos,conferencias,comunidad de madrid,madrid,150252.0,2043.5,3.97,4.1,1624,True
6725,ES,10,03,2025,11,otros,espectaculos,conferencias,comunitat valenciana,alicante/alacant,190355.5,2047.5,4.26,4.28,392,True
6726,ES,10,46,2025,11,otros,espectaculos,conferencias,comunitat valenciana,valencia/valencia,74497.5,5593.0,4.49,4.15,621,True
6727,ES,12,36,2025,11,otros,espectaculos,conferencias,galicia,pontevedra,2673.0,1215.0,4.43,4.17,119,True
6728,ES,04,07,2025,11,otros,espectaculos,conferencias,illes balears,illes balears,2125.0,375.0,4.21,4.33,296,True
6729,ES,03,33,2025,11,otros,espectaculos,conferencias,principado de asturias,asturias,9120.0,380.0,4.4,4.35,92,True
6730,ES,01,04,2025,11,paisaje urbano,espectaculos,"cultura, teatro y danza",andalucia,almeria,280776.33,1269.0,4.25,4.19,14318,True
6731,ES,01,11,2025,11,paisaje urbano,espectaculos,"cultura, teatro y danza",andalucia,cadiz,35868.5,508.75,4.35,4.26,8809,True
6732,ES,01,14,2025,11,paisaje urbano,espectaculos,"cultura, teatro y danza",andalucia,cordoba,1432781.0,1379.0,4.3,4.29,93962,True
6733,ES,01,18,2025,11,paisaje urbano,espectaculos,"cultura, teatro y danza",andalucia,granada,336401.25,748.0,4.35,4.37,153042,True
6734,ES,01,21,2025,11,paisaje urbano,espectaculos,"cultura, teatro y danza",andalucia,huelva,47237.67,661.33,4.23,4.11,9984,True
6735,ES,01,23,2025,11,paisaje urbano,espectaculos,"cultura, teatro y danza",andalucia,jaen,3150.0,70.0,4.3,4.33,16236,True
6736,ES,01,29,2025,11,paisaje urbano,espectaculos,"cultura, teatro y danza",andalucia,malaga,229087.8,1440.8,4.43,4.43,158253,True
6737,ES,01,41,2025,11,paisaje urbano,espectaculos,"cultura, teatro y danza",andalucia,sevilla,1885104.0,912.0,4.41,4.34,218279,True
6738,ES,02,22,2025,11,paisaje urbano,espectaculos,"cultura, teatro y danza",aragon,huesca,93334.5,994.0,4.12,4.25,10916,True
6739,ES,02,50,2025,11,paisaje urbano,espectaculos,"cultura, teatro y danza",aragon,zaragoza,1101794.5,530.5,4.34,4.21,41352,True
6740,ES,05,35,2025,11,paisaje urbano,espectaculos,"cultura, teatro y danza",canarias,las palmas,289826.0,1354.5,4.27,4.28,51395,True
6741,ES,05,38,2025,11,paisaje urbano,espectaculos,"cultura, teatro y danza",canarias,santa cruz de tenerife,241795.83,1081.67,4.28,4.26,66584,True
6742,ES,06,39,2025,11,paisaje urbano,espectaculos,"cultura, teatro y danza",cantabria,cantabria,86832.0,804.0,4.28,4.27,27507,True
6743,ES,08,02,2025,11,paisaje urbano,espectaculos,"cultura, teatro y danza",castilla - la mancha,albacete,152547.67,952.67,4.09,4.15,3663,True
6744,ES,08,19,2025,11,paisaje urbano,espectaculos,"cultura, teatro y danza",castilla - la mancha,guadalajara,43500.0,174.0,4.18,4.04,6159,True
6745,ES,08,45,2025,11,paisaje urbano,espectaculos,"cultura, teatro y danza",castilla - la mancha,toledo,71827.67,1217.67,4.19,4.18,55769,True
6746,ES,07,09,2025,11,paisaje urbano,espectaculos,"cultura, teatro y danza",castilla y leon,burgos,240.0,120.0,4.35,4.28,19776,True
6747,ES,07,34,2025,11,paisaje urbano,espectaculos,"cultura, teatro y danza",castilla y leon,palencia,22765.0,785.0,4.45,4.35,4984,True
6748,ES,07,37,2025,11,paisaje urbano,espectaculos,"cultura, teatro y danza",castilla y leon,salamanca,451610.0,777.33,4.24,4.17,31972,True
6749,ES,07,42,2025,11,paisaje urbano,espectaculos,"cultura, teatro y danza",castilla y leon,soria,156.0,156.0,4.17,3.97,6300,True
6750,ES,07,47,2025,11,paisaje urbano,espectaculos,"cultura, teatro y danza",castilla y leon,valladolid,310527.12,785.62,4.14,4.06,13695,True
6751,ES,07,49,2025,11,paisaje urbano,espectaculos,"cultura, teatro y danza",castilla y leon,zamora,550.0,50.0,4.19,4.17,5872,True
6752,ES,09,08,2025,11,paisaje urbano,espectaculos,"cultura, teatro y danza",cataluna,barcelona,736419.55,741.09,4.07,4.05,732080,True
6753,ES,09,17,2025,11,paisaje urbano,espectaculos,"cultura, teatro y danza",cataluna,girona,952.0,129.0,4.24,4.24,50915,True
6754,ES,09,43,2025,11,paisaje urbano,espectaculos,"cultura, teatro y danza",cataluna,tarragona,281334.0,431.0,4.23,4.2,53439,True
6755,ES,18,51,2025,11,paisaje urbano,espectaculos,"cultura, teatro y danza",ceuta,ceuta,1520.0,80.0,0.0,0.0,0,False
6756,ES,13,28,2025,11,paisaje urbano,espectaculos,"cultura, teatro y danza",comunidad de madrid,madrid,1972503.8,729.8,4.15,4.1,458466,True
6757,ES,10,03,2025,11,paisaje urbano,espectaculos,"cultura, teatro y danza",comunitat valenciana,alicante/alacant,200299.0,1820.17,4.28,4.28,67888,True
6758,ES,10,12,2025,11,paisaje urbano,espectaculos,"cultura, teatro y danza",comunitat valenciana,castellon/castello,314560.0,1966.67,4.14,4.2,13212,True
6759,ES,10,46,2025,11,paisaje urbano,espectaculos,"cultura, teatro y danza",comunitat valenciana,valencia/valencia,1154212.75,1257.25,4.25,4.15,114505,True
6760,ES,11,06,2025,11,paisaje urbano,espectaculos,"cultura, teatro y danza",extremadura,badajoz,24096.0,119.5,4.26,4.29,18348,True
6761,ES,11,10,2025,11,paisaje urbano,espectaculos,"cultura, teatro y danza",extremadura,caceres,8690.5,592.5,4.31,4.33,23514,True
6762,ES,12,15,2025,11,paisaje urbano,espectaculos,"cultura, teatro y danza",galicia,a coruna,94292.25,667.75,4.26,4.21,50198,True
6763,ES,12,36,2025,11,paisaje urbano,espectaculos,"cultura, teatro y danza",galicia,pontevedra,116561.0,476.0,4.07,4.17,15892,True
6764,ES,04,07,2025,11,paisaje urbano,espectaculos,"cultura, teatro y danza",illes balears,illes balears,108663.77,972.86,4.21,4.33,107418,True
6765,ES,17,26,2025,11,paisaje urbano,espectaculos,"cultura, teatro y danza",la rioja,la rioja,1652105.0,1963.0,4.29,4.31,11493,True
6766,ES,16,01,2025,11,paisaje urbano,espectaculos,"cultura, teatro y danza",pais vasco,araba/alava,138113.33,377.33,4.46,4.41,7811,True
6767,ES,16,48,2025,11,paisaje urbano,espectaculos,"cultura, teatro y danza",pais vasco,bizkaia,77728.33,1143.0,4.38,4.31,56425,True
6768,ES,16,20,2025,11,paisaje urbano,espectaculos,"cultura, teatro y danza",pais vasco,gipuzkoa,243260.62,1013.62,4.43,4.41,26949,True
6769,ES,03,33,2025,11,paisaje urbano,espectaculos,"cultura, teatro y danza",principado de asturias,asturias,46730.0,726.0,4.37,4.35,40762,True
6770,ES,14,30,2025,11,paisaje urbano,espectaculos,"cultura, teatro y danza",region de murcia,murcia,107166.0,512.2,4.32,4.2,9308,True
6771,ES,02,22,2025,11,compras,espectaculos,ferias,aragon,huesca,3940.0,1970.0,4.25,4.25,279,True
6772,ES,05,35,2025,11,compras,espectaculos,ferias,canarias,las palmas,24696.0,1029.0,3.9,4.28,20086,True
6773,ES,08,13,2025,11,compras,espectaculos,ferias,castilla - la mancha,ciudad real,3157.0,451.0,4.64,4.29,147,True
6774,ES,09,08,2025,11,compras,espectaculos,ferias,cataluna,barcelona,15540.0,1295.0,3.75,4.05,95381,True
6775,ES,13,28,2025,11,compras,espectaculos,ferias,comunidad de madrid,madrid,289824.0,3019.0,3.83,4.1,89796,True
6776,ES,10,03,2025,11,compras,espectaculos,ferias,comunitat valenciana,alicante/alacant,49408.0,3088.0,4.22,4.28,12577,True
6777,ES,10,46,2025,11,compras,espectaculos,ferias,comunitat valenciana,valencia/valencia,334593.0,47799.0,3.72,4.15,81279,True
6778,ES,03,33,2025,11,compras,espectaculos,ferias,principado de asturias,asturias,9120.0,380.0,4.23,4.35,2445,True
6779,ES,01,21,2025,11,paisaje urbano,espectaculos,museo y exposiciones,andalucia,huelva,47802.0,465.0,4.23,4.11,9984,True
6780,ES,02,50,2025,11,paisaje urbano,espectaculos,museo y exposiciones,aragon,zaragoza,35145.0,355.0,4.34,4.21,41352,True
6781,ES,08,45,2025,11,paisaje urbano,espectaculos,museo y exposiciones,castilla - la mancha,toledo,46848.0,732.0,4.19,4.18,55769,True
6782,ES,07,37,2025,11,paisaje urbano,espectaculos,museo y exposiciones,castilla y leon,salamanca,72885.0,215.0,4.24,4.17,31972,True
6783,ES,07,47,2025,11,paisaje urbano,espectaculos,museo y exposiciones,castilla y leon,valladolid,1786.0,47.0,4.14,4.06,13695,True
6784,ES,09,08,2025,11,paisaje urbano,espectaculos,museo y exposiciones,cataluna,barcelona,10512.0,146.0,4.07,4.05,732080,True
6785,ES,09,17,2025,11,paisaje urbano,espectaculos,museo y exposiciones,cataluna,girona,1120.0,160.0,4.24,4.24,50915,True
6786,ES,10,03,2025,11,paisaje urbano,espectaculos,museo y exposiciones,comunitat valenciana,alicante/alacant,84294.0,6021.0,4.28,4.28,67888,True
6787,ES,10,46,2025,11,paisaje urbano,espectaculos,museo y exposiciones,comunitat valenciana,valencia/valencia,2640.0,120.0,4.25,4.15,114505,True
6788,ES,04,07,2025,11,paisaje urbano,espectaculos,museo y exposiciones,illes balears,illes balears,20218.0,919.0,4.21,4.33,107418,True
6789,ES,01,04,2025,11,vida nocturna,espectaculos,musica,andalucia,almeria,557708.4,2036.4,3.72,4.19,5362,True
6790,ES,01,11,2025,11,vida nocturna,espectaculos,musica,andalucia,cadiz,390346.5,1155.5,4.08,4.26,2343,True
6791,ES,01,14,2025,11,vida nocturna,espectaculos,musica,andalucia,cordoba,554152.67,551.0,4.3,4.29,1908,True
6792,ES,01,18,2025,11,vida nocturna,espectaculos,musica,andalucia,granada,760876.8,1559.4,3.92,4.37,10900,True
6793,ES,01,23,2025,11,vida nocturna,espectaculos,musica,andalucia,jaen,88832.2,685.0,4.0,4.33,992,True
6794,ES,01,29,2025,11,vida nocturna,espectaculos,musica,andalucia,malaga,516576.86,1826.0,4.3,4.43,56036,True
6795,ES,01,41,2025,11,vida nocturna,espectaculos,musica,andalucia,sevilla,974277.67,1163.17,4.05,4.34,39053,True
6796,ES,02,22,2025,11,vida nocturna,espectaculos,musica,aragon,huesca,177564.6,1090.2,3.85,4.25,1293,True
6797,ES,02,44,2025,11,vida nocturna,espectaculos,musica,aragon,teruel,413553.33,1608.33,4.35,4.28,950,True
6798,ES,02,50,2025,11,vida nocturna,espectaculos,musica,aragon,zaragoza,2853121.0,441.0,3.75,4.21,1614,True
6799,ES,05,35,2025,11,vida nocturna,espectaculos,musica,canarias,las palmas,141624.17,574.83,4.24,4.28,129544,True
6800,ES,05,38,2025,11,vida nocturna,espectaculos,musica,canarias,santa cruz de tenerife,874748.22,1609.0,4.06,4.26,62671,True
6801,ES,06,39,2025,11,vida nocturna,espectaculos,musica,cantabria,cantabria,28351.5,751.5,4.02,4.27,5819,True
6802,ES,08,02,2025,11,vida nocturna,espectaculos,musica,castilla - la mancha,albacete,492737.67,1414.33,4.21,4.15,573,True
6803,ES,08,13,2025,11,vida nocturna,espectaculos,musica,castilla - la mancha,ciudad real,24553.8,1007.0,4.17,4.29,385,True
6804,ES,08,16,2025,11,vida nocturna,espectaculos,musica,castilla - la mancha,cuenca,20658.0,939.0,3.91,4.19,760,True
6805,ES,08,19,2025,11,vida nocturna,espectaculos,musica,castilla - la mancha,guadalajara,333232.0,1412.0,3.23,4.04,447,True
6806,ES,08,45,2025,11,vida nocturna,espectaculos,musica,castilla - la mancha,toledo,46840.5,1328.0,3.99,4.18,434,True
6807,ES,07,05,2025,11,vida nocturna,espectaculos,musica,castilla y leon,avila,135382.0,801.5,4.04,4.23,397,True
6808,ES,07,09,2025,11,vida nocturna,espectaculos,musica,castilla y leon,burgos,208750.0,805.5,3.95,4.28,970,True
6809,ES,07,24,2025,11,vida nocturna,espectaculos,musica,castilla y leon,leon,516856.0,1007.5,3.97,4.21,1480,True
6810,ES,07,34,2025,11,vida nocturna,espectaculos,musica,castilla y leon,palencia,135081.0,675.0,4.23,4.35,379,True
6811,ES,07,37,2025,11,vida nocturna,espectaculos,musica,castilla y leon,salamanca,144956.0,1169.0,3.66,4.17,3701,True
6812,ES,07,40,2025,11,vida nocturna,espectaculos,musica,castilla y leon,segovia,262565.67,881.67,3.91,4.07,263,True
6813,ES,07,42,2025,11,vida nocturna,espectaculos,musica,castilla y leon,soria,1007532.0,1868.0,4.2,3.97,154,True
6814,ES,07,47,2025,11,vida nocturna,espectaculos,musica,castilla y leon,valladolid,848990.33,1101.67,4.01,4.06,1293,True
6815,ES,07,49,2025,11,vida nocturna,espectaculos,musica,castilla y leon,zamora,773228.5,1274.5,4.27,4.17,462,True
6816,ES,09,08,2025,11,vida nocturna,espectaculos,musica,cataluna,barcelona,1179450.54,1145.03,3.95,4.05,119743,True
6817,ES,09,17,2025,11,vida nocturna,espectaculos,musica,cataluna,girona,29816.36,796.55,3.8,4.24,12856,True
6818,ES,09,25,2025,11,vida nocturna,espectaculos,musica,cataluna,lleida,90023.8,887.4,3.84,4.27,1184,True
6819,ES,09,43,2025,11,vida nocturna,espectaculos,musica,cataluna,tarragona,106020.89,1207.89,4.1,4.2,22730,True
6820,ES,18,51,2025,11,vida nocturna,espectaculos,musica,ceuta,ceuta,494769.0,1551.0,0.0,0.0,0,False
6821,ES,13,28,2025,11,vida nocturna,espectaculos,musica,comunidad de madrid,madrid,2205866.8,1569.28,3.85,4.1,100430,True
6822,ES,15,31,2025,11,vida nocturna,espectaculos,musica,comunidad foral de navarra,navarra,319834.0,1405.0,3.72,4.23,2565,True
6823,ES,10,03,2025,11,vida nocturna,espectaculos,musica,comunitat valenciana,alicante/alacant,134871.59,1473.18,4.03,4.28,84389,True
6824,ES,10,12,2025,11,vida nocturna,espectaculos,musica,comunitat valenciana,castellon/castello,491763.0,688.0,3.88,4.2,2406,True
6825,ES,10,46,2025,11,vida nocturna,espectaculos,musica,comunitat valenciana,valencia/valencia,739855.82,919.45,3.72,4.15,9307,True
6826,ES,11,06,2025,11,vida nocturna,espectaculos,musica,extremadura,badajoz,92872.2,609.2,4.31,4.29,2109,True
6827,ES,11,10,2025,11,vida nocturna,espectaculos,musica,extremadura,caceres,18629.5,1215.5,3.95,4.33,1377,True
6828,ES,12,15,2025,11,vida nocturna,espectaculos,musica,galicia,a coruna,133826.0,799.25,3.74,4.21,5653,True
6829,ES,12,27,2025,11,vida nocturna,espectaculos,musica,galicia,lugo,160562.5,1099.0,4.18,4.28,502,True
6830,ES,12,32,2025,11,vida nocturna,espectaculos,musica,galicia,ourense,131784.0,1156.0,3.7,4.15,660,True
6831,ES,12,36,2025,11,vida nocturna,espectaculos,musica,galicia,pontevedra,47213.83,939.33,4.0,4.17,3092,True
6832,ES,04,07,2025,11,vida nocturna,espectaculos,musica,illes balears,illes balears,440478.61,1214.14,4.12,4.33,122452,True
6833,ES,17,26,2025,11,vida nocturna,espectaculos,musica,la rioja,la rioja,31981.67,1171.0,3.69,4.31,1866,True
6834,ES,16,01,2025,11,vida nocturna,espectaculos,musica,pais vasco,araba/alava,34271.0,1594.0,3.82,4.41,1138,True
6835,ES,16,48,2025,11,vida nocturna,espectaculos,musica,pais vasco,bizkaia,1523382.43,1783.71,4.21,4.31,5615,True
6836,ES,16,20,2025,11,vida nocturna,espectaculos,musica,pais vasco,gipuzkoa,155789.45,891.91,4.14,4.41,5503,True
6837,ES,03,33,2025,11,vida nocturna,espectaculos,musica,principado de asturias,asturias,229448.89,862.67,4.18,4.35,9626,True
6838,ES,14,30,2025,11,vida nocturna,espectaculos,musica,region de murcia,murcia,1121997.5,1208.5,3.62,4.2,1488,True
6839,ES,01,04,2025,11,vida nocturna,espectaculos,musicales,andalucia,almeria,49192.0,1118.0,3.72,4.19,5362,True
6840,ES,01,14,2025,11,vida nocturna,espectaculos,musicales,andalucia,cordoba,24656.0,184.0,4.3,4.29,1908,True
6841,ES,01,18,2025,11,vida nocturna,espectaculos,musicales,andalucia,granada,112723.0,754.0,3.92,4.37,10900,True
6842,ES,01,21,2025,11,vida nocturna,espectaculos,musicales,andalucia,huelva,89267.0,1003.0,4.03,4.11,1623,True
6843,ES,01,29,2025,11,vida nocturna,espectaculos,musicales,andalucia,malaga,520.0,40.0,4.3,4.43,56036,True
6844,ES,01,41,2025,11,vida nocturna,espectaculos,musicales,andalucia,sevilla,22971.0,1178.0,4.05,4.34,39053,True
6845,ES,02,50,2025,11,vida nocturna,espectaculos,musicales,aragon,zaragoza,314002.0,929.0,3.75,4.21,1614,True
6846,ES,05,35,2025,11,vida nocturna,espectaculos,musicales,canarias,las palmas,115967.0,1303.0,4.24,4.28,129544,True
6847,ES,05,38,2025,11,vida nocturna,espectaculos,musicales,canarias,santa cruz de tenerife,1675.0,207.5,4.06,4.26,62671,True
6848,ES,06,39,2025,11,vida nocturna,espectaculos,musicales,cantabria,cantabria,17028.0,198.0,4.02,4.27,5819,True
6849,ES,08,02,2025,11,vida nocturna,espectaculos,musicales,castilla - la mancha,albacete,2490544.0,1202.0,4.21,4.15,573,True
6850,ES,08,19,2025,11,vida nocturna,espectaculos,musicales,castilla - la mancha,guadalajara,43500.0,174.0,3.23,4.04,447,True
6851,ES,07,37,2025,11,vida nocturna,espectaculos,musicales,castilla y leon,salamanca,122976.0,1952.0,3.66,4.17,3701,True
6852,ES,07,42,2025,11,vida nocturna,espectaculos,musicales,castilla y leon,soria,156.0,156.0,4.2,3.97,154,True
6853,ES,07,47,2025,11,vida nocturna,espectaculos,musicales,castilla y leon,valladolid,40501.5,222.5,4.01,4.06,1293,True
6854,ES,09,08,2025,11,vida nocturna,espectaculos,musicales,cataluna,barcelona,435427.67,766.0,3.95,4.05,119743,True
6855,ES,13,28,2025,11,vida nocturna,espectaculos,musicales,comunidad de madrid,madrid,25720.0,933.5,3.85,4.1,100430,True
6856,ES,10,03,2025,11,vida nocturna,espectaculos,musicales,comunitat valenciana,alicante/alacant,4842.5,372.5,4.03,4.28,84389,True
6857,ES,10,46,2025,11,vida nocturna,espectaculos,musicales,comunitat valenciana,valencia/valencia,1676257.0,1067.0,3.72,4.15,9307,True
6858,ES,11,06,2025,11,vida nocturna,espectaculos,musicales,extremadura,badajoz,47652.0,209.0,4.31,4.29,2109,True
6859,ES,11,10,2025,11,vida nocturna,espectaculos,musicales,extremadura,caceres,122078.0,1969.0,3.95,4.33,1377,True
6860,ES,12,15,2025,11,vida nocturna,espectaculos,musicales,galicia,a coruna,2320.0,725.0,3.74,4.21,5653,True
6861,ES,04,07,2025,11,vida nocturna,espectaculos,musicales,illes balears,illes balears,46017.0,736.17,4.12,4.33,122452,True
6862,ES,17,26,2025,11,vida nocturna,espectaculos,musicales,la rioja,la rioja,175974.0,834.0,3.69,4.31,1866,True
6863,ES,16,20,2025,11,vida nocturna,espectaculos,musicales,pais vasco,gipuzkoa,106869.5,1215.5,4.14,4.41,5503,True
6864,ES,03,33,2025,11,vida nocturna,espectaculos,musicales,principado de asturias,asturias,2799.0,933.0,4.18,4.35,9626,True
6865,ES,14,30,2025,11,vida nocturna,espectaculos,musicales,region de murcia,murcia,130686.0,947.0,3.62,4.2,1488,True
6866,ES,09,08,2025,11,paisaje naturaleza,espectaculos,parques tematicos,cataluna,barcelona,10892.0,778.0,4.13,4.05,200444,True
6867,ES,01,04,2025,12,paisaje naturaleza,actividades,actividades infantiles,andalucia,almeria,2954.0,639.0,4.32,4.19,23376,True
6868,ES,01,11,2025,12,paisaje naturaleza,actividades,actividades infantiles,andalucia,cadiz,54907.5,2019.0,4.27,4.26,12350,True
6869,ES,01,14,2025,12,paisaje naturaleza,actividades,actividades infantiles,andalucia,cordoba,6512.0,88.0,4.32,4.29,3767,True
6870,ES,01,18,2025,12,paisaje naturaleza,actividades,actividades infantiles,andalucia,granada,8815.0,1075.0,4.52,4.37,18492,True
6871,ES,01,21,2025,12,paisaje naturaleza,actividades,actividades infantiles,andalucia,huelva,2254302.0,477.0,4.12,4.11,8396,True
6872,ES,01,29,2025,12,paisaje naturaleza,actividades,actividades infantiles,andalucia,malaga,30636.0,69.0,4.44,4.43,109648,True
6873,ES,01,41,2025,12,paisaje naturaleza,actividades,actividades infantiles,andalucia,sevilla,60845.5,429.75,4.47,4.34,21476,True
6874,ES,02,22,2025,12,paisaje naturaleza,actividades,actividades infantiles,aragon,huesca,13573.0,1385.0,4.56,4.25,17445,True
6875,ES,02,50,2025,12,paisaje naturaleza,actividades,actividades infantiles,aragon,zaragoza,527136.0,969.0,4.36,4.21,5888,True
6876,ES,05,35,2025,12,paisaje naturaleza,actividades,actividades infantiles,canarias,las palmas,5430.0,80.0,4.34,4.28,200378,True
6877,ES,05,38,2025,12,paisaje naturaleza,actividades,actividades infantiles,canarias,santa cruz de tenerife,10186.5,204.0,4.31,4.26,190067,True
6878,ES,06,39,2025,12,paisaje naturaleza,actividades,actividades infantiles,cantabria,cantabria,2940.0,70.0,4.36,4.27,37946,True
6879,ES,08,16,2025,12,paisaje naturaleza,actividades,actividades infantiles,castilla - la mancha,cuenca,3050.0,50.0,4.42,4.19,3251,True
6880,ES,08,45,2025,12,paisaje naturaleza,actividades,actividades infantiles,castilla - la mancha,toledo,88074.0,2097.0,4.16,4.18,1715,True
6881,ES,07,05,2025,12,paisaje naturaleza,actividades,actividades infantiles,castilla y leon,avila,4314.0,2157.0,4.56,4.23,1874,True
6882,ES,07,24,2025,12,paisaje naturaleza,actividades,actividades infantiles,castilla y leon,leon,40842.0,2269.0,4.52,4.21,4506,True
6883,ES,07,34,2025,12,paisaje naturaleza,actividades,actividades infantiles,castilla y leon,palencia,35071.0,2063.0,4.36,4.35,398,True
6884,ES,07,37,2025,12,paisaje naturaleza,actividades,actividades infantiles,castilla y leon,salamanca,1091904.0,2068.0,4.39,4.17,3319,True
6885,ES,07,47,2025,12,paisaje naturaleza,actividades,actividades infantiles,castilla y leon,valladolid,85543.86,1034.86,4.18,4.06,8696,True
6886,ES,09,08,2025,12,paisaje naturaleza,actividades,actividades infantiles,cataluna,barcelona,422865.67,799.0,4.13,4.05,200444,True
6887,ES,09,17,2025,12,paisaje naturaleza,actividades,actividades infantiles,cataluna,girona,580.0,145.0,4.38,4.24,61683,True
6888,ES,09,25,2025,12,paisaje naturaleza,actividades,actividades infantiles,cataluna,lleida,108782.0,545.0,4.38,4.27,9898,True
6889,ES,09,43,2025,12,paisaje naturaleza,actividades,actividades infantiles,cataluna,tarragona,11865.0,1465.0,4.26,4.2,33701,True
6890,ES,13,28,2025,12,paisaje naturaleza,actividades,actividades infantiles,comunidad de madrid,madrid,345001.71,1389.0,4.19,4.1,121795,True
6891,ES,10,03,2025,12,paisaje naturaleza,actividades,actividades infantiles,comunitat valenciana,alicante/alacant,30241.83,932.83,4.36,4.28,82424,True
6892,ES,10,12,2025,12,paisaje naturaleza,actividades,actividades infantiles,comunitat valenciana,castellon/castello,220242.0,1551.0,4.22,4.2,6934,True
6893,ES,10,46,2025,12,paisaje naturaleza,actividades,actividades infantiles,comunitat valenciana,valencia/valencia,1027611.8,1103.8,4.23,4.15,90776,True
6894,ES,11,06,2025,12,paisaje naturaleza,actividades,actividades infantiles,extremadura,badajoz,758593.0,815.0,4.4,4.29,1116,True
6895,ES,11,10,2025,12,paisaje naturaleza,actividades,actividades infantiles,extremadura,caceres,25907.0,423.5,4.5,4.33,5814,True
6896,ES,12,15,2025,12,paisaje naturaleza,actividades,actividades infantiles,galicia,a coruna,31692.0,556.0,4.39,4.21,18974,True
6897,ES,12,32,2025,12,paisaje naturaleza,actividades,actividades infantiles,galicia,ourense,57155.0,805.0,4.42,4.15,1840,True
6898,ES,12,36,2025,12,paisaje naturaleza,actividades,actividades infantiles,galicia,pontevedra,166988.0,766.0,4.29,4.17,15699,True
6899,ES,04,07,2025,12,paisaje naturaleza,actividades,actividades infantiles,illes balears,illes balears,87064.91,1246.09,4.42,4.33,203636,True
6900,ES,16,01,2025,12,paisaje naturaleza,actividades,actividades infantiles,pais vasco,araba/alava,1579289.0,262.0,4.66,4.41,11468,True
6901,ES,16,48,2025,12,paisaje naturaleza,actividades,actividades infantiles,pais vasco,bizkaia,233389.25,1428.0,4.38,4.31,7925,True
6902,ES,16,20,2025,12,paisaje naturaleza,actividades,actividades infantiles,pais vasco,gipuzkoa,17485.0,65.0,4.61,4.41,26976,True
6903,ES,03,33,2025,12,paisaje naturaleza,actividades,actividades infantiles,principado de asturias,asturias,35418.4,1204.2,4.42,4.35,44006,True
6904,ES,01,18,2025,12,servicios,actividades,cursos,andalucia,granada,209309.0,5657.0,4.47,4.37,1868,True
6905,ES,01,29,2025,12,servicios,actividades,cursos,andalucia,malaga,145084.0,1577.0,4.62,4.43,51898,True
6906,ES,01,41,2025,12,servicios,actividades,cursos,andalucia,sevilla,1300.0,100.0,4.06,4.34,4859,True
6907,ES,02,50,2025,12,servicios,actividades,cursos,aragon,zaragoza,450.0,50.0,4.05,4.21,61,True
6908,ES,05,35,2025,12,servicios,actividades,cursos,canarias,las palmas,46494.0,574.0,3.72,4.28,2863,True
6909,ES,05,38,2025,12,servicios,actividades,cursos,canarias,santa cruz de tenerife,9855.0,1580.0,3.86,4.26,3753,True
6910,ES,08,02,2025,12,servicios,actividades,cursos,castilla - la mancha,albacete,1800.0,100.0,4.08,4.15,9,True
6911,ES,09,08,2025,12,servicios,actividades,cursos,cataluna,barcelona,1605604.0,4411.0,4.03,4.05,159935,True
6912,ES,13,28,2025,12,servicios,actividades,cursos,comunidad de madrid,madrid,1646674.0,6636.5,3.92,4.1,42370,True
6913,ES,15,31,2025,12,servicios,actividades,cursos,comunidad foral de navarra,navarra,14802.0,2467.0,1.93,4.23,108,True
6914,ES,10,03,2025,12,servicios,actividades,cursos,comunitat valenciana,alicante/alacant,675.0,500.0,3.73,4.28,29657,True
6915,ES,12,15,2025,12,servicios,actividades,cursos,galicia,a coruna,3320.0,415.0,4.04,4.21,605,True
6916,ES,12,36,2025,12,servicios,actividades,cursos,galicia,pontevedra,35854.0,2561.0,4.14,4.17,1424,True
6917,ES,04,07,2025,12,servicios,actividades,cursos,illes balears,illes balears,51726.0,1429.0,4.23,4.33,46354,True
6918,ES,16,01,2025,12,servicios,actividades,cursos,pais vasco,araba/alava,8500.0,100.0,5.0,4.41,18,True
6919,ES,16,48,2025,12,servicios,actividades,cursos,pais vasco,bizkaia,56123.0,4791.5,4.03,4.31,13509,True
6920,ES,16,20,2025,12,servicios,actividades,cursos,pais vasco,gipuzkoa,21689.0,943.0,3.84,4.41,140,True
6921,ES,14,30,2025,12,servicios,actividades,cursos,region de murcia,murcia,221503.0,4165.75,2.83,4.2,6,True
6922,ES,01,29,2025,12,paisaje naturaleza,actividades,deportes y aventuras,andalucia,malaga,33839.0,569.0,4.44,4.43,109648,True
6923,ES,01,41,2025,12,paisaje naturaleza,actividades,deportes y aventuras,andalucia,sevilla,16042.0,617.0,4.47,4.34,21476,True
6924,ES,02,50,2025,12,paisaje naturaleza,actividades,deportes y aventuras,aragon,zaragoza,77400.0,200.0,4.36,4.21,5888,True
6925,ES,05,38,2025,12,paisaje naturaleza,actividades,deportes y aventuras,canarias,santa cruz de tenerife,7491.0,355.5,4.31,4.26,190067,True
6926,ES,08,02,2025,12,paisaje naturaleza,actividades,deportes y aventuras,castilla - la mancha,albacete,450.0,90.0,4.38,4.15,3169,True
6927,ES,07,37,2025,12,paisaje naturaleza,actividades,deportes y aventuras,castilla y leon,salamanca,16506.0,917.0,4.39,4.17,3319,True
6928,ES,07,47,2025,12,paisaje naturaleza,actividades,deportes y aventuras,castilla y leon,valladolid,84502.0,1837.0,4.18,4.06,8696,True
6929,ES,09,08,2025,12,paisaje naturaleza,actividades,deportes y aventuras,cataluna,barcelona,227139.0,4898.5,4.13,4.05,200444,True
6930,ES,09,43,2025,12,paisaje naturaleza,actividades,deportes y aventuras,cataluna,tarragona,11831.0,685.0,4.26,4.2,33701,True
6931,ES,13,28,2025,12,paisaje naturaleza,actividades,deportes y aventuras,comunidad de madrid,madrid,377274.0,1362.0,4.19,4.1,121795,True
6932,ES,15,31,2025,12,paisaje naturaleza,actividades,deportes y aventuras,comunidad foral de navarra,navarra,158585.0,4025.0,4.33,4.23,7007,True
6933,ES,10,03,2025,12,paisaje naturaleza,actividades,deportes y aventuras,comunitat valenciana,alicante/alacant,96448.0,704.0,4.36,4.28,82424,True
6934,ES,10,46,2025,12,paisaje naturaleza,actividades,deportes y aventuras,comunitat valenciana,valencia/valencia,107039.33,2391.33,4.23,4.15,90776,True
6935,ES,11,06,2025,12,paisaje naturaleza,actividades,deportes y aventuras,extremadura,badajoz,12922.0,457.33,4.4,4.29,1116,True
6936,ES,11,10,2025,12,paisaje naturaleza,actividades,deportes y aventuras,extremadura,caceres,345681.0,1239.0,4.5,4.33,5814,True
6937,ES,04,07,2025,12,paisaje naturaleza,actividades,deportes y aventuras,illes balears,illes balears,6376.67,395.33,4.42,4.33,203636,True
6938,ES,16,01,2025,12,paisaje naturaleza,actividades,deportes y aventuras,pais vasco,araba/alava,33991.0,1789.0,4.66,4.41,11468,True
6939,ES,16,48,2025,12,paisaje naturaleza,actividades,deportes y aventuras,pais vasco,bizkaia,209950.0,1615.0,4.38,4.31,7925,True
6940,ES,16,20,2025,12,paisaje naturaleza,actividades,deportes y aventuras,pais vasco,gipuzkoa,1193133.0,2903.0,4.61,4.41,26976,True
6941,ES,03,33,2025,12,paisaje naturaleza,actividades,deportes y aventuras,principado de asturias,asturias,9332.0,9332.0,4.42,4.35,44006,True
6942,ES,01,18,2025,12,comida y bebida,actividades,gastronomia,andalucia,granada,47216.0,908.0,4.81,4.37,771,True
6943,ES,01,41,2025,12,comida y bebida,actividades,gastronomia,andalucia,sevilla,81162.0,1002.0,4.76,4.34,8170,True
6944,ES,02,50,2025,12,comida y bebida,actividades,gastronomia,aragon,zaragoza,13225.0,575.0,4.03,4.21,35,True
6945,ES,05,35,2025,12,comida y bebida,actividades,gastronomia,canarias,las palmas,8580.0,130.0,3.71,4.28,443,True
6946,ES,08,02,2025,12,comida y bebida,actividades,gastronomia,castilla - la mancha,albacete,39555.0,879.0,4.88,4.15,33,True
6947,ES,09,08,2025,12,comida y bebida,actividades,gastronomia,cataluna,barcelona,39373.4,1327.6,4.67,4.05,3911,True
6948,ES,09,17,2025,12,comida y bebida,actividades,gastronomia,cataluna,girona,16566.0,1004.0,4.57,4.24,183,True
6949,ES,13,28,2025,12,comida y bebida,actividades,gastronomia,comunidad de madrid,madrid,1151367.0,2289.0,4.71,4.1,5856,True
6950,ES,10,03,2025,12,comida y bebida,actividades,gastronomia,comunitat valenciana,alicante/alacant,19487.0,760.5,4.52,4.28,760,True
6951,ES,10,46,2025,12,comida y bebida,actividades,gastronomia,comunitat valenciana,valencia/valencia,123377.0,615.67,4.79,4.15,369,True
6952,ES,11,06,2025,12,comida y bebida,actividades,gastronomia,extremadura,badajoz,310.0,155.0,0.0,0.0,0,False
6953,ES,04,07,2025,12,comida y bebida,actividades,gastronomia,illes balears,illes balears,127266.5,3609.5,4.86,4.33,2196,True
6954,ES,16,48,2025,12,comida y bebida,actividades,gastronomia,pais vasco,bizkaia,11911.0,277.0,4.31,4.31,319,True
6955,ES,01,04,2025,12,vida nocturna,espectaculos,cine,andalucia,almeria,3060.0,612.0,3.72,4.19,5362,True
6956,ES,01,29,2025,12,vida nocturna,espectaculos,cine,andalucia,malaga,958815.0,1937.0,4.3,4.43,56036,True
6957,ES,01,41,2025,12,vida nocturna,espectaculos,cine,andalucia,sevilla,5040.0,40.0,4.05,4.34,39053,True
6958,ES,02,50,2025,12,vida nocturna,espectaculos,cine,aragon,zaragoza,24177.0,844.5,3.75,4.21,1614,True
6959,ES,05,38,2025,12,vida nocturna,espectaculos,cine,canarias,santa cruz de tenerife,25520.0,110.0,4.06,4.26,62671,True
6960,ES,08,02,2025,12,vida nocturna,espectaculos,cine,castilla - la mancha,albacete,4602.0,39.0,4.21,4.15,573,True
6961,ES,07,47,2025,12,vida nocturna,espectaculos,cine,castilla y leon,valladolid,6534.0,605.0,4.01,4.06,1293,True
6962,ES,09,08,2025,12,vida nocturna,espectaculos,cine,cataluna,barcelona,154771.0,556.0,3.95,4.05,119743,True
6963,ES,09,17,2025,12,vida nocturna,espectaculos,cine,cataluna,girona,72239.0,2491.0,3.8,4.24,12856,True
6964,ES,13,28,2025,12,vida nocturna,espectaculos,cine,comunidad de madrid,madrid,408672.0,1376.0,3.85,4.1,100430,True
6965,ES,10,03,2025,12,vida nocturna,espectaculos,cine,comunitat valenciana,alicante/alacant,180613.67,971.33,4.03,4.28,84389,True
6966,ES,10,46,2025,12,vida nocturna,espectaculos,cine,comunitat valenciana,valencia/valencia,4114.5,157.0,3.72,4.15,9307,True
6967,ES,04,07,2025,12,vida nocturna,espectaculos,cine,illes balears,illes balears,7332.0,611.0,4.12,4.33,122452,True
6968,ES,16,20,2025,12,vida nocturna,espectaculos,cine,pais vasco,gipuzkoa,105819.33,298.0,4.14,4.41,5503,True
6969,ES,01,29,2025,12,otros,espectaculos,conferencias,andalucia,malaga,450.0,150.0,4.25,4.43,1156,True
6970,ES,02,22,2025,12,otros,espectaculos,conferencias,aragon,huesca,3940.0,1970.0,4.26,4.25,61,True
6971,ES,02,44,2025,12,otros,espectaculos,conferencias,aragon,teruel,5750.0,230.0,4.17,4.28,5064,True
6972,ES,02,50,2025,12,otros,espectaculos,conferencias,aragon,zaragoza,33060.0,580.0,3.75,4.21,158,True
6973,ES,05,35,2025,12,otros,espectaculos,conferencias,canarias,las palmas,1800.0,300.0,4.32,4.28,176,True
6974,ES,08,13,2025,12,otros,espectaculos,conferencias,castilla - la mancha,ciudad real,215605.0,16585.0,4.21,4.29,156,True
6975,ES,07,05,2025,12,otros,espectaculos,conferencias,castilla y leon,avila,1549.0,7745.0,3.61,4.23,173,True
6976,ES,09,08,2025,12,otros,espectaculos,conferencias,cataluna,barcelona,150.0,375.0,3.9,4.05,2019,True
6977,ES,13,28,2025,12,otros,espectaculos,conferencias,comunidad de madrid,madrid,127848.0,5327.0,3.97,4.1,1624,True
6978,ES,10,03,2025,12,otros,espectaculos,conferencias,comunitat valenciana,alicante/alacant,73803.0,1011.0,4.26,4.28,392,True
6979,ES,04,07,2025,12,otros,espectaculos,conferencias,illes balears,illes balears,27150.0,150.0,4.21,4.33,296,True
6980,ES,16,01,2025,12,otros,espectaculos,conferencias,pais vasco,araba/alava,12999.0,4333.0,0.0,0.0,0,False
6981,ES,03,33,2025,12,otros,espectaculos,conferencias,principado de asturias,asturias,89144.0,4052.0,4.4,4.35,92,True
6982,ES,01,04,2025,12,paisaje urbano,espectaculos,"cultura, teatro y danza",andalucia,almeria,240745.0,1322.0,4.25,4.19,14318,True
6983,ES,01,11,2025,12,paisaje urbano,espectaculos,"cultura, teatro y danza",andalucia,cadiz,12086.0,1599.0,4.35,4.26,8809,True
6984,ES,01,14,2025,12,paisaje urbano,espectaculos,"cultura, teatro y danza",andalucia,cordoba,134425.0,1415.0,4.3,4.29,93962,True
6985,ES,01,18,2025,12,paisaje urbano,espectaculos,"cultura, teatro y danza",andalucia,granada,243715.67,654.67,4.35,4.37,153042,True
6986,ES,01,21,2025,12,paisaje urbano,espectaculos,"cultura, teatro y danza",andalucia,huelva,2254302.0,477.0,4.23,4.11,9984,True
6987,ES,01,23,2025,12,paisaje urbano,espectaculos,"cultura, teatro y danza",andalucia,jaen,47652.0,518.0,4.3,4.33,16236,True
6988,ES,01,29,2025,12,paisaje urbano,espectaculos,"cultura, teatro y danza",andalucia,malaga,157957.0,572.0,4.43,4.43,158253,True
6989,ES,01,41,2025,12,paisaje urbano,espectaculos,"cultura, teatro y danza",andalucia,sevilla,81496.0,976.0,4.41,4.34,218279,True
6990,ES,02,22,2025,12,paisaje urbano,espectaculos,"cultura, teatro y danza",aragon,huesca,78683.0,879.0,4.12,4.25,10916,True
6991,ES,02,50,2025,12,paisaje urbano,espectaculos,"cultura, teatro y danza",aragon,zaragoza,513359.33,1018.33,4.34,4.21,41352,True
6992,ES,05,35,2025,12,paisaje urbano,espectaculos,"cultura, teatro y danza",canarias,las palmas,263860.62,537.75,4.27,4.28,51395,True
6993,ES,05,38,2025,12,paisaje urbano,espectaculos,"cultura, teatro y danza",canarias,santa cruz de tenerife,410382.5,1451.5,4.28,4.26,66584,True
6994,ES,06,39,2025,12,paisaje urbano,espectaculos,"cultura, teatro y danza",cantabria,cantabria,34587.0,1134.0,4.28,4.27,27507,True
6995,ES,08,02,2025,12,paisaje urbano,espectaculos,"cultura, teatro y danza",castilla - la mancha,albacete,586049.0,1040.0,4.09,4.15,3663,True
6996,ES,08,16,2025,12,paisaje urbano,espectaculos,"cultura, teatro y danza",castilla - la mancha,cuenca,3050.0,50.0,4.27,4.19,13771,True
6997,ES,08,19,2025,12,paisaje urbano,espectaculos,"cultura, teatro y danza",castilla - la mancha,guadalajara,646377.0,341.0,4.18,4.04,6159,True
6998,ES,08,45,2025,12,paisaje urbano,espectaculos,"cultura, teatro y danza",castilla - la mancha,toledo,48981.0,1666.5,4.19,4.18,55769,True
6999,ES,07,34,2025,12,paisaje urbano,espectaculos,"cultura, teatro y danza",castilla y leon,palencia,38808.0,882.0,4.45,4.35,4984,True
7000,ES,07,37,2025,12,paisaje urbano,espectaculos,"cultura, teatro y danza",castilla y leon,salamanca,312679.33,723.33,4.24,4.17,31972,True
7001,ES,07,47,2025,12,paisaje urbano,espectaculos,"cultura, teatro y danza",castilla y leon,valladolid,86420.33,655.0,4.14,4.06,13695,True
7002,ES,07,49,2025,12,paisaje urbano,espectaculos,"cultura, teatro y danza",castilla y leon,zamora,3380.0,65.0,4.19,4.17,5872,True
7003,ES,09,08,2025,12,paisaje urbano,espectaculos,"cultura, teatro y danza",cataluna,barcelona,381807.06,923.22,4.07,4.05,732080,True
7004,ES,09,17,2025,12,paisaje urbano,espectaculos,"cultura, teatro y danza",cataluna,girona,580.0,145.0,4.24,4.24,50915,True
7005,ES,09,25,2025,12,paisaje urbano,espectaculos,"cultura, teatro y danza",cataluna,lleida,108782.0,545.0,4.29,4.27,7171,True
7006,ES,09,43,2025,12,paisaje urbano,espectaculos,"cultura, teatro y danza",cataluna,tarragona,81012.0,942.0,4.23,4.2,53439,True
7007,ES,13,28,2025,12,paisaje urbano,espectaculos,"cultura, teatro y danza",comunidad de madrid,madrid,827544.0,539.0,4.15,4.1,458466,True
7008,ES,15,31,2025,12,paisaje urbano,espectaculos,"cultura, teatro y danza",comunidad foral de navarra,navarra,1471.0,1471.0,4.25,4.23,19680,True
7009,ES,10,03,2025,12,paisaje urbano,espectaculos,"cultura, teatro y danza",comunitat valenciana,alicante/alacant,240247.0,872.67,4.28,4.28,67888,True
7010,ES,10,12,2025,12,paisaje urbano,espectaculos,"cultura, teatro y danza",comunitat valenciana,castellon/castello,381616.0,1403.0,4.14,4.2,13212,True
7011,ES,10,46,2025,12,paisaje urbano,espectaculos,"cultura, teatro y danza",comunitat valenciana,valencia/valencia,173699.67,537.89,4.25,4.15,114505,True
7012,ES,11,06,2025,12,paisaje urbano,espectaculos,"cultura, teatro y danza",extremadura,badajoz,62580.0,2086.0,4.26,4.29,18348,True
7013,ES,11,10,2025,12,paisaje urbano,espectaculos,"cultura, teatro y danza",extremadura,caceres,25993.0,1202.0,4.31,4.33,23514,True
7014,ES,12,15,2025,12,paisaje urbano,espectaculos,"cultura, teatro y danza",galicia,a coruna,74919.0,588.0,4.26,4.21,50198,True
7015,ES,12,32,2025,12,paisaje urbano,espectaculos,"cultura, teatro y danza",galicia,ourense,57155.0,805.0,4.18,4.15,6495,True
7016,ES,12,36,2025,12,paisaje urbano,espectaculos,"cultura, teatro y danza",galicia,pontevedra,176067.0,491.5,4.07,4.17,15892,True
7017,ES,04,07,2025,12,paisaje urbano,espectaculos,"cultura, teatro y danza",illes balears,illes balears,138865.67,868.94,4.21,4.33,107418,True
7018,ES,17,26,2025,12,paisaje urbano,espectaculos,"cultura, teatro y danza",la rioja,la rioja,25981.0,755.5,4.29,4.31,11493,True
7019,ES,16,01,2025,12,paisaje urbano,espectaculos,"cultura, teatro y danza",pais vasco,araba/alava,304558.0,448.5,4.46,4.41,7811,True
7020,ES,16,48,2025,12,paisaje urbano,espectaculos,"cultura, teatro y danza",pais vasco,bizkaia,163948.25,551.25,4.38,4.31,56425,True
7021,ES,16,20,2025,12,paisaje urbano,espectaculos,"cultura, teatro y danza",pais vasco,gipuzkoa,313696.4,530.4,4.43,4.41,26949,True
7022,ES,03,33,2025,12,paisaje urbano,espectaculos,"cultura, teatro y danza",principado de asturias,asturias,5322.0,647.0,4.37,4.35,40762,True
7023,ES,14,30,2025,12,paisaje urbano,espectaculos,"cultura, teatro y danza",region de murcia,murcia,127833.67,801.67,4.32,4.2,9308,True
7024,ES,05,35,2025,12,compras,espectaculos,ferias,canarias,las palmas,1800.0,300.0,3.9,4.28,20086,True
7025,ES,04,07,2025,12,compras,espectaculos,ferias,illes balears,illes balears,27150.0,150.0,4.17,4.33,22175,True
7026,ES,03,33,2025,12,compras,espectaculos,ferias,principado de asturias,asturias,89144.0,4052.0,4.23,4.35,2445,True
7027,ES,01,21,2025,12,paisaje urbano,espectaculos,museo y exposiciones,andalucia,huelva,2254302.0,477.0,4.23,4.11,9984,True
7028,ES,08,45,2025,12,paisaje urbano,espectaculos,museo y exposiciones,castilla - la mancha,toledo,21514.0,694.0,4.19,4.18,55769,True
7029,ES,07,37,2025,12,paisaje urbano,espectaculos,museo y exposiciones,castilla y leon,salamanca,71189.0,277.0,4.24,4.17,31972,True
7030,ES,07,47,2025,12,paisaje urbano,espectaculos,museo y exposiciones,castilla y leon,valladolid,990.0,45.0,4.14,4.06,13695,True
7031,ES,09,08,2025,12,paisaje urbano,espectaculos,museo y exposiciones,cataluna,barcelona,93728.0,1616.0,4.07,4.05,732080,True
7032,ES,09,17,2025,12,paisaje urbano,espectaculos,museo y exposiciones,cataluna,girona,580.0,145.0,4.24,4.24,50915,True
7033,ES,09,43,2025,12,paisaje urbano,espectaculos,museo y exposiciones,cataluna,tarragona,240.0,80.0,4.23,4.2,53439,True
7034,ES,10,46,2025,12,paisaje urbano,espectaculos,museo y exposiciones,comunitat valenciana,valencia/valencia,1118.0,334.0,4.25,4.15,114505,True
7035,ES,04,07,2025,12,paisaje urbano,espectaculos,museo y exposiciones,illes balears,illes balears,7256.0,907.0,4.21,4.33,107418,True
7036,ES,01,04,2025,12,vida nocturna,espectaculos,musica,andalucia,almeria,821325.33,3834.67,3.72,4.19,5362,True
7037,ES,01,11,2025,12,vida nocturna,espectaculos,musica,andalucia,cadiz,687673.5,1194.5,4.08,4.26,2343,True
7038,ES,01,14,2025,12,vida nocturna,espectaculos,musica,andalucia,cordoba,2217034.0,1423.0,4.3,4.29,1908,True
7039,ES,01,18,2025,12,vida nocturna,espectaculos,musica,andalucia,granada,164185.14,1352.57,3.92,4.37,10900,True
7040,ES,01,21,2025,12,vida nocturna,espectaculos,musica,andalucia,huelva,139518.0,1011.0,4.03,4.11,1623,True
7041,ES,01,23,2025,12,vida nocturna,espectaculos,musica,andalucia,jaen,30642.2,909.8,4.0,4.33,992,True
7042,ES,01,29,2025,12,vida nocturna,espectaculos,musica,andalucia,malaga,918070.8,2802.2,4.3,4.43,56036,True
7043,ES,01,41,2025,12,vida nocturna,espectaculos,musica,andalucia,sevilla,735624.0,1325.57,4.05,4.34,39053,True
7044,ES,02,22,2025,12,vida nocturna,espectaculos,musica,aragon,huesca,243234.17,1258.5,3.85,4.25,1293,True
7045,ES,02,44,2025,12,vida nocturna,espectaculos,musica,aragon,teruel,300129.0,1326.5,4.35,4.28,950,True
7046,ES,02,50,2025,12,vida nocturna,espectaculos,musica,aragon,zaragoza,5579422.5,845.0,3.75,4.21,1614,True
7047,ES,05,35,2025,12,vida nocturna,espectaculos,musica,canarias,las palmas,366381.0,2099.0,4.24,4.28,129544,True
7048,ES,05,38,2025,12,vida nocturna,espectaculos,musica,canarias,santa cruz de tenerife,1112866.12,1489.38,4.06,4.26,62671,True
7049,ES,06,39,2025,12,vida nocturna,espectaculos,musica,cantabria,cantabria,881705.0,1265.0,4.02,4.27,5819,True
7050,ES,08,02,2025,12,vida nocturna,espectaculos,musica,castilla - la mancha,albacete,168224.0,1159.5,4.21,4.15,573,True
7051,ES,08,13,2025,12,vida nocturna,espectaculos,musica,castilla - la mancha,ciudad real,114997.5,964.5,4.17,4.29,385,True
7052,ES,08,16,2025,12,vida nocturna,espectaculos,musica,castilla - la mancha,cuenca,111405.0,1061.0,3.91,4.19,760,True
7053,ES,08,19,2025,12,vida nocturna,espectaculos,musica,castilla - la mancha,guadalajara,388258.0,1417.0,3.23,4.04,447,True
7054,ES,08,45,2025,12,vida nocturna,espectaculos,musica,castilla - la mancha,toledo,17007.0,249.0,3.99,4.18,434,True
7055,ES,07,05,2025,12,vida nocturna,espectaculos,musica,castilla y leon,avila,8749.0,1284.5,4.04,4.23,397,True
7056,ES,07,09,2025,12,vida nocturna,espectaculos,musica,castilla y leon,burgos,205815.0,781.0,3.95,4.28,970,True
7057,ES,07,24,2025,12,vida nocturna,espectaculos,musica,castilla y leon,leon,94056.5,1267.0,3.97,4.21,1480,True
7058,ES,07,34,2025,12,vida nocturna,espectaculos,musica,castilla y leon,palencia,77537.0,930.67,4.23,4.35,379,True
7059,ES,07,37,2025,12,vida nocturna,espectaculos,musica,castilla y leon,salamanca,82896.0,1256.0,3.66,4.17,3701,True
7060,ES,07,40,2025,12,vida nocturna,espectaculos,musica,castilla y leon,segovia,85043.0,1037.0,3.91,4.07,263,True
7061,ES,07,42,2025,12,vida nocturna,espectaculos,musica,castilla y leon,soria,122375.0,1540.0,4.2,3.97,154,True
7062,ES,07,47,2025,12,vida nocturna,espectaculos,musica,castilla y leon,valladolid,3199733.33,1141.67,4.01,4.06,1293,True
7063,ES,07,49,2025,12,vida nocturna,espectaculos,musica,castilla y leon,zamora,153502.0,1334.0,4.27,4.17,462,True
7064,ES,09,08,2025,12,vida nocturna,espectaculos,musica,cataluna,barcelona,1203985.51,1116.85,3.95,4.05,119743,True
7065,ES,09,17,2025,12,vida nocturna,espectaculos,musica,cataluna,girona,110217.45,947.27,3.8,4.24,12856,True
7066,ES,09,25,2025,12,vida nocturna,espectaculos,musica,cataluna,lleida,213512.25,759.0,3.84,4.27,1184,True
7067,ES,09,43,2025,12,vida nocturna,espectaculos,musica,cataluna,tarragona,240736.7,1123.1,4.1,4.2,22730,True
7068,ES,18,51,2025,12,vida nocturna,espectaculos,musica,ceuta,ceuta,78242.0,1102.0,0.0,0.0,0,False
7069,ES,13,28,2025,12,vida nocturna,espectaculos,musica,comunidad de madrid,madrid,378775.5,1495.83,3.85,4.1,100430,True
7070,ES,15,31,2025,12,vida nocturna,espectaculos,musica,comunidad foral de navarra,navarra,830071.0,1279.0,3.72,4.23,2565,True
7071,ES,10,03,2025,12,vida nocturna,espectaculos,musica,comunitat valenciana,alicante/alacant,263118.0,1999.22,4.03,4.28,84389,True
7072,ES,10,12,2025,12,vida nocturna,espectaculos,musica,comunitat valenciana,castellon/castello,427879.5,768.0,3.88,4.2,2406,True
7073,ES,10,46,2025,12,vida nocturna,espectaculos,musica,comunitat valenciana,valencia/valencia,716424.11,1248.22,3.72,4.15,9307,True
7074,ES,11,06,2025,12,vida nocturna,espectaculos,musica,extremadura,badajoz,404666.75,776.5,4.31,4.29,2109,True
7075,ES,11,10,2025,12,vida nocturna,espectaculos,musica,extremadura,caceres,29596.0,1208.0,3.95,4.33,1377,True
7076,ES,12,15,2025,12,vida nocturna,espectaculos,musica,galicia,a coruna,401796.75,1168.25,3.74,4.21,5653,True
7077,ES,12,27,2025,12,vida nocturna,espectaculos,musica,galicia,lugo,344315.0,1026.0,4.18,4.28,502,True
7078,ES,12,32,2025,12,vida nocturna,espectaculos,musica,galicia,ourense,126322.0,1289.0,3.7,4.15,660,True
7079,ES,12,36,2025,12,vida nocturna,espectaculos,musica,galicia,pontevedra,536582.0,1022.5,4.0,4.17,3092,True
7080,ES,04,07,2025,12,vida nocturna,espectaculos,musica,illes balears,illes balears,784259.6,1129.97,4.12,4.33,122452,True
7081,ES,17,26,2025,12,vida nocturna,espectaculos,musica,la rioja,la rioja,126489.0,1393.5,3.69,4.31,1866,True
7082,ES,16,01,2025,12,vida nocturna,espectaculos,musica,pais vasco,araba/alava,80797.5,787.5,3.82,4.41,1138,True
7083,ES,16,48,2025,12,vida nocturna,espectaculos,musica,pais vasco,bizkaia,780122.5,2021.33,4.21,4.31,5615,True
7084,ES,16,20,2025,12,vida nocturna,espectaculos,musica,pais vasco,gipuzkoa,246326.0,963.3,4.14,4.41,5503,True
7085,ES,03,33,2025,12,vida nocturna,espectaculos,musica,principado de asturias,asturias,117981.78,934.89,4.18,4.35,9626,True
7086,ES,14,30,2025,12,vida nocturna,espectaculos,musica,region de murcia,murcia,340338.2,1653.2,3.62,4.2,1488,True
7087,ES,01,04,2025,12,vida nocturna,espectaculos,musicales,andalucia,almeria,3651.0,1217.0,3.72,4.19,5362,True
7088,ES,01,14,2025,12,vida nocturna,espectaculos,musicales,andalucia,cordoba,500492.0,2372.0,4.3,4.29,1908,True
7089,ES,01,18,2025,12,vida nocturna,espectaculos,musicales,andalucia,granada,50700.0,484.5,3.92,4.37,10900,True
7090,ES,01,41,2025,12,vida nocturna,espectaculos,musicales,andalucia,sevilla,156414.0,786.0,4.05,4.34,39053,True
7091,ES,02,50,2025,12,vida nocturna,espectaculos,musicales,aragon,zaragoza,240.0,120.0,3.75,4.21,1614,True
7092,ES,05,35,2025,12,vida nocturna,espectaculos,musicales,canarias,las palmas,8580.0,130.0,4.24,4.28,129544,True
7093,ES,05,38,2025,12,vida nocturna,espectaculos,musicales,canarias,santa cruz de tenerife,9210.0,30.0,4.06,4.26,62671,True
7094,ES,06,39,2025,12,vida nocturna,espectaculos,musicales,cantabria,cantabria,22176.0,198.0,4.02,4.27,5819,True
7095,ES,08,02,2025,12,vida nocturna,espectaculos,musicales,castilla - la mancha,albacete,111320.0,121.0,4.21,4.15,573,True
7096,ES,08,19,2025,12,vida nocturna,espectaculos,musicales,castilla - la mancha,guadalajara,19950.0,190.0,3.23,4.04,447,True
7097,ES,07,37,2025,12,vida nocturna,espectaculos,musicales,castilla y leon,salamanca,1091904.0,2068.0,3.66,4.17,3701,True
7098,ES,07,47,2025,12,vida nocturna,espectaculos,musicales,castilla y leon,valladolid,181904.0,1188.5,4.01,4.06,1293,True
7099,ES,09,08,2025,12,vida nocturna,espectaculos,musicales,cataluna,barcelona,164160.67,862.5,3.95,4.05,119743,True
7100,ES,09,25,2025,12,vida nocturna,espectaculos,musicales,cataluna,lleida,679544.0,491.0,3.84,4.27,1184,True
7101,ES,09,43,2025,12,vida nocturna,espectaculos,musicales,cataluna,tarragona,19652.0,1156.0,4.1,4.2,22730,True
7102,ES,13,28,2025,12,vida nocturna,espectaculos,musicales,comunidad de madrid,madrid,228394.67,814.33,3.85,4.1,100430,True
7103,ES,10,03,2025,12,vida nocturna,espectaculos,musicales,comunitat valenciana,alicante/alacant,37684.5,363.5,4.03,4.28,84389,True
7104,ES,10,46,2025,12,vida nocturna,espectaculos,musicales,comunitat valenciana,valencia/valencia,65012.0,398.0,3.72,4.15,9307,True
7105,ES,11,06,2025,12,vida nocturna,espectaculos,musicales,extremadura,badajoz,62580.0,2086.0,4.31,4.29,2109,True
7106,ES,11,10,2025,12,vida nocturna,espectaculos,musicales,extremadura,caceres,40586.0,223.0,3.95,4.33,1377,True
7107,ES,12,15,2025,12,vida nocturna,espectaculos,musicales,galicia,a coruna,5217.0,705.0,3.74,4.21,5653,True
7108,ES,04,07,2025,12,vida nocturna,espectaculos,musicales,illes balears,illes balears,89180.8,736.0,4.12,4.33,122452,True
7109,ES,17,26,2025,12,vida nocturna,espectaculos,musicales,la rioja,la rioja,42462.0,1011.0,3.69,4.31,1866,True
7110,ES,16,20,2025,12,vida nocturna,espectaculos,musicales,pais vasco,gipuzkoa,122304.0,1248.0,4.14,4.41,5503,True
7111,ES,03,33,2025,12,vida nocturna,espectaculos,musicales,principado de asturias,asturias,2200.0,110.0,4.18,4.35,9626,True
7112,ES,14,30,2025,12,vida nocturna,espectaculos,musicales,region de murcia,murcia,97911.0,989.0,3.62,4.2,1488,True
