id_pais,id_provincia,provincia_nombre,mes,categoria,subcategoria,valoracion_general_promedio,total_opiniones_categoria_promedio,precio_medio_entrada_promedio,gasto_total_promedio
ES,04,almería,1,paisaje naturaleza,actividades infantiles,4.19,23376,87.50,4123.00
ES,11,cádiz,1,paisaje naturaleza,actividades infantiles,4.26,12350,2151.75,95390.25
ES,14,córdoba,1,paisaje naturaleza,actividades infantiles,4.29,3767,1044.50,147685.50
ES,18,granada,1,paisaje naturaleza,actividades infantiles,4.37,18492,601.67,67115.00
ES,21,huelva,1,paisaje naturaleza,actividades infantiles,4.11,8396,499.00,25675.00
ES,23,jaén,1,paisaje naturaleza,actividades infantiles,4.33,4366,300.00,1500.00
ES,29,málaga,1,paisaje naturaleza,actividades infantiles,4.43,109648,617.60,345834.80
ES,41,sevilla,1,paisaje naturaleza,actividades infantiles,4.34,21476,1086.40,412405.20
ES,50,zaragoza,1,paisaje naturaleza,actividades infantiles,4.21,5888,875.00,1008945.00
ES,35,las palmas,1,paisaje naturaleza,actividades infantiles,4.28,200378,726.50,7527.00
ES,38,santa cruz de tenerife,1,paisaje naturaleza,actividades infantiles,4.26,190067,381.00,16951.83
ES,39,cantabria,1,paisaje naturaleza,actividades infantiles,4.27,37946,385.33,114348.67
ES,02,albacete,1,paisaje naturaleza,actividades infantiles,4.15,3169,905.00,378724.25
ES,45,toledo,1,paisaje naturaleza,actividades infantiles,4.18,1715,830.20,34538.40
ES,05,ávila,1,paisaje naturaleza,actividades infantiles,4.23,1874,758.00,9854.00
ES,24,león,1,paisaje naturaleza,actividades infantiles,4.21,4506,160.00,1480.00
ES,37,salamanca,1,paisaje naturaleza,actividades infantiles,4.17,3319,1076.00,31230.00
ES,42,soria,1,paisaje naturaleza,actividades infantiles,3.97,2792,137.00,1096.00
ES,47,valladolid,1,paisaje naturaleza,actividades infantiles,4.06,8696,608.83,327647.83
ES,49,zamora,1,paisaje naturaleza,actividades infantiles,4.17,2116,209.00,22154.00
ES,08,barcelona,1,paisaje naturaleza,actividades infantiles,4.05,200444,1387.60,393012.73
ES,17,girona,1,paisaje naturaleza,actividades infantiles,4.24,61683,769.88,23614.12
ES,43,tarragona,1,paisaje naturaleza,actividades infantiles,4.20,33701,1608.20,57344.20
ES,28,madrid,1,paisaje naturaleza,actividades infantiles,4.10,121795,1007.73,117634.27
ES,31,navarra,1,paisaje naturaleza,actividades infantiles,4.23,7007,3143.50,3953396.00
ES,03,alicante/alacant,1,paisaje naturaleza,actividades infantiles,4.28,82424,1438.50,154905.75
ES,46,valencia/valència,1,paisaje naturaleza,actividades infantiles,4.15,90776,995.50,1660805.75
ES,06,badajoz,1,paisaje naturaleza,actividades infantiles,4.29,1116,153.33,20337.33
ES,10,cáceres,1,paisaje naturaleza,actividades infantiles,4.33,5814,819.25,82452.50
ES,15,a coruña,1,paisaje naturaleza,actividades infantiles,4.21,18974,480.33,71495.33
ES,27,lugo,1,paisaje naturaleza,actividades infantiles,4.28,8089,1633.00,9798.00
ES,36,pontevedra,1,paisaje naturaleza,actividades infantiles,4.17,15699,571.00,3997.00
ES,07,illes balears,1,paisaje naturaleza,actividades infantiles,4.33,203636,1108.47,131874.95
ES,26,la rioja,1,paisaje naturaleza,actividades infantiles,4.31,18300,1571.00,43988.00
ES,01,araba/álava,1,paisaje naturaleza,actividades infantiles,4.41,11468,346.83,28121.00
ES,48,bizkaia,1,paisaje naturaleza,actividades infantiles,4.31,7925,1564.00,331360.50
ES,20,gipuzkoa,1,paisaje naturaleza,actividades infantiles,4.41,26976,837.00,99477.00
ES,33,asturias,1,paisaje naturaleza,actividades infantiles,4.35,44006,880.00,28403.25
ES,30,murcia,1,paisaje naturaleza,actividades infantiles,4.20,2633,1347.50,84288.00
ES,11,cádiz,1,servicios,cursos,4.26,39,487.50,1090.00
ES,29,málaga,1,servicios,cursos,4.43,51898,1159.50,18894.00
ES,41,sevilla,1,servicios,cursos,4.34,4859,554.00,23822.00
ES,50,zaragoza,1,servicios,cursos,4.21,61,2082.50,15294.50
ES,35,las palmas,1,servicios,cursos,4.28,2863,1000.00,2000.00
ES,38,santa cruz de tenerife,1,servicios,cursos,4.26,3753,1077.33,8361.33
ES,39,cantabria,1,servicios,cursos,4.27,4877,1300.00,7800.00
ES,45,toledo,1,servicios,cursos,4.18,29,310.00,620.00
ES,47,valladolid,1,servicios,cursos,4.06,292,1836.50,58715.50
ES,08,barcelona,1,servicios,cursos,4.05,159935,3649.00,241686.20
ES,17,girona,1,servicios,cursos,4.24,1146,150.00,150.00
ES,43,tarragona,1,servicios,cursos,4.20,9269,1000.00,1000.00
ES,28,madrid,1,servicios,cursos,4.10,42370,2729.88,389655.62
ES,03,alicante/alacant,1,servicios,cursos,4.28,29657,1328.67,6958.00
ES,46,valencia/valència,1,servicios,cursos,4.15,7124,3675.00,3675.00
ES,06,badajoz,1,servicios,cursos,0.00,0,709.00,109895.00
ES,10,cáceres,1,servicios,cursos,4.33,60,662.50,2562.50
ES,15,a coruña,1,servicios,cursos,4.21,605,1167.00,2334.00
ES,36,pontevedra,1,servicios,cursos,4.17,1424,990.00,1980.00
ES,07,illes balears,1,servicios,cursos,4.33,46354,2311.83,411723.33
ES,26,la rioja,1,servicios,cursos,4.31,10,550.00,14300.00
ES,48,bizkaia,1,servicios,cursos,4.31,13509,6745.00,519365.00
ES,20,gipuzkoa,1,servicios,cursos,4.41,140,251.00,5065.00
ES,33,asturias,1,servicios,cursos,4.35,2389,2300.00,23000.00
ES,30,murcia,1,servicios,cursos,4.20,6,4804.25,414206.75
ES,04,almería,1,paisaje naturaleza,deportes y aventuras,4.19,23376,149.50,968.00
ES,11,cádiz,1,paisaje naturaleza,deportes y aventuras,4.26,12350,1388.00,122144.00
ES,41,sevilla,1,paisaje naturaleza,deportes y aventuras,4.34,21476,504.33,67877.00
ES,50,zaragoza,1,paisaje naturaleza,deportes y aventuras,4.21,5888,886.50,45565.00
ES,35,las palmas,1,paisaje naturaleza,deportes y aventuras,4.28,200378,455.50,12013.50
ES,38,santa cruz de tenerife,1,paisaje naturaleza,deportes y aventuras,4.26,190067,868.00,349457.33
ES,19,guadalajara,1,paisaje naturaleza,deportes y aventuras,4.04,1303,1278.00,23004.00
ES,37,salamanca,1,paisaje naturaleza,deportes y aventuras,4.17,3319,493.00,14297.00
ES,08,barcelona,1,paisaje naturaleza,deportes y aventuras,4.05,200444,1244.89,61181.56
ES,28,madrid,1,paisaje naturaleza,deportes y aventuras,4.10,121795,384.25,39367.00
ES,31,navarra,1,paisaje naturaleza,deportes y aventuras,4.23,7007,60.00,2580.00
ES,03,alicante/alacant,1,paisaje naturaleza,deportes y aventuras,4.28,82424,340.00,2990.00
ES,06,badajoz,1,paisaje naturaleza,deportes y aventuras,4.29,1116,234.33,7705.67
ES,10,cáceres,1,paisaje naturaleza,deportes y aventuras,4.33,5814,553.50,127251.00
ES,01,araba/álava,1,paisaje naturaleza,deportes y aventuras,4.41,11468,712.50,10487.50
ES,48,bizkaia,1,paisaje naturaleza,deportes y aventuras,4.31,7925,1856.00,3712.00
ES,20,gipuzkoa,1,paisaje naturaleza,deportes y aventuras,4.41,26976,3107.00,2976506.00
ES,33,asturias,1,paisaje naturaleza,deportes y aventuras,4.35,44006,9332.00,18664.00
ES,30,murcia,1,paisaje naturaleza,deportes y aventuras,4.20,2633,152.50,6847.50
ES,04,almería,1,vida nocturna,cine,4.19,5362,615.00,1722.00
ES,18,granada,1,vida nocturna,cine,4.37,10900,538.00,7263.00
ES,29,málaga,1,vida nocturna,cine,4.43,56036,1584.00,512185.50
ES,41,sevilla,1,vida nocturna,cine,4.34,39053,483.00,58201.50
ES,50,zaragoza,1,vida nocturna,cine,4.21,1614,405.75,15531.75
ES,38,santa cruz de tenerife,1,vida nocturna,cine,4.26,62671,546.50,5095.50
ES,02,albacete,1,vida nocturna,cine,4.15,573,729.00,168777.50
ES,16,cuenca,1,vida nocturna,cine,4.19,760,49.00,49.00
ES,45,toledo,1,vida nocturna,cine,4.18,434,588.00,2352.00
ES,47,valladolid,1,vida nocturna,cine,4.06,1293,615.00,12915.00
ES,08,barcelona,1,vida nocturna,cine,4.05,119743,617.00,57537.75
ES,17,girona,1,vida nocturna,cine,4.24,12856,197.33,3335.33
ES,28,madrid,1,vida nocturna,cine,4.10,100430,1094.00,247428.00
ES,03,alicante/alacant,1,vida nocturna,cine,4.28,84389,674.25,95455.38
ES,46,valencia/valència,1,vida nocturna,cine,4.15,9307,115.00,19205.00
ES,15,a coruña,1,vida nocturna,cine,4.21,5653,1989.50,10172.50
ES,07,illes balears,1,vida nocturna,cine,4.33,122452,323.60,9830.80
ES,20,gipuzkoa,1,vida nocturna,cine,4.41,5503,360.67,45466.67
ES,30,murcia,1,vida nocturna,cine,4.20,1488,350.00,1400.00
ES,14,córdoba,1,otros,conferencias,4.29,478,200.00,57600.00
ES,29,málaga,1,otros,conferencias,4.43,1156,660.00,17820.00
ES,50,zaragoza,1,otros,conferencias,4.21,158,400.00,4800.00
ES,47,valladolid,1,otros,conferencias,4.06,83,526.00,45236.00
ES,08,barcelona,1,otros,conferencias,4.05,2019,438.00,44676.00
ES,43,tarragona,1,otros,conferencias,4.20,1769,3708.00,24102.00
ES,28,madrid,1,otros,conferencias,4.10,1624,5153.33,805701.00
ES,31,navarra,1,otros,conferencias,4.23,500,4398.00,985152.00
ES,03,alicante/alacant,1,otros,conferencias,4.28,392,502.00,6310.00
ES,15,a coruña,1,otros,conferencias,4.21,200,2714.00,23069.00
ES,07,illes balears,1,otros,conferencias,4.33,296,3015.33,164579.33
ES,48,bizkaia,1,otros,conferencias,4.31,794,50.00,2300.00
ES,04,almería,1,paisaje urbano,"cultura, teatro y danza",4.19,14318,1133.00,272842.00
ES,11,cádiz,1,paisaje urbano,"cultura, teatro y danza",4.26,8809,1824.14,58962.86
ES,14,córdoba,1,paisaje urbano,"cultura, teatro y danza",4.29,93962,916.33,83273.00
ES,18,granada,1,paisaje urbano,"cultura, teatro y danza",4.37,153042,958.40,355540.00
ES,21,huelva,1,paisaje urbano,"cultura, teatro y danza",4.11,9984,499.00,25675.00
ES,23,jaén,1,paisaje urbano,"cultura, teatro y danza",4.33,16236,981.00,1962.00
ES,29,málaga,1,paisaje urbano,"cultura, teatro y danza",4.43,158253,910.60,396290.90
ES,41,sevilla,1,paisaje urbano,"cultura, teatro y danza",4.34,218279,2330.25,1957742.75
ES,22,huesca,1,paisaje urbano,"cultura, teatro y danza",4.25,10916,520.67,42852.67
ES,50,zaragoza,1,paisaje urbano,"cultura, teatro y danza",4.21,41352,974.14,289445.43
ES,35,las palmas,1,paisaje urbano,"cultura, teatro y danza",4.28,51395,896.75,524463.44
ES,38,santa cruz de tenerife,1,paisaje urbano,"cultura, teatro y danza",4.26,66584,1024.50,302891.64
ES,39,cantabria,1,paisaje urbano,"cultura, teatro y danza",4.27,27507,1139.00,252073.00
ES,02,albacete,1,paisaje urbano,"cultura, teatro y danza",4.15,3663,674.83,156075.83
ES,13,ciudad real,1,paisaje urbano,"cultura, teatro y danza",4.29,7266,670.33,6287.33
ES,16,cuenca,1,paisaje urbano,"cultura, teatro y danza",4.19,13771,1038.50,58430.00
ES,45,toledo,1,paisaje urbano,"cultura, teatro y danza",4.18,55769,546.60,62881.40
ES,05,ávila,1,paisaje urbano,"cultura, teatro y danza",4.23,13407,50.00,350.00
ES,09,burgos,1,paisaje urbano,"cultura, teatro y danza",4.28,19776,65.00,325.00
ES,24,león,1,paisaje urbano,"cultura, teatro y danza",4.21,19169,275.00,10725.00
ES,37,salamanca,1,paisaje urbano,"cultura, teatro y danza",4.17,31972,587.40,183509.00
ES,42,soria,1,paisaje urbano,"cultura, teatro y danza",3.97,6300,165.00,7920.00
ES,47,valladolid,1,paisaje urbano,"cultura, teatro y danza",4.06,13695,904.70,185135.10
ES,49,zamora,1,paisaje urbano,"cultura, teatro y danza",4.17,5872,473.50,15708.00
ES,08,barcelona,1,paisaje urbano,"cultura, teatro y danza",4.05,732080,861.71,757733.00
ES,17,girona,1,paisaje urbano,"cultura, teatro y danza",4.24,50915,284.29,11818.29
ES,25,lleida,1,paisaje urbano,"cultura, teatro y danza",4.27,7171,492.00,3198.00
ES,43,tarragona,1,paisaje urbano,"cultura, teatro y danza",4.20,53439,1035.44,499698.44
ES,51,ceuta,1,paisaje urbano,"cultura, teatro y danza",0.00,0,2053.00,250466.00
ES,28,madrid,1,paisaje urbano,"cultura, teatro y danza",4.10,458466,645.55,1006943.09
ES,31,navarra,1,paisaje urbano,"cultura, teatro y danza",4.23,19680,757.50,44421.00
ES,03,alicante/alacant,1,paisaje urbano,"cultura, teatro y danza",4.28,67888,869.08,194916.25
ES,12,castellón/castelló,1,paisaje urbano,"cultura, teatro y danza",4.20,13212,30.00,720.00
ES,46,valencia/valència,1,paisaje urbano,"cultura, teatro y danza",4.15,114505,1157.43,349713.43
ES,06,badajoz,1,paisaje urbano,"cultura, teatro y danza",4.29,18348,717.67,248707.00
ES,10,cáceres,1,paisaje urbano,"cultura, teatro y danza",4.33,23514,1025.00,55348.80
ES,15,a coruña,1,paisaje urbano,"cultura, teatro y danza",4.21,50198,568.00,100019.50
ES,27,lugo,1,paisaje urbano,"cultura, teatro y danza",4.28,8872,1633.00,9798.00
ES,32,ourense,1,paisaje urbano,"cultura, teatro y danza",4.15,6495,220.00,660.00
ES,36,pontevedra,1,paisaje urbano,"cultura, teatro y danza",4.17,15892,420.50,129286.50
ES,07,illes balears,1,paisaje urbano,"cultura, teatro y danza",4.33,107418,761.17,166908.97
ES,26,la rioja,1,paisaje urbano,"cultura, teatro y danza",4.31,11493,758.33,316613.67
ES,01,araba/álava,1,paisaje urbano,"cultura, teatro y danza",4.41,7811,526.17,81579.50
ES,48,bizkaia,1,paisaje urbano,"cultura, teatro y danza",4.31,56425,1194.14,250402.71
ES,20,gipuzkoa,1,paisaje urbano,"cultura, teatro y danza",4.41,26949,637.00,191089.40
ES,33,asturias,1,paisaje urbano,"cultura, teatro y danza",4.35,40762,972.25,49605.00
ES,30,murcia,1,paisaje urbano,"cultura, teatro y danza",4.20,9308,786.20,170397.00
ES,28,madrid,1,compras,ferias,4.10,89796,2564.00,299988.00
ES,03,alicante/alacant,1,compras,ferias,4.28,12577,904.00,4520.00
ES,07,illes balears,1,compras,ferias,4.33,22175,1916.00,387032.00
ES,48,bizkaia,1,compras,ferias,4.31,694,50.00,2300.00
ES,21,huelva,1,paisaje urbano,museo y exposiciones,4.11,9984,499.00,25675.00
ES,41,sevilla,1,paisaje urbano,museo y exposiciones,4.34,218279,902.75,61913.75
ES,02,albacete,1,paisaje urbano,museo y exposiciones,4.15,3663,709.00,9926.00
ES,45,toledo,1,paisaje urbano,museo y exposiciones,4.18,55769,677.00,50307.00
ES,08,barcelona,1,paisaje urbano,museo y exposiciones,4.05,732080,1336.50,77149.00
ES,43,tarragona,1,paisaje urbano,museo y exposiciones,4.20,53439,1940.50,47249.50
ES,28,madrid,1,paisaje urbano,museo y exposiciones,4.10,458466,917.50,14897.50
ES,46,valencia/valència,1,paisaje urbano,museo y exposiciones,4.15,114505,690.33,11618.33
ES,07,illes balears,1,paisaje urbano,museo y exposiciones,4.33,107418,1071.00,16065.00
ES,48,bizkaia,1,paisaje urbano,museo y exposiciones,4.31,56425,1020.00,208108.50
ES,04,almería,1,vida nocturna,musica,4.19,5362,1628.00,288480.00
ES,11,cádiz,1,vida nocturna,musica,4.26,2343,1057.58,206606.33
ES,14,córdoba,1,vida nocturna,musica,4.29,1908,910.50,280517.50
ES,18,granada,1,vida nocturna,musica,4.37,10900,996.38,549542.69
ES,21,huelva,1,vida nocturna,musica,4.11,1623,112.50,2162.50
ES,23,jaén,1,vida nocturna,musica,4.33,992,754.00,68462.00
ES,29,málaga,1,vida nocturna,musica,4.43,56036,1414.33,344005.42
ES,41,sevilla,1,vida nocturna,musica,4.34,39053,1095.25,522661.42
ES,22,huesca,1,vida nocturna,musica,4.25,1293,1252.25,132962.25
ES,44,teruel,1,vida nocturna,musica,4.28,950,861.00,179237.67
ES,50,zaragoza,1,vida nocturna,musica,4.21,1614,1179.40,2052648.60
ES,35,las palmas,1,vida nocturna,musica,4.28,129544,1551.30,639314.80
ES,38,santa cruz de tenerife,1,vida nocturna,musica,4.26,62671,1048.42,259213.00
ES,39,cantabria,1,vida nocturna,musica,4.27,5819,926.40,58279.40
ES,02,albacete,1,vida nocturna,musica,4.15,573,3071.00,279026.60
ES,13,ciudad real,1,vida nocturna,musica,4.29,385,1088.57,70340.86
ES,16,cuenca,1,vida nocturna,musica,4.19,760,1288.00,53463.00
ES,19,guadalajara,1,vida nocturna,musica,4.04,447,1503.50,578651.50
ES,45,toledo,1,vida nocturna,musica,4.18,434,2657.88,164407.62
ES,05,ávila,1,vida nocturna,musica,4.23,397,1255.50,88451.50
ES,09,burgos,1,vida nocturna,musica,4.28,970,1460.00,492040.67
ES,24,león,1,vida nocturna,musica,4.21,1480,1027.29,148182.71
ES,34,palencia,1,vida nocturna,musica,4.35,379,1174.50,357538.00
ES,37,salamanca,1,vida nocturna,musica,4.17,3701,993.50,281465.25
ES,40,segovia,1,vida nocturna,musica,4.07,263,1373.00,171800.80
ES,42,soria,1,vida nocturna,musica,3.97,154,745.00,119153.20
ES,47,valladolid,1,vida nocturna,musica,4.06,1293,1285.60,718457.00
ES,49,zamora,1,vida nocturna,musica,4.17,462,1573.25,392858.25
ES,08,barcelona,1,vida nocturna,musica,4.05,119743,1308.13,1062439.95
ES,17,girona,1,vida nocturna,musica,4.24,12856,3296.09,145307.36
ES,25,lleida,1,vida nocturna,musica,4.27,1184,1002.42,293104.42
ES,43,tarragona,1,vida nocturna,musica,4.20,22730,1570.25,149366.67
ES,28,madrid,1,vida nocturna,musica,4.10,100430,1235.79,3553172.24
ES,31,navarra,1,vida nocturna,musica,4.23,2565,1951.90,2401729.70
ES,03,alicante/alacant,1,vida nocturna,musica,4.28,84389,1129.23,309179.63
ES,12,castellón/castelló,1,vida nocturna,musica,4.20,2406,1122.00,278046.00
ES,46,valencia/valència,1,vida nocturna,musica,4.15,9307,1397.38,952839.77
ES,06,badajoz,1,vida nocturna,musica,4.29,2109,1319.17,112568.67
ES,10,cáceres,1,vida nocturna,musica,4.33,1377,938.75,32223.25
ES,15,a coruña,1,vida nocturna,musica,4.21,5653,1346.67,195695.42
ES,27,lugo,1,vida nocturna,musica,4.28,502,923.00,46891.00
ES,32,ourense,1,vida nocturna,musica,4.15,660,1249.00,203944.00
ES,36,pontevedra,1,vida nocturna,musica,4.17,3092,783.60,150617.80
ES,07,illes balears,1,vida nocturna,musica,4.33,122452,1258.16,646636.37
ES,26,la rioja,1,vida nocturna,musica,4.31,1866,1718.33,117063.50
ES,01,araba/álava,1,vida nocturna,musica,4.41,1138,596.33,148574.33
ES,48,bizkaia,1,vida nocturna,musica,4.31,5615,962.64,390844.86
ES,20,gipuzkoa,1,vida nocturna,musica,4.41,5503,867.24,286341.82
ES,33,asturias,1,vida nocturna,musica,4.35,9626,1355.00,411740.30
ES,30,murcia,1,vida nocturna,musica,4.20,1488,782.25,976112.88
ES,04,almería,1,vida nocturna,musicales,4.19,5362,490.33,13815.00
ES,11,cádiz,1,vida nocturna,musicales,4.26,2343,1529.00,169719.00
ES,14,córdoba,1,vida nocturna,musicales,4.29,1908,1969.00,1195183.00
ES,18,granada,1,vida nocturna,musicales,4.37,10900,1251.50,57872.00
ES,29,málaga,1,vida nocturna,musicales,4.43,56036,442.67,97753.33
ES,41,sevilla,1,vida nocturna,musicales,4.34,39053,962.00,99996.50
ES,50,zaragoza,1,vida nocturna,musicales,4.21,1614,903.50,465309.00
ES,35,las palmas,1,vida nocturna,musicales,4.28,129544,568.00,128503.20
ES,38,santa cruz de tenerife,1,vida nocturna,musicales,4.26,62671,659.50,66763.33
ES,39,cantabria,1,vida nocturna,musicales,4.27,5819,220.00,4400.00
ES,02,albacete,1,vida nocturna,musicales,4.15,573,1533.50,999807.00
ES,45,toledo,1,vida nocturna,musicales,4.18,434,50.00,200.00
ES,24,león,1,vida nocturna,musicales,4.21,1480,275.00,10725.00
ES,37,salamanca,1,vida nocturna,musicales,4.17,3701,1838.00,466546.00
ES,47,valladolid,1,vida nocturna,musicales,4.06,1293,870.50,176380.00
ES,08,barcelona,1,vida nocturna,musicales,4.05,119743,748.00,410269.25
ES,17,girona,1,vida nocturna,musicales,4.24,12856,427.33,24427.33
ES,25,lleida,1,vida nocturna,musicales,4.27,1184,492.00,3198.00
ES,28,madrid,1,vida nocturna,musicales,4.10,100430,504.71,213426.29
ES,31,navarra,1,vida nocturna,musicales,4.23,2565,1409.00,87358.00
ES,03,alicante/alacant,1,vida nocturna,musicales,4.28,84389,785.60,333239.20
ES,46,valencia/valència,1,vida nocturna,musicales,4.15,9307,1021.67,635490.33
ES,06,badajoz,1,vida nocturna,musicales,4.29,2109,1054.00,372445.50
ES,10,cáceres,1,vida nocturna,musicales,4.33,1377,1500.00,216526.25
ES,15,a coruña,1,vida nocturna,musicales,4.21,5653,722.00,28158.00
ES,32,ourense,1,vida nocturna,musicales,4.15,660,220.00,660.00
ES,36,pontevedra,1,vida nocturna,musicales,4.17,3092,501.50,2970.50
ES,07,illes balears,1,vida nocturna,musicales,4.33,122452,1062.40,113430.40
ES,26,la rioja,1,vida nocturna,musicales,4.31,1866,1571.00,43988.00
ES,33,asturias,1,vida nocturna,musicales,4.35,9626,994.50,30565.50
ES,30,murcia,1,vida nocturna,musicales,4.20,1488,789.25,95856.25
ES,04,almería,2,paisaje naturaleza,actividades infantiles,4.19,23376,1296.50,18230.50
ES,11,cádiz,2,paisaje naturaleza,actividades infantiles,4.26,12350,2023.33,188341.00
ES,14,córdoba,2,paisaje naturaleza,actividades infantiles,4.29,3767,603.00,28638.00
ES,18,granada,2,paisaje naturaleza,actividades infantiles,4.37,18492,1626.40,124786.80
ES,23,jaén,2,paisaje naturaleza,actividades infantiles,4.33,4366,270.00,540.00
ES,29,málaga,2,paisaje naturaleza,actividades infantiles,4.43,109648,568.57,45372.43
ES,41,sevilla,2,paisaje naturaleza,actividades infantiles,4.34,21476,1474.40,37816.80
ES,22,huesca,2,paisaje naturaleza,actividades infantiles,4.25,17445,394.00,55554.00
ES,50,zaragoza,2,paisaje naturaleza,actividades infantiles,4.21,5888,775.00,1390040.00
ES,35,las palmas,2,paisaje naturaleza,actividades infantiles,4.28,200378,134.00,5904.29
ES,38,santa cruz de tenerife,2,paisaje naturaleza,actividades infantiles,4.26,190067,325.40,22234.80
ES,39,cantabria,2,paisaje naturaleza,actividades infantiles,4.27,37946,251.67,9124.67
ES,02,albacete,2,paisaje naturaleza,actividades infantiles,4.15,3169,444.00,115640.00
ES,45,toledo,2,paisaje naturaleza,actividades infantiles,4.18,1715,1674.75,52445.50
ES,05,ávila,2,paisaje naturaleza,actividades infantiles,4.23,1874,1012.00,23276.00
ES,24,león,2,paisaje naturaleza,actividades infantiles,4.21,4506,1565.00,23866.00
ES,37,salamanca,2,paisaje naturaleza,actividades infantiles,4.17,3319,1959.00,25467.00
ES,42,soria,2,paisaje naturaleza,actividades infantiles,3.97,2792,1391.00,70941.00
ES,47,valladolid,2,paisaje naturaleza,actividades infantiles,4.06,8696,680.40,1435008.60
ES,49,zamora,2,paisaje naturaleza,actividades infantiles,4.17,2116,247.00,55081.00
ES,08,barcelona,2,paisaje naturaleza,actividades infantiles,4.05,200444,1600.45,328391.25
ES,17,girona,2,paisaje naturaleza,actividades infantiles,4.24,61683,397.71,9543.86
ES,43,tarragona,2,paisaje naturaleza,actividades infantiles,4.20,33701,1939.75,361829.00
ES,28,madrid,2,paisaje naturaleza,actividades infantiles,4.10,121795,746.22,148559.44
ES,31,navarra,2,paisaje naturaleza,actividades infantiles,4.23,7007,3168.50,1729619.50
ES,03,alicante/alacant,2,paisaje naturaleza,actividades infantiles,4.28,82424,895.25,13989.00
ES,46,valencia/valència,2,paisaje naturaleza,actividades infantiles,4.15,90776,688.67,582096.00
ES,06,badajoz,2,paisaje naturaleza,actividades infantiles,4.29,1116,401.67,18399.67
ES,10,cáceres,2,paisaje naturaleza,actividades infantiles,4.33,5814,803.50,105374.75
ES,15,a coruña,2,paisaje naturaleza,actividades infantiles,4.21,18974,663.00,9957.75
ES,27,lugo,2,paisaje naturaleza,actividades infantiles,4.28,8089,890.00,160290.00
ES,07,illes balears,2,paisaje naturaleza,actividades infantiles,4.33,203636,979.80,104006.30
ES,01,araba/álava,2,paisaje naturaleza,actividades infantiles,4.41,11468,315.40,7611.80
ES,48,bizkaia,2,paisaje naturaleza,actividades infantiles,4.31,7925,4085.83,298609.50
ES,20,gipuzkoa,2,paisaje naturaleza,actividades infantiles,4.41,26976,246.25,23771.25
ES,33,asturias,2,paisaje naturaleza,actividades infantiles,4.35,44006,1065.00,26799.00
ES,30,murcia,2,paisaje naturaleza,actividades infantiles,4.20,2633,448.00,19267.50
ES,11,cádiz,2,servicios,cursos,4.26,39,638.50,9447.50
ES,29,málaga,2,servicios,cursos,4.43,51898,1309.67,21325.67
ES,41,sevilla,2,servicios,cursos,4.34,4859,125.00,1100.00
ES,50,zaragoza,2,servicios,cursos,4.21,61,2947.00,2947.00
ES,35,las palmas,2,servicios,cursos,4.28,2863,684.33,6226.00
ES,38,santa cruz de tenerife,2,servicios,cursos,4.26,3753,3513.67,9841.67
ES,39,cantabria,2,servicios,cursos,4.27,4877,1300.00,2600.00
ES,47,valladolid,2,servicios,cursos,4.06,292,415.00,6885.00
ES,08,barcelona,2,servicios,cursos,4.05,159935,1429.56,137072.00
ES,17,girona,2,servicios,cursos,4.24,1146,1580.33,31073.67
ES,28,madrid,2,servicios,cursos,4.10,42370,3190.50,233708.50
ES,29,málaga,3,servicios,cursos,4.43,51898,6930.00,570699.00
ES,03,alicante/alacant,2,servicios,cursos,4.28,29657,8979.50,190297.00
ES,46,valencia/valència,2,servicios,cursos,4.15,7124,210.00,420.00
ES,15,a coruña,2,servicios,cursos,4.21,605,152.00,3192.00
ES,36,pontevedra,2,servicios,cursos,4.17,1424,1030.00,1030.00
ES,07,illes balears,2,servicios,cursos,4.33,46354,6330.67,1012464.67
ES,48,bizkaia,2,servicios,cursos,4.31,13509,3609.00,18270.00
ES,20,gipuzkoa,2,servicios,cursos,4.41,140,908.00,6814.00
ES,33,asturias,2,servicios,cursos,4.35,2389,10889.50,150178.00
ES,30,murcia,2,servicios,cursos,4.20,6,4614.75,312953.50
ES,11,cádiz,2,paisaje naturaleza,deportes y aventuras,4.26,12350,1595.00,4466.00
ES,29,málaga,2,paisaje naturaleza,deportes y aventuras,4.43,109648,2134.00,7469.00
ES,41,sevilla,2,paisaje naturaleza,deportes y aventuras,4.34,21476,524.33,11848.00
ES,50,zaragoza,2,paisaje naturaleza,deportes y aventuras,4.21,5888,1781.00,314616.50
ES,35,las palmas,2,paisaje naturaleza,deportes y aventuras,4.28,200378,373.67,3686.00
ES,38,santa cruz de tenerife,2,paisaje naturaleza,deportes y aventuras,4.26,190067,688.50,2065.50
ES,19,guadalajara,2,paisaje naturaleza,deportes y aventuras,4.04,1303,1102.50,15552.50
ES,37,salamanca,2,paisaje naturaleza,deportes y aventuras,4.17,3319,40.00,880.00
ES,08,barcelona,2,paisaje naturaleza,deportes y aventuras,4.05,200444,1513.09,178936.00
ES,17,girona,2,paisaje naturaleza,deportes y aventuras,4.24,61683,307.00,13201.00
ES,28,madrid,2,paisaje naturaleza,deportes y aventuras,4.10,121795,789.25,683789.00
ES,31,navarra,2,paisaje naturaleza,deportes y aventuras,4.23,7007,348.00,122496.00
ES,03,alicante/alacant,2,paisaje naturaleza,deportes y aventuras,4.28,82424,2947.40,55070.00
ES,46,valencia/valència,2,paisaje naturaleza,deportes y aventuras,4.15,90776,74.50,2457.00
ES,06,badajoz,2,paisaje naturaleza,deportes y aventuras,4.29,1116,187.50,3468.75
ES,10,cáceres,2,paisaje naturaleza,deportes y aventuras,4.33,5814,1067.50,118174.00
ES,15,a coruña,2,paisaje naturaleza,deportes y aventuras,4.21,18974,1008.00,2520.00
ES,07,illes balears,2,paisaje naturaleza,deportes y aventuras,4.33,203636,1495.50,5086.50
ES,01,araba/álava,2,paisaje naturaleza,deportes y aventuras,4.41,11468,30.00,270.00
ES,48,bizkaia,2,paisaje naturaleza,deportes y aventuras,4.31,7925,1714.00,99446.50
ES,33,asturias,2,paisaje naturaleza,deportes y aventuras,4.35,44006,9332.00,9332.00
ES,30,murcia,2,paisaje naturaleza,deportes y aventuras,4.20,2633,1342.00,168597.00
ES,04,almería,2,vida nocturna,cine,4.19,5362,593.00,18976.00
ES,29,málaga,2,vida nocturna,cine,4.43,56036,1861.00,783481.00
ES,41,sevilla,2,vida nocturna,cine,4.34,39053,478.50,106738.50
ES,22,huesca,2,vida nocturna,cine,4.25,1293,995.00,117238.00
ES,50,zaragoza,2,vida nocturna,cine,4.21,1614,318.75,9671.25
ES,41,sevilla,3,servicios,cursos,4.34,4859,5891.00,126850.00
ES,38,santa cruz de tenerife,2,vida nocturna,cine,4.26,62671,545.00,5995.00
ES,02,albacete,2,vida nocturna,cine,4.15,573,66.00,244.00
ES,16,cuenca,2,vida nocturna,cine,4.19,760,49.00,2793.00
ES,47,valladolid,2,vida nocturna,cine,4.06,1293,615.00,3075.00
ES,08,barcelona,2,vida nocturna,cine,4.05,119743,469.75,97545.50
ES,17,girona,2,vida nocturna,cine,4.24,12856,330.67,3892.67
ES,25,lleida,2,vida nocturna,cine,4.27,1184,200.00,1600.00
ES,28,madrid,2,vida nocturna,cine,4.10,100430,1438.00,253613.50
ES,03,alicante/alacant,2,vida nocturna,cine,4.28,84389,529.50,112479.17
ES,15,a coruña,2,vida nocturna,cine,4.21,5653,50.00,350.00
ES,07,illes balears,2,vida nocturna,cine,4.33,122452,470.62,34701.12
ES,01,araba/álava,2,vida nocturna,cine,4.41,1138,45.00,1440.00
ES,48,bizkaia,2,vida nocturna,cine,4.31,5615,50.00,1450.00
ES,20,gipuzkoa,2,vida nocturna,cine,4.41,5503,307.62,24692.62
ES,30,murcia,2,vida nocturna,cine,4.20,1488,666.00,178334.00
ES,14,córdoba,2,otros,conferencias,4.29,478,200.00,12400.00
ES,18,granada,2,otros,conferencias,4.37,161,3922.00,223554.00
ES,29,málaga,2,otros,conferencias,4.43,1156,3833.00,72827.00
ES,24,león,2,otros,conferencias,4.21,146,5392.00,307344.00
ES,37,salamanca,2,otros,conferencias,4.17,760,1536.00,35328.00
ES,47,valladolid,2,otros,conferencias,4.06,83,1488.00,51733.50
ES,08,barcelona,2,otros,conferencias,4.05,2019,284.33,2234.33
ES,25,lleida,2,otros,conferencias,4.27,79,280.00,280.00
ES,43,tarragona,2,otros,conferencias,4.20,1769,350.00,700.00
ES,28,madrid,2,otros,conferencias,4.10,1624,4479.00,1596558.00
ES,31,navarra,2,otros,conferencias,4.23,500,306.00,306.00
ES,03,alicante/alacant,2,otros,conferencias,4.28,392,923.00,14768.00
ES,12,castellón/castelló,2,otros,conferencias,4.20,247,1001.00,119119.00
ES,15,a coruña,2,otros,conferencias,4.21,200,340.00,1020.00
ES,07,illes balears,2,otros,conferencias,4.33,296,1983.50,12139.75
ES,48,bizkaia,2,otros,conferencias,4.31,794,125.00,8125.00
ES,04,almería,2,paisaje urbano,"cultura, teatro y danza",4.19,14318,1143.38,194024.50
ES,11,cádiz,2,paisaje urbano,"cultura, teatro y danza",4.26,8809,1387.56,89582.22
ES,14,córdoba,2,paisaje urbano,"cultura, teatro y danza",4.29,93962,968.20,208140.00
ES,18,granada,2,paisaje urbano,"cultura, teatro y danza",4.37,153042,812.00,266120.17
ES,21,huelva,2,paisaje urbano,"cultura, teatro y danza",4.11,9984,119.00,32130.00
ES,23,jaén,2,paisaje urbano,"cultura, teatro y danza",4.33,16236,1106.00,34958.00
ES,29,málaga,2,paisaje urbano,"cultura, teatro y danza",4.43,158253,815.08,139903.00
ES,41,sevilla,2,paisaje urbano,"cultura, teatro y danza",4.34,218279,1499.40,1756868.20
ES,22,huesca,2,paisaje urbano,"cultura, teatro y danza",4.25,10916,419.33,90257.67
ES,50,zaragoza,2,paisaje urbano,"cultura, teatro y danza",4.21,41352,737.62,366312.25
ES,35,las palmas,2,paisaje urbano,"cultura, teatro y danza",4.28,51395,1045.06,695256.31
ES,38,santa cruz de tenerife,2,paisaje urbano,"cultura, teatro y danza",4.26,66584,1114.69,246851.92
ES,39,cantabria,2,paisaje urbano,"cultura, teatro y danza",4.27,27507,420.00,165553.33
ES,02,albacete,2,paisaje urbano,"cultura, teatro y danza",4.15,3663,847.00,756476.40
ES,13,ciudad real,2,paisaje urbano,"cultura, teatro y danza",4.29,7266,930.75,77169.75
ES,16,cuenca,2,paisaje urbano,"cultura, teatro y danza",4.19,13771,1199.00,48295.00
ES,45,toledo,2,paisaje urbano,"cultura, teatro y danza",4.18,55769,522.86,156189.71
ES,37,salamanca,2,paisaje urbano,"cultura, teatro y danza",4.17,31972,507.00,88434.33
ES,40,segovia,2,paisaje urbano,"cultura, teatro y danza",4.07,27928,550.00,19800.00
ES,42,soria,2,paisaje urbano,"cultura, teatro y danza",3.97,6300,866.50,174299.00
ES,47,valladolid,2,paisaje urbano,"cultura, teatro y danza",4.06,13695,834.86,235836.00
ES,49,zamora,2,paisaje urbano,"cultura, teatro y danza",4.17,5872,2451.50,46758.50
ES,08,barcelona,2,paisaje urbano,"cultura, teatro y danza",4.05,732080,712.18,577349.86
ES,17,girona,2,paisaje urbano,"cultura, teatro y danza",4.24,50915,767.86,12813.43
ES,25,lleida,2,paisaje urbano,"cultura, teatro y danza",4.27,7171,150.00,300.00
ES,43,tarragona,2,paisaje urbano,"cultura, teatro y danza",4.20,53439,1597.00,20448.88
ES,51,ceuta,2,paisaje urbano,"cultura, teatro y danza",0.00,0,2058.00,104958.00
ES,28,madrid,2,paisaje urbano,"cultura, teatro y danza",4.10,458466,653.56,396709.19
ES,31,navarra,2,paisaje urbano,"cultura, teatro y danza",4.23,19680,760.50,43046.50
ES,03,alicante/alacant,2,paisaje urbano,"cultura, teatro y danza",4.28,67888,1478.33,127128.00
ES,12,castellón/castelló,2,paisaje urbano,"cultura, teatro y danza",4.20,13212,1501.50,54067.00
ES,46,valencia/valència,2,paisaje urbano,"cultura, teatro y danza",4.15,114505,792.30,872427.70
ES,06,badajoz,2,paisaje urbano,"cultura, teatro y danza",4.29,18348,175.62,9636.12
ES,10,cáceres,2,paisaje urbano,"cultura, teatro y danza",4.33,23514,532.75,174162.50
ES,15,a coruña,2,paisaje urbano,"cultura, teatro y danza",4.21,50198,883.67,238113.33
ES,27,lugo,2,paisaje urbano,"cultura, teatro y danza",4.28,8872,890.00,160290.00
ES,36,pontevedra,2,paisaje urbano,"cultura, teatro y danza",4.17,15892,532.00,157782.50
ES,07,illes balears,2,paisaje urbano,"cultura, teatro y danza",4.33,107418,810.73,144835.43
ES,26,la rioja,2,paisaje urbano,"cultura, teatro y danza",4.31,11493,3789.50,159744.00
ES,01,araba/álava,2,paisaje urbano,"cultura, teatro y danza",4.41,7811,480.43,42212.00
ES,48,bizkaia,2,paisaje urbano,"cultura, teatro y danza",4.31,56425,838.00,178896.38
ES,20,gipuzkoa,2,paisaje urbano,"cultura, teatro y danza",4.41,26949,663.38,79216.75
ES,33,asturias,2,paisaje urbano,"cultura, teatro y danza",4.35,40762,816.25,25611.75
ES,30,murcia,2,paisaje urbano,"cultura, teatro y danza",4.20,9308,788.71,127585.00
ES,37,salamanca,2,compras,ferias,4.17,470,1536.00,35328.00
ES,47,valladolid,2,compras,ferias,4.06,485,525.00,525.00
ES,43,tarragona,2,compras,ferias,4.20,2200,350.00,700.00
ES,28,madrid,2,compras,ferias,4.10,89796,1242.50,388622.50
ES,03,alicante/alacant,2,compras,ferias,4.28,12577,923.00,14768.00
ES,07,illes balears,2,compras,ferias,4.33,22175,250.00,1250.00
ES,48,bizkaia,2,compras,ferias,4.31,694,50.00,3150.00
ES,41,sevilla,2,paisaje urbano,museo y exposiciones,4.34,218279,737.00,49655.75
ES,50,zaragoza,2,paisaje urbano,museo y exposiciones,4.21,41352,298.00,2812.00
ES,45,toledo,2,paisaje urbano,museo y exposiciones,4.18,55769,655.50,54240.00
ES,37,salamanca,2,paisaje urbano,museo y exposiciones,4.17,31972,318.00,88722.00
ES,47,valladolid,2,paisaje urbano,museo y exposiciones,4.06,13695,150.00,3000.00
ES,08,barcelona,2,paisaje urbano,museo y exposiciones,4.05,732080,716.50,45487.00
ES,43,tarragona,2,paisaje urbano,museo y exposiciones,4.20,53439,2347.50,14163.00
ES,28,madrid,2,paisaje urbano,museo y exposiciones,4.10,458466,120.00,360.00
ES,46,valencia/valència,2,paisaje urbano,museo y exposiciones,4.15,114505,867.25,12580.25
ES,36,pontevedra,2,paisaje urbano,museo y exposiciones,4.17,15892,105.00,840.00
ES,07,illes balears,2,paisaje urbano,museo y exposiciones,4.33,107418,958.50,2408.50
ES,01,araba/álava,2,paisaje urbano,museo y exposiciones,4.41,7811,60.00,60.00
ES,48,bizkaia,2,paisaje urbano,museo y exposiciones,4.31,56425,970.00,323174.50
ES,04,almería,2,vida nocturna,musica,4.19,5362,1722.00,895726.12
ES,11,cádiz,2,vida nocturna,musica,4.26,2343,731.00,200734.08
ES,14,córdoba,2,vida nocturna,musica,4.29,1908,690.00,306306.00
ES,18,granada,2,vida nocturna,musica,4.37,10900,1496.21,447793.79
ES,21,huelva,2,vida nocturna,musica,4.11,1623,422.00,3426.00
ES,23,jaén,2,vida nocturna,musica,4.33,992,1015.17,94792.08
ES,29,málaga,2,vida nocturna,musica,4.43,56036,1294.58,477704.25
ES,41,sevilla,2,vida nocturna,musica,4.34,39053,1140.33,836132.42
ES,22,huesca,2,vida nocturna,musica,4.25,1293,1022.40,333529.60
ES,44,teruel,2,vida nocturna,musica,4.28,950,1578.40,191219.80
ES,50,zaragoza,2,vida nocturna,musica,4.21,1614,1065.67,2507828.33
ES,35,las palmas,2,vida nocturna,musica,4.28,129544,1383.89,603500.68
ES,38,santa cruz de tenerife,2,vida nocturna,musica,4.26,62671,1046.94,210226.94
ES,39,cantabria,2,vida nocturna,musica,4.27,5819,1128.67,155098.67
ES,02,albacete,2,vida nocturna,musica,4.15,573,1547.57,227614.00
ES,13,ciudad real,2,vida nocturna,musica,4.29,385,1220.67,79322.83
ES,16,cuenca,2,vida nocturna,musica,4.19,760,910.20,234331.20
ES,19,guadalajara,2,vida nocturna,musica,4.04,447,1519.00,153952.50
ES,45,toledo,2,vida nocturna,musica,4.18,434,2026.33,80988.89
ES,05,ávila,2,vida nocturna,musica,4.23,397,545.00,36201.50
ES,09,burgos,2,vida nocturna,musica,4.28,970,1597.00,312953.00
ES,24,león,2,vida nocturna,musica,4.21,1480,1133.67,292892.50
ES,34,palencia,2,vida nocturna,musica,4.35,379,1441.25,69590.00
ES,37,salamanca,2,vida nocturna,musica,4.17,3701,740.25,199808.00
ES,40,segovia,2,vida nocturna,musica,4.07,263,2165.75,254712.50
ES,42,soria,2,vida nocturna,musica,3.97,154,1201.20,160120.40
ES,47,valladolid,2,vida nocturna,musica,4.06,1293,1245.70,53414.80
ES,49,zamora,2,vida nocturna,musica,4.17,462,1236.00,396810.00
ES,08,barcelona,2,vida nocturna,musica,4.05,119743,1292.26,645311.42
ES,17,girona,2,vida nocturna,musica,4.24,12856,2957.04,65043.25
ES,25,lleida,2,vida nocturna,musica,4.27,1184,1177.67,205303.44
ES,43,tarragona,2,vida nocturna,musica,4.20,22730,1155.00,231631.94
ES,51,ceuta,2,vida nocturna,musica,0.00,0,804.00,14472.00
ES,28,madrid,2,vida nocturna,musica,4.10,100430,1089.53,2487673.80
ES,31,navarra,2,vida nocturna,musica,4.23,2565,2341.45,1694283.00
ES,03,alicante/alacant,2,vida nocturna,musica,4.28,84389,1192.47,203183.35
ES,12,castellón/castelló,2,vida nocturna,musica,4.20,2406,1494.33,366150.67
ES,46,valencia/valència,2,vida nocturna,musica,4.15,9307,1280.86,617079.82
ES,06,badajoz,2,vida nocturna,musica,4.29,2109,1144.86,154683.57
ES,10,cáceres,2,vida nocturna,musica,4.33,1377,846.75,44350.50
ES,15,a coruña,2,vida nocturna,musica,4.21,5653,1100.43,377108.21
ES,27,lugo,2,vida nocturna,musica,4.28,502,910.00,11226.33
ES,32,ourense,2,vida nocturna,musica,4.15,660,1183.00,100020.00
ES,36,pontevedra,2,vida nocturna,musica,4.17,3092,705.17,94415.92
ES,07,illes balears,2,vida nocturna,musica,4.33,122452,1267.59,644548.28
ES,26,la rioja,2,vida nocturna,musica,4.31,1866,1041.00,106518.83
ES,01,araba/álava,2,vida nocturna,musica,4.41,1138,572.25,59644.00
ES,48,bizkaia,2,vida nocturna,musica,4.31,5615,689.13,92676.93
ES,20,gipuzkoa,2,vida nocturna,musica,4.41,5503,1192.94,233265.71
ES,33,asturias,2,vida nocturna,musica,4.35,9626,1240.75,265746.67
ES,30,murcia,2,vida nocturna,musica,4.20,1488,1174.00,788649.60
ES,04,almería,2,vida nocturna,musicales,4.19,5362,685.40,28911.00
ES,11,cádiz,2,vida nocturna,musicales,4.26,2343,1642.00,461402.00
ES,14,córdoba,2,vida nocturna,musicales,4.29,1908,572.00,3173.50
ES,18,granada,2,vida nocturna,musicales,4.37,10900,400.33,5361.33
ES,29,málaga,2,vida nocturna,musicales,4.43,56036,522.25,52026.25
ES,41,sevilla,2,vida nocturna,musicales,4.34,39053,60.00,2880.00
ES,50,zaragoza,2,vida nocturna,musicales,4.21,1614,544.00,233083.00
ES,35,las palmas,2,vida nocturna,musicales,4.28,129544,323.57,22850.86
ES,38,santa cruz de tenerife,2,vida nocturna,musicales,4.26,62671,389.00,20910.80
ES,02,albacete,2,vida nocturna,musicales,4.15,573,717.00,467005.00
ES,37,salamanca,2,vida nocturna,musicales,4.17,3701,1670.00,260646.50
ES,47,valladolid,2,vida nocturna,musicales,4.06,1293,696.33,62533.67
ES,08,barcelona,2,vida nocturna,musicales,4.05,119743,1110.50,88566.25
ES,17,girona,2,vida nocturna,musicales,4.24,12856,100.00,13400.00
ES,43,tarragona,2,vida nocturna,musicales,4.20,22730,198.00,44154.00
ES,28,madrid,2,vida nocturna,musicales,4.10,100430,616.45,83851.64
ES,31,navarra,2,vida nocturna,musicales,4.23,2565,1415.00,77825.00
ES,03,alicante/alacant,2,vida nocturna,musicales,4.28,84389,876.25,54945.25
ES,46,valencia/valència,2,vida nocturna,musicales,4.15,9307,973.67,752395.67
ES,06,badajoz,2,vida nocturna,musicales,4.29,2109,181.33,12581.33
ES,10,cáceres,2,vida nocturna,musicales,4.33,1377,972.25,199062.00
ES,15,a coruña,2,vida nocturna,musicales,4.21,5653,722.00,101802.00
ES,27,lugo,2,vida nocturna,musicales,4.28,502,890.00,160290.00
ES,36,pontevedra,2,vida nocturna,musicales,4.17,3092,432.00,12096.00
ES,07,illes balears,2,vida nocturna,musicales,4.33,122452,881.50,67863.33
ES,48,bizkaia,2,vida nocturna,musicales,4.31,5615,1306.00,5877.00
ES,30,murcia,2,vida nocturna,musicales,4.20,1488,969.00,75678.00
ES,04,almería,3,paisaje naturaleza,actividades infantiles,4.19,23376,340.67,2405.67
ES,11,cádiz,3,paisaje naturaleza,actividades infantiles,4.26,12350,1194.00,118147.75
ES,14,córdoba,3,paisaje naturaleza,actividades infantiles,4.29,3767,1016.50,110510.50
ES,18,granada,3,paisaje naturaleza,actividades infantiles,4.37,18492,1965.50,347135.25
ES,23,jaén,3,paisaje naturaleza,actividades infantiles,4.33,4366,1724.33,3242.00
ES,29,málaga,3,paisaje naturaleza,actividades infantiles,4.43,109648,931.25,75976.12
ES,41,sevilla,3,paisaje naturaleza,actividades infantiles,4.34,21476,1170.00,60544.50
ES,44,teruel,3,paisaje naturaleza,actividades infantiles,4.28,3578,40.00,2120.00
ES,50,zaragoza,3,paisaje naturaleza,actividades infantiles,4.21,5888,414.67,741268.00
ES,35,las palmas,3,paisaje naturaleza,actividades infantiles,4.28,200378,177.71,21943.43
ES,38,santa cruz de tenerife,3,paisaje naturaleza,actividades infantiles,4.26,190067,1679.00,38397.75
ES,39,cantabria,3,paisaje naturaleza,actividades infantiles,4.27,37946,551.33,47186.67
ES,02,albacete,3,paisaje naturaleza,actividades infantiles,4.15,3169,580.00,14340.00
ES,19,guadalajara,3,paisaje naturaleza,actividades infantiles,4.04,1303,809.00,27506.00
ES,45,toledo,3,paisaje naturaleza,actividades infantiles,4.18,1715,1182.50,87402.75
ES,24,león,3,paisaje naturaleza,actividades infantiles,4.21,4506,562.00,1762.00
ES,37,salamanca,3,paisaje naturaleza,actividades infantiles,4.17,3319,1046.00,94322.00
ES,47,valladolid,3,paisaje naturaleza,actividades infantiles,4.06,8696,794.00,26034.50
ES,49,zamora,3,paisaje naturaleza,actividades infantiles,4.17,2116,1529.00,26911.50
ES,08,barcelona,3,paisaje naturaleza,actividades infantiles,4.05,200444,1278.41,285038.05
ES,17,girona,3,paisaje naturaleza,actividades infantiles,4.24,61683,1216.25,147576.50
ES,25,lleida,3,paisaje naturaleza,actividades infantiles,4.27,9898,2034.00,58986.00
ES,43,tarragona,3,paisaje naturaleza,actividades infantiles,4.20,33701,1362.20,60152.60
ES,28,madrid,3,paisaje naturaleza,actividades infantiles,4.10,121795,852.00,117914.12
ES,31,navarra,3,paisaje naturaleza,actividades infantiles,4.23,7007,2306.00,548060.50
ES,03,alicante/alacant,3,paisaje naturaleza,actividades infantiles,4.28,82424,265.75,50651.25
ES,12,castellón/castelló,3,paisaje naturaleza,actividades infantiles,4.20,6934,120.00,1680.00
ES,46,valencia/valència,3,paisaje naturaleza,actividades infantiles,4.15,90776,1071.33,1020613.00
ES,06,badajoz,3,paisaje naturaleza,actividades infantiles,4.29,1116,137.33,9164.00
ES,10,cáceres,3,paisaje naturaleza,actividades infantiles,4.33,5814,368.67,21063.00
ES,15,a coruña,3,paisaje naturaleza,actividades infantiles,4.21,18974,456.00,76572.00
ES,27,lugo,3,paisaje naturaleza,actividades infantiles,4.28,8089,892.00,91232.00
ES,07,illes balears,3,paisaje naturaleza,actividades infantiles,4.33,203636,1109.05,429179.10
ES,01,araba/álava,3,paisaje naturaleza,actividades infantiles,4.41,11468,404.25,127970.00
ES,48,bizkaia,3,paisaje naturaleza,actividades infantiles,4.31,7925,5026.44,174788.22
ES,20,gipuzkoa,3,paisaje naturaleza,actividades infantiles,4.41,26976,434.75,87073.00
ES,33,asturias,3,paisaje naturaleza,actividades infantiles,4.35,44006,968.00,100458.00
ES,30,murcia,3,paisaje naturaleza,actividades infantiles,4.20,2633,591.67,8179.83
ES,11,cádiz,3,servicios,cursos,4.26,39,152.50,1672.50
ES,18,granada,3,servicios,cursos,4.37,1868,130.00,1430.00
ES,23,jaén,3,servicios,cursos,4.33,84,981.00,1962.00
ES,35,las palmas,3,servicios,cursos,4.28,2863,811.00,13004.00
ES,38,santa cruz de tenerife,3,servicios,cursos,4.26,3753,1224.00,4648.00
ES,16,cuenca,3,servicios,cursos,4.19,6,9755.00,11706.00
ES,47,valladolid,3,servicios,cursos,4.06,292,81.00,3321.00
ES,08,barcelona,3,servicios,cursos,4.05,159935,3013.64,175083.91
ES,17,girona,3,servicios,cursos,4.24,1146,1659.67,39649.33
ES,43,tarragona,3,servicios,cursos,4.20,9269,626.00,3360.00
ES,28,madrid,3,servicios,cursos,4.10,42370,5916.83,2004670.67
ES,03,alicante/alacant,3,servicios,cursos,4.28,29657,1216.00,10347.33
ES,46,valencia/valència,3,servicios,cursos,4.15,7124,3600.00,68400.00
ES,15,a coruña,3,servicios,cursos,4.21,605,183.00,5124.00
ES,27,lugo,3,servicios,cursos,4.28,560,1547.00,6188.00
ES,36,pontevedra,3,servicios,cursos,4.17,1424,1030.00,2060.00
ES,07,illes balears,3,servicios,cursos,4.33,46354,2772.38,97146.25
ES,01,araba/álava,3,servicios,cursos,4.41,18,917.00,5502.00
ES,48,bizkaia,3,servicios,cursos,4.31,13509,2955.14,51840.57
ES,20,gipuzkoa,3,servicios,cursos,4.41,140,475.00,1175.00
ES,30,murcia,3,servicios,cursos,4.20,6,2021.00,224257.40
ES,11,cádiz,3,paisaje naturaleza,deportes y aventuras,4.26,12350,2355.00,44274.00
ES,18,granada,3,paisaje naturaleza,deportes y aventuras,4.37,18492,98.00,98.00
ES,29,málaga,3,paisaje naturaleza,deportes y aventuras,4.43,109648,1816.00,76511.67
ES,41,sevilla,3,paisaje naturaleza,deportes y aventuras,4.34,21476,556.00,28508.00
ES,50,zaragoza,3,paisaje naturaleza,deportes y aventuras,4.21,5888,1561.00,30619.00
ES,35,las palmas,3,paisaje naturaleza,deportes y aventuras,4.28,200378,372.00,5098.00
ES,38,santa cruz de tenerife,3,paisaje naturaleza,deportes y aventuras,4.26,190067,244.00,8757.67
ES,19,guadalajara,3,paisaje naturaleza,deportes y aventuras,4.04,1303,2941.00,506612.00
ES,05,ávila,3,paisaje naturaleza,deportes y aventuras,4.23,1874,50.00,7100.00
ES,37,salamanca,3,paisaje naturaleza,deportes y aventuras,4.17,3319,45.00,990.00
ES,08,barcelona,3,paisaje naturaleza,deportes y aventuras,4.05,200444,1976.27,449738.55
ES,17,girona,3,paisaje naturaleza,deportes y aventuras,4.24,61683,1737.00,307748.00
ES,43,tarragona,3,paisaje naturaleza,deportes y aventuras,4.20,33701,309.00,10506.00
ES,28,madrid,3,paisaje naturaleza,deportes y aventuras,4.10,121795,353.71,129491.00
ES,31,navarra,3,paisaje naturaleza,deportes y aventuras,4.23,7007,4281.00,239736.00
ES,03,alicante/alacant,3,paisaje naturaleza,deportes y aventuras,4.28,82424,2171.67,8035.00
ES,46,valencia/valència,3,paisaje naturaleza,deportes y aventuras,4.15,90776,463.50,3758.00
ES,06,badajoz,3,paisaje naturaleza,deportes y aventuras,4.29,1116,491.71,12880.57
ES,10,cáceres,3,paisaje naturaleza,deportes y aventuras,4.33,5814,1153.00,143571.00
ES,15,a coruña,3,paisaje naturaleza,deportes y aventuras,4.21,18974,532.50,49042.50
ES,07,illes balears,3,paisaje naturaleza,deportes y aventuras,4.33,203636,2203.40,101165.80
ES,01,araba/álava,3,paisaje naturaleza,deportes y aventuras,4.41,11468,785.00,9373.33
ES,48,bizkaia,3,paisaje naturaleza,deportes y aventuras,4.31,7925,877.00,385292.00
ES,33,asturias,3,paisaje naturaleza,deportes y aventuras,4.35,44006,9332.00,65324.00
ES,30,murcia,3,paisaje naturaleza,deportes y aventuras,4.20,2633,1493.00,42186.67
ES,04,almería,3,vida nocturna,cine,4.19,5362,615.00,1230.00
ES,29,málaga,3,vida nocturna,cine,4.43,56036,1838.00,77196.00
ES,41,sevilla,3,vida nocturna,cine,4.34,39053,426.00,12141.00
ES,22,huesca,3,vida nocturna,cine,4.25,1293,804.00,46685.50
ES,50,zaragoza,3,vida nocturna,cine,4.21,1614,429.33,22386.33
ES,35,las palmas,3,vida nocturna,cine,4.28,129544,55.00,14850.00
ES,02,albacete,3,vida nocturna,cine,4.15,573,213.50,524.00
ES,47,valladolid,3,vida nocturna,cine,4.06,1293,609.00,23751.00
ES,08,barcelona,3,vida nocturna,cine,4.05,119743,507.00,72424.60
ES,17,girona,3,vida nocturna,cine,4.24,12856,260.00,4217.50
ES,25,lleida,3,vida nocturna,cine,4.27,1184,617.00,42293.67
ES,43,tarragona,3,vida nocturna,cine,4.20,22730,120.00,720.00
ES,28,madrid,3,vida nocturna,cine,4.10,100430,636.50,136629.00
ES,03,alicante/alacant,3,vida nocturna,cine,4.28,84389,649.57,261729.71
ES,07,illes balears,3,vida nocturna,cine,4.33,122452,350.00,2412.00
ES,01,araba/álava,3,vida nocturna,cine,4.41,1138,45.00,1530.00
ES,20,gipuzkoa,3,vida nocturna,cine,4.41,5503,351.00,28747.71
ES,30,murcia,3,vida nocturna,cine,4.20,1488,640.00,394856.00
ES,14,córdoba,3,otros,conferencias,4.29,478,100.00,8600.00
ES,29,málaga,3,otros,conferencias,4.43,1156,1454.00,548158.00
ES,50,zaragoza,3,otros,conferencias,4.21,158,455.50,13106.00
ES,35,las palmas,3,otros,conferencias,4.28,176,160.00,6240.00
ES,24,león,3,otros,conferencias,4.21,146,5392.00,29656.00
ES,37,salamanca,3,otros,conferencias,4.17,760,1254.00,5643.00
ES,47,valladolid,3,otros,conferencias,4.06,83,525.00,2625.00
ES,49,zamora,3,otros,conferencias,4.17,378,716.00,65156.00
ES,08,barcelona,3,otros,conferencias,4.05,2019,245.50,7233.50
ES,25,lleida,3,otros,conferencias,4.27,79,340.00,1700.00
ES,43,tarragona,3,otros,conferencias,4.20,1769,2566.00,99934.33
ES,28,madrid,3,otros,conferencias,4.10,1624,3075.33,281878.00
ES,03,alicante/alacant,3,otros,conferencias,4.28,392,3128.50,528979.50
ES,12,castellón/castelló,3,otros,conferencias,4.20,247,100.00,3000.00
ES,46,valencia/valència,3,otros,conferencias,4.15,621,600.33,78296.33
ES,07,illes balears,3,otros,conferencias,4.33,296,1510.00,139617.71
ES,48,bizkaia,3,otros,conferencias,4.31,794,2238.00,93996.00
ES,33,asturias,3,otros,conferencias,4.35,92,6769.00,27076.00
ES,04,almería,3,paisaje urbano,"cultura, teatro y danza",4.19,14318,1179.67,213729.00
ES,11,cádiz,3,paisaje urbano,"cultura, teatro y danza",4.26,8809,1993.86,120448.71
ES,14,córdoba,3,paisaje urbano,"cultura, teatro y danza",4.29,93962,1196.40,147468.40
ES,18,granada,3,paisaje urbano,"cultura, teatro y danza",4.37,153042,943.00,475326.25
ES,21,huelva,3,paisaje urbano,"cultura, teatro y danza",4.11,9984,100.00,1900.00
ES,23,jaén,3,paisaje urbano,"cultura, teatro y danza",4.33,16236,1502.50,287530.50
ES,29,málaga,3,paisaje urbano,"cultura, teatro y danza",4.43,158253,1356.64,286803.00
ES,41,sevilla,3,paisaje urbano,"cultura, teatro y danza",4.34,218279,1645.00,1596056.57
ES,22,huesca,3,paisaje urbano,"cultura, teatro y danza",4.25,10916,959.33,665233.33
ES,44,teruel,3,paisaje urbano,"cultura, teatro y danza",4.28,11015,40.00,2120.00
ES,50,zaragoza,3,paisaje urbano,"cultura, teatro y danza",4.21,41352,638.33,306674.50
ES,35,las palmas,3,paisaje urbano,"cultura, teatro y danza",4.28,51395,808.62,338215.31
ES,38,santa cruz de tenerife,3,paisaje urbano,"cultura, teatro y danza",4.26,66584,1229.33,345842.08
ES,39,cantabria,3,paisaje urbano,"cultura, teatro y danza",4.27,27507,924.33,338256.33
ES,02,albacete,3,paisaje urbano,"cultura, teatro y danza",4.15,3663,1151.75,181936.00
ES,13,ciudad real,3,paisaje urbano,"cultura, teatro y danza",4.29,7266,1175.33,182748.67
ES,16,cuenca,3,paisaje urbano,"cultura, teatro y danza",4.19,13771,750.75,98819.25
ES,45,toledo,3,paisaje urbano,"cultura, teatro y danza",4.18,55769,453.43,176545.43
ES,09,burgos,3,paisaje urbano,"cultura, teatro y danza",4.28,19776,132.00,264.00
ES,34,palencia,3,paisaje urbano,"cultura, teatro y danza",4.35,4984,120.00,720.00
ES,37,salamanca,3,paisaje urbano,"cultura, teatro y danza",4.17,31972,513.17,108389.50
ES,42,soria,3,paisaje urbano,"cultura, teatro y danza",3.97,6300,176.00,8976.00
ES,47,valladolid,3,paisaje urbano,"cultura, teatro y danza",4.06,13695,1513.91,160567.45
ES,49,zamora,3,paisaje urbano,"cultura, teatro y danza",4.17,5872,2377.00,34158.00
ES,08,barcelona,3,paisaje urbano,"cultura, teatro y danza",4.05,732080,760.42,468164.18
ES,17,girona,3,paisaje urbano,"cultura, teatro y danza",4.24,50915,710.33,19035.33
ES,25,lleida,3,paisaje urbano,"cultura, teatro y danza",4.27,7171,767.33,50846.00
ES,43,tarragona,3,paisaje urbano,"cultura, teatro y danza",4.20,53439,1027.30,62761.40
ES,51,ceuta,3,paisaje urbano,"cultura, teatro y danza",0.00,0,822.00,18084.00
ES,28,madrid,3,paisaje urbano,"cultura, teatro y danza",4.10,458466,697.94,992806.83
ES,31,navarra,3,paisaje urbano,"cultura, teatro y danza",4.23,19680,10842.00,661362.00
ES,03,alicante/alacant,3,paisaje urbano,"cultura, teatro y danza",4.28,67888,1656.90,219498.30
ES,12,castellón/castelló,3,paisaje urbano,"cultura, teatro y danza",4.20,13212,859.00,29935.67
ES,46,valencia/valència,3,paisaje urbano,"cultura, teatro y danza",4.15,114505,692.73,1339098.45
ES,06,badajoz,3,paisaje urbano,"cultura, teatro y danza",4.29,18348,95.17,11154.83
ES,10,cáceres,3,paisaje urbano,"cultura, teatro y danza",4.33,23514,895.00,201252.00
ES,15,a coruña,3,paisaje urbano,"cultura, teatro y danza",4.21,50198,579.67,59274.33
ES,27,lugo,3,paisaje urbano,"cultura, teatro y danza",4.28,8872,1031.25,56656.00
ES,36,pontevedra,3,paisaje urbano,"cultura, teatro y danza",4.17,15892,853.00,217870.00
ES,07,illes balears,3,paisaje urbano,"cultura, teatro y danza",4.33,107418,768.37,105567.83
ES,26,la rioja,3,paisaje urbano,"cultura, teatro y danza",4.31,11493,2883.50,657464.50
ES,01,araba/álava,3,paisaje urbano,"cultura, teatro y danza",4.41,7811,691.14,140736.29
ES,48,bizkaia,3,paisaje urbano,"cultura, teatro y danza",4.31,56425,889.30,187603.10
ES,20,gipuzkoa,3,paisaje urbano,"cultura, teatro y danza",4.41,26949,582.73,85504.27
ES,33,asturias,3,paisaje urbano,"cultura, teatro y danza",4.35,40762,619.50,79803.00
ES,30,murcia,3,paisaje urbano,"cultura, teatro y danza",4.20,9308,610.00,109019.50
ES,50,zaragoza,3,compras,ferias,4.21,3119,813.00,26016.00
ES,37,salamanca,3,compras,ferias,4.17,470,1254.00,5643.00
ES,47,valladolid,3,compras,ferias,4.06,485,525.00,2625.00
ES,49,zamora,3,compras,ferias,4.17,242,716.00,65156.00
ES,08,barcelona,3,compras,ferias,4.05,95381,252.00,8528.00
ES,43,tarragona,3,compras,ferias,4.20,2200,1842.50,57602.50
ES,28,madrid,3,compras,ferias,4.10,89796,2027.00,304471.00
ES,03,alicante/alacant,3,compras,ferias,4.28,12577,580.00,65540.00
ES,07,illes balears,3,compras,ferias,4.33,22175,2514.00,598332.00
ES,41,sevilla,3,paisaje urbano,museo y exposiciones,4.34,218279,691.20,23752.20
ES,50,zaragoza,3,paisaje urbano,museo y exposiciones,4.21,41352,354.00,46930.00
ES,45,toledo,3,paisaje urbano,museo y exposiciones,4.18,55769,677.00,81513.50
ES,37,salamanca,3,paisaje urbano,museo y exposiciones,4.17,31972,288.00,100224.00
ES,47,valladolid,3,paisaje urbano,museo y exposiciones,4.06,13695,293.50,18544.50
ES,08,barcelona,3,paisaje urbano,museo y exposiciones,4.05,732080,845.67,40090.67
ES,43,tarragona,3,paisaje urbano,museo y exposiciones,4.20,53439,1322.00,60812.00
ES,46,valencia/valència,3,paisaje urbano,museo y exposiciones,4.15,114505,634.67,2147.33
ES,07,illes balears,3,paisaje urbano,museo y exposiciones,4.33,107418,647.50,7381.50
ES,01,araba/álava,3,paisaje urbano,museo y exposiciones,4.41,7811,2454.00,29448.00
ES,48,bizkaia,3,paisaje urbano,museo y exposiciones,4.31,56425,978.00,266375.00
ES,04,almería,3,vida nocturna,musica,4.19,5362,1414.75,592021.88
ES,11,cádiz,3,vida nocturna,musica,4.26,2343,830.23,125791.54
ES,14,córdoba,3,vida nocturna,musica,4.29,1908,860.00,1354792.33
ES,18,granada,3,vida nocturna,musica,4.37,10900,1238.20,350001.45
ES,21,huelva,3,vida nocturna,musica,4.11,1623,441.33,5101.33
ES,23,jaén,3,vida nocturna,musica,4.33,992,1201.15,161075.62
ES,29,málaga,3,vida nocturna,musica,4.43,56036,1316.25,695507.67
ES,41,sevilla,3,vida nocturna,musica,4.34,39053,1157.42,584374.58
ES,22,huesca,3,vida nocturna,musica,4.25,1293,1122.00,185360.50
ES,44,teruel,3,vida nocturna,musica,4.28,950,1693.80,266353.20
ES,50,zaragoza,3,vida nocturna,musica,4.21,1614,1073.00,2592089.00
ES,35,las palmas,3,vida nocturna,musica,4.28,129544,1166.47,403982.63
ES,38,santa cruz de tenerife,3,vida nocturna,musica,4.26,62671,1783.50,361539.83
ES,39,cantabria,3,vida nocturna,musica,4.27,5819,738.17,117214.33
ES,02,albacete,3,vida nocturna,musica,4.15,573,1216.70,120980.50
ES,13,ciudad real,3,vida nocturna,musica,4.29,385,922.57,49583.57
ES,16,cuenca,3,vida nocturna,musica,4.19,760,897.00,194016.40
ES,19,guadalajara,3,vida nocturna,musica,4.04,447,1457.67,37254.67
ES,45,toledo,3,vida nocturna,musica,4.18,434,1262.88,57230.88
ES,05,ávila,3,vida nocturna,musica,4.23,397,936.50,10373.00
ES,09,burgos,3,vida nocturna,musica,4.28,970,1984.20,145418.20
ES,24,león,3,vida nocturna,musica,4.21,1480,965.40,85699.40
ES,34,palencia,3,vida nocturna,musica,4.35,379,1645.80,75701.40
ES,37,salamanca,3,vida nocturna,musica,4.17,3701,1303.00,410293.67
ES,40,segovia,3,vida nocturna,musica,4.07,263,1773.75,257958.25
ES,42,soria,3,vida nocturna,musica,3.97,154,689.80,244701.20
ES,47,valladolid,3,vida nocturna,musica,4.06,1293,1389.18,121826.27
ES,49,zamora,3,vida nocturna,musica,4.17,462,1471.33,928531.67
ES,08,barcelona,3,vida nocturna,musica,4.05,119743,1142.90,599756.87
ES,17,girona,3,vida nocturna,musica,4.24,12856,2798.59,104930.00
ES,25,lleida,3,vida nocturna,musica,4.27,1184,854.12,103912.50
ES,43,tarragona,3,vida nocturna,musica,4.20,22730,1208.39,285108.83
ES,51,ceuta,3,vida nocturna,musica,0.00,0,348.50,18654.50
ES,28,madrid,3,vida nocturna,musica,4.10,100430,900.76,1626971.10
ES,31,navarra,3,vida nocturna,musica,4.23,2565,1676.13,1323470.93
ES,03,alicante/alacant,3,vida nocturna,musica,4.28,84389,1205.70,287315.92
ES,12,castellón/castelló,3,vida nocturna,musica,4.20,2406,1024.33,184410.83
ES,46,valencia/valència,3,vida nocturna,musica,4.15,9307,1537.48,459737.36
ES,06,badajoz,3,vida nocturna,musica,4.29,2109,1157.71,68459.86
ES,10,cáceres,3,vida nocturna,musica,4.33,1377,665.43,91110.00
ES,15,a coruña,3,vida nocturna,musica,4.21,5653,1043.35,254949.00
ES,27,lugo,3,vida nocturna,musica,4.28,502,1127.75,20981.25
ES,32,ourense,3,vida nocturna,musica,4.15,660,2039.67,231506.33
ES,36,pontevedra,3,vida nocturna,musica,4.17,3092,951.06,153446.44
ES,07,illes balears,3,vida nocturna,musica,4.33,122452,1244.88,811927.56
ES,26,la rioja,3,vida nocturna,musica,4.31,1866,1605.00,257736.17
ES,01,araba/álava,3,vida nocturna,musica,4.41,1138,617.40,32049.80
ES,48,bizkaia,3,vida nocturna,musica,4.31,5615,1106.92,160689.50
ES,20,gipuzkoa,3,vida nocturna,musica,4.41,5503,1173.88,135042.65
ES,33,asturias,3,vida nocturna,musica,4.35,9626,1283.25,191840.58
ES,30,murcia,3,vida nocturna,musica,4.20,1488,946.30,144812.30
ES,04,almería,3,vida nocturna,musicales,4.19,5362,1409.00,49176.50
ES,11,cádiz,3,vida nocturna,musicales,4.26,2343,1592.00,321584.00
ES,14,córdoba,3,vida nocturna,musicales,4.29,1908,542.00,67043.00
ES,18,granada,3,vida nocturna,musicales,4.37,10900,544.67,22608.00
ES,23,jaén,3,vida nocturna,musicales,4.33,992,1791.00,565956.00
ES,29,málaga,3,vida nocturna,musicales,4.43,56036,722.50,61965.50
ES,41,sevilla,3,vida nocturna,musicales,4.34,39053,827.00,148033.00
ES,50,zaragoza,3,vida nocturna,musicales,4.21,1614,641.50,51376.00
ES,35,las palmas,3,vida nocturna,musicales,4.28,129544,593.00,47731.60
ES,38,santa cruz de tenerife,3,vida nocturna,musicales,4.26,62671,167.50,4227.50
ES,02,albacete,3,vida nocturna,musicales,4.15,573,1391.00,2493514.00
ES,37,salamanca,3,vida nocturna,musicales,4.17,3701,1175.50,209384.50
ES,47,valladolid,3,vida nocturna,musicales,4.06,1293,731.33,126019.67
ES,08,barcelona,3,vida nocturna,musicales,4.05,119743,901.09,97708.91
ES,17,girona,3,vida nocturna,musicales,4.24,12856,917.50,9012.00
ES,43,tarragona,3,vida nocturna,musicales,4.20,22730,351.00,46602.00
ES,28,madrid,3,vida nocturna,musicales,4.10,100430,642.90,299571.00
ES,03,alicante/alacant,3,vida nocturna,musicales,4.28,84389,866.25,102903.75
ES,46,valencia/valència,3,vida nocturna,musicales,4.15,9307,729.00,472835.60
ES,06,badajoz,3,vida nocturna,musicales,4.29,2109,190.50,31879.50
ES,10,cáceres,3,vida nocturna,musicales,4.33,1377,821.00,238956.00
ES,27,lugo,3,vida nocturna,musicales,4.28,502,892.00,91232.00
ES,07,illes balears,3,vida nocturna,musicales,4.33,122452,1016.33,73982.00
ES,48,bizkaia,3,vida nocturna,musicales,4.31,5615,602.00,80668.00
ES,20,gipuzkoa,3,vida nocturna,musicales,4.41,5503,49.00,98.00
ES,33,asturias,3,vida nocturna,musicales,4.35,9626,826.00,37996.00
ES,30,murcia,3,vida nocturna,musicales,4.20,1488,750.17,22608.00
ES,04,almería,4,paisaje naturaleza,actividades infantiles,4.19,23376,384.00,9776.00
ES,11,cádiz,4,paisaje naturaleza,actividades infantiles,4.26,12350,2400.00,303467.50
ES,14,córdoba,4,paisaje naturaleza,actividades infantiles,4.29,3767,88.00,1697.00
ES,18,granada,4,paisaje naturaleza,actividades infantiles,4.37,18492,496.71,12870.86
ES,23,jaén,4,paisaje naturaleza,actividades infantiles,4.33,4366,2103.00,55518.00
ES,29,málaga,4,paisaje naturaleza,actividades infantiles,4.43,109648,734.50,245112.25
ES,41,sevilla,4,paisaje naturaleza,actividades infantiles,4.34,21476,2073.33,289007.67
ES,50,zaragoza,4,paisaje naturaleza,actividades infantiles,4.21,5888,443.00,82826.00
ES,35,las palmas,4,paisaje naturaleza,actividades infantiles,4.28,200378,354.71,81795.57
ES,38,santa cruz de tenerife,4,paisaje naturaleza,actividades infantiles,4.26,190067,424.57,32883.00
ES,39,cantabria,4,paisaje naturaleza,actividades infantiles,4.27,37946,614.00,159617.50
ES,02,albacete,4,paisaje naturaleza,actividades infantiles,4.15,3169,719.60,12733.80
ES,13,ciudad real,4,paisaje naturaleza,actividades infantiles,4.29,3026,130.00,130.00
ES,19,guadalajara,4,paisaje naturaleza,actividades infantiles,4.04,1303,98.00,686.00
ES,45,toledo,4,paisaje naturaleza,actividades infantiles,4.18,1715,1663.50,160789.25
ES,24,león,4,paisaje naturaleza,actividades infantiles,4.21,4506,1490.00,76250.50
ES,37,salamanca,4,paisaje naturaleza,actividades infantiles,4.17,3319,1064.50,150988.50
ES,47,valladolid,4,paisaje naturaleza,actividades infantiles,4.06,8696,904.60,69709.00
ES,49,zamora,4,paisaje naturaleza,actividades infantiles,4.17,2116,1552.00,423716.00
ES,08,barcelona,4,paisaje naturaleza,actividades infantiles,4.05,200444,1382.06,795233.76
ES,17,girona,4,paisaje naturaleza,actividades infantiles,4.24,61683,1505.00,47131.25
ES,25,lleida,4,paisaje naturaleza,actividades infantiles,4.27,9898,1123.50,43149.00
ES,43,tarragona,4,paisaje naturaleza,actividades infantiles,4.20,33701,928.62,128947.12
ES,28,madrid,4,paisaje naturaleza,actividades infantiles,4.10,121795,737.78,196494.44
ES,31,navarra,4,paisaje naturaleza,actividades infantiles,4.23,7007,2380.50,448353.00
ES,03,alicante/alacant,4,paisaje naturaleza,actividades infantiles,4.28,82424,258.25,11922.25
ES,12,castellón/castelló,4,paisaje naturaleza,actividades infantiles,4.20,6934,1209.00,334893.00
ES,46,valencia/valència,4,paisaje naturaleza,actividades infantiles,4.15,90776,499.62,956376.88
ES,06,badajoz,4,paisaje naturaleza,actividades infantiles,4.29,1116,176.00,528.00
ES,10,cáceres,4,paisaje naturaleza,actividades infantiles,4.33,5814,258.33,12646.33
ES,15,a coruña,4,paisaje naturaleza,actividades infantiles,4.21,18974,673.00,64778.50
ES,27,lugo,4,paisaje naturaleza,actividades infantiles,4.28,8089,176.00,19360.00
ES,36,pontevedra,4,paisaje naturaleza,actividades infantiles,4.17,15699,644.00,1610.00
ES,07,illes balears,4,paisaje naturaleza,actividades infantiles,4.33,203636,1150.95,103050.00
ES,26,la rioja,4,paisaje naturaleza,actividades infantiles,4.31,18300,2423.00,133265.00
ES,01,araba/álava,4,paisaje naturaleza,actividades infantiles,4.41,11468,404.00,34936.00
ES,48,bizkaia,4,paisaje naturaleza,actividades infantiles,4.31,7925,6355.25,531589.50
ES,20,gipuzkoa,4,paisaje naturaleza,actividades infantiles,4.41,26976,394.50,67197.00
ES,33,asturias,4,paisaje naturaleza,actividades infantiles,4.35,44006,798.50,12183.50
ES,30,murcia,4,paisaje naturaleza,actividades infantiles,4.20,2633,300.33,39684.00
ES,11,cádiz,4,servicios,cursos,4.26,39,2146.67,7185.33
ES,14,córdoba,4,servicios,cursos,4.29,22,105.00,12075.00
ES,23,jaén,4,servicios,cursos,4.33,84,150.00,1150.00
ES,29,málaga,4,servicios,cursos,4.43,51898,3486.00,615958.00
ES,41,sevilla,4,servicios,cursos,4.34,4859,4250.50,211830.00
ES,50,zaragoza,4,servicios,cursos,4.21,61,200.00,600.00
ES,35,las palmas,4,servicios,cursos,4.28,2863,2435.25,49519.75
ES,38,santa cruz de tenerife,4,servicios,cursos,4.26,3753,1439.50,5203.50
ES,16,cuenca,4,servicios,cursos,4.19,6,9947.00,228781.00
ES,08,barcelona,4,servicios,cursos,4.05,159935,3205.09,848202.73
ES,17,girona,4,servicios,cursos,4.24,1146,958.20,3526.80
ES,43,tarragona,4,servicios,cursos,4.20,9269,2454.00,34356.00
ES,28,madrid,4,servicios,cursos,4.10,42370,4202.62,770045.38
ES,03,alicante/alacant,4,servicios,cursos,4.28,29657,674.67,9455.33
ES,46,valencia/valència,4,servicios,cursos,4.15,7124,10954.00,1582399.00
ES,15,a coruña,4,servicios,cursos,4.21,605,200.00,400.00
ES,27,lugo,4,servicios,cursos,4.28,560,1066.00,17056.00
ES,07,illes balears,4,servicios,cursos,4.33,46354,2421.42,106818.33
ES,01,araba/álava,4,servicios,cursos,4.41,18,30.00,270.00
ES,48,bizkaia,4,servicios,cursos,4.31,13509,1657.60,12384.60
ES,20,gipuzkoa,4,servicios,cursos,4.41,140,1163.75,7001.75
ES,30,murcia,4,servicios,cursos,4.20,6,11972.67,174985.67
ES,18,granada,4,paisaje naturaleza,deportes y aventuras,4.37,18492,1029.00,2058.00
ES,29,málaga,4,paisaje naturaleza,deportes y aventuras,4.43,109648,1125.29,98809.86
ES,41,sevilla,4,paisaje naturaleza,deportes y aventuras,4.34,21476,479.00,44547.00
ES,50,zaragoza,4,paisaje naturaleza,deportes y aventuras,4.21,5888,1121.00,48934.67
ES,35,las palmas,4,paisaje naturaleza,deportes y aventuras,4.28,200378,804.00,38592.00
ES,38,santa cruz de tenerife,4,paisaje naturaleza,deportes y aventuras,4.26,190067,530.00,130454.67
ES,19,guadalajara,4,paisaje naturaleza,deportes y aventuras,4.04,1303,73.00,33110.00
ES,37,salamanca,4,paisaje naturaleza,deportes y aventuras,4.17,3319,589.00,16492.00
ES,47,valladolid,4,paisaje naturaleza,deportes y aventuras,4.06,8696,100.00,400.00
ES,08,barcelona,4,paisaje naturaleza,deportes y aventuras,4.05,200444,2448.00,423306.30
ES,17,girona,4,paisaje naturaleza,deportes y aventuras,4.24,61683,45.00,2070.00
ES,43,tarragona,4,paisaje naturaleza,deportes y aventuras,4.20,33701,3063.00,21441.00
ES,28,madrid,4,paisaje naturaleza,deportes y aventuras,4.10,121795,654.86,192833.57
ES,31,navarra,4,paisaje naturaleza,deportes y aventuras,4.23,7007,3511.00,333545.00
ES,03,alicante/alacant,4,paisaje naturaleza,deportes y aventuras,4.28,82424,1899.20,56092.00
ES,12,castellón/castelló,4,paisaje naturaleza,deportes y aventuras,4.20,6934,1485.00,5940.00
ES,46,valencia/valència,4,paisaje naturaleza,deportes y aventuras,4.15,90776,250.33,9930.33
ES,06,badajoz,4,paisaje naturaleza,deportes y aventuras,4.29,1116,672.20,7925.00
ES,10,cáceres,4,paisaje naturaleza,deportes y aventuras,4.33,5814,1140.00,133160.00
ES,15,a coruña,4,paisaje naturaleza,deportes y aventuras,4.21,18974,1675.00,1340.00
ES,07,illes balears,4,paisaje naturaleza,deportes y aventuras,4.33,203636,2207.67,99720.33
ES,26,la rioja,4,paisaje naturaleza,deportes y aventuras,4.31,18300,936.00,100152.00
ES,01,araba/álava,4,paisaje naturaleza,deportes y aventuras,4.41,11468,981.00,4905.00
ES,48,bizkaia,4,paisaje naturaleza,deportes y aventuras,4.31,7925,485.00,20453.00
ES,20,gipuzkoa,4,paisaje naturaleza,deportes y aventuras,4.41,26976,2440.00,79740.00
ES,33,asturias,4,paisaje naturaleza,deportes y aventuras,4.35,44006,5459.00,593681.00
ES,30,murcia,4,paisaje naturaleza,deportes y aventuras,4.20,2633,1666.00,13328.00
ES,04,almería,4,vida nocturna,cine,4.19,5362,612.00,18972.00
ES,29,málaga,4,vida nocturna,cine,4.43,56036,1957.50,191081.50
ES,41,sevilla,4,vida nocturna,cine,4.34,39053,40.00,400.00
ES,22,huesca,4,vida nocturna,cine,4.25,1293,50.00,6900.00
ES,50,zaragoza,4,vida nocturna,cine,4.21,1614,542.33,12543.67
ES,35,las palmas,4,vida nocturna,cine,4.28,129544,489.50,52728.50
ES,02,albacete,4,vida nocturna,cine,4.15,573,485.50,25081.50
ES,37,salamanca,4,vida nocturna,cine,4.17,3701,30.00,150.00
ES,47,valladolid,4,vida nocturna,cine,4.06,1293,615.00,1599.00
ES,08,barcelona,4,vida nocturna,cine,4.05,119743,617.50,40354.75
ES,17,girona,4,vida nocturna,cine,4.24,12856,45.00,225.00
ES,25,lleida,4,vida nocturna,cine,4.27,1184,120.00,1200.00
ES,43,tarragona,4,vida nocturna,cine,4.20,22730,120.00,480.00
ES,28,madrid,4,vida nocturna,cine,4.10,100430,409.00,63613.00
ES,03,alicante/alacant,4,vida nocturna,cine,4.28,84389,724.17,111856.67
ES,36,pontevedra,4,vida nocturna,cine,4.17,3092,1889.00,17001.00
ES,07,illes balears,4,vida nocturna,cine,4.33,122452,292.25,5130.50
ES,20,gipuzkoa,4,vida nocturna,cine,4.41,5503,228.29,8909.71
ES,14,córdoba,4,otros,conferencias,4.29,478,775.00,7595.00
ES,29,málaga,4,otros,conferencias,4.43,1156,1244.00,837212.00
ES,50,zaragoza,4,otros,conferencias,4.21,158,457.50,7500.00
ES,35,las palmas,4,otros,conferencias,4.28,176,973.00,305522.00
ES,38,santa cruz de tenerife,4,otros,conferencias,4.26,927,450.00,9900.00
ES,13,ciudad real,4,otros,conferencias,4.29,156,16335.00,16335.00
ES,47,valladolid,4,otros,conferencias,4.06,83,387.00,2052648.00
ES,08,barcelona,4,otros,conferencias,4.05,2019,11364.00,352284.00
ES,43,tarragona,4,otros,conferencias,4.20,1769,266.67,10600.00
ES,28,madrid,4,otros,conferencias,4.10,1624,5284.33,119286.67
ES,03,alicante/alacant,4,otros,conferencias,4.28,392,580.00,17400.00
ES,46,valencia/valència,4,otros,conferencias,4.15,621,2628.00,661468.50
ES,36,pontevedra,4,otros,conferencias,4.17,119,421.00,3478.00
ES,07,illes balears,4,otros,conferencias,4.33,296,2126.00,31581.75
ES,48,bizkaia,4,otros,conferencias,4.31,794,200.00,800.00
ES,33,asturias,4,otros,conferencias,4.35,92,2446.50,246482.50
ES,30,murcia,4,otros,conferencias,4.20,7,620.00,620.00
ES,04,almería,4,paisaje urbano,"cultura, teatro y danza",4.19,14318,1144.33,389654.33
ES,11,cádiz,4,paisaje urbano,"cultura, teatro y danza",4.26,8809,1148.44,99996.00
ES,14,córdoba,4,paisaje urbano,"cultura, teatro y danza",4.29,93962,761.50,203303.50
ES,18,granada,4,paisaje urbano,"cultura, teatro y danza",4.37,153042,633.00,267494.50
ES,23,jaén,4,paisaje urbano,"cultura, teatro y danza",4.33,16236,647.00,260568.33
ES,29,málaga,4,paisaje urbano,"cultura, teatro y danza",4.43,158253,969.57,176648.86
ES,41,sevilla,4,paisaje urbano,"cultura, teatro y danza",4.34,218279,2201.33,771355.67
ES,22,huesca,4,paisaje urbano,"cultura, teatro y danza",4.25,10916,624.50,652070.50
ES,44,teruel,4,paisaje urbano,"cultura, teatro y danza",4.28,11015,1367.00,8202.00
ES,50,zaragoza,4,paisaje urbano,"cultura, teatro y danza",4.21,41352,425.80,329668.80
ES,35,las palmas,4,paisaje urbano,"cultura, teatro y danza",4.28,51395,990.11,476360.22
ES,38,santa cruz de tenerife,4,paisaje urbano,"cultura, teatro y danza",4.26,66584,1260.31,237513.00
ES,39,cantabria,4,paisaje urbano,"cultura, teatro y danza",4.27,27507,1228.50,142531.00
ES,02,albacete,4,paisaje urbano,"cultura, teatro y danza",4.15,3663,1032.75,373014.00
ES,13,ciudad real,4,paisaje urbano,"cultura, teatro y danza",4.29,7266,951.50,48081.00
ES,16,cuenca,4,paisaje urbano,"cultura, teatro y danza",4.19,13771,713.67,29176.67
ES,45,toledo,4,paisaje urbano,"cultura, teatro y danza",4.18,55769,518.00,204615.67
ES,09,burgos,4,paisaje urbano,"cultura, teatro y danza",4.28,19776,132.00,660.00
ES,34,palencia,4,paisaje urbano,"cultura, teatro y danza",4.35,4984,1207.00,20519.00
ES,37,salamanca,4,paisaje urbano,"cultura, teatro y danza",4.17,31972,479.25,67474.88
ES,47,valladolid,4,paisaje urbano,"cultura, teatro y danza",4.06,13695,662.08,112774.23
ES,49,zamora,4,paisaje urbano,"cultura, teatro y danza",4.17,5872,260.00,5680.00
ES,08,barcelona,4,paisaje urbano,"cultura, teatro y danza",4.05,732080,755.35,559941.72
ES,17,girona,4,paisaje urbano,"cultura, teatro y danza",4.24,50915,454.22,27707.44
ES,25,lleida,4,paisaje urbano,"cultura, teatro y danza",4.27,7171,445.67,28601.67
ES,43,tarragona,4,paisaje urbano,"cultura, teatro y danza",4.20,53439,2409.18,85090.00
ES,51,ceuta,4,paisaje urbano,"cultura, teatro y danza",0.00,0,75.00,2850.00
ES,28,madrid,4,paisaje urbano,"cultura, teatro y danza",4.10,458466,721.65,1230317.35
ES,31,navarra,4,paisaje urbano,"cultura, teatro y danza",4.23,19680,6155.50,1312447.50
ES,03,alicante/alacant,4,paisaje urbano,"cultura, teatro y danza",4.28,67888,1539.77,319378.85
ES,12,castellón/castelló,4,paisaje urbano,"cultura, teatro y danza",4.20,13212,652.75,25340.50
ES,46,valencia/valència,4,paisaje urbano,"cultura, teatro y danza",4.15,114505,1120.11,2274993.11
ES,06,badajoz,4,paisaje urbano,"cultura, teatro y danza",4.29,18348,388.17,5986.00
ES,10,cáceres,4,paisaje urbano,"cultura, teatro y danza",4.33,23514,662.60,160807.60
ES,15,a coruña,4,paisaje urbano,"cultura, teatro y danza",4.21,50198,364.00,93388.00
ES,27,lugo,4,paisaje urbano,"cultura, teatro y danza",4.28,8872,1321.50,22118.00
ES,36,pontevedra,4,paisaje urbano,"cultura, teatro y danza",4.17,15892,957.50,274316.50
ES,07,illes balears,4,paisaje urbano,"cultura, teatro y danza",4.33,107418,896.17,121554.06
ES,26,la rioja,4,paisaje urbano,"cultura, teatro y danza",4.31,11493,1885.20,255317.00
ES,01,araba/álava,4,paisaje urbano,"cultura, teatro y danza",4.41,7811,315.20,89810.60
ES,48,bizkaia,4,paisaje urbano,"cultura, teatro y danza",4.31,56425,929.00,496980.56
ES,20,gipuzkoa,4,paisaje urbano,"cultura, teatro y danza",4.41,26949,513.27,59447.27
ES,33,asturias,4,paisaje urbano,"cultura, teatro y danza",4.35,40762,523.67,27825.67
ES,30,murcia,4,paisaje urbano,"cultura, teatro y danza",4.20,9308,1103.43,161479.00
ES,13,ciudad real,4,compras,ferias,4.29,147,16335.00,16335.00
ES,43,tarragona,4,compras,ferias,4.20,2200,200.00,1100.00
ES,28,madrid,4,compras,ferias,4.10,89796,5305.00,86971.33
ES,03,alicante/alacant,4,compras,ferias,4.28,12577,580.00,17400.00
ES,46,valencia/valència,4,compras,ferias,4.15,81279,1912.50,269707.50
ES,41,sevilla,4,paisaje urbano,museo y exposiciones,4.34,218279,918.00,44866.33
ES,50,zaragoza,4,paisaje urbano,museo y exposiciones,4.21,41352,349.00,122070.50
ES,02,albacete,4,paisaje urbano,museo y exposiciones,4.15,3663,1001.00,4004.00
ES,45,toledo,4,paisaje urbano,museo y exposiciones,4.18,55769,369.50,80701.50
ES,37,salamanca,4,paisaje urbano,museo y exposiciones,4.17,31972,301.00,43785.00
ES,47,valladolid,4,paisaje urbano,museo y exposiciones,4.06,13695,275.50,13831.50
ES,08,barcelona,4,paisaje urbano,museo y exposiciones,4.05,732080,1166.00,80725.00
ES,43,tarragona,4,paisaje urbano,museo y exposiciones,4.20,53439,2909.00,101815.00
ES,46,valencia/valència,4,paisaje urbano,museo y exposiciones,4.15,114505,787.00,9981.00
ES,07,illes balears,4,paisaje urbano,museo y exposiciones,4.33,107418,744.33,1847.83
ES,01,araba/álava,4,paisaje urbano,museo y exposiciones,4.41,7811,2454.00,4908.00
ES,48,bizkaia,4,paisaje urbano,museo y exposiciones,4.31,56425,974.50,1682951.00
ES,04,almería,4,vida nocturna,musica,4.19,5362,1830.80,1175782.80
ES,11,cádiz,4,vida nocturna,musica,4.26,2343,1088.08,202005.17
ES,14,córdoba,4,vida nocturna,musica,4.29,1908,818.60,152557.00
ES,18,granada,4,vida nocturna,musica,4.37,10900,1022.58,388995.95
ES,21,huelva,4,vida nocturna,musica,4.11,1623,1506.00,15813.00
ES,23,jaén,4,vida nocturna,musica,4.33,992,956.79,106346.79
ES,29,málaga,4,vida nocturna,musica,4.43,56036,1563.06,932580.29
ES,41,sevilla,4,vida nocturna,musica,4.34,39053,1483.40,424150.80
ES,22,huesca,4,vida nocturna,musica,4.25,1293,919.00,111702.57
ES,44,teruel,4,vida nocturna,musica,4.28,950,1026.67,124621.50
ES,50,zaragoza,4,vida nocturna,musica,4.21,1614,724.88,1514561.62
ES,35,las palmas,4,vida nocturna,musica,4.28,129544,1536.28,702719.56
ES,38,santa cruz de tenerife,4,vida nocturna,musica,4.26,62671,1690.44,567088.11
ES,39,cantabria,4,vida nocturna,musica,4.27,5819,1112.83,257056.17
ES,02,albacete,4,vida nocturna,musica,4.15,573,1172.38,103178.75
ES,13,ciudad real,4,vida nocturna,musica,4.29,385,1140.00,126384.88
ES,16,cuenca,4,vida nocturna,musica,4.19,760,1137.33,222891.33
ES,19,guadalajara,4,vida nocturna,musica,4.04,447,1347.00,70344.00
ES,45,toledo,4,vida nocturna,musica,4.18,434,1545.88,96788.50
ES,05,ávila,4,vida nocturna,musica,4.23,397,1029.00,31245.00
ES,09,burgos,4,vida nocturna,musica,4.28,970,2660.75,192377.75
ES,24,león,4,vida nocturna,musica,4.21,1480,987.00,189002.25
ES,34,palencia,4,vida nocturna,musica,4.35,379,1671.33,17301.00
ES,37,salamanca,4,vida nocturna,musica,4.17,3701,1227.25,364842.75
ES,40,segovia,4,vida nocturna,musica,4.07,263,1284.20,84467.80
ES,42,soria,4,vida nocturna,musica,3.97,154,1162.20,43293.60
ES,47,valladolid,4,vida nocturna,musica,4.06,1293,1193.50,307510.50
ES,49,zamora,4,vida nocturna,musica,4.17,462,1111.00,226716.00
ES,08,barcelona,4,vida nocturna,musica,4.05,119743,1087.41,1072602.23
ES,17,girona,4,vida nocturna,musica,4.24,12856,1185.00,105315.76
ES,25,lleida,4,vida nocturna,musica,4.27,1184,955.92,95944.92
ES,43,tarragona,4,vida nocturna,musica,4.20,22730,1374.55,238586.24
ES,51,ceuta,4,vida nocturna,musica,0.00,0,703.00,32338.00
ES,28,madrid,4,vida nocturna,musica,4.10,100430,1119.42,1521357.30
ES,31,navarra,4,vida nocturna,musica,4.23,2565,1526.31,729910.75
ES,03,alicante/alacant,4,vida nocturna,musica,4.28,84389,1149.32,218289.58
ES,12,castellón/castelló,4,vida nocturna,musica,4.20,2406,1010.00,81994.56
ES,46,valencia/valència,4,vida nocturna,musica,4.15,9307,1208.73,218247.23
ES,06,badajoz,4,vida nocturna,musica,4.29,2109,918.22,48150.67
ES,10,cáceres,4,vida nocturna,musica,4.33,1377,666.29,9653.57
ES,15,a coruña,4,vida nocturna,musica,4.21,5653,1150.75,376823.00
ES,27,lugo,4,vida nocturna,musica,4.28,502,1289.67,14662.67
ES,32,ourense,4,vida nocturna,musica,4.15,660,1477.50,208003.00
ES,36,pontevedra,4,vida nocturna,musica,4.17,3092,984.10,253154.60
ES,07,illes balears,4,vida nocturna,musica,4.33,122452,1523.86,494197.62
ES,26,la rioja,4,vida nocturna,musica,4.31,1866,969.00,117888.00
ES,01,araba/álava,4,vida nocturna,musica,4.41,1138,878.67,194028.67
ES,48,bizkaia,4,vida nocturna,musica,4.31,5615,1024.13,581117.67
ES,20,gipuzkoa,4,vida nocturna,musica,4.41,5503,978.35,93682.47
ES,33,asturias,4,vida nocturna,musica,4.35,9626,1046.50,304399.00
ES,30,murcia,4,vida nocturna,musica,4.20,1488,1059.88,848819.50
ES,04,almería,4,vida nocturna,musicales,4.19,5362,1306.50,62127.00
ES,11,cádiz,4,vida nocturna,musicales,4.26,2343,1286.50,222427.00
ES,18,granada,4,vida nocturna,musicales,4.37,10900,741.25,43485.25
ES,23,jaén,4,vida nocturna,musicales,4.33,992,1788.00,779568.00
ES,29,málaga,4,vida nocturna,musicales,4.43,56036,755.00,57817.50
ES,41,sevilla,4,vida nocturna,musicales,4.34,39053,1253.00,168154.00
ES,50,zaragoza,4,vida nocturna,musicales,4.21,1614,661.00,167938.50
ES,35,las palmas,4,vida nocturna,musicales,4.28,129544,1119.33,250579.67
ES,38,santa cruz de tenerife,4,vida nocturna,musicales,4.26,62671,802.00,10941.00
ES,02,albacete,4,vida nocturna,musicales,4.15,573,649.00,125763.00
ES,37,salamanca,4,vida nocturna,musicales,4.17,3701,1689.50,191288.50
ES,47,valladolid,4,vida nocturna,musicales,4.06,1293,604.67,76009.00
ES,08,barcelona,4,vida nocturna,musicales,4.05,119743,1139.89,339517.00
ES,17,girona,4,vida nocturna,musicales,4.24,12856,992.50,14914.00
ES,43,tarragona,4,vida nocturna,musicales,4.20,22730,1405.00,287222.00
ES,28,madrid,4,vida nocturna,musicales,4.10,100430,1018.29,803494.29
ES,03,alicante/alacant,4,vida nocturna,musicales,4.28,84389,929.50,49276.50
ES,12,castellón/castelló,4,vida nocturna,musicales,4.20,2406,126.00,504.00
ES,46,valencia/valència,4,vida nocturna,musicales,4.15,9307,412.40,280671.80
ES,06,badajoz,4,vida nocturna,musicales,4.29,2109,1069.50,15968.00
ES,10,cáceres,4,vida nocturna,musicales,4.33,1377,402.50,25149.50
ES,27,lugo,4,vida nocturna,musicales,4.28,502,176.00,19360.00
ES,07,illes balears,4,vida nocturna,musicales,4.33,122452,879.00,27263.50
ES,48,bizkaia,4,vida nocturna,musicales,4.31,5615,793.00,67405.00
ES,20,gipuzkoa,4,vida nocturna,musicales,4.41,5503,497.00,6958.00
ES,30,murcia,4,vida nocturna,musicales,4.20,1488,969.60,53644.80
ES,29,málaga,4,paisaje naturaleza,parques tematicos,4.43,109648,2553.00,61272.00
ES,04,almería,5,paisaje naturaleza,actividades infantiles,4.19,23376,499.33,3143.33
ES,11,cádiz,5,paisaje naturaleza,actividades infantiles,4.26,12350,849.00,55924.00
ES,14,córdoba,5,paisaje naturaleza,actividades infantiles,4.29,3767,802.00,95438.00
ES,18,granada,5,paisaje naturaleza,actividades infantiles,4.37,18492,1014.57,15817.29
ES,23,jaén,5,paisaje naturaleza,actividades infantiles,4.33,4366,2570.50,157906.50
ES,29,málaga,5,paisaje naturaleza,actividades infantiles,4.43,109648,853.00,220888.00
ES,41,sevilla,5,paisaje naturaleza,actividades infantiles,4.34,21476,2035.67,294870.67
ES,50,zaragoza,5,paisaje naturaleza,actividades infantiles,4.21,5888,884.50,338827.50
ES,17,girona,5,vida nocturna,cine,4.24,12856,45.00,310.00
ES,35,las palmas,5,paisaje naturaleza,actividades infantiles,4.28,200378,667.17,49994.83
ES,38,santa cruz de tenerife,5,paisaje naturaleza,actividades infantiles,4.26,190067,238.00,3378.00
ES,02,albacete,5,paisaje naturaleza,actividades infantiles,4.15,3169,534.00,21951.00
ES,13,ciudad real,5,paisaje naturaleza,actividades infantiles,4.29,3026,693.00,4721.00
ES,19,guadalajara,5,paisaje naturaleza,actividades infantiles,4.04,1303,98.00,588.00
ES,45,toledo,5,paisaje naturaleza,actividades infantiles,4.18,1715,2005.50,71772.00
ES,24,león,5,paisaje naturaleza,actividades infantiles,4.21,4506,548.00,36852.00
ES,37,salamanca,5,paisaje naturaleza,actividades infantiles,4.17,3319,176.00,7040.00
ES,47,valladolid,5,paisaje naturaleza,actividades infantiles,4.06,8696,703.33,18994.33
ES,49,zamora,5,paisaje naturaleza,actividades infantiles,4.17,2116,1597.00,72449.50
ES,08,barcelona,5,paisaje naturaleza,actividades infantiles,4.05,200444,1005.04,149605.16
ES,17,girona,5,paisaje naturaleza,actividades infantiles,4.24,61683,1056.25,123179.50
ES,25,lleida,5,paisaje naturaleza,actividades infantiles,4.27,9898,761.00,42478.00
ES,43,tarragona,5,paisaje naturaleza,actividades infantiles,4.20,33701,1161.80,221936.00
ES,28,madrid,5,paisaje naturaleza,actividades infantiles,4.10,121795,736.19,130798.19
ES,31,navarra,5,paisaje naturaleza,actividades infantiles,4.23,7007,1572.33,560108.67
ES,03,alicante/alacant,5,paisaje naturaleza,actividades infantiles,4.28,82424,1191.83,12173.83
ES,12,castellón/castelló,5,paisaje naturaleza,actividades infantiles,4.20,6934,1222.00,19552.00
ES,46,valencia/valència,5,paisaje naturaleza,actividades infantiles,4.15,90776,949.60,1157167.40
ES,06,badajoz,5,paisaje naturaleza,actividades infantiles,4.29,1116,500.50,40876.00
ES,10,cáceres,5,paisaje naturaleza,actividades infantiles,4.33,5814,176.00,5896.00
ES,15,a coruña,5,paisaje naturaleza,actividades infantiles,4.21,18974,631.00,45432.00
ES,27,lugo,5,paisaje naturaleza,actividades infantiles,4.28,8089,176.00,5456.00
ES,36,pontevedra,5,paisaje naturaleza,actividades infantiles,4.17,15699,578.00,2312.00
ES,07,illes balears,5,paisaje naturaleza,actividades infantiles,4.33,203636,1587.00,374561.24
ES,26,la rioja,5,paisaje naturaleza,actividades infantiles,4.31,18300,250.00,1250.00
ES,01,araba/álava,5,paisaje naturaleza,actividades infantiles,4.41,11468,333.20,3198.40
ES,48,bizkaia,5,paisaje naturaleza,actividades infantiles,4.31,7925,10382.14,980825.71
ES,20,gipuzkoa,5,paisaje naturaleza,actividades infantiles,4.41,26976,577.80,16914.40
ES,30,murcia,5,paisaje naturaleza,actividades infantiles,4.20,2633,559.50,23744.00
ES,04,almería,5,servicios,cursos,4.19,430,2505.00,268035.00
ES,11,cádiz,5,servicios,cursos,4.26,39,2683.50,13417.50
ES,29,málaga,5,servicios,cursos,4.43,51898,7005.50,190396.50
ES,41,sevilla,5,servicios,cursos,4.34,4859,1593.50,34529.00
ES,50,zaragoza,5,servicios,cursos,4.21,61,4172.00,471203.50
ES,35,las palmas,5,servicios,cursos,4.28,2863,2923.33,153802.33
ES,38,santa cruz de tenerife,5,servicios,cursos,4.26,3753,663.00,14514.00
ES,16,cuenca,5,servicios,cursos,4.19,6,7978.00,303164.00
ES,08,barcelona,5,servicios,cursos,4.05,159935,2143.64,487344.64
ES,17,girona,5,servicios,cursos,4.24,1146,175.00,525.00
ES,43,tarragona,5,servicios,cursos,4.20,9269,3437.00,10311.00
ES,28,madrid,5,servicios,cursos,4.10,42370,6063.33,734655.33
ES,31,navarra,5,servicios,cursos,4.23,108,150.00,300.00
ES,03,alicante/alacant,5,servicios,cursos,4.28,29657,30.00,450.00
ES,46,valencia/valència,5,servicios,cursos,4.15,7124,9128.50,1116074.00
ES,15,a coruña,5,servicios,cursos,4.21,605,115.00,690.00
ES,27,lugo,5,servicios,cursos,4.28,560,825.00,2475.00
ES,36,pontevedra,5,servicios,cursos,4.17,1424,1030.00,1030.00
ES,07,illes balears,5,servicios,cursos,4.33,46354,2189.00,63091.12
ES,26,la rioja,5,servicios,cursos,4.31,10,3012.00,36144.00
ES,01,araba/álava,5,servicios,cursos,4.41,18,65.00,1105.00
ES,48,bizkaia,5,servicios,cursos,4.31,13509,2669.50,158639.50
ES,20,gipuzkoa,5,servicios,cursos,4.41,140,769.25,51512.00
ES,33,asturias,5,servicios,cursos,4.35,2389,400.00,800.00
ES,30,murcia,5,servicios,cursos,4.20,6,1759.60,53917.80
ES,29,málaga,5,paisaje naturaleza,deportes y aventuras,4.43,109648,1221.60,206903.80
ES,50,zaragoza,5,paisaje naturaleza,deportes y aventuras,4.21,5888,1239.00,35740.00
ES,19,guadalajara,5,paisaje naturaleza,deportes y aventuras,4.04,1303,25.00,1250.00
ES,37,salamanca,5,paisaje naturaleza,deportes y aventuras,4.17,3319,367.00,12111.00
ES,42,soria,5,paisaje naturaleza,deportes y aventuras,3.97,2792,1793.00,103994.00
ES,47,valladolid,5,paisaje naturaleza,deportes y aventuras,4.06,8696,977.50,11454.50
ES,08,barcelona,5,paisaje naturaleza,deportes y aventuras,4.05,200444,1049.07,250181.40
ES,17,girona,5,paisaje naturaleza,deportes y aventuras,4.24,61683,2700.75,29718.75
ES,43,tarragona,5,paisaje naturaleza,deportes y aventuras,4.20,33701,283.00,15566.00
ES,28,madrid,5,paisaje naturaleza,deportes y aventuras,4.10,121795,608.11,243211.89
ES,31,navarra,5,paisaje naturaleza,deportes y aventuras,4.23,7007,2562.00,394348.00
ES,03,alicante/alacant,5,paisaje naturaleza,deportes y aventuras,4.28,82424,371.12,4086.00
ES,12,castellón/castelló,5,paisaje naturaleza,deportes y aventuras,4.20,6934,1494.00,76194.00
ES,46,valencia/valència,5,paisaje naturaleza,deportes y aventuras,4.15,90776,55.00,2030.00
ES,06,badajoz,5,paisaje naturaleza,deportes y aventuras,4.29,1116,350.50,23619.00
ES,10,cáceres,5,paisaje naturaleza,deportes y aventuras,4.33,5814,982.00,101447.00
ES,15,a coruña,5,paisaje naturaleza,deportes y aventuras,4.21,18974,962.00,4329.00
ES,36,pontevedra,5,paisaje naturaleza,deportes y aventuras,4.17,15699,250.00,500.00
ES,07,illes balears,5,paisaje naturaleza,deportes y aventuras,4.33,203636,1225.40,59095.60
ES,26,la rioja,5,paisaje naturaleza,deportes y aventuras,4.31,18300,1529.50,243731.00
ES,01,araba/álava,5,paisaje naturaleza,deportes y aventuras,4.41,11468,209.33,7061.67
ES,48,bizkaia,5,paisaje naturaleza,deportes y aventuras,4.31,7925,831.00,1877577.33
ES,20,gipuzkoa,5,paisaje naturaleza,deportes y aventuras,4.41,26976,2438.67,277835.33
ES,33,asturias,5,paisaje naturaleza,deportes y aventuras,4.35,44006,9179.67,14809.33
ES,30,murcia,5,paisaje naturaleza,deportes y aventuras,4.20,2633,155.00,620.00
ES,04,almería,5,vida nocturna,cine,4.19,5362,605.50,4352.00
ES,11,cádiz,5,vida nocturna,cine,4.26,2343,283.50,48458.00
ES,41,sevilla,5,vida nocturna,cine,4.34,39053,321.50,16134.00
ES,35,las palmas,5,vida nocturna,cine,4.28,129544,1548.00,20124.00
ES,02,albacete,5,vida nocturna,cine,4.15,573,274.00,20002.00
ES,47,valladolid,5,vida nocturna,cine,4.06,1293,615.00,2214.00
ES,08,barcelona,5,vida nocturna,cine,4.05,119743,591.00,43193.50
ES,25,lleida,5,vida nocturna,cine,4.27,1184,120.00,6240.00
ES,43,tarragona,5,vida nocturna,cine,4.20,22730,120.00,5280.00
ES,28,madrid,5,vida nocturna,cine,4.10,100430,719.50,141746.00
ES,03,alicante/alacant,5,vida nocturna,cine,4.28,84389,50.00,975.00
ES,36,pontevedra,5,vida nocturna,cine,4.17,3092,2667.00,8001.00
ES,07,illes balears,5,vida nocturna,cine,4.33,122452,734.40,36522.40
ES,20,gipuzkoa,5,vida nocturna,cine,4.41,5503,296.43,17237.29
ES,33,asturias,5,vida nocturna,cine,4.35,9626,97.00,582.00
ES,14,córdoba,5,otros,conferencias,4.29,478,55.00,18260.00
ES,29,málaga,5,otros,conferencias,4.43,1156,1016.00,306832.00
ES,41,sevilla,5,otros,conferencias,4.34,431,619.00,14856.00
ES,50,zaragoza,5,otros,conferencias,4.21,158,1901.50,59973.50
ES,35,las palmas,5,otros,conferencias,4.28,176,618.50,171142.50
ES,13,ciudad real,5,otros,conferencias,4.29,156,14659.00,381134.00
ES,08,barcelona,5,otros,conferencias,4.05,2019,2450.67,12331.00
ES,25,lleida,5,otros,conferencias,4.27,79,72.00,1440.00
ES,43,tarragona,5,otros,conferencias,4.20,1769,4366.50,11533.00
ES,28,madrid,5,otros,conferencias,4.10,1624,3251.00,652566.00
ES,46,valencia/valència,5,otros,conferencias,4.15,621,2336.67,236432.00
ES,36,pontevedra,5,otros,conferencias,4.17,119,578.00,2312.00
ES,07,illes balears,5,otros,conferencias,4.33,296,1187.50,180490.50
ES,48,bizkaia,5,otros,conferencias,4.31,794,4489.00,731707.00
ES,33,asturias,5,otros,conferencias,4.35,92,150.00,3000.00
ES,30,murcia,5,otros,conferencias,4.20,7,1005.00,5025.00
ES,04,almería,5,paisaje urbano,"cultura, teatro y danza",4.19,14318,1043.17,351393.83
ES,11,cádiz,5,paisaje urbano,"cultura, teatro y danza",4.26,8809,806.36,54456.64
ES,14,córdoba,5,paisaje urbano,"cultura, teatro y danza",4.29,93962,783.50,241096.00
ES,18,granada,5,paisaje urbano,"cultura, teatro y danza",4.37,153042,715.20,282334.80
ES,23,jaén,5,paisaje urbano,"cultura, teatro y danza",4.33,16236,1587.00,460089.50
ES,29,málaga,5,paisaje urbano,"cultura, teatro y danza",4.43,158253,1835.36,206543.45
ES,41,sevilla,5,paisaje urbano,"cultura, teatro y danza",4.34,218279,487.50,724634.50
ES,22,huesca,5,paisaje urbano,"cultura, teatro y danza",4.25,10916,619.75,426393.75
ES,44,teruel,5,paisaje urbano,"cultura, teatro y danza",4.28,11015,1601.50,30386.00
ES,50,zaragoza,5,paisaje urbano,"cultura, teatro y danza",4.21,41352,881.00,1124637.75
ES,35,las palmas,5,paisaje urbano,"cultura, teatro y danza",4.28,51395,871.88,251120.53
ES,38,santa cruz de tenerife,5,paisaje urbano,"cultura, teatro y danza",4.26,66584,1032.43,228308.07
ES,39,cantabria,5,paisaje urbano,"cultura, teatro y danza",4.27,27507,636.50,19740.00
ES,02,albacete,5,paisaje urbano,"cultura, teatro y danza",4.15,3663,1109.71,82989.29
ES,13,ciudad real,5,paisaje urbano,"cultura, teatro y danza",4.29,7266,1256.00,8792.00
ES,16,cuenca,5,paisaje urbano,"cultura, teatro y danza",4.19,13771,770.00,5390.00
ES,45,toledo,5,paisaje urbano,"cultura, teatro y danza",4.18,55769,1741.83,1109495.17
ES,24,león,5,paisaje urbano,"cultura, teatro y danza",4.21,19169,220.00,440.00
ES,34,palencia,5,paisaje urbano,"cultura, teatro y danza",4.35,4984,1265.00,4048.00
ES,37,salamanca,5,paisaje urbano,"cultura, teatro y danza",4.17,31972,470.57,166189.00
ES,40,segovia,5,paisaje urbano,"cultura, teatro y danza",4.07,27928,150.00,2850.00
ES,47,valladolid,5,paisaje urbano,"cultura, teatro y danza",4.06,13695,1744.92,128164.15
ES,49,zamora,5,paisaje urbano,"cultura, teatro y danza",4.17,5872,1394.00,121972.00
ES,08,barcelona,5,paisaje urbano,"cultura, teatro y danza",4.05,732080,766.28,749355.08
ES,17,girona,5,paisaje urbano,"cultura, teatro y danza",4.24,50915,656.22,78530.11
ES,25,lleida,5,paisaje urbano,"cultura, teatro y danza",4.27,7171,70.00,6407.50
ES,43,tarragona,5,paisaje urbano,"cultura, teatro y danza",4.20,53439,1810.23,192677.15
ES,51,ceuta,5,paisaje urbano,"cultura, teatro y danza",0.00,0,852.00,78037.00
ES,28,madrid,5,paisaje urbano,"cultura, teatro y danza",4.10,458466,679.73,1212431.33
ES,31,navarra,5,paisaje urbano,"cultura, teatro y danza",4.23,19680,1447.00,187826.50
ES,03,alicante/alacant,5,paisaje urbano,"cultura, teatro y danza",4.28,67888,914.92,206148.54
ES,12,castellón/castelló,5,paisaje urbano,"cultura, teatro y danza",4.20,13212,608.00,29888.00
ES,46,valencia/valència,5,paisaje urbano,"cultura, teatro y danza",4.15,114505,976.11,1166154.33
ES,06,badajoz,5,paisaje urbano,"cultura, teatro y danza",4.29,18348,110.25,15271.75
ES,10,cáceres,5,paisaje urbano,"cultura, teatro y danza",4.33,23514,348.00,63443.57
ES,15,a coruña,5,paisaje urbano,"cultura, teatro y danza",4.21,50198,689.50,105195.00
ES,27,lugo,5,paisaje urbano,"cultura, teatro y danza",4.28,8872,1338.00,5228.00
ES,36,pontevedra,5,paisaje urbano,"cultura, teatro y danza",4.17,15892,656.00,153081.00
ES,07,illes balears,5,paisaje urbano,"cultura, teatro y danza",4.33,107418,808.70,119801.42
ES,26,la rioja,5,paisaje urbano,"cultura, teatro y danza",4.31,11493,2428.40,164243.80
ES,01,araba/álava,5,paisaje urbano,"cultura, teatro y danza",4.41,7811,483.00,131447.00
ES,48,bizkaia,5,paisaje urbano,"cultura, teatro y danza",4.31,56425,921.00,200488.50
ES,20,gipuzkoa,5,paisaje urbano,"cultura, teatro y danza",4.41,26949,600.38,83486.69
ES,33,asturias,5,paisaje urbano,"cultura, teatro y danza",4.35,40762,1036.50,56169.00
ES,30,murcia,5,paisaje urbano,"cultura, teatro y danza",4.20,9308,1042.00,49069.57
ES,50,zaragoza,5,compras,ferias,4.21,3119,2564.00,59044.00
ES,13,ciudad real,5,compras,ferias,4.29,147,14659.00,381134.00
ES,08,barcelona,5,compras,ferias,4.05,95381,3922.00,3922.00
ES,43,tarragona,5,compras,ferias,4.20,2200,8333.00,16666.00
ES,28,madrid,5,compras,ferias,4.10,89796,2918.00,420774.00
ES,46,valencia/valència,5,compras,ferias,4.15,81279,4120.00,218127.00
ES,48,bizkaia,5,compras,ferias,4.31,694,4489.00,731707.00
ES,18,granada,5,paisaje urbano,museo y exposiciones,4.37,153042,120.00,1200.00
ES,41,sevilla,5,paisaje urbano,museo y exposiciones,4.34,218279,925.67,29177.33
ES,50,zaragoza,5,paisaje urbano,museo y exposiciones,4.21,41352,350.50,109821.50
ES,45,toledo,5,paisaje urbano,museo y exposiciones,4.18,55769,715.00,69242.50
ES,37,salamanca,5,paisaje urbano,museo y exposiciones,4.17,31972,276.00,118596.50
ES,47,valladolid,5,paisaje urbano,museo y exposiciones,4.06,13695,970.00,16102.50
ES,08,barcelona,5,paisaje urbano,museo y exposiciones,4.05,732080,893.00,57267.00
ES,43,tarragona,5,paisaje urbano,museo y exposiciones,4.20,53439,1548.00,94428.00
ES,46,valencia/valència,5,paisaje urbano,museo y exposiciones,4.15,114505,381.00,712.00
ES,07,illes balears,5,paisaje urbano,museo y exposiciones,4.33,107418,663.20,8974.80
ES,48,bizkaia,5,paisaje urbano,museo y exposiciones,4.31,56425,994.00,460610.50
ES,04,almería,5,vida nocturna,musica,4.19,5362,982.00,113942.88
ES,11,cádiz,5,vida nocturna,musica,4.26,2343,867.60,131089.40
ES,14,córdoba,5,vida nocturna,musica,4.29,1908,789.33,175813.00
ES,18,granada,5,vida nocturna,musica,4.37,10900,1279.33,216044.83
ES,21,huelva,5,vida nocturna,musica,4.11,1623,1831.00,230706.00
ES,23,jaén,5,vida nocturna,musica,4.33,992,1122.85,85905.54
ES,29,málaga,5,vida nocturna,musica,4.43,56036,1546.47,885410.73
ES,41,sevilla,5,vida nocturna,musica,4.34,39053,1330.50,844971.60
ES,22,huesca,5,vida nocturna,musica,4.25,1293,694.40,171036.20
ES,44,teruel,5,vida nocturna,musica,4.28,950,1772.43,174955.14
ES,50,zaragoza,5,vida nocturna,musica,4.21,1614,902.00,137151.00
ES,35,las palmas,5,vida nocturna,musica,4.28,129544,1334.24,631152.12
ES,38,santa cruz de tenerife,5,vida nocturna,musica,4.26,62671,2035.81,349235.90
ES,39,cantabria,5,vida nocturna,musica,4.27,5819,1008.80,259416.40
ES,02,albacete,5,vida nocturna,musica,4.15,573,1366.67,103247.17
ES,13,ciudad real,5,vida nocturna,musica,4.29,385,994.44,31242.56
ES,16,cuenca,5,vida nocturna,musica,4.19,760,1105.50,366593.50
ES,19,guadalajara,5,vida nocturna,musica,4.04,447,871.00,47143.67
ES,45,toledo,5,vida nocturna,musica,4.18,434,2571.57,223297.57
ES,09,burgos,5,vida nocturna,musica,4.28,970,1929.14,79766.86
ES,24,león,5,vida nocturna,musica,4.21,1480,1365.00,74942.75
ES,34,palencia,5,vida nocturna,musica,4.35,379,1043.50,6378.00
ES,37,salamanca,5,vida nocturna,musica,4.17,3701,1342.80,145626.20
ES,40,segovia,5,vida nocturna,musica,4.07,263,1724.50,83415.75
ES,42,soria,5,vida nocturna,musica,3.97,154,991.00,28496.00
ES,47,valladolid,5,vida nocturna,musica,4.06,1293,1062.22,182853.78
ES,49,zamora,5,vida nocturna,musica,4.17,462,1470.14,98082.14
ES,08,barcelona,5,vida nocturna,musica,4.05,119743,1277.47,939688.66
ES,17,girona,5,vida nocturna,musica,4.24,12856,1667.70,291743.57
ES,25,lleida,5,vida nocturna,musica,4.27,1184,1124.08,147370.92
ES,43,tarragona,5,vida nocturna,musica,4.20,22730,1084.70,139684.04
ES,51,ceuta,5,vida nocturna,musica,0.00,0,1297.00,15564.00
ES,28,madrid,5,vida nocturna,musica,4.10,100430,1137.34,3043775.34
ES,31,navarra,5,vida nocturna,musica,4.23,2565,1568.67,1484106.92
ES,03,alicante/alacant,5,vida nocturna,musica,4.28,84389,1636.16,212685.72
ES,12,castellón/castelló,5,vida nocturna,musica,4.20,2406,1179.20,91897.60
ES,46,valencia/valència,5,vida nocturna,musica,4.15,9307,1412.07,329028.70
ES,06,badajoz,5,vida nocturna,musica,4.29,2109,848.00,200107.00
ES,10,cáceres,5,vida nocturna,musica,4.33,1377,1250.33,101699.00
ES,15,a coruña,5,vida nocturna,musica,4.21,5653,981.47,368593.13
ES,27,lugo,5,vida nocturna,musica,4.28,502,1349.00,40314.67
ES,32,ourense,5,vida nocturna,musica,4.15,660,1495.25,20307.25
ES,36,pontevedra,5,vida nocturna,musica,4.17,3092,909.82,189546.00
ES,07,illes balears,5,vida nocturna,musica,4.33,122452,1534.39,797846.74
ES,26,la rioja,5,vida nocturna,musica,4.31,1866,1357.43,103059.57
ES,01,araba/álava,5,vida nocturna,musica,4.41,1138,831.00,189298.33
ES,48,bizkaia,5,vida nocturna,musica,4.31,5615,1102.78,513137.22
ES,20,gipuzkoa,5,vida nocturna,musica,4.41,5503,1144.82,159727.88
ES,33,asturias,5,vida nocturna,musica,4.35,9626,2702.87,730152.73
ES,30,murcia,5,vida nocturna,musica,4.20,1488,1056.25,134177.25
ES,04,almería,5,vida nocturna,musicales,4.19,5362,1203.00,194886.00
ES,11,cádiz,5,vida nocturna,musicales,4.26,2343,1151.00,82928.67
ES,14,córdoba,5,vida nocturna,musicales,4.29,1908,941.50,121767.50
ES,18,granada,5,vida nocturna,musicales,4.37,10900,337.67,115207.00
ES,23,jaén,5,vida nocturna,musicales,4.33,992,1683.00,79101.00
ES,29,málaga,5,vida nocturna,musicales,4.43,56036,78.50,1420.00
ES,41,sevilla,5,vida nocturna,musicales,4.34,39053,1789.00,246353.00
ES,22,huesca,5,vida nocturna,musicales,4.25,1293,662.00,843360.00
ES,50,zaragoza,5,vida nocturna,musicales,4.21,1614,816.50,363267.50
ES,35,las palmas,5,vida nocturna,musicales,4.28,129544,609.25,181422.75
ES,38,santa cruz de tenerife,5,vida nocturna,musicales,4.26,62671,365.67,14996.00
ES,02,albacete,5,vida nocturna,musicales,4.15,573,147.00,24493.00
ES,24,león,5,vida nocturna,musicales,4.21,1480,220.00,440.00
ES,37,salamanca,5,vida nocturna,musicales,4.17,3701,1431.00,73605.00
ES,47,valladolid,5,vida nocturna,musicales,4.06,1293,770.33,9226.33
ES,08,barcelona,5,vida nocturna,musicales,4.05,119743,860.70,448945.00
ES,17,girona,5,vida nocturna,musicales,4.24,12856,440.00,43637.50
ES,43,tarragona,5,vida nocturna,musicales,4.20,22730,1913.00,619812.00
ES,28,madrid,5,vida nocturna,musicales,4.10,100430,539.00,428828.00
ES,03,alicante/alacant,5,vida nocturna,musicales,4.28,84389,102.00,24000.67
ES,46,valencia/valència,5,vida nocturna,musicales,4.15,9307,559.50,115173.50
ES,06,badajoz,5,vida nocturna,musicales,4.29,2109,185.50,30413.50
ES,10,cáceres,5,vida nocturna,musicales,4.33,1377,396.75,15743.25
ES,27,lugo,5,vida nocturna,musicales,4.28,502,176.00,5456.00
ES,07,illes balears,5,vida nocturna,musicales,4.33,122452,1009.00,175199.50
ES,30,murcia,5,vida nocturna,musicales,4.20,1488,818.00,31190.75
ES,04,almería,6,paisaje naturaleza,actividades infantiles,4.19,23376,494.33,16271.33
ES,11,cádiz,6,paisaje naturaleza,actividades infantiles,4.26,12350,633.75,10083.00
ES,14,córdoba,6,paisaje naturaleza,actividades infantiles,4.29,3767,58.00,2900.00
ES,18,granada,6,paisaje naturaleza,actividades infantiles,4.37,18492,2123.67,85185.00
ES,21,huelva,6,paisaje naturaleza,actividades infantiles,4.11,8396,976.00,6980.00
ES,23,jaén,6,paisaje naturaleza,actividades infantiles,4.33,4366,3488.00,62784.00
ES,29,málaga,6,paisaje naturaleza,actividades infantiles,4.43,109648,350.40,14189.40
ES,41,sevilla,6,paisaje naturaleza,actividades infantiles,4.34,21476,2138.00,108906.33
ES,22,huesca,6,paisaje naturaleza,actividades infantiles,4.25,17445,479.00,6224.00
ES,50,zaragoza,6,paisaje naturaleza,actividades infantiles,4.21,5888,730.50,41068.00
ES,35,las palmas,6,paisaje naturaleza,actividades infantiles,4.28,200378,64.50,4937.50
ES,38,santa cruz de tenerife,6,paisaje naturaleza,actividades infantiles,4.26,190067,174.50,1317.00
ES,39,cantabria,6,paisaje naturaleza,actividades infantiles,4.27,37946,1045.00,15386.00
ES,02,albacete,6,paisaje naturaleza,actividades infantiles,4.15,3169,743.33,315732.67
ES,13,ciudad real,6,paisaje naturaleza,actividades infantiles,4.29,3026,127.00,6360.00
ES,45,toledo,6,paisaje naturaleza,actividades infantiles,4.18,1715,1364.33,79172.83
ES,09,burgos,6,paisaje naturaleza,actividades infantiles,4.28,6285,609.00,35931.00
ES,24,león,6,paisaje naturaleza,actividades infantiles,4.21,4506,951.25,17976.75
ES,34,palencia,6,paisaje naturaleza,actividades infantiles,4.35,398,57.00,2613.00
ES,37,salamanca,6,paisaje naturaleza,actividades infantiles,4.17,3319,176.00,8624.00
ES,42,soria,6,paisaje naturaleza,actividades infantiles,3.97,2792,1178.00,3534.00
ES,47,valladolid,6,paisaje naturaleza,actividades infantiles,4.06,8696,1701.57,75136.57
ES,49,zamora,6,paisaje naturaleza,actividades infantiles,4.17,2116,2405.00,8177.00
ES,08,barcelona,6,paisaje naturaleza,actividades infantiles,4.05,200444,976.21,144890.68
ES,17,girona,6,paisaje naturaleza,actividades infantiles,4.24,61683,1050.00,82390.00
ES,25,lleida,6,paisaje naturaleza,actividades infantiles,4.27,9898,194.67,25705.67
ES,43,tarragona,6,paisaje naturaleza,actividades infantiles,4.20,33701,586.00,306684.50
ES,28,madrid,6,paisaje naturaleza,actividades infantiles,4.10,121795,1124.42,206913.00
ES,31,navarra,6,paisaje naturaleza,actividades infantiles,4.23,7007,2012.25,469873.00
ES,03,alicante/alacant,6,paisaje naturaleza,actividades infantiles,4.28,82424,1712.25,7934.00
ES,46,valencia/valència,6,paisaje naturaleza,actividades infantiles,4.15,90776,1171.20,223643.60
ES,06,badajoz,6,paisaje naturaleza,actividades infantiles,4.29,1116,3254.00,53588.67
ES,10,cáceres,6,paisaje naturaleza,actividades infantiles,4.33,5814,1240.60,36908.80
ES,15,a coruña,6,paisaje naturaleza,actividades infantiles,4.21,18974,1181.00,53419.00
ES,27,lugo,6,paisaje naturaleza,actividades infantiles,4.28,8089,1204.00,549024.00
ES,32,ourense,6,paisaje naturaleza,actividades infantiles,4.15,1840,1178.00,3534.00
ES,36,pontevedra,6,paisaje naturaleza,actividades infantiles,4.17,15699,675.00,540.00
ES,07,illes balears,6,paisaje naturaleza,actividades infantiles,4.33,203636,1143.57,170220.57
ES,26,la rioja,6,paisaje naturaleza,actividades infantiles,4.31,18300,80.00,7520.00
ES,01,araba/álava,6,paisaje naturaleza,actividades infantiles,4.41,11468,493.60,16551.00
ES,48,bizkaia,6,paisaje naturaleza,actividades infantiles,4.31,7925,10032.40,431877.80
ES,20,gipuzkoa,6,paisaje naturaleza,actividades infantiles,4.41,26976,571.50,33925.50
ES,33,asturias,6,paisaje naturaleza,actividades infantiles,4.35,44006,670.33,2640.00
ES,30,murcia,6,paisaje naturaleza,actividades infantiles,4.20,2633,567.50,51499.50
ES,11,cádiz,6,servicios,cursos,4.26,39,400.00,800.00
ES,29,málaga,6,servicios,cursos,4.43,51898,1617.50,65036.50
ES,41,sevilla,6,servicios,cursos,4.34,4859,542.00,31978.00
ES,22,huesca,6,servicios,cursos,4.25,533,250.00,3750.00
ES,50,zaragoza,6,servicios,cursos,4.21,61,5459.00,349376.00
ES,35,las palmas,6,servicios,cursos,4.28,2863,996.00,45002.00
ES,38,santa cruz de tenerife,6,servicios,cursos,4.26,3753,2326.00,8573.00
ES,08,barcelona,6,servicios,cursos,4.05,159935,1879.00,264776.22
ES,17,girona,6,servicios,cursos,4.24,1146,860.50,4002.50
ES,43,tarragona,6,servicios,cursos,4.20,9269,5446.25,28453.25
ES,28,madrid,6,servicios,cursos,4.10,42370,3616.38,282125.38
ES,46,valencia/valència,6,servicios,cursos,4.15,7124,1177.50,12620.50
ES,15,a coruña,6,servicios,cursos,4.21,605,30.00,450.00
ES,36,pontevedra,6,servicios,cursos,4.17,1424,590.00,590.00
ES,07,illes balears,6,servicios,cursos,4.33,46354,1732.50,35595.38
ES,01,araba/álava,6,servicios,cursos,4.41,18,344.00,3828.00
ES,48,bizkaia,6,servicios,cursos,4.31,13509,987.67,10227.33
ES,30,murcia,6,servicios,cursos,4.20,6,16789.50,111891.50
ES,21,huelva,6,paisaje naturaleza,deportes y aventuras,4.11,8396,835.50,1571.00
ES,29,málaga,6,paisaje naturaleza,deportes y aventuras,4.43,109648,2102.00,6306.00
ES,44,teruel,6,paisaje naturaleza,deportes y aventuras,4.28,3578,2547.00,269982.00
ES,50,zaragoza,6,paisaje naturaleza,deportes y aventuras,4.21,5888,1984.33,114926.00
ES,35,las palmas,6,paisaje naturaleza,deportes y aventuras,4.28,200378,500.00,5500.00
ES,38,santa cruz de tenerife,6,paisaje naturaleza,deportes y aventuras,4.26,190067,234.00,44382.67
ES,02,albacete,6,paisaje naturaleza,deportes y aventuras,4.15,3169,3973.00,67541.00
ES,16,cuenca,6,paisaje naturaleza,deportes y aventuras,4.19,3251,500.00,5500.00
ES,19,guadalajara,6,paisaje naturaleza,deportes y aventuras,4.04,1303,267.00,28302.00
ES,05,ávila,6,paisaje naturaleza,deportes y aventuras,4.23,1874,7438.00,3719.00
ES,34,palencia,6,paisaje naturaleza,deportes y aventuras,4.35,398,350.00,350.00
ES,37,salamanca,6,paisaje naturaleza,deportes y aventuras,4.17,3319,261.50,3799.00
ES,42,soria,6,paisaje naturaleza,deportes y aventuras,3.97,2792,1800.00,1800.00
ES,47,valladolid,6,paisaje naturaleza,deportes y aventuras,4.06,8696,2633.83,27469.50
ES,08,barcelona,6,paisaje naturaleza,deportes y aventuras,4.05,200444,645.10,78808.40
ES,17,girona,6,paisaje naturaleza,deportes y aventuras,4.24,61683,1626.33,28058.33
ES,43,tarragona,6,paisaje naturaleza,deportes y aventuras,4.20,33701,635.00,25754.00
ES,28,madrid,6,paisaje naturaleza,deportes y aventuras,4.10,121795,1453.62,77124.75
ES,31,navarra,6,paisaje naturaleza,deportes y aventuras,4.23,7007,3311.33,184683.67
ES,03,alicante/alacant,6,paisaje naturaleza,deportes y aventuras,4.28,82424,408.50,26545.50
ES,46,valencia/valència,6,paisaje naturaleza,deportes y aventuras,4.15,90776,4374.00,227448.00
ES,06,badajoz,6,paisaje naturaleza,deportes y aventuras,4.29,1116,1441.80,220674.80
ES,10,cáceres,6,paisaje naturaleza,deportes y aventuras,4.33,5814,1669.50,409713.00
ES,15,a coruña,6,paisaje naturaleza,deportes y aventuras,4.21,18974,791.00,40341.00
ES,07,illes balears,6,paisaje naturaleza,deportes y aventuras,4.33,203636,996.00,91294.67
ES,26,la rioja,6,paisaje naturaleza,deportes y aventuras,4.31,18300,2007.00,6021.00
ES,01,araba/álava,6,paisaje naturaleza,deportes y aventuras,4.41,11468,491.67,24802.67
ES,48,bizkaia,6,paisaje naturaleza,deportes y aventuras,4.31,7925,1563.00,125040.00
ES,20,gipuzkoa,6,paisaje naturaleza,deportes y aventuras,4.41,26976,1992.25,349808.50
ES,33,asturias,6,paisaje naturaleza,deportes y aventuras,4.35,44006,2830.20,19370.20
ES,30,murcia,6,paisaje naturaleza,deportes y aventuras,4.20,2633,194.00,5044.00
ES,04,almería,6,vida nocturna,cine,4.19,5362,587.50,30577.00
ES,11,cádiz,6,vida nocturna,cine,4.26,2343,367.00,2936.00
ES,29,málaga,6,vida nocturna,cine,4.43,56036,100.00,20000.00
ES,41,sevilla,6,vida nocturna,cine,4.34,39053,582.50,56295.50
ES,22,huesca,6,vida nocturna,cine,4.25,1293,400.00,4000.00
ES,45,toledo,6,vida nocturna,cine,4.18,434,1263.50,180595.00
ES,47,valladolid,6,vida nocturna,cine,4.06,1293,632.75,14066.75
ES,08,barcelona,6,vida nocturna,cine,4.05,119743,1030.50,48293.50
ES,17,girona,6,vida nocturna,cine,4.24,12856,494.00,3458.00
ES,28,madrid,6,vida nocturna,cine,4.10,100430,347.00,64228.67
ES,03,alicante/alacant,6,vida nocturna,cine,4.28,84389,85.00,1148.33
ES,15,a coruña,6,vida nocturna,cine,4.21,5653,83.00,2158.00
ES,07,illes balears,6,vida nocturna,cine,4.33,122452,378.50,11458.25
ES,20,gipuzkoa,6,vida nocturna,cine,4.41,5503,310.75,3128.25
ES,04,almería,6,otros,conferencias,4.19,238,6796.00,550476.00
ES,14,córdoba,6,otros,conferencias,4.29,478,55.00,15290.00
ES,18,granada,6,otros,conferencias,4.37,161,680.00,55080.00
ES,29,málaga,6,otros,conferencias,4.43,1156,14500.00,29000.00
ES,41,sevilla,6,otros,conferencias,4.34,431,619.00,10523.00
ES,50,zaragoza,6,otros,conferencias,4.21,158,4333.00,292160.00
ES,35,las palmas,6,otros,conferencias,4.28,176,262.00,12576.00
ES,13,ciudad real,6,otros,conferencias,4.29,156,14117.00,169404.00
ES,08,barcelona,6,otros,conferencias,4.05,2019,947.33,26935.33
ES,25,lleida,6,otros,conferencias,4.27,79,120.00,10320.00
ES,43,tarragona,6,otros,conferencias,4.20,1769,452.00,4068.00
ES,28,madrid,6,otros,conferencias,4.10,1624,1349.50,88256.25
ES,46,valencia/valència,6,otros,conferencias,4.15,621,7343.33,138236.67
ES,15,a coruña,6,otros,conferencias,4.21,200,1975.00,9875.00
ES,36,pontevedra,6,otros,conferencias,4.17,119,369.00,6759.00
ES,07,illes balears,6,otros,conferencias,4.33,296,4002.00,116058.00
ES,48,bizkaia,6,otros,conferencias,4.31,794,323.00,21964.00
ES,30,murcia,6,otros,conferencias,4.20,7,100.00,13600.00
ES,04,almería,6,paisaje urbano,"cultura, teatro y danza",4.19,14318,1529.83,394013.33
ES,11,cádiz,6,paisaje urbano,"cultura, teatro y danza",4.26,8809,2180.86,109270.00
ES,14,córdoba,6,paisaje urbano,"cultura, teatro y danza",4.29,93962,800.00,343060.00
ES,18,granada,6,paisaje urbano,"cultura, teatro y danza",4.37,153042,3074.40,1379943.60
ES,21,huelva,6,paisaje urbano,"cultura, teatro y danza",4.11,9984,1257.00,17598.00
ES,23,jaén,6,paisaje urbano,"cultura, teatro y danza",4.33,16236,350.00,2800.00
ES,29,málaga,6,paisaje urbano,"cultura, teatro y danza",4.43,158253,1233.29,54616.86
ES,41,sevilla,6,paisaje urbano,"cultura, teatro y danza",4.34,218279,786.67,672934.50
ES,22,huesca,6,paisaje urbano,"cultura, teatro y danza",4.25,10916,690.67,49977.33
ES,44,teruel,6,paisaje urbano,"cultura, teatro y danza",4.28,11015,1595.00,319.00
ES,50,zaragoza,6,paisaje urbano,"cultura, teatro y danza",4.21,41352,983.83,332879.50
ES,35,las palmas,6,paisaje urbano,"cultura, teatro y danza",4.28,51395,531.69,202719.15
ES,38,santa cruz de tenerife,6,paisaje urbano,"cultura, teatro y danza",4.26,66584,1015.36,116345.09
ES,39,cantabria,6,paisaje urbano,"cultura, teatro y danza",4.27,27507,1192.00,50573.50
ES,02,albacete,6,paisaje urbano,"cultura, teatro y danza",4.15,3663,1076.50,56354.25
ES,13,ciudad real,6,paisaje urbano,"cultura, teatro y danza",4.29,7266,1762.00,21144.00
ES,16,cuenca,6,paisaje urbano,"cultura, teatro y danza",4.19,13771,60.00,540.00
ES,19,guadalajara,6,paisaje urbano,"cultura, teatro y danza",4.04,6159,747.25,179231.75
ES,45,toledo,6,paisaje urbano,"cultura, teatro y danza",4.18,55769,2109.75,573669.50
ES,24,león,6,paisaje urbano,"cultura, teatro y danza",4.21,19169,1639.00,40975.00
ES,37,salamanca,6,paisaje urbano,"cultura, teatro y danza",4.17,31972,503.75,21862.00
ES,47,valladolid,6,paisaje urbano,"cultura, teatro y danza",4.06,13695,1149.70,111387.50
ES,49,zamora,6,paisaje urbano,"cultura, teatro y danza",4.17,5872,2262.00,219414.00
ES,08,barcelona,6,paisaje urbano,"cultura, teatro y danza",4.05,732080,998.90,764512.68
ES,17,girona,6,paisaje urbano,"cultura, teatro y danza",4.24,50915,279.60,36765.80
ES,25,lleida,6,paisaje urbano,"cultura, teatro y danza",4.27,7171,535.62,18572.88
ES,43,tarragona,6,paisaje urbano,"cultura, teatro y danza",4.20,53439,565.00,26025.62
ES,51,ceuta,6,paisaje urbano,"cultura, teatro y danza",0.00,0,347.00,16598.00
ES,28,madrid,6,paisaje urbano,"cultura, teatro y danza",4.10,458466,456.07,124016.36
ES,03,alicante/alacant,6,paisaje urbano,"cultura, teatro y danza",4.28,67888,2279.20,222720.10
ES,12,castellón/castelló,6,paisaje urbano,"cultura, teatro y danza",4.20,13212,85.50,279.50
ES,46,valencia/valència,6,paisaje urbano,"cultura, teatro y danza",4.15,114505,944.00,1163883.00
ES,06,badajoz,6,paisaje urbano,"cultura, teatro y danza",4.29,18348,1479.00,250746.29
ES,10,cáceres,6,paisaje urbano,"cultura, teatro y danza",4.33,23514,424.33,29441.00
ES,15,a coruña,6,paisaje urbano,"cultura, teatro y danza",4.21,50198,676.50,75000.50
ES,27,lugo,6,paisaje urbano,"cultura, teatro y danza",4.28,8872,2500.00,7500.00
ES,36,pontevedra,6,paisaje urbano,"cultura, teatro y danza",4.17,15892,1043.80,894966.20
ES,07,illes balears,6,paisaje urbano,"cultura, teatro y danza",4.33,107418,828.00,226835.05
ES,26,la rioja,6,paisaje urbano,"cultura, teatro y danza",4.31,11493,5048.50,159535.83
ES,01,araba/álava,6,paisaje urbano,"cultura, teatro y danza",4.41,7811,974.67,196717.33
ES,48,bizkaia,6,paisaje urbano,"cultura, teatro y danza",4.31,56425,606.33,117223.11
ES,20,gipuzkoa,6,paisaje urbano,"cultura, teatro y danza",4.41,26949,575.20,40142.70
ES,33,asturias,6,paisaje urbano,"cultura, teatro y danza",4.35,40762,367.33,13188.00
ES,30,murcia,6,paisaje urbano,"cultura, teatro y danza",4.20,9308,934.86,275637.43
ES,04,almería,6,compras,ferias,4.19,2490,6796.00,550476.00
ES,50,zaragoza,6,compras,ferias,4.21,3119,5468.50,291044.00
ES,13,ciudad real,6,compras,ferias,4.29,147,14117.00,169404.00
ES,43,tarragona,6,compras,ferias,4.20,2200,452.00,4068.00
ES,28,madrid,6,compras,ferias,4.10,89796,293.50,162298.50
ES,46,valencia/valència,6,compras,ferias,4.15,81279,11620.00,95375.00
ES,48,bizkaia,6,compras,ferias,4.31,694,323.00,21964.00
ES,04,almería,6,paisaje urbano,museo y exposiciones,4.19,14318,440.00,1760.00
ES,18,granada,6,paisaje urbano,museo y exposiciones,4.37,153042,114.00,28158.00
ES,41,sevilla,6,paisaje urbano,museo y exposiciones,4.34,218279,958.00,20575.33
ES,50,zaragoza,6,paisaje urbano,museo y exposiciones,4.21,41352,351.50,22106.50
ES,45,toledo,6,paisaje urbano,museo y exposiciones,4.18,55769,727.50,29585.00
ES,37,salamanca,6,paisaje urbano,museo y exposiciones,4.17,31972,239.00,6427.00
ES,47,valladolid,6,paisaje urbano,museo y exposiciones,4.06,13695,304.00,15931.00
ES,08,barcelona,6,paisaje urbano,museo y exposiciones,4.05,732080,1751.50,63641.50
ES,43,tarragona,6,paisaje urbano,museo y exposiciones,4.20,53439,129.00,4257.00
ES,28,madrid,6,paisaje urbano,museo y exposiciones,4.10,458466,290.00,2900.00
ES,46,valencia/valència,6,paisaje urbano,museo y exposiciones,4.15,114505,1707.00,32433.00
ES,48,bizkaia,6,paisaje urbano,museo y exposiciones,4.31,56425,1047.00,432054.00
ES,33,asturias,6,paisaje urbano,museo y exposiciones,4.35,40762,588.00,6468.00
ES,04,almería,6,vida nocturna,musica,4.19,5362,1606.25,55397.88
ES,11,cádiz,6,vida nocturna,musica,4.26,2343,1655.40,347246.80
ES,14,córdoba,6,vida nocturna,musica,4.29,1908,1505.50,108228.75
ES,18,granada,6,vida nocturna,musica,4.37,10900,1550.19,211427.25
ES,21,huelva,6,vida nocturna,musica,4.11,1623,1807.00,3614.00
ES,23,jaén,6,vida nocturna,musica,4.33,992,1657.00,137828.44
ES,29,málaga,6,vida nocturna,musica,4.43,56036,1517.45,289623.75
ES,41,sevilla,6,vida nocturna,musica,4.34,39053,1473.12,1010902.50
ES,22,huesca,6,vida nocturna,musica,4.25,1293,1214.22,353794.56
ES,44,teruel,6,vida nocturna,musica,4.28,950,2213.60,519785.00
ES,50,zaragoza,6,vida nocturna,musica,4.21,1614,848.75,433949.56
ES,35,las palmas,6,vida nocturna,musica,4.28,129544,1398.06,409726.19
ES,38,santa cruz de tenerife,6,vida nocturna,musica,4.26,62671,1729.71,404469.10
ES,39,cantabria,6,vida nocturna,musica,4.27,5819,1151.17,80177.00
ES,02,albacete,6,vida nocturna,musica,4.15,573,1581.50,200423.88
ES,13,ciudad real,6,vida nocturna,musica,4.29,385,766.29,58716.29
ES,16,cuenca,6,vida nocturna,musica,4.19,760,1430.00,870954.00
ES,19,guadalajara,6,vida nocturna,musica,4.04,447,529.00,40272.12
ES,45,toledo,6,vida nocturna,musica,4.18,434,2051.50,56685.38
ES,09,burgos,6,vida nocturna,musica,4.28,970,1702.83,81177.50
ES,24,león,6,vida nocturna,musica,4.21,1480,895.29,13673.29
ES,34,palencia,6,vida nocturna,musica,4.35,379,650.67,22062.67
ES,37,salamanca,6,vida nocturna,musica,4.17,3701,736.25,399640.50
ES,40,segovia,6,vida nocturna,musica,4.07,263,1487.40,59900.40
ES,42,soria,6,vida nocturna,musica,3.97,154,657.50,136594.00
ES,47,valladolid,6,vida nocturna,musica,4.06,1293,1978.25,1654295.50
ES,49,zamora,6,vida nocturna,musica,4.17,462,1033.20,255509.20
ES,08,barcelona,6,vida nocturna,musica,4.05,119743,1240.22,746944.31
ES,17,girona,6,vida nocturna,musica,4.24,12856,1668.81,266295.12
ES,25,lleida,6,vida nocturna,musica,4.27,1184,1083.50,189586.50
ES,43,tarragona,6,vida nocturna,musica,4.20,22730,1691.11,223569.89
ES,51,ceuta,6,vida nocturna,musica,0.00,0,1143.00,52126.50
ES,28,madrid,6,vida nocturna,musica,4.10,100430,1616.35,1337376.23
ES,31,navarra,6,vida nocturna,musica,4.23,2565,1666.00,692821.15
ES,03,alicante/alacant,6,vida nocturna,musica,4.28,84389,1617.66,234795.25
ES,12,castellón/castelló,6,vida nocturna,musica,4.20,2406,1640.09,57348.18
ES,46,valencia/valència,6,vida nocturna,musica,4.15,9307,1308.89,388092.53
ES,06,badajoz,6,vida nocturna,musica,4.29,2109,518.00,62684.60
ES,10,cáceres,6,vida nocturna,musica,4.33,1377,1337.75,39887.50
ES,15,a coruña,6,vida nocturna,musica,4.21,5653,1145.41,347689.53
ES,27,lugo,6,vida nocturna,musica,4.28,502,1092.00,321615.50
ES,32,ourense,6,vida nocturna,musica,4.15,660,456.33,1805.67
ES,36,pontevedra,6,vida nocturna,musica,4.17,3092,711.73,174905.18
ES,07,illes balears,6,vida nocturna,musica,4.33,122452,1682.40,725197.34
ES,26,la rioja,6,vida nocturna,musica,4.31,1866,1453.71,125437.57
ES,01,araba/álava,6,vida nocturna,musica,4.41,1138,930.80,88801.80
ES,48,bizkaia,6,vida nocturna,musica,4.31,5615,1118.79,242205.36
ES,20,gipuzkoa,6,vida nocturna,musica,4.41,5503,1237.67,246938.92
ES,23,jaén,9,servicios,cursos,4.33,84,1001.00,16016.00
ES,33,asturias,6,vida nocturna,musica,4.35,9626,3178.73,757546.91
ES,30,murcia,6,vida nocturna,musica,4.20,1488,1563.83,272725.83
ES,04,almería,6,vida nocturna,musicales,4.19,5362,120.00,240.00
ES,14,córdoba,6,vida nocturna,musicales,4.29,1908,1096.00,133712.00
ES,18,granada,6,vida nocturna,musicales,4.37,10900,787.00,174375.00
ES,29,málaga,6,vida nocturna,musicales,4.43,56036,100.00,2000.00
ES,41,sevilla,6,vida nocturna,musicales,4.34,39053,447.00,1974.00
ES,22,huesca,6,vida nocturna,musicales,4.25,1293,685.00,12878.00
ES,50,zaragoza,6,vida nocturna,musicales,4.21,1614,728.50,57347.00
ES,35,las palmas,6,vida nocturna,musicales,4.28,129544,539.50,36862.50
ES,38,santa cruz de tenerife,6,vida nocturna,musicales,4.26,62671,120.00,3960.00
ES,02,albacete,6,vida nocturna,musicales,4.15,573,176.00,1936.00
ES,24,león,6,vida nocturna,musicales,4.21,1480,1639.00,40975.00
ES,37,salamanca,6,vida nocturna,musicales,4.17,3701,796.00,26968.00
ES,47,valladolid,6,vida nocturna,musicales,4.06,1293,1077.00,99677.67
ES,08,barcelona,6,vida nocturna,musicales,4.05,119743,371.20,169785.60
ES,17,girona,6,vida nocturna,musicales,4.24,12856,851.00,151478.00
ES,43,tarragona,6,vida nocturna,musicales,4.20,22730,1859.00,7436.00
ES,28,madrid,6,vida nocturna,musicales,4.10,100430,437.20,124830.00
ES,03,alicante/alacant,6,vida nocturna,musicales,4.28,84389,281.33,10705.33
ES,46,valencia/valència,6,vida nocturna,musicales,4.15,9307,751.67,487782.67
ES,06,badajoz,6,vida nocturna,musicales,4.29,2109,1338.67,187186.67
ES,10,cáceres,6,vida nocturna,musicales,4.33,1377,176.00,4576.00
ES,15,a coruña,6,vida nocturna,musicales,4.21,5653,432.00,20736.00
ES,36,pontevedra,6,vida nocturna,musicales,4.17,3092,728.00,728.00
ES,07,illes balears,6,vida nocturna,musicales,4.33,122452,1275.50,128977.25
ES,48,bizkaia,6,vida nocturna,musicales,4.31,5615,60.00,420.00
ES,30,murcia,6,vida nocturna,musicales,4.20,1488,917.00,99947.67
ES,07,illes balears,6,paisaje naturaleza,parques tematicos,4.33,203636,1145.00,88165.00
ES,04,almería,7,paisaje naturaleza,actividades infantiles,4.19,23376,287.33,6460.17
ES,11,cádiz,7,paisaje naturaleza,actividades infantiles,4.26,12350,802.83,21418.17
ES,14,córdoba,7,paisaje naturaleza,actividades infantiles,4.29,3767,1213.50,36095.50
ES,18,granada,7,paisaje naturaleza,actividades infantiles,4.37,18492,1620.00,86353.25
ES,21,huelva,7,paisaje naturaleza,actividades infantiles,4.11,8396,1448.33,46311.33
ES,23,jaén,7,paisaje naturaleza,actividades infantiles,4.33,4366,1458.33,27918.00
ES,29,málaga,7,paisaje naturaleza,actividades infantiles,4.43,109648,1255.17,11941.17
ES,41,sevilla,7,paisaje naturaleza,actividades infantiles,4.34,21476,1276.60,61563.00
ES,22,huesca,7,paisaje naturaleza,actividades infantiles,4.25,17445,492.40,6529.40
ES,50,zaragoza,7,paisaje naturaleza,actividades infantiles,4.21,5888,1053.33,71413.33
ES,35,las palmas,7,paisaje naturaleza,actividades infantiles,4.28,200378,48.00,144.00
ES,38,santa cruz de tenerife,7,paisaje naturaleza,actividades infantiles,4.26,190067,40.00,12960.00
ES,39,cantabria,7,paisaje naturaleza,actividades infantiles,4.27,37946,676.60,18374.80
ES,02,albacete,7,paisaje naturaleza,actividades infantiles,4.15,3169,1178.50,217395.00
ES,13,ciudad real,7,paisaje naturaleza,actividades infantiles,4.29,3026,1345.33,52285.00
ES,16,cuenca,7,paisaje naturaleza,actividades infantiles,4.19,3251,550.00,750.00
ES,45,toledo,7,paisaje naturaleza,actividades infantiles,4.18,1715,1042.00,304549.40
ES,09,burgos,7,paisaje naturaleza,actividades infantiles,4.28,6285,1193.00,28962.00
ES,24,león,7,paisaje naturaleza,actividades infantiles,4.21,4506,977.50,69589.50
ES,37,salamanca,7,paisaje naturaleza,actividades infantiles,4.17,3319,176.00,18304.00
ES,42,soria,7,paisaje naturaleza,actividades infantiles,3.97,2792,1088.00,23936.00
ES,47,valladolid,7,paisaje naturaleza,actividades infantiles,4.06,8696,884.50,126974.67
ES,08,barcelona,7,paisaje naturaleza,actividades infantiles,4.05,200444,1194.22,138022.59
ES,17,girona,7,paisaje naturaleza,actividades infantiles,4.24,61683,2100.67,71249.33
ES,25,lleida,7,paisaje naturaleza,actividades infantiles,4.27,9898,2638.50,58775.50
ES,43,tarragona,7,paisaje naturaleza,actividades infantiles,4.20,33701,1351.83,116611.00
ES,28,madrid,7,paisaje naturaleza,actividades infantiles,4.10,121795,1691.75,138045.56
ES,31,navarra,7,paisaje naturaleza,actividades infantiles,4.23,7007,2026.14,532638.14
ES,03,alicante/alacant,7,paisaje naturaleza,actividades infantiles,4.28,82424,952.00,6578.50
ES,12,castellón/castelló,7,paisaje naturaleza,actividades infantiles,4.20,6934,1564.00,59432.00
ES,46,valencia/valència,7,paisaje naturaleza,actividades infantiles,4.15,90776,1501.00,523403.80
ES,06,badajoz,7,paisaje naturaleza,actividades infantiles,4.29,1116,970.17,82062.33
ES,10,cáceres,7,paisaje naturaleza,actividades infantiles,4.33,5814,2325.33,71581.67
ES,15,a coruña,7,paisaje naturaleza,actividades infantiles,4.21,18974,60.00,480.00
ES,32,ourense,7,paisaje naturaleza,actividades infantiles,4.15,1840,1078.00,2156.00
ES,36,pontevedra,7,paisaje naturaleza,actividades infantiles,4.17,15699,633.00,9495.00
ES,07,illes balears,7,paisaje naturaleza,actividades infantiles,4.33,203636,2025.92,103726.33
ES,26,la rioja,7,paisaje naturaleza,actividades infantiles,4.31,18300,651.33,97757.67
ES,01,araba/álava,7,paisaje naturaleza,actividades infantiles,4.41,11468,521.80,43197.20
ES,48,bizkaia,7,paisaje naturaleza,actividades infantiles,4.31,7925,10538.25,282825.38
ES,20,gipuzkoa,7,paisaje naturaleza,actividades infantiles,4.41,26976,578.50,15982.25
ES,33,asturias,7,paisaje naturaleza,actividades infantiles,4.35,44006,595.80,7115.00
ES,30,murcia,7,paisaje naturaleza,actividades infantiles,4.20,2633,1426.50,643039.00
ES,11,cádiz,7,servicios,cursos,4.26,39,4715.00,7544.00
ES,18,granada,7,servicios,cursos,4.37,1868,150.00,300.00
ES,23,jaén,7,servicios,cursos,4.33,84,989.00,27692.00
ES,29,málaga,7,servicios,cursos,4.43,51898,960.50,4127.50
ES,41,sevilla,7,servicios,cursos,4.34,4859,3189.50,44153.00
ES,22,huesca,7,servicios,cursos,4.25,533,250.00,500.00
ES,50,zaragoza,7,servicios,cursos,4.21,61,8587.00,223811.00
ES,35,las palmas,7,servicios,cursos,4.28,2863,116.67,1850.00
ES,38,santa cruz de tenerife,7,servicios,cursos,4.26,3753,3825.00,12240.00
ES,02,albacete,7,servicios,cursos,4.15,9,35.00,245.00
ES,16,cuenca,7,servicios,cursos,4.19,6,1020.00,1020.00
ES,47,valladolid,7,servicios,cursos,4.06,292,13072.00,156864.00
ES,08,barcelona,7,servicios,cursos,4.05,159935,2734.88,72442.38
ES,17,girona,7,servicios,cursos,4.24,1146,650.00,1300.00
ES,43,tarragona,7,servicios,cursos,4.20,9269,3159.00,9248.00
ES,28,madrid,7,servicios,cursos,4.10,42370,5378.12,273523.62
ES,31,navarra,7,servicios,cursos,4.23,108,1020.00,1020.00
ES,03,alicante/alacant,7,servicios,cursos,4.28,29657,1515.00,143925.00
ES,46,valencia/valència,7,servicios,cursos,4.15,7124,3640.00,30056.00
ES,36,pontevedra,7,servicios,cursos,4.17,1424,1296.00,1296.00
ES,07,illes balears,7,servicios,cursos,4.33,46354,1277.00,22077.05
ES,01,araba/álava,7,servicios,cursos,4.41,18,7353.00,14706.00
ES,48,bizkaia,7,servicios,cursos,4.31,13509,1283.33,18883.33
ES,20,gipuzkoa,7,servicios,cursos,4.41,140,275.00,825.00
ES,30,murcia,7,servicios,cursos,4.20,6,2646.75,38666.75
ES,11,cádiz,7,paisaje naturaleza,deportes y aventuras,4.26,12350,650.00,650.00
ES,14,córdoba,7,paisaje naturaleza,deportes y aventuras,4.29,3767,2295.00,34425.00
ES,21,huelva,7,paisaje naturaleza,deportes y aventuras,4.11,8396,885.50,12218.00
ES,23,jaén,7,paisaje naturaleza,deportes y aventuras,4.33,4366,3747.00,56205.00
ES,29,málaga,7,paisaje naturaleza,deportes y aventuras,4.43,109648,40.00,415.00
ES,41,sevilla,7,paisaje naturaleza,deportes y aventuras,4.34,21476,356.50,173646.00
ES,50,zaragoza,7,paisaje naturaleza,deportes y aventuras,4.21,5888,1172.50,62419.00
ES,35,las palmas,7,paisaje naturaleza,deportes y aventuras,4.28,200378,300.00,2400.00
ES,38,santa cruz de tenerife,7,paisaje naturaleza,deportes y aventuras,4.26,190067,1291.33,563779.33
ES,29,málaga,9,servicios,cursos,4.43,51898,1262.00,71326.67
ES,02,albacete,7,paisaje naturaleza,deportes y aventuras,4.15,3169,2781.00,136597.00
ES,13,ciudad real,7,paisaje naturaleza,deportes y aventuras,4.29,3026,1077.00,16406.00
ES,16,cuenca,7,paisaje naturaleza,deportes y aventuras,4.19,3251,1459.00,74504.00
ES,19,guadalajara,7,paisaje naturaleza,deportes y aventuras,4.04,1303,313.00,46324.00
ES,05,ávila,7,paisaje naturaleza,deportes y aventuras,4.23,1874,4366.00,78588.00
ES,34,palencia,7,paisaje naturaleza,deportes y aventuras,4.35,398,2068.00,808588.00
ES,37,salamanca,7,paisaje naturaleza,deportes y aventuras,4.17,3319,308.50,2034.50
ES,40,segovia,7,paisaje naturaleza,deportes y aventuras,4.07,4583,779.50,123860.50
ES,42,soria,7,paisaje naturaleza,deportes y aventuras,3.97,2792,931.00,3724.00
ES,47,valladolid,7,paisaje naturaleza,deportes y aventuras,4.06,8696,759.00,8335.67
ES,08,barcelona,7,paisaje naturaleza,deportes y aventuras,4.05,200444,903.82,38564.18
ES,17,girona,7,paisaje naturaleza,deportes y aventuras,4.24,61683,1488.00,160725.00
ES,25,lleida,7,paisaje naturaleza,deportes y aventuras,4.27,9898,3116.00,59204.00
ES,43,tarragona,7,paisaje naturaleza,deportes y aventuras,4.20,33701,320.00,4640.00
ES,28,madrid,7,paisaje naturaleza,deportes y aventuras,4.10,121795,1583.33,61013.50
ES,31,navarra,7,paisaje naturaleza,deportes y aventuras,4.23,7007,2236.50,502784.50
ES,03,alicante/alacant,7,paisaje naturaleza,deportes y aventuras,4.28,82424,1369.00,5131.25
ES,46,valencia/valència,7,paisaje naturaleza,deportes y aventuras,4.15,90776,3534.00,219108.00
ES,06,badajoz,7,paisaje naturaleza,deportes y aventuras,4.29,1116,600.86,111821.14
ES,10,cáceres,7,paisaje naturaleza,deportes y aventuras,4.33,5814,2062.33,281097.00
ES,07,illes balears,7,paisaje naturaleza,deportes y aventuras,4.33,203636,936.75,8649.50
ES,48,bizkaia,7,paisaje naturaleza,deportes y aventuras,4.31,7925,3854.00,109008.50
ES,20,gipuzkoa,7,paisaje naturaleza,deportes y aventuras,4.41,26976,1035.00,44709.67
ES,33,asturias,7,paisaje naturaleza,deportes y aventuras,4.35,44006,4837.50,55288.25
ES,30,murcia,7,paisaje naturaleza,deportes y aventuras,4.20,2633,1329.50,13964.50
ES,04,almería,7,vida nocturna,cine,4.19,5362,610.50,13024.00
ES,29,málaga,7,vida nocturna,cine,4.43,56036,1009.00,31279.00
ES,41,sevilla,7,vida nocturna,cine,4.34,39053,545.00,131780.00
ES,22,huesca,7,vida nocturna,cine,4.25,1293,923.33,92673.33
ES,35,las palmas,7,vida nocturna,cine,4.28,129544,60.00,120.00
ES,38,santa cruz de tenerife,7,vida nocturna,cine,4.26,62671,545.00,109.00
ES,02,albacete,7,vida nocturna,cine,4.15,573,428.00,120268.00
ES,45,toledo,7,vida nocturna,cine,4.18,434,1087.67,707129.67
ES,47,valladolid,7,vida nocturna,cine,4.06,1293,392.33,11255.33
ES,08,barcelona,7,vida nocturna,cine,4.05,119743,1067.88,90326.12
ES,17,girona,7,vida nocturna,cine,4.24,12856,50.00,100.00
ES,28,madrid,7,vida nocturna,cine,4.10,100430,1448.00,130955.50
ES,03,alicante/alacant,7,vida nocturna,cine,4.28,84389,153.33,2320.00
ES,07,illes balears,7,vida nocturna,cine,4.33,122452,347.33,13397.67
ES,20,gipuzkoa,7,vida nocturna,cine,4.41,5503,1593.00,12744.00
ES,41,sevilla,7,otros,conferencias,4.34,431,689.00,13091.00
ES,22,huesca,7,otros,conferencias,4.25,61,2941.00,194106.00
ES,50,zaragoza,7,otros,conferencias,4.21,158,158.00,6162.00
ES,35,las palmas,7,otros,conferencias,4.28,176,707.67,31946.33
ES,13,ciudad real,7,otros,conferencias,4.29,156,172.00,1892.00
ES,16,cuenca,7,otros,conferencias,4.19,3406,1661.00,61457.00
ES,08,barcelona,7,otros,conferencias,4.05,2019,5418.20,199626.80
ES,43,tarragona,7,otros,conferencias,4.20,1769,1953.00,10002.50
ES,28,madrid,7,otros,conferencias,4.10,1624,3589.20,158746.80
ES,46,valencia/valència,7,otros,conferencias,4.15,621,11829.00,839859.00
ES,36,pontevedra,7,otros,conferencias,4.17,119,346.00,5632.50
ES,07,illes balears,7,otros,conferencias,4.33,296,1842.25,25139.50
ES,01,araba/álava,7,otros,conferencias,0.00,0,5882.00,5882.00
ES,48,bizkaia,7,otros,conferencias,4.31,794,7745.00,1549.00
ES,04,almería,7,paisaje urbano,"cultura, teatro y danza",4.19,14318,1431.56,812591.56
ES,11,cádiz,7,paisaje urbano,"cultura, teatro y danza",4.26,8809,1007.10,127096.30
ES,14,córdoba,7,paisaje urbano,"cultura, teatro y danza",4.29,93962,1356.50,144360.75
ES,18,granada,7,paisaje urbano,"cultura, teatro y danza",4.37,153042,1936.00,192583.40
ES,21,huelva,7,paisaje urbano,"cultura, teatro y danza",4.11,9984,1437.00,57699.00
ES,23,jaén,7,paisaje urbano,"cultura, teatro y danza",4.33,16236,2253.50,73772.00
ES,29,málaga,7,paisaje urbano,"cultura, teatro y danza",4.43,158253,1538.17,1537469.17
ES,41,sevilla,7,paisaje urbano,"cultura, teatro y danza",4.34,218279,875.40,71901.80
ES,22,huesca,7,paisaje urbano,"cultura, teatro y danza",4.25,10916,674.67,87400.67
ES,44,teruel,7,paisaje urbano,"cultura, teatro y danza",4.28,11015,1268.33,26465.67
ES,50,zaragoza,7,paisaje urbano,"cultura, teatro y danza",4.21,41352,718.29,109878.71
ES,35,las palmas,7,paisaje urbano,"cultura, teatro y danza",4.28,51395,619.28,198972.11
ES,38,santa cruz de tenerife,7,paisaje urbano,"cultura, teatro y danza",4.26,66584,1013.73,46666.00
ES,39,cantabria,7,paisaje urbano,"cultura, teatro y danza",4.27,27507,694.00,35936.00
ES,02,albacete,7,paisaje urbano,"cultura, teatro y danza",4.15,3663,827.86,69824.86
ES,13,ciudad real,7,paisaje urbano,"cultura, teatro y danza",4.29,7266,1107.00,209510.33
ES,16,cuenca,7,paisaje urbano,"cultura, teatro y danza",4.19,13771,717.00,3178.33
ES,19,guadalajara,7,paisaje urbano,"cultura, teatro y danza",4.04,6159,197.67,375247.00
ES,45,toledo,7,paisaje urbano,"cultura, teatro y danza",4.18,55769,817.33,45442.33
ES,05,ávila,7,paisaje urbano,"cultura, teatro y danza",4.23,13407,1267.00,57015.00
ES,09,burgos,7,paisaje urbano,"cultura, teatro y danza",4.28,19776,2067.00,6201.00
ES,37,salamanca,7,paisaje urbano,"cultura, teatro y danza",4.17,31972,397.22,68504.78
ES,47,valladolid,7,paisaje urbano,"cultura, teatro y danza",4.06,13695,869.08,511454.69
ES,49,zamora,7,paisaje urbano,"cultura, teatro y danza",4.17,5872,354.50,13522.00
ES,08,barcelona,7,paisaje urbano,"cultura, teatro y danza",4.05,732080,658.32,533944.29
ES,17,girona,7,paisaje urbano,"cultura, teatro y danza",4.24,50915,563.90,29196.80
ES,25,lleida,7,paisaje urbano,"cultura, teatro y danza",4.27,7171,569.50,27353.00
ES,43,tarragona,7,paisaje urbano,"cultura, teatro y danza",4.20,53439,1140.77,139983.46
ES,51,ceuta,7,paisaje urbano,"cultura, teatro y danza",0.00,0,805.00,43261.00
ES,28,madrid,7,paisaje urbano,"cultura, teatro y danza",4.10,458466,744.65,313660.53
ES,31,navarra,7,paisaje urbano,"cultura, teatro y danza",4.23,19680,7200.33,57630.33
ES,03,alicante/alacant,7,paisaje urbano,"cultura, teatro y danza",4.28,67888,690.50,45967.42
ES,46,valencia/valència,7,paisaje urbano,"cultura, teatro y danza",4.15,114505,1417.38,762304.25
ES,06,badajoz,7,paisaje urbano,"cultura, teatro y danza",4.29,18348,1220.71,105503.29
ES,10,cáceres,7,paisaje urbano,"cultura, teatro y danza",4.33,23514,318.00,3829.60
ES,15,a coruña,7,paisaje urbano,"cultura, teatro y danza",4.21,50198,1966.00,7623.00
ES,27,lugo,7,paisaje urbano,"cultura, teatro y danza",4.28,8872,3696.00,14784.00
ES,36,pontevedra,7,paisaje urbano,"cultura, teatro y danza",4.17,15892,751.50,356524.17
ES,07,illes balears,7,paisaje urbano,"cultura, teatro y danza",4.33,107418,999.33,137886.90
ES,26,la rioja,7,paisaje urbano,"cultura, teatro y danza",4.31,11493,1477.64,296909.50
ES,01,araba/álava,7,paisaje urbano,"cultura, teatro y danza",4.41,7811,384.33,120606.67
ES,48,bizkaia,7,paisaje urbano,"cultura, teatro y danza",4.31,56425,804.33,551149.56
ES,20,gipuzkoa,7,paisaje urbano,"cultura, teatro y danza",4.41,26949,823.57,52528.71
ES,33,asturias,7,paisaje urbano,"cultura, teatro y danza",4.35,40762,754.00,23939.33
ES,30,murcia,7,paisaje urbano,"cultura, teatro y danza",4.20,9308,902.00,255982.00
ES,41,sevilla,7,compras,ferias,4.34,7574,689.00,13091.00
ES,13,ciudad real,7,compras,ferias,4.29,147,172.00,1892.00
ES,08,barcelona,7,compras,ferias,4.05,95381,5890.50,135324.00
ES,43,tarragona,7,compras,ferias,4.20,2200,3431.00,17155.00
ES,28,madrid,7,compras,ferias,4.10,89796,5959.50,246403.00
ES,46,valencia/valència,7,compras,ferias,4.15,81279,20559.00,41118.00
ES,07,illes balears,7,compras,ferias,4.33,22175,1150.00,2300.00
ES,01,araba/álava,7,compras,ferias,4.41,300,5882.00,5882.00
ES,48,bizkaia,7,compras,ferias,4.31,694,7745.00,1549.00
ES,04,almería,7,paisaje urbano,museo y exposiciones,4.19,14318,440.00,880.00
ES,18,granada,7,paisaje urbano,museo y exposiciones,4.37,153042,1146.00,156357.00
ES,41,sevilla,7,paisaje urbano,museo y exposiciones,4.34,218279,1258.50,60741.00
ES,45,toledo,7,paisaje urbano,museo y exposiciones,4.18,55769,662.50,28183.50
ES,37,salamanca,7,paisaje urbano,museo y exposiciones,4.17,31972,373.00,166344.67
ES,47,valladolid,7,paisaje urbano,museo y exposiciones,4.06,13695,464.00,47792.00
ES,08,barcelona,7,paisaje urbano,museo y exposiciones,4.05,732080,1081.00,20998.50
ES,43,tarragona,7,paisaje urbano,museo y exposiciones,4.20,53439,1840.00,57532.00
ES,03,alicante/alacant,7,paisaje urbano,museo y exposiciones,4.28,67888,842.00,6458.00
ES,46,valencia/valència,7,paisaje urbano,museo y exposiciones,4.15,114505,1647.00,93052.00
ES,15,a coruña,7,paisaje urbano,museo y exposiciones,4.21,50198,5894.00,23576.00
ES,27,lugo,7,paisaje urbano,museo y exposiciones,4.28,8872,40.00,160.00
ES,07,illes balears,7,paisaje urbano,museo y exposiciones,4.33,107418,518.00,2072.00
ES,01,araba/álava,7,paisaje urbano,museo y exposiciones,4.41,7811,462.00,6614.00
ES,48,bizkaia,7,paisaje urbano,museo y exposiciones,4.31,56425,688.67,306722.67
ES,33,asturias,7,paisaje urbano,museo y exposiciones,4.35,40762,849.00,13584.00
ES,04,almería,7,vida nocturna,musica,4.19,5362,1707.41,609595.65
ES,11,cádiz,7,vida nocturna,musica,4.26,2343,1901.58,571088.54
ES,14,córdoba,7,vida nocturna,musica,4.29,1908,1450.73,85787.36
ES,18,granada,7,vida nocturna,musica,4.37,10900,1437.77,214668.23
ES,21,huelva,7,vida nocturna,musica,4.11,1623,433.67,7618.00
ES,23,jaén,7,vida nocturna,musica,4.33,992,1620.47,241555.42
ES,29,málaga,7,vida nocturna,musica,4.43,56036,1377.31,391429.69
ES,41,sevilla,7,vida nocturna,musica,4.34,39053,1215.64,712994.82
ES,22,huesca,7,vida nocturna,musica,4.25,1293,1560.33,140217.00
ES,44,teruel,7,vida nocturna,musica,4.28,950,1863.43,75967.14
ES,50,zaragoza,7,vida nocturna,musica,4.21,1614,1346.90,321145.24
ES,35,las palmas,7,vida nocturna,musica,4.28,129544,969.47,234389.53
ES,38,santa cruz de tenerife,7,vida nocturna,musica,4.26,62671,1738.90,468071.68
ES,39,cantabria,7,vida nocturna,musica,4.27,5819,1537.40,130942.10
ES,02,albacete,7,vida nocturna,musica,4.15,573,1220.70,67254.80
ES,13,ciudad real,7,vida nocturna,musica,4.29,385,1346.64,290405.00
ES,16,cuenca,7,vida nocturna,musica,4.19,760,1411.80,277286.40
ES,19,guadalajara,7,vida nocturna,musica,4.04,447,1121.25,176639.50
ES,45,toledo,7,vida nocturna,musica,4.18,434,3449.80,121834.40
ES,05,ávila,7,vida nocturna,musica,4.23,397,1433.50,64974.50
ES,09,burgos,7,vida nocturna,musica,4.28,970,1274.20,183733.30
ES,24,león,7,vida nocturna,musica,4.21,1480,1003.00,63186.62
ES,34,palencia,7,vida nocturna,musica,4.35,379,1324.25,226482.75
ES,37,salamanca,7,vida nocturna,musica,4.17,3701,546.40,3678171.00
ES,40,segovia,7,vida nocturna,musica,4.07,263,1121.50,302465.83
ES,42,soria,7,vida nocturna,musica,3.97,154,1100.33,177919.00
ES,47,valladolid,7,vida nocturna,musica,4.06,1293,1837.22,722820.44
ES,49,zamora,7,vida nocturna,musica,4.17,462,933.75,157692.50
ES,08,barcelona,7,vida nocturna,musica,4.05,119743,1434.81,513024.61
ES,17,girona,7,vida nocturna,musica,4.24,12856,1281.60,219927.70
ES,25,lleida,7,vida nocturna,musica,4.27,1184,1338.20,191632.73
ES,43,tarragona,7,vida nocturna,musica,4.20,22730,1157.57,207354.70
ES,51,ceuta,7,vida nocturna,musica,0.00,0,96.00,6048.00
ES,28,madrid,7,vida nocturna,musica,4.10,100430,1784.30,1623669.50
ES,31,navarra,7,vida nocturna,musica,4.23,2565,1643.18,272378.65
ES,03,alicante/alacant,7,vida nocturna,musica,4.28,84389,1470.11,202354.69
ES,12,castellón/castelló,7,vida nocturna,musica,4.20,2406,1437.00,125257.08
ES,46,valencia/valència,7,vida nocturna,musica,4.15,9307,1041.77,436893.45
ES,06,badajoz,7,vida nocturna,musica,4.29,2109,800.10,108146.70
ES,10,cáceres,7,vida nocturna,musica,4.33,1377,1208.11,144248.44
ES,15,a coruña,7,vida nocturna,musica,4.21,5653,1068.95,342079.84
ES,27,lugo,7,vida nocturna,musica,4.28,502,794.14,225784.86
ES,32,ourense,7,vida nocturna,musica,4.15,660,397.50,3665.00
ES,36,pontevedra,7,vida nocturna,musica,4.17,3092,1380.31,259130.94
ES,07,illes balears,7,vida nocturna,musica,4.33,122452,1697.71,786081.09
ES,26,la rioja,7,vida nocturna,musica,4.31,1866,1158.80,102273.70
ES,01,araba/álava,7,vida nocturna,musica,4.41,1138,1239.33,117290.67
ES,48,bizkaia,7,vida nocturna,musica,4.31,5615,1170.40,148559.13
ES,20,gipuzkoa,7,vida nocturna,musica,4.41,5503,1099.60,104351.00
ES,33,asturias,7,vida nocturna,musica,4.35,9626,1287.19,178429.25
ES,30,murcia,7,vida nocturna,musica,4.20,1488,850.40,165029.70
ES,04,almería,7,vida nocturna,musicales,4.19,5362,122.50,4117.50
ES,11,cádiz,7,vida nocturna,musicales,4.26,2343,176.00,352.00
ES,14,córdoba,7,vida nocturna,musicales,4.29,1908,1046.00,18828.00
ES,18,granada,7,vida nocturna,musicales,4.37,10900,122.00,4367.33
ES,29,málaga,7,vida nocturna,musicales,4.43,56036,502.00,13554.00
ES,44,teruel,7,vida nocturna,musicales,4.28,950,729.00,16038.00
ES,35,las palmas,7,vida nocturna,musicales,4.28,129544,678.40,30363.40
ES,38,santa cruz de tenerife,7,vida nocturna,musicales,4.26,62671,597.50,20352.00
ES,39,cantabria,7,vida nocturna,musicales,4.27,5819,149.00,794.00
ES,02,albacete,7,vida nocturna,musicales,4.15,573,1041.00,24984.00
ES,37,salamanca,7,vida nocturna,musicales,4.17,3701,188.00,49552.00
ES,47,valladolid,7,vida nocturna,musicales,4.06,1293,958.00,26182.00
ES,08,barcelona,7,vida nocturna,musicales,4.05,119743,604.00,315341.40
ES,17,girona,7,vida nocturna,musicales,4.24,12856,80.00,19520.00
ES,43,tarragona,7,vida nocturna,musicales,4.20,22730,2471.00,150731.00
ES,28,madrid,7,vida nocturna,musicales,4.10,100430,824.33,33874.33
ES,46,valencia/valència,7,vida nocturna,musicales,4.15,9307,702.75,59161.25
ES,06,badajoz,7,vida nocturna,musicales,4.29,2109,784.33,76592.33
ES,10,cáceres,7,vida nocturna,musicales,4.33,1377,183.33,2134.00
ES,07,illes balears,7,vida nocturna,musicales,4.33,122452,2123.75,278261.25
ES,26,la rioja,7,vida nocturna,musicales,4.31,1866,1005.00,131655.00
ES,48,bizkaia,7,vida nocturna,musicales,4.31,5615,603.00,6030.00
ES,30,murcia,7,vida nocturna,musicales,4.20,1488,1839.00,481818.00
ES,13,ciudad real,7,paisaje naturaleza,parques tematicos,4.29,3026,2024.00,26312.00
ES,25,lleida,7,paisaje naturaleza,parques tematicos,4.27,9898,3116.00,59204.00
ES,28,madrid,7,paisaje naturaleza,parques tematicos,4.10,121795,512.00,305664.00
ES,07,illes balears,7,paisaje naturaleza,parques tematicos,4.33,203636,1345.00,13181.00
ES,04,almería,8,paisaje naturaleza,actividades infantiles,4.19,23376,552.50,1083.50
ES,11,cádiz,8,paisaje naturaleza,actividades infantiles,4.26,12350,2173.00,16627.00
ES,14,córdoba,8,paisaje naturaleza,actividades infantiles,4.29,3767,1762.33,380170.33
ES,18,granada,8,paisaje naturaleza,actividades infantiles,4.37,18492,683.00,8364.25
ES,21,huelva,8,paisaje naturaleza,actividades infantiles,4.11,8396,170.00,680.00
ES,23,jaén,8,paisaje naturaleza,actividades infantiles,4.33,4366,895.00,2974.00
ES,29,málaga,8,paisaje naturaleza,actividades infantiles,4.43,109648,2744.25,57006.25
ES,41,sevilla,8,paisaje naturaleza,actividades infantiles,4.34,21476,1029.75,163541.00
ES,22,huesca,8,paisaje naturaleza,actividades infantiles,4.25,17445,697.20,54555.40
ES,50,zaragoza,8,paisaje naturaleza,actividades infantiles,4.21,5888,1029.00,39686.60
ES,35,las palmas,8,paisaje naturaleza,actividades infantiles,4.28,200378,387.00,44159.00
ES,38,santa cruz de tenerife,8,paisaje naturaleza,actividades infantiles,4.26,190067,632.33,22010.67
ES,39,cantabria,8,paisaje naturaleza,actividades infantiles,4.27,37946,838.00,290106.40
ES,02,albacete,8,paisaje naturaleza,actividades infantiles,4.15,3169,100.00,200.00
ES,13,ciudad real,8,paisaje naturaleza,actividades infantiles,4.29,3026,2056.00,8224.00
ES,16,cuenca,8,paisaje naturaleza,actividades infantiles,4.19,3251,805.00,4186.00
ES,45,toledo,8,paisaje naturaleza,actividades infantiles,4.18,1715,944.00,77536.60
ES,09,burgos,8,paisaje naturaleza,actividades infantiles,4.28,6285,731.00,133357.00
ES,24,león,8,paisaje naturaleza,actividades infantiles,4.21,4506,1136.50,77151.00
ES,37,salamanca,8,paisaje naturaleza,actividades infantiles,4.17,3319,176.00,19536.00
ES,42,soria,8,paisaje naturaleza,actividades infantiles,3.97,2792,1048.00,159296.00
ES,47,valladolid,8,paisaje naturaleza,actividades infantiles,4.06,8696,980.25,24912.00
ES,08,barcelona,8,paisaje naturaleza,actividades infantiles,4.05,200444,1464.83,85103.54
ES,17,girona,8,paisaje naturaleza,actividades infantiles,4.24,61683,1543.67,58977.00
ES,25,lleida,8,paisaje naturaleza,actividades infantiles,4.27,9898,2194.00,89954.00
ES,43,tarragona,8,paisaje naturaleza,actividades infantiles,4.20,33701,880.71,80064.86
ES,28,madrid,8,paisaje naturaleza,actividades infantiles,4.10,121795,2214.09,130520.18
ES,31,navarra,8,paisaje naturaleza,actividades infantiles,4.23,7007,1308.00,180419.17
ES,03,alicante/alacant,8,paisaje naturaleza,actividades infantiles,4.28,82424,3299.25,332156.50
ES,12,castellón/castelló,8,paisaje naturaleza,actividades infantiles,4.20,6934,1765.00,353.00
ES,46,valencia/valència,8,paisaje naturaleza,actividades infantiles,4.15,90776,652.00,28128.50
ES,06,badajoz,8,paisaje naturaleza,actividades infantiles,4.29,1116,598.88,13909.00
ES,10,cáceres,8,paisaje naturaleza,actividades infantiles,4.33,5814,843.62,8704.38
ES,15,a coruña,8,paisaje naturaleza,actividades infantiles,4.21,18974,1176.00,3528.00
ES,27,lugo,8,paisaje naturaleza,actividades infantiles,4.28,8089,165.00,1155.00
ES,32,ourense,8,paisaje naturaleza,actividades infantiles,4.15,1840,605.00,22660.00
ES,36,pontevedra,8,paisaje naturaleza,actividades infantiles,4.17,15699,653.50,1590.50
ES,07,illes balears,8,paisaje naturaleza,actividades infantiles,4.33,203636,1986.81,291755.19
ES,26,la rioja,8,paisaje naturaleza,actividades infantiles,4.31,18300,873.75,65211.75
ES,01,araba/álava,8,paisaje naturaleza,actividades infantiles,4.41,11468,695.80,132314.60
ES,48,bizkaia,8,paisaje naturaleza,actividades infantiles,4.31,7925,6911.38,3148063.00
ES,20,gipuzkoa,8,paisaje naturaleza,actividades infantiles,4.41,26976,94.75,5388.50
ES,33,asturias,8,paisaje naturaleza,actividades infantiles,4.35,44006,514.00,51020.67
ES,30,murcia,8,paisaje naturaleza,actividades infantiles,4.20,2633,1646.25,281435.25
ES,11,cádiz,8,servicios,cursos,4.26,39,150.00,300.00
ES,23,jaén,8,servicios,cursos,4.33,84,982.00,3928.00
ES,29,málaga,8,servicios,cursos,4.43,51898,485.00,20370.00
ES,41,sevilla,8,servicios,cursos,4.34,4859,3384.00,69454.00
ES,50,zaragoza,8,servicios,cursos,4.21,61,12829.00,102632.00
ES,35,las palmas,8,servicios,cursos,4.28,2863,3630.75,15472.75
ES,38,santa cruz de tenerife,8,servicios,cursos,4.26,3753,1635.00,2616.00
ES,45,toledo,8,servicios,cursos,4.18,29,220.00,4840.00
ES,42,soria,8,servicios,cursos,3.97,2,1471.00,11768.00
ES,08,barcelona,8,servicios,cursos,4.05,159935,3618.00,238736.25
ES,43,tarragona,8,servicios,cursos,4.20,9269,1188.50,31849.00
ES,28,madrid,8,servicios,cursos,4.10,42370,7330.25,784301.25
ES,03,alicante/alacant,8,servicios,cursos,4.28,29657,2984.50,135720.50
ES,46,valencia/valència,8,servicios,cursos,4.15,7124,5447.00,36508.00
ES,10,cáceres,8,servicios,cursos,4.33,60,50.00,1350.00
ES,15,a coruña,8,servicios,cursos,4.21,605,6477.00,19431.00
ES,36,pontevedra,8,servicios,cursos,4.17,1424,1231.50,48516.00
ES,07,illes balears,8,servicios,cursos,4.33,46354,1321.00,16374.17
ES,01,araba/álava,8,servicios,cursos,4.41,18,7353.00,95589.00
ES,48,bizkaia,8,servicios,cursos,4.31,13509,1033.33,1700.00
ES,20,gipuzkoa,8,servicios,cursos,4.41,140,475.00,380.00
ES,30,murcia,8,servicios,cursos,4.20,6,2017.00,362764.00
ES,04,almería,8,paisaje naturaleza,deportes y aventuras,4.19,23376,517.00,3619.00
ES,14,córdoba,8,paisaje naturaleza,deportes y aventuras,4.29,3767,210.00,210.00
ES,18,granada,8,paisaje naturaleza,deportes y aventuras,4.37,18492,518.00,4144.00
ES,29,málaga,8,paisaje naturaleza,deportes y aventuras,4.43,109648,1045.00,51068.75
ES,50,zaragoza,8,paisaje naturaleza,deportes y aventuras,4.21,5888,815.67,7334.33
ES,35,las palmas,8,paisaje naturaleza,deportes y aventuras,4.28,200378,110.00,4340.00
ES,38,santa cruz de tenerife,8,paisaje naturaleza,deportes y aventuras,4.26,190067,1473.50,115835.50
ES,02,albacete,8,paisaje naturaleza,deportes y aventuras,4.15,3169,1907.50,24122.00
ES,13,ciudad real,8,paisaje naturaleza,deportes y aventuras,4.29,3026,2056.00,8224.00
ES,16,cuenca,8,paisaje naturaleza,deportes y aventuras,4.19,3251,100.00,1600.00
ES,05,ávila,8,paisaje naturaleza,deportes y aventuras,4.23,1874,325.00,650.00
ES,34,palencia,8,paisaje naturaleza,deportes y aventuras,4.35,398,1995.00,1230915.00
ES,37,salamanca,8,paisaje naturaleza,deportes y aventuras,4.17,3319,457.00,6930.00
ES,42,soria,8,paisaje naturaleza,deportes y aventuras,3.97,2792,689.00,167403.50
ES,47,valladolid,8,paisaje naturaleza,deportes y aventuras,4.06,8696,1893.00,79506.00
ES,08,barcelona,8,paisaje naturaleza,deportes y aventuras,4.05,200444,1123.60,31407.20
ES,17,girona,8,paisaje naturaleza,deportes y aventuras,4.24,61683,2414.00,4828.00
ES,43,tarragona,8,paisaje naturaleza,deportes y aventuras,4.20,33701,340.00,46580.00
ES,28,madrid,8,paisaje naturaleza,deportes y aventuras,4.10,121795,3030.00,257655.60
ES,31,navarra,8,paisaje naturaleza,deportes y aventuras,4.23,7007,3073.00,126826.00
ES,03,alicante/alacant,8,paisaje naturaleza,deportes y aventuras,4.28,82424,3286.00,652776.00
ES,46,valencia/valència,8,paisaje naturaleza,deportes y aventuras,4.15,90776,187.00,1496.00
ES,06,badajoz,8,paisaje naturaleza,deportes y aventuras,4.29,1116,759.78,712646.44
ES,10,cáceres,8,paisaje naturaleza,deportes y aventuras,4.33,5814,1164.50,115799.25
ES,15,a coruña,8,paisaje naturaleza,deportes y aventuras,4.21,18974,100.00,500.00
ES,32,ourense,8,paisaje naturaleza,deportes y aventuras,4.15,1840,1136.00,211296.00
ES,36,pontevedra,8,paisaje naturaleza,deportes y aventuras,4.17,15699,740.00,1480.00
ES,07,illes balears,8,paisaje naturaleza,deportes y aventuras,4.33,203636,925.33,92760.33
ES,48,bizkaia,8,paisaje naturaleza,deportes y aventuras,4.31,7925,1067.75,107148.00
ES,20,gipuzkoa,8,paisaje naturaleza,deportes y aventuras,4.41,26976,2164.00,57346.00
ES,33,asturias,8,paisaje naturaleza,deportes y aventuras,4.35,44006,7084.75,25748.75
ES,18,granada,8,vida nocturna,cine,4.37,10900,639.00,49842.00
ES,29,málaga,8,vida nocturna,cine,4.43,56036,1946.00,114814.00
ES,41,sevilla,8,vida nocturna,cine,4.34,39053,507.33,129090.33
ES,22,huesca,8,vida nocturna,cine,4.25,1293,1232.00,499845.00
ES,50,zaragoza,8,vida nocturna,cine,4.21,1614,623.00,41741.00
ES,35,las palmas,8,vida nocturna,cine,4.28,129544,612.00,8568.00
ES,02,albacete,8,vida nocturna,cine,4.15,573,540.00,21142.00
ES,45,toledo,8,vida nocturna,cine,4.18,434,89.00,3204.00
ES,47,valladolid,8,vida nocturna,cine,4.06,1293,615.00,1722.00
ES,08,barcelona,8,vida nocturna,cine,4.05,119743,629.33,13056.00
ES,43,tarragona,8,vida nocturna,cine,4.20,22730,701.00,50472.00
ES,28,madrid,8,vida nocturna,cine,4.10,100430,1142.67,5264.33
ES,03,alicante/alacant,8,vida nocturna,cine,4.28,84389,562.00,89168.67
ES,07,illes balears,8,vida nocturna,cine,4.33,122452,167.50,594.50
ES,01,araba/álava,8,vida nocturna,cine,4.41,1138,50.00,1100.00
ES,20,gipuzkoa,8,vida nocturna,cine,4.41,5503,673.67,53861.33
ES,41,sevilla,8,otros,conferencias,4.34,431,714.00,9996.00
ES,50,zaragoza,8,otros,conferencias,4.21,158,1471.00,32362.00
ES,35,las palmas,8,otros,conferencias,4.28,176,310.33,21141.33
ES,13,ciudad real,8,otros,conferencias,4.29,156,1863.00,9315.00
ES,34,palencia,8,otros,conferencias,4.35,16,2519.00,88165.00
ES,08,barcelona,8,otros,conferencias,4.05,2019,11151.00,110292.00
ES,43,tarragona,8,otros,conferencias,4.20,1769,7667.00,46002.00
ES,28,madrid,8,otros,conferencias,4.10,1624,18776.00,310471.00
ES,46,valencia/valència,8,otros,conferencias,4.15,621,14188.00,368888.00
ES,36,pontevedra,8,otros,conferencias,4.17,119,548.00,23597.50
ES,07,illes balears,8,otros,conferencias,4.33,296,1151.50,10360.50
ES,48,bizkaia,8,otros,conferencias,4.31,794,3873.00,7746.00
ES,04,almería,8,paisaje urbano,"cultura, teatro y danza",4.19,14318,1946.62,1384711.50
ES,11,cádiz,8,paisaje urbano,"cultura, teatro y danza",4.26,8809,1336.00,165883.67
ES,14,córdoba,8,paisaje urbano,"cultura, teatro y danza",4.29,93962,1439.00,949161.67
ES,18,granada,8,paisaje urbano,"cultura, teatro y danza",4.37,153042,1362.33,320207.44
ES,21,huelva,8,paisaje urbano,"cultura, teatro y danza",4.11,9984,170.00,680.00
ES,23,jaén,8,paisaje urbano,"cultura, teatro y danza",4.33,16236,3497.00,35324.00
ES,29,málaga,8,paisaje urbano,"cultura, teatro y danza",4.43,158253,921.29,195627.71
ES,41,sevilla,8,paisaje urbano,"cultura, teatro y danza",4.34,218279,1314.20,459069.60
ES,22,huesca,8,paisaje urbano,"cultura, teatro y danza",4.25,10916,809.50,58970.00
ES,44,teruel,8,paisaje urbano,"cultura, teatro y danza",4.28,11015,1262.50,46920.17
ES,50,zaragoza,8,paisaje urbano,"cultura, teatro y danza",4.21,41352,768.33,89320.00
ES,35,las palmas,8,paisaje urbano,"cultura, teatro y danza",4.28,51395,871.90,170640.55
ES,38,santa cruz de tenerife,8,paisaje urbano,"cultura, teatro y danza",4.26,66584,1163.41,88081.59
ES,39,cantabria,8,paisaje urbano,"cultura, teatro y danza",4.27,27507,325.00,13441.50
ES,02,albacete,8,paisaje urbano,"cultura, teatro y danza",4.15,3663,1135.67,59679.00
ES,13,ciudad real,8,paisaje urbano,"cultura, teatro y danza",4.29,7266,1405.50,24108.00
ES,16,cuenca,8,paisaje urbano,"cultura, teatro y danza",4.19,13771,999.33,22945.33
ES,19,guadalajara,8,paisaje urbano,"cultura, teatro y danza",4.04,6159,999.00,81918.00
ES,45,toledo,8,paisaje urbano,"cultura, teatro y danza",4.18,55769,966.20,77127.80
ES,05,ávila,8,paisaje urbano,"cultura, teatro y danza",4.23,13407,1269.00,48222.00
ES,09,burgos,8,paisaje urbano,"cultura, teatro y danza",4.28,19776,992.33,60988.33
ES,37,salamanca,8,paisaje urbano,"cultura, teatro y danza",4.17,31972,692.67,1470548.22
ES,47,valladolid,8,paisaje urbano,"cultura, teatro y danza",4.06,13695,915.62,2908236.00
ES,49,zamora,8,paisaje urbano,"cultura, teatro y danza",4.17,5872,442.38,27736.38
ES,08,barcelona,8,paisaje urbano,"cultura, teatro y danza",4.05,732080,606.25,162674.29
ES,17,girona,8,paisaje urbano,"cultura, teatro y danza",4.24,50915,3258.86,184820.43
ES,25,lleida,8,paisaje urbano,"cultura, teatro y danza",4.27,7171,759.00,104574.00
ES,43,tarragona,8,paisaje urbano,"cultura, teatro y danza",4.20,53439,442.82,37600.55
ES,51,ceuta,8,paisaje urbano,"cultura, teatro y danza",0.00,0,715.00,858.00
ES,28,madrid,8,paisaje urbano,"cultura, teatro y danza",4.10,458466,591.93,60857.86
ES,31,navarra,8,paisaje urbano,"cultura, teatro y danza",4.23,19680,1829.00,275934.50
ES,03,alicante/alacant,8,paisaje urbano,"cultura, teatro y danza",4.28,67888,1500.33,54377.33
ES,12,castellón/castelló,8,paisaje urbano,"cultura, teatro y danza",4.20,13212,140.00,280.00
ES,46,valencia/valència,8,paisaje urbano,"cultura, teatro y danza",4.15,114505,1660.67,112155.11
ES,06,badajoz,8,paisaje urbano,"cultura, teatro y danza",4.29,18348,797.67,54164.22
ES,10,cáceres,8,paisaje urbano,"cultura, teatro y danza",4.33,23514,165.20,4207.60
ES,15,a coruña,8,paisaje urbano,"cultura, teatro y danza",4.21,50198,678.75,47703.75
ES,27,lugo,8,paisaje urbano,"cultura, teatro y danza",4.28,8872,1210.00,1028.50
ES,32,ourense,8,paisaje urbano,"cultura, teatro y danza",4.15,6495,632.50,13337.50
ES,36,pontevedra,8,paisaje urbano,"cultura, teatro y danza",4.17,15892,978.60,10781.80
ES,07,illes balears,8,paisaje urbano,"cultura, teatro y danza",4.33,107418,969.74,125797.61
ES,26,la rioja,8,paisaje urbano,"cultura, teatro y danza",4.31,11493,1198.00,265703.38
ES,01,araba/álava,8,paisaje urbano,"cultura, teatro y danza",4.41,7811,1177.86,106353.71
ES,48,bizkaia,8,paisaje urbano,"cultura, teatro y danza",4.31,56425,968.78,729085.78
ES,20,gipuzkoa,8,paisaje urbano,"cultura, teatro y danza",4.41,26949,1165.00,153100.50
ES,33,asturias,8,paisaje urbano,"cultura, teatro y danza",4.35,40762,5155.75,315985.25
ES,30,murcia,8,paisaje urbano,"cultura, teatro y danza",4.20,9308,1727.50,64747.88
ES,41,sevilla,8,compras,ferias,4.34,7574,714.00,9996.00
ES,35,las palmas,8,compras,ferias,4.28,20086,469.00,22512.00
ES,13,ciudad real,8,compras,ferias,4.29,147,1863.00,9315.00
ES,08,barcelona,8,compras,ferias,4.05,95381,13982.00,195748.00
ES,28,madrid,8,compras,ferias,4.10,89796,12538.50,245873.50
ES,46,valencia/valència,8,compras,ferias,4.15,81279,2200.00,4400.00
ES,07,illes balears,8,compras,ferias,4.33,22175,1150.00,12650.00
ES,48,bizkaia,8,compras,ferias,4.31,694,3873.00,7746.00
ES,04,almería,8,paisaje urbano,museo y exposiciones,4.19,14318,440.00,1320.00
ES,18,granada,8,paisaje urbano,museo y exposiciones,4.37,153042,1121.00,340560.50
ES,41,sevilla,8,paisaje urbano,museo y exposiciones,4.34,218279,718.50,51619.50
ES,38,santa cruz de tenerife,8,paisaje urbano,museo y exposiciones,4.26,66584,1118.50,5089.50
ES,45,toledo,8,paisaje urbano,museo y exposiciones,4.18,55769,682.33,22178.67
ES,37,salamanca,8,paisaje urbano,museo y exposiciones,4.17,31972,257.67,171246.00
ES,47,valladolid,8,paisaje urbano,museo y exposiciones,4.06,13695,458.00,46258.00
ES,08,barcelona,8,paisaje urbano,museo y exposiciones,4.05,732080,986.50,92855.75
ES,43,tarragona,8,paisaje urbano,museo y exposiciones,4.20,53439,1052.50,147443.00
ES,03,alicante/alacant,8,paisaje urbano,museo y exposiciones,4.28,67888,1509.00,7545.00
ES,46,valencia/valència,8,paisaje urbano,museo y exposiciones,4.15,114505,1233.67,32444.33
ES,07,illes balears,8,paisaje urbano,museo y exposiciones,4.33,107418,518.00,1657.60
ES,01,araba/álava,8,paisaje urbano,museo y exposiciones,4.41,7811,228.50,10227.50
ES,48,bizkaia,8,paisaje urbano,museo y exposiciones,4.31,56425,936.00,504114.50
ES,33,asturias,8,paisaje urbano,museo y exposiciones,4.35,40762,849.00,31413.00
ES,04,almería,8,vida nocturna,musica,4.19,5362,1534.94,1974624.69
ES,11,cádiz,8,vida nocturna,musica,4.26,2343,1562.32,450426.00
ES,14,córdoba,8,vida nocturna,musica,4.29,1908,1628.45,68192.91
ES,18,granada,8,vida nocturna,musica,4.37,10900,1084.00,163194.77
ES,23,jaén,8,vida nocturna,musica,4.33,992,1168.41,151361.82
ES,29,málaga,8,vida nocturna,musica,4.43,56036,2019.53,444576.11
ES,41,sevilla,8,vida nocturna,musica,4.34,39053,1485.14,652395.71
ES,22,huesca,8,vida nocturna,musica,4.25,1293,1648.92,150312.50
ES,44,teruel,8,vida nocturna,musica,4.28,950,1682.00,141876.50
ES,50,zaragoza,8,vida nocturna,musica,4.21,1614,1347.80,421161.00
ES,35,las palmas,8,vida nocturna,musica,4.28,129544,757.89,145015.17
ES,38,santa cruz de tenerife,8,vida nocturna,musica,4.26,62671,1489.59,228069.00
ES,39,cantabria,8,vida nocturna,musica,4.27,5819,1265.00,158343.43
ES,02,albacete,8,vida nocturna,musica,4.15,573,1151.00,141083.00
ES,13,ciudad real,8,vida nocturna,musica,4.29,385,1063.38,129724.85
ES,16,cuenca,8,vida nocturna,musica,4.19,760,672.33,33485.67
ES,19,guadalajara,8,vida nocturna,musica,4.04,447,2757.00,38691.00
ES,45,toledo,8,vida nocturna,musica,4.18,434,3377.20,31949.60
ES,05,ávila,8,vida nocturna,musica,4.23,397,454.50,13076.00
ES,09,burgos,8,vida nocturna,musica,4.28,970,1250.30,213971.40
ES,24,león,8,vida nocturna,musica,4.21,1480,1143.75,112057.25
ES,41,sevilla,9,servicios,cursos,4.34,4859,959.00,3343.00
ES,34,palencia,8,vida nocturna,musica,4.35,379,909.00,119004.80
ES,37,salamanca,8,vida nocturna,musica,4.17,3701,721.25,36410.75
ES,40,segovia,8,vida nocturna,musica,4.07,263,1755.14,319818.00
ES,42,soria,8,vida nocturna,musica,3.97,154,1343.86,379681.86
ES,47,valladolid,8,vida nocturna,musica,4.06,1293,1139.83,189636.92
ES,49,zamora,8,vida nocturna,musica,4.17,462,993.75,581504.38
ES,08,barcelona,8,vida nocturna,musica,4.05,119743,1643.37,547748.67
ES,17,girona,8,vida nocturna,musica,4.24,12856,1277.85,170913.13
ES,25,lleida,8,vida nocturna,musica,4.27,1184,1591.79,143351.57
ES,43,tarragona,8,vida nocturna,musica,4.20,22730,893.20,165280.62
ES,51,ceuta,8,vida nocturna,musica,0.00,0,357.00,3777.00
ES,28,madrid,8,vida nocturna,musica,4.10,100430,1982.81,1403654.62
ES,31,navarra,8,vida nocturna,musica,4.23,2565,1394.95,196873.90
ES,03,alicante/alacant,8,vida nocturna,musica,4.28,84389,1409.40,238851.69
ES,12,castellón/castelló,8,vida nocturna,musica,4.20,2406,1484.14,170558.43
ES,46,valencia/valència,8,vida nocturna,musica,4.15,9307,1052.33,184087.56
ES,06,badajoz,8,vida nocturna,musica,4.29,2109,1134.09,28982.55
ES,10,cáceres,8,vida nocturna,musica,4.33,1377,1863.50,77368.50
ES,15,a coruña,8,vida nocturna,musica,4.21,5653,1072.44,313538.72
ES,27,lugo,8,vida nocturna,musica,4.28,502,829.60,82319.20
ES,32,ourense,8,vida nocturna,musica,4.15,660,1424.00,22436.00
ES,36,pontevedra,8,vida nocturna,musica,4.17,3092,1661.86,265575.36
ES,07,illes balears,8,vida nocturna,musica,4.33,122452,1687.41,887291.56
ES,26,la rioja,8,vida nocturna,musica,4.31,1866,880.50,146633.80
ES,01,araba/álava,8,vida nocturna,musica,4.41,1138,989.14,131240.00
ES,48,bizkaia,8,vida nocturna,musica,4.31,5615,1021.20,154824.90
ES,20,gipuzkoa,8,vida nocturna,musica,4.41,5503,1151.84,86682.32
ES,33,asturias,8,vida nocturna,musica,4.35,9626,1439.26,230787.79
ES,30,murcia,8,vida nocturna,musica,4.20,1488,1255.21,296742.79
ES,04,almería,8,vida nocturna,musicales,4.19,5362,667.50,606.00
ES,11,cádiz,8,vida nocturna,musicales,4.26,2343,176.00,1760.00
ES,14,córdoba,8,vida nocturna,musicales,4.29,1908,639.00,1323.00
ES,18,granada,8,vida nocturna,musicales,4.37,10900,675.50,72527.00
ES,41,sevilla,8,vida nocturna,musicales,4.34,39053,727.50,7362.50
ES,22,huesca,8,vida nocturna,musicales,4.25,1293,592.00,2368.00
ES,44,teruel,8,vida nocturna,musicales,4.28,950,733.00,103353.00
ES,50,zaragoza,8,vida nocturna,musicales,4.21,1614,287.00,3906.00
ES,35,las palmas,8,vida nocturna,musicales,4.28,129544,624.00,40069.00
ES,38,santa cruz de tenerife,8,vida nocturna,musicales,4.26,62671,773.67,86852.00
ES,39,cantabria,8,vida nocturna,musicales,4.27,5819,198.00,1782.00
ES,02,albacete,8,vida nocturna,musicales,4.15,573,551.00,29479.00
ES,13,ciudad real,8,vida nocturna,musicales,4.29,385,525.00,210.00
ES,37,salamanca,8,vida nocturna,musicales,4.17,3701,1051.00,348744.00
ES,47,valladolid,8,vida nocturna,musicales,4.06,1293,849.00,2430.50
ES,08,barcelona,8,vida nocturna,musicales,4.05,119743,1033.83,53073.83
ES,17,girona,8,vida nocturna,musicales,4.24,12856,120.00,360.00
ES,43,tarragona,8,vida nocturna,musicales,4.20,22730,146.50,10209.50
ES,28,madrid,8,vida nocturna,musicales,4.10,100430,374.20,1128.00
ES,46,valencia/valència,8,vida nocturna,musicales,4.15,9307,437.67,6406.33
ES,06,badajoz,8,vida nocturna,musicales,4.29,2109,177.20,8799.20
ES,10,cáceres,8,vida nocturna,musicales,4.33,1377,181.50,5109.50
ES,15,a coruña,8,vida nocturna,musicales,4.21,5653,805.00,28793.00
ES,27,lugo,8,vida nocturna,musicales,4.28,502,165.00,1155.00
ES,32,ourense,8,vida nocturna,musicales,4.15,660,165.00,2475.00
ES,07,illes balears,8,vida nocturna,musicales,4.33,122452,1992.80,74352.60
ES,26,la rioja,8,vida nocturna,musicales,4.31,1866,737.00,14003.00
ES,01,araba/álava,8,vida nocturna,musicales,4.41,1138,50.00,5350.00
ES,48,bizkaia,8,vida nocturna,musicales,4.31,5615,100.00,1400.00
ES,30,murcia,8,vida nocturna,musicales,4.20,1488,1260.33,49325.33
ES,13,ciudad real,8,paisaje naturaleza,parques tematicos,4.29,3026,2056.00,8224.00
ES,07,illes balears,8,paisaje naturaleza,parques tematicos,4.33,203636,1279.00,258358.00
ES,04,almería,9,paisaje naturaleza,actividades infantiles,4.19,23376,215.25,3104.50
ES,11,cádiz,9,paisaje naturaleza,actividades infantiles,4.26,12350,1654.75,131437.75
ES,14,córdoba,9,paisaje naturaleza,actividades infantiles,4.29,3767,1503.00,122376.25
ES,18,granada,9,paisaje naturaleza,actividades infantiles,4.37,18492,1155.50,13775.25
ES,21,huelva,9,paisaje naturaleza,actividades infantiles,4.11,8396,2013.00,191235.00
ES,23,jaén,9,paisaje naturaleza,actividades infantiles,4.33,4366,3378.00,10740.00
ES,29,málaga,9,paisaje naturaleza,actividades infantiles,4.43,109648,1469.40,125621.20
ES,41,sevilla,9,paisaje naturaleza,actividades infantiles,4.34,21476,1164.20,50400.00
ES,50,zaragoza,9,paisaje naturaleza,actividades infantiles,4.21,5888,905.50,636342.00
ES,35,las palmas,9,paisaje naturaleza,actividades infantiles,4.28,200378,474.60,39958.00
ES,38,santa cruz de tenerife,9,paisaje naturaleza,actividades infantiles,4.26,190067,675.00,44398.00
ES,39,cantabria,9,paisaje naturaleza,actividades infantiles,4.27,37946,436.00,52894.00
ES,02,albacete,9,paisaje naturaleza,actividades infantiles,4.15,3169,97.67,4876.67
ES,13,ciudad real,9,paisaje naturaleza,actividades infantiles,4.29,3026,849.00,11886.00
ES,45,toledo,9,paisaje naturaleza,actividades infantiles,4.18,1715,1143.50,59776.25
ES,05,ávila,9,paisaje naturaleza,actividades infantiles,4.23,1874,1905.00,1143.00
ES,09,burgos,9,paisaje naturaleza,actividades infantiles,4.28,6285,504.00,2772.00
ES,24,león,9,paisaje naturaleza,actividades infantiles,4.21,4506,1471.00,30891.00
ES,37,salamanca,9,paisaje naturaleza,actividades infantiles,4.17,3319,1074.50,294607.00
ES,47,valladolid,9,paisaje naturaleza,actividades infantiles,4.06,8696,626.40,27880.80
ES,49,zamora,9,paisaje naturaleza,actividades infantiles,4.17,2116,412.00,4932.00
ES,08,barcelona,9,paisaje naturaleza,actividades infantiles,4.05,200444,1679.69,334055.48
ES,17,girona,9,paisaje naturaleza,actividades infantiles,4.24,61683,1193.80,71669.80
ES,25,lleida,9,paisaje naturaleza,actividades infantiles,4.27,9898,2036.00,107044.00
ES,43,tarragona,9,paisaje naturaleza,actividades infantiles,4.20,33701,1600.70,67760.00
ES,28,madrid,9,paisaje naturaleza,actividades infantiles,4.10,121795,1329.82,173986.68
ES,31,navarra,9,paisaje naturaleza,actividades infantiles,4.23,7007,1853.75,742355.25
ES,03,alicante/alacant,9,paisaje naturaleza,actividades infantiles,4.28,82424,2556.60,90840.20
ES,12,castellón/castelló,9,paisaje naturaleza,actividades infantiles,4.20,6934,1961.00,9805.00
ES,46,valencia/valència,9,paisaje naturaleza,actividades infantiles,4.15,90776,1224.80,771858.60
ES,06,badajoz,9,paisaje naturaleza,actividades infantiles,4.29,1116,355.43,14601.71
ES,10,cáceres,9,paisaje naturaleza,actividades infantiles,4.33,5814,861.00,119671.00
ES,15,a coruña,9,paisaje naturaleza,actividades infantiles,4.21,18974,542.25,61484.25
ES,27,lugo,9,paisaje naturaleza,actividades infantiles,4.28,8089,1647.00,103761.00
ES,32,ourense,9,paisaje naturaleza,actividades infantiles,4.15,1840,164.00,57892.00
ES,36,pontevedra,9,paisaje naturaleza,actividades infantiles,4.17,15699,302.00,40726.50
ES,07,illes balears,9,paisaje naturaleza,actividades infantiles,4.33,203636,1071.24,291630.76
ES,26,la rioja,9,paisaje naturaleza,actividades infantiles,4.31,18300,801.00,20826.00
ES,01,araba/álava,9,paisaje naturaleza,actividades infantiles,4.41,11468,357.80,3860.00
ES,48,bizkaia,9,paisaje naturaleza,actividades infantiles,4.31,7925,1114.00,120463.57
ES,20,gipuzkoa,9,paisaje naturaleza,actividades infantiles,4.41,26976,449.33,141493.50
ES,33,asturias,9,paisaje naturaleza,actividades infantiles,4.35,44006,567.00,5706.00
ES,30,murcia,9,paisaje naturaleza,actividades infantiles,4.20,2633,955.50,20729.25
ES,04,almería,9,servicios,cursos,4.19,430,410.00,66739.50
ES,18,granada,9,servicios,cursos,4.37,1868,120.00,1440.00
ES,50,zaragoza,9,servicios,cursos,4.21,61,315.00,6615.00
ES,35,las palmas,9,servicios,cursos,4.28,2863,3345.25,19271.00
ES,38,santa cruz de tenerife,9,servicios,cursos,4.26,3753,1470.00,1345.33
ES,39,cantabria,9,servicios,cursos,4.27,4877,10627.00,16540.50
ES,45,toledo,9,servicios,cursos,4.18,29,2826.00,25434.00
ES,42,soria,9,servicios,cursos,3.97,2,1471.00,10297.00
ES,47,valladolid,9,servicios,cursos,4.06,292,14005.50,119745.50
ES,49,zamora,9,servicios,cursos,4.17,2,2388.00,532524.00
ES,08,barcelona,9,servicios,cursos,4.05,159935,3055.75,220290.75
ES,17,girona,9,servicios,cursos,4.24,1146,453.00,2161.00
ES,43,tarragona,9,servicios,cursos,4.20,9269,3794.00,73825.50
ES,28,madrid,9,servicios,cursos,4.10,42370,3971.57,1265365.86
ES,03,alicante/alacant,9,servicios,cursos,4.28,29657,16697.00,100182.00
ES,46,valencia/valència,9,servicios,cursos,4.15,7124,5207.25,361639.25
ES,10,cáceres,9,servicios,cursos,4.33,60,75.00,325.00
ES,15,a coruña,9,servicios,cursos,4.21,605,3922.00,27454.00
ES,32,ourense,9,servicios,cursos,4.15,37,2025.00,7695.00
ES,36,pontevedra,9,servicios,cursos,4.17,1424,681.50,10295.50
ES,07,illes balears,9,servicios,cursos,4.33,46354,2314.85,60682.05
ES,01,araba/álava,9,servicios,cursos,4.41,18,3853.50,58027.50
ES,48,bizkaia,9,servicios,cursos,4.31,13509,2849.83,37714.33
ES,20,gipuzkoa,9,servicios,cursos,4.41,140,1522.00,48979.50
ES,30,murcia,9,servicios,cursos,4.20,6,340.00,555.00
ES,04,almería,9,paisaje naturaleza,deportes y aventuras,4.19,23376,5246.00,225578.00
ES,11,cádiz,9,paisaje naturaleza,deportes y aventuras,4.26,12350,1136.00,166992.00
ES,18,granada,9,paisaje naturaleza,deportes y aventuras,4.37,18492,429.00,4555.00
ES,21,huelva,9,paisaje naturaleza,deportes y aventuras,4.11,8396,2013.00,191235.00
ES,23,jaén,9,paisaje naturaleza,deportes y aventuras,4.33,4366,7071.00,14142.00
ES,29,málaga,9,paisaje naturaleza,deportes y aventuras,4.43,109648,1233.60,172022.20
ES,41,sevilla,9,paisaje naturaleza,deportes y aventuras,4.34,21476,553.00,10507.00
ES,50,zaragoza,9,paisaje naturaleza,deportes y aventuras,4.21,5888,796.50,59034.00
ES,35,las palmas,9,paisaje naturaleza,deportes y aventuras,4.28,200378,723.50,100424.00
ES,38,santa cruz de tenerife,9,paisaje naturaleza,deportes y aventuras,4.26,190067,2243.00,40692.00
ES,02,albacete,9,paisaje naturaleza,deportes y aventuras,4.15,3169,3034.00,148666.00
ES,16,cuenca,9,paisaje naturaleza,deportes y aventuras,4.19,3251,100.00,1000.00
ES,45,toledo,9,paisaje naturaleza,deportes y aventuras,4.18,1715,250.00,250.00
ES,05,ávila,9,paisaje naturaleza,deportes y aventuras,4.23,1874,4312.00,115553.00
ES,24,león,9,paisaje naturaleza,deportes y aventuras,4.21,4506,863.50,149693.50
ES,37,salamanca,9,paisaje naturaleza,deportes y aventuras,4.17,3319,673.00,16490.00
ES,47,valladolid,9,paisaje naturaleza,deportes y aventuras,4.06,8696,1896.00,91008.00
ES,08,barcelona,9,paisaje naturaleza,deportes y aventuras,4.05,200444,1186.20,95519.24
ES,17,girona,9,paisaje naturaleza,deportes y aventuras,4.24,61683,471.00,29861.60
ES,43,tarragona,9,paisaje naturaleza,deportes y aventuras,4.20,33701,351.50,24514.50
ES,28,madrid,9,paisaje naturaleza,deportes y aventuras,4.10,121795,2937.43,368698.57
ES,31,navarra,9,paisaje naturaleza,deportes y aventuras,4.23,7007,2795.67,599392.33
ES,03,alicante/alacant,9,paisaje naturaleza,deportes y aventuras,4.28,82424,3251.50,90354.00
ES,12,castellón/castelló,9,paisaje naturaleza,deportes y aventuras,4.20,6934,165.00,39930.00
ES,46,valencia/valència,9,paisaje naturaleza,deportes y aventuras,4.15,90776,2179.50,124158.50
ES,06,badajoz,9,paisaje naturaleza,deportes y aventuras,4.29,1116,281.00,8308.33
ES,10,cáceres,9,paisaje naturaleza,deportes y aventuras,4.33,5814,526.75,25112.75
ES,15,a coruña,9,paisaje naturaleza,deportes y aventuras,4.21,18974,377.67,23393.67
ES,32,ourense,9,paisaje naturaleza,deportes y aventuras,4.15,1840,1032.00,183696.00
ES,07,illes balears,9,paisaje naturaleza,deportes y aventuras,4.33,203636,1359.71,15776.14
ES,01,araba/álava,9,paisaje naturaleza,deportes y aventuras,4.41,11468,4645.50,66963.00
ES,48,bizkaia,9,paisaje naturaleza,deportes y aventuras,4.31,7925,2477.67,170390.33
ES,20,gipuzkoa,9,paisaje naturaleza,deportes y aventuras,4.41,26976,2546.00,812174.00
ES,33,asturias,9,paisaje naturaleza,deportes y aventuras,4.35,44006,9332.00,13998.00
ES,30,murcia,9,paisaje naturaleza,deportes y aventuras,4.20,2633,2593.00,10372.00
ES,18,granada,9,vida nocturna,cine,4.37,10900,373.00,54201.00
ES,29,málaga,9,vida nocturna,cine,4.43,56036,1726.00,25890.00
ES,41,sevilla,9,vida nocturna,cine,4.34,39053,394.67,149900.67
ES,22,huesca,9,vida nocturna,cine,4.25,1293,50.00,2300.00
ES,50,zaragoza,9,vida nocturna,cine,4.21,1614,66.00,726.00
ES,39,cantabria,9,vida nocturna,cine,4.27,5819,120.00,480.00
ES,02,albacete,9,vida nocturna,cine,4.15,573,762.00,5334.00
ES,08,barcelona,9,vida nocturna,cine,4.05,119743,661.00,51116.67
ES,17,girona,9,vida nocturna,cine,4.24,12856,330.00,155.33
ES,43,tarragona,9,vida nocturna,cine,4.20,22730,70.00,1330.00
ES,28,madrid,9,vida nocturna,cine,4.10,100430,916.00,151409.00
ES,03,alicante/alacant,9,vida nocturna,cine,4.28,84389,462.17,57297.67
ES,46,valencia/valència,9,vida nocturna,cine,4.15,9307,94.50,609.00
ES,36,pontevedra,9,vida nocturna,cine,4.17,3092,35.00,3500.00
ES,07,illes balears,9,vida nocturna,cine,4.33,122452,240.67,2889.33
ES,48,bizkaia,9,vida nocturna,cine,4.31,5615,30.00,6120.00
ES,20,gipuzkoa,9,vida nocturna,cine,4.41,5503,446.14,35036.00
ES,04,almería,9,otros,conferencias,4.19,238,300.00,6600.00
ES,18,granada,9,otros,conferencias,4.37,161,515.00,1545.00
ES,23,jaén,9,otros,conferencias,4.33,765,50.00,250.00
ES,29,málaga,9,otros,conferencias,4.43,1156,549.00,6606.00
ES,41,sevilla,9,otros,conferencias,4.34,431,474.50,22648.50
ES,50,zaragoza,9,otros,conferencias,4.21,158,1215.50,155987.00
ES,35,las palmas,9,otros,conferencias,4.28,176,322.00,19022.67
ES,13,ciudad real,9,otros,conferencias,4.29,156,1732.00,20784.00
ES,05,ávila,9,otros,conferencias,4.23,173,5784.00,618888.00
ES,34,palencia,9,otros,conferencias,4.35,16,2503.00,357929.00
ES,47,valladolid,9,otros,conferencias,4.06,83,120.00,240.00
ES,08,barcelona,9,otros,conferencias,4.05,2019,7365.80,24837.40
ES,17,girona,9,otros,conferencias,4.24,798,6249.00,6249.00
ES,28,madrid,9,otros,conferencias,4.10,1624,6178.80,463866.80
ES,03,alicante/alacant,9,otros,conferencias,4.28,392,260.00,1300.00
ES,46,valencia/valència,9,otros,conferencias,4.15,621,7673.00,813338.00
ES,36,pontevedra,9,otros,conferencias,4.17,119,576.00,90280.50
ES,07,illes balears,9,otros,conferencias,4.33,296,5216.33,20046.67
ES,26,la rioja,9,otros,conferencias,4.31,363,4688.00,75008.00
ES,48,bizkaia,9,otros,conferencias,4.31,794,6839.00,212009.00
ES,33,asturias,9,otros,conferencias,4.35,92,3582.00,46566.00
ES,04,almería,9,paisaje urbano,"cultura, teatro y danza",4.19,14318,1114.10,373886.00
ES,11,cádiz,9,paisaje urbano,"cultura, teatro y danza",4.26,8809,1064.22,122926.78
ES,14,córdoba,9,paisaje urbano,"cultura, teatro y danza",4.29,93962,1363.33,1207551.67
ES,18,granada,9,paisaje urbano,"cultura, teatro y danza",4.37,153042,909.20,192999.90
ES,23,jaén,9,paisaje urbano,"cultura, teatro y danza",4.33,16236,1340.50,2888.00
ES,29,málaga,9,paisaje urbano,"cultura, teatro y danza",4.43,158253,825.20,367342.20
ES,41,sevilla,9,paisaje urbano,"cultura, teatro y danza",4.34,218279,884.43,970396.43
ES,22,huesca,9,paisaje urbano,"cultura, teatro y danza",4.25,10916,1305.00,197119.50
ES,50,zaragoza,9,paisaje urbano,"cultura, teatro y danza",4.21,41352,793.80,976411.80
ES,35,las palmas,9,paisaje urbano,"cultura, teatro y danza",4.28,51395,932.30,309310.65
ES,38,santa cruz de tenerife,9,paisaje urbano,"cultura, teatro y danza",4.26,66584,942.74,143767.47
ES,39,cantabria,9,paisaje urbano,"cultura, teatro y danza",4.27,27507,807.33,78923.00
ES,02,albacete,9,paisaje urbano,"cultura, teatro y danza",4.15,3663,781.00,293120.80
ES,13,ciudad real,9,paisaje urbano,"cultura, teatro y danza",4.29,7266,663.00,12567.00
ES,16,cuenca,9,paisaje urbano,"cultura, teatro y danza",4.19,13771,150.00,1200.00
ES,45,toledo,9,paisaje urbano,"cultura, teatro y danza",4.18,55769,507.43,47876.43
ES,09,burgos,9,paisaje urbano,"cultura, teatro y danza",4.28,19776,262.33,31915.00
ES,37,salamanca,9,paisaje urbano,"cultura, teatro y danza",4.17,31972,595.60,267298.60
ES,42,soria,9,paisaje urbano,"cultura, teatro y danza",3.97,6300,1515.00,337845.00
ES,47,valladolid,9,paisaje urbano,"cultura, teatro y danza",4.06,13695,684.08,328274.75
ES,49,zamora,9,paisaje urbano,"cultura, teatro y danza",4.17,5872,288.00,3691.33
ES,08,barcelona,9,paisaje urbano,"cultura, teatro y danza",4.05,732080,950.29,403153.47
ES,17,girona,9,paisaje urbano,"cultura, teatro y danza",4.24,50915,1260.90,10619.50
ES,25,lleida,9,paisaje urbano,"cultura, teatro y danza",4.27,7171,241.33,3660.67
ES,43,tarragona,9,paisaje urbano,"cultura, teatro y danza",4.20,53439,1082.17,53846.08
ES,51,ceuta,9,paisaje urbano,"cultura, teatro y danza",0.00,0,599.00,43530.00
ES,28,madrid,9,paisaje urbano,"cultura, teatro y danza",4.10,458466,590.24,446083.12
ES,31,navarra,9,paisaje urbano,"cultura, teatro y danza",4.23,19680,740.33,41987.33
ES,03,alicante/alacant,9,paisaje urbano,"cultura, teatro y danza",4.28,67888,1494.85,189959.23
ES,12,castellón/castelló,9,paisaje urbano,"cultura, teatro y danza",4.20,13212,777.75,16991.25
ES,46,valencia/valència,9,paisaje urbano,"cultura, teatro y danza",4.15,114505,811.92,702264.08
ES,06,badajoz,9,paisaje urbano,"cultura, teatro y danza",4.29,18348,270.56,12927.22
ES,10,cáceres,9,paisaje urbano,"cultura, teatro y danza",4.33,23514,478.83,43496.83
ES,15,a coruña,9,paisaje urbano,"cultura, teatro y danza",4.21,50198,568.11,56256.67
ES,27,lugo,9,paisaje urbano,"cultura, teatro y danza",4.28,8872,2876.50,89459.50
ES,32,ourense,9,paisaje urbano,"cultura, teatro y danza",4.15,6495,164.00,57892.00
ES,36,pontevedra,9,paisaje urbano,"cultura, teatro y danza",4.17,15892,838.33,174995.67
ES,07,illes balears,9,paisaje urbano,"cultura, teatro y danza",4.33,107418,890.60,207144.97
ES,26,la rioja,9,paisaje urbano,"cultura, teatro y danza",4.31,11493,2395.33,477732.00
ES,01,araba/álava,9,paisaje urbano,"cultura, teatro y danza",4.41,7811,477.71,117608.57
ES,48,bizkaia,9,paisaje urbano,"cultura, teatro y danza",4.31,56425,875.62,149066.50
ES,20,gipuzkoa,9,paisaje urbano,"cultura, teatro y danza",4.41,26949,718.27,149834.91
ES,33,asturias,9,paisaje urbano,"cultura, teatro y danza",4.35,40762,655.20,22245.40
ES,30,murcia,9,paisaje urbano,"cultura, teatro y danza",4.20,9308,1097.33,114803.17
ES,04,almería,9,compras,ferias,4.19,2490,300.00,6600.00
ES,23,jaén,9,compras,ferias,4.33,484,50.00,250.00
ES,29,málaga,9,compras,ferias,4.43,19512,632.00,12008.00
ES,41,sevilla,9,compras,ferias,4.34,7574,144.00,9072.00
ES,35,las palmas,9,compras,ferias,4.28,20086,504.00,5040.00
ES,13,ciudad real,9,compras,ferias,4.29,147,1732.00,20784.00
ES,08,barcelona,9,compras,ferias,4.05,95381,10512.33,195721.33
ES,28,madrid,9,compras,ferias,4.10,89796,12123.50,646732.50
ES,46,valencia/valència,9,compras,ferias,4.15,81279,10889.00,98001.00
ES,07,illes balears,9,compras,ferias,4.33,22175,1637.00,22645.00
ES,26,la rioja,9,compras,ferias,4.31,872,4688.00,75008.00
ES,48,bizkaia,9,compras,ferias,4.31,694,6839.00,212009.00
ES,33,asturias,9,compras,ferias,4.35,2445,3582.00,46566.00
ES,18,granada,9,paisaje urbano,museo y exposiciones,4.37,153042,1146.00,13179.00
ES,23,jaén,9,paisaje urbano,museo y exposiciones,4.33,16236,2062.00,2062.00
ES,29,málaga,9,paisaje urbano,museo y exposiciones,4.43,158253,400.00,2400.00
ES,41,sevilla,9,paisaje urbano,museo y exposiciones,4.34,218279,723.50,9947.00
ES,50,zaragoza,9,paisaje urbano,museo y exposiciones,4.21,41352,345.50,56197.50
ES,45,toledo,9,paisaje urbano,museo y exposiciones,4.18,55769,713.33,78079.00
ES,37,salamanca,9,paisaje urbano,museo y exposiciones,4.17,31972,305.50,111474.50
ES,47,valladolid,9,paisaje urbano,museo y exposiciones,4.06,13695,494.00,16302.00
ES,08,barcelona,9,paisaje urbano,museo y exposiciones,4.05,732080,981.50,52204.50
ES,43,tarragona,9,paisaje urbano,museo y exposiciones,4.20,53439,1659.50,71435.50
ES,28,madrid,9,paisaje urbano,museo y exposiciones,4.10,458466,120.00,120.00
ES,46,valencia/valència,9,paisaje urbano,museo y exposiciones,4.15,114505,1356.00,36612.00
ES,07,illes balears,9,paisaje urbano,museo y exposiciones,4.33,107418,518.00,2693.60
ES,01,araba/álava,9,paisaje urbano,museo y exposiciones,4.41,7811,2454.00,7362.00
ES,48,bizkaia,9,paisaje urbano,museo y exposiciones,4.31,56425,498.00,213520.50
ES,04,almería,9,vida nocturna,musica,4.19,5362,1101.31,270845.75
ES,11,cádiz,9,vida nocturna,musica,4.26,2343,884.79,159478.29
ES,14,córdoba,9,vida nocturna,musica,4.29,1908,1746.22,109492.44
ES,18,granada,9,vida nocturna,musica,4.37,10900,1079.00,370115.40
ES,23,jaén,9,vida nocturna,musica,4.33,992,1347.77,97095.38
ES,29,málaga,9,vida nocturna,musica,4.43,56036,1954.95,924988.48
ES,41,sevilla,9,vida nocturna,musica,4.34,39053,1504.00,1017782.57
ES,22,huesca,9,vida nocturna,musica,4.25,1293,1940.38,154104.75
ES,44,teruel,9,vida nocturna,musica,4.28,950,1485.75,194306.50
ES,50,zaragoza,9,vida nocturna,musica,4.21,1614,1502.33,1157739.11
ES,35,las palmas,9,vida nocturna,musica,4.28,129544,1260.41,1099168.45
ES,38,santa cruz de tenerife,9,vida nocturna,musica,4.26,62671,1394.18,637109.04
ES,39,cantabria,9,vida nocturna,musica,4.27,5819,891.12,410335.00
ES,02,albacete,9,vida nocturna,musica,4.15,573,1470.50,171455.70
ES,13,ciudad real,9,vida nocturna,musica,4.29,385,1322.15,43873.77
ES,16,cuenca,9,vida nocturna,musica,4.19,760,1157.50,37148.25
ES,19,guadalajara,9,vida nocturna,musica,4.04,447,976.40,13498.80
ES,45,toledo,9,vida nocturna,musica,4.18,434,2508.75,29521.75
ES,05,ávila,9,vida nocturna,musica,4.23,397,1587.00,6282.00
ES,09,burgos,9,vida nocturna,musica,4.28,970,1021.57,228413.43
ES,24,león,9,vida nocturna,musica,4.21,1480,894.00,114375.00
ES,34,palencia,9,vida nocturna,musica,4.35,379,1093.75,47254.00
ES,37,salamanca,9,vida nocturna,musica,4.17,3701,728.00,257204.25
ES,40,segovia,9,vida nocturna,musica,4.07,263,1089.60,540375.20
ES,42,soria,9,vida nocturna,musica,3.97,154,906.00,22864.20
ES,47,valladolid,9,vida nocturna,musica,4.06,1293,1449.40,414494.20
ES,49,zamora,9,vida nocturna,musica,4.17,462,1371.86,156564.43
ES,08,barcelona,9,vida nocturna,musica,4.05,119743,1402.84,706918.08
ES,17,girona,9,vida nocturna,musica,4.24,12856,1229.40,89285.88
ES,25,lleida,9,vida nocturna,musica,4.27,1184,919.13,107488.80
ES,43,tarragona,9,vida nocturna,musica,4.20,22730,953.87,184718.63
ES,51,ceuta,9,vida nocturna,musica,0.00,0,100.00,2200.00
ES,28,madrid,9,vida nocturna,musica,4.10,100430,1594.96,1710409.83
ES,31,navarra,9,vida nocturna,musica,4.23,2565,1803.60,907641.25
ES,03,alicante/alacant,9,vida nocturna,musica,4.28,84389,1691.62,400189.38
ES,12,castellón/castelló,9,vida nocturna,musica,4.20,2406,1099.60,142143.00
ES,46,valencia/valència,9,vida nocturna,musica,4.15,9307,1110.04,411365.76
ES,06,badajoz,9,vida nocturna,musica,4.29,2109,1025.40,115115.20
ES,10,cáceres,9,vida nocturna,musica,4.33,1377,1035.17,43215.50
ES,15,a coruña,9,vida nocturna,musica,4.21,5653,1085.95,304250.30
ES,27,lugo,9,vida nocturna,musica,4.28,502,1587.17,90034.17
ES,32,ourense,9,vida nocturna,musica,4.15,660,1581.75,233489.25
ES,36,pontevedra,9,vida nocturna,musica,4.17,3092,1208.70,315049.20
ES,07,illes balears,9,vida nocturna,musica,4.33,122452,1407.36,610362.37
ES,26,la rioja,9,vida nocturna,musica,4.31,1866,1735.00,176735.62
ES,01,araba/álava,9,vida nocturna,musica,4.41,1138,948.20,383844.40
ES,48,bizkaia,9,vida nocturna,musica,4.31,5615,1510.71,526196.06
ES,20,gipuzkoa,9,vida nocturna,musica,4.41,5503,1126.25,188276.04
ES,33,asturias,9,vida nocturna,musica,4.35,9626,1114.06,230449.24
ES,30,murcia,9,vida nocturna,musica,4.20,1488,1083.00,668811.17
ES,04,almería,9,vida nocturna,musicales,4.19,5362,676.50,7921.50
ES,11,cádiz,9,vida nocturna,musicales,4.26,2343,1912.00,284888.00
ES,14,córdoba,9,vida nocturna,musicales,4.29,1908,441.67,18224.33
ES,18,granada,9,vida nocturna,musicales,4.37,10900,404.25,2272.75
ES,29,málaga,9,vida nocturna,musicales,4.43,56036,2182.00,342574.00
ES,41,sevilla,9,vida nocturna,musicales,4.34,39053,1158.50,95454.50
ES,50,zaragoza,9,vida nocturna,musicales,4.21,1614,849.67,154720.00
ES,35,las palmas,9,vida nocturna,musicales,4.28,129544,739.67,95913.33
ES,38,santa cruz de tenerife,9,vida nocturna,musicales,4.26,62671,393.60,72692.80
ES,39,cantabria,9,vida nocturna,musicales,4.27,5819,740.00,66075.00
ES,02,albacete,9,vida nocturna,musicales,4.15,573,1079.00,35607.00
ES,13,ciudad real,9,vida nocturna,musicales,4.29,385,647.00,6633.00
ES,37,salamanca,9,vida nocturna,musicales,4.17,3701,466.67,347663.67
ES,47,valladolid,9,vida nocturna,musicales,4.06,1293,873.00,134226.00
ES,08,barcelona,9,vida nocturna,musicales,4.05,119743,1351.00,647444.38
ES,17,girona,9,vida nocturna,musicales,4.24,12856,105.00,315.00
ES,43,tarragona,9,vida nocturna,musicales,4.20,22730,1171.50,202109.00
ES,28,madrid,9,vida nocturna,musicales,4.10,100430,706.33,86071.42
ES,03,alicante/alacant,9,vida nocturna,musicales,4.28,84389,261.00,1607.00
ES,46,valencia/valència,9,vida nocturna,musicales,4.15,9307,617.33,183302.17
ES,06,badajoz,9,vida nocturna,musicales,4.29,2109,175.29,16258.71
ES,10,cáceres,9,vida nocturna,musicales,4.33,1377,1059.20,119529.20
ES,15,a coruña,9,vida nocturna,musicales,4.21,5653,747.67,47921.33
ES,27,lugo,9,vida nocturna,musicales,4.28,502,1647.00,103761.00
ES,32,ourense,9,vida nocturna,musicales,4.15,660,164.00,57892.00
ES,36,pontevedra,9,vida nocturna,musicales,4.17,3092,805.00,95795.00
ES,07,illes balears,9,vida nocturna,musicales,4.33,122452,972.08,196635.42
ES,01,araba/álava,9,vida nocturna,musicales,4.41,1138,553.00,4424.00
ES,48,bizkaia,9,vida nocturna,musicales,4.31,5615,1009.00,29261.00
ES,33,asturias,9,vida nocturna,musicales,4.35,9626,813.00,6504.00
ES,30,murcia,9,vida nocturna,musicales,4.20,1488,960.50,34694.50
ES,43,tarragona,9,paisaje naturaleza,parques tematicos,4.20,33701,363.00,1089.00
ES,04,almería,10,paisaje naturaleza,actividades infantiles,4.19,23376,841.60,59091.00
ES,11,cádiz,10,paisaje naturaleza,actividades infantiles,4.26,12350,1674.20,257933.40
ES,14,córdoba,10,paisaje naturaleza,actividades infantiles,4.29,3767,1467.00,48319.75
ES,18,granada,10,paisaje naturaleza,actividades infantiles,4.37,18492,920.20,338748.20
ES,21,huelva,10,paisaje naturaleza,actividades infantiles,4.11,8396,5222.00,135772.00
ES,23,jaén,10,paisaje naturaleza,actividades infantiles,4.33,4366,968.00,160088.50
ES,29,málaga,10,paisaje naturaleza,actividades infantiles,4.43,109648,464.00,109779.50
ES,41,sevilla,10,paisaje naturaleza,actividades infantiles,4.34,21476,1017.75,279804.62
ES,50,zaragoza,10,paisaje naturaleza,actividades infantiles,4.21,5888,902.75,503803.00
ES,35,las palmas,10,paisaje naturaleza,actividades infantiles,4.28,200378,127.57,32222.00
ES,38,santa cruz de tenerife,10,paisaje naturaleza,actividades infantiles,4.26,190067,899.83,51245.00
ES,39,cantabria,10,paisaje naturaleza,actividades infantiles,4.27,37946,438.33,13243.67
ES,02,albacete,10,paisaje naturaleza,actividades infantiles,4.15,3169,335.00,26373.33
ES,13,ciudad real,10,paisaje naturaleza,actividades infantiles,4.29,3026,661.00,29084.00
ES,19,guadalajara,10,paisaje naturaleza,actividades infantiles,4.04,1303,1716.00,94607.33
ES,45,toledo,10,paisaje naturaleza,actividades infantiles,4.18,1715,889.25,42442.50
ES,05,ávila,10,paisaje naturaleza,actividades infantiles,4.23,1874,1891.00,20801.00
ES,24,león,10,paisaje naturaleza,actividades infantiles,4.21,4506,1120.50,92605.00
ES,37,salamanca,10,paisaje naturaleza,actividades infantiles,4.17,3319,1164.00,817532.00
ES,42,soria,10,paisaje naturaleza,actividades infantiles,3.97,2792,156.00,2340.00
ES,47,valladolid,10,paisaje naturaleza,actividades infantiles,4.06,8696,698.83,43559.33
ES,49,zamora,10,paisaje naturaleza,actividades infantiles,4.17,2116,224.00,15776.00
ES,08,barcelona,10,paisaje naturaleza,actividades infantiles,4.05,200444,1252.50,384057.50
ES,17,girona,10,paisaje naturaleza,actividades infantiles,4.24,61683,957.56,36372.33
ES,25,lleida,10,paisaje naturaleza,actividades infantiles,4.27,9898,1394.67,302666.00
ES,43,tarragona,10,paisaje naturaleza,actividades infantiles,4.20,33701,935.38,44376.75
ES,28,madrid,10,paisaje naturaleza,actividades infantiles,4.10,121795,709.50,178342.75
ES,31,navarra,10,paisaje naturaleza,actividades infantiles,4.23,7007,101.00,3367.00
ES,03,alicante/alacant,10,paisaje naturaleza,actividades infantiles,4.28,82424,1410.23,177798.00
ES,12,castellón/castelló,10,paisaje naturaleza,actividades infantiles,4.20,6934,162.50,57662.50
ES,46,valencia/valència,10,paisaje naturaleza,actividades infantiles,4.15,90776,1573.53,862272.00
ES,06,badajoz,10,paisaje naturaleza,actividades infantiles,4.29,1116,351.14,67061.14
ES,10,cáceres,10,paisaje naturaleza,actividades infantiles,4.33,5814,824.62,24200.38
ES,15,a coruña,10,paisaje naturaleza,actividades infantiles,4.21,18974,693.00,106702.33
ES,27,lugo,10,paisaje naturaleza,actividades infantiles,4.28,8089,1609.50,63412.00
ES,36,pontevedra,10,paisaje naturaleza,actividades infantiles,4.17,15699,303.00,27727.00
ES,07,illes balears,10,paisaje naturaleza,actividades infantiles,4.33,203636,1037.41,199454.41
ES,26,la rioja,10,paisaje naturaleza,actividades infantiles,4.31,18300,165.00,3795.00
ES,01,araba/álava,10,paisaje naturaleza,actividades infantiles,4.41,11468,363.86,10156.00
ES,48,bizkaia,10,paisaje naturaleza,actividades infantiles,4.31,7925,635.67,140732.67
ES,20,gipuzkoa,10,paisaje naturaleza,actividades infantiles,4.41,26976,379.17,97326.33
ES,33,asturias,10,paisaje naturaleza,actividades infantiles,4.35,44006,803.33,98339.67
ES,30,murcia,10,paisaje naturaleza,actividades infantiles,4.20,2633,641.67,160174.33
ES,11,cádiz,10,servicios,cursos,4.26,39,9286.00,9286.00
ES,18,granada,10,servicios,cursos,4.37,1868,329.00,958.00
ES,23,jaén,10,servicios,cursos,4.33,84,500.00,3500.00
ES,29,málaga,10,servicios,cursos,4.43,51898,952.80,52802.20
ES,41,sevilla,10,servicios,cursos,4.34,4859,1422.25,77923.25
ES,22,huesca,10,servicios,cursos,4.25,533,90.00,240.00
ES,50,zaragoza,10,servicios,cursos,4.21,61,848.00,106848.00
ES,35,las palmas,10,servicios,cursos,4.28,2863,2625.25,25528.00
ES,38,santa cruz de tenerife,10,servicios,cursos,4.26,3753,875.20,4558.60
ES,39,cantabria,10,servicios,cursos,4.27,4877,7416.50,57998.50
ES,02,albacete,10,servicios,cursos,4.15,9,231.00,2310.00
ES,45,toledo,10,servicios,cursos,4.18,29,316.00,3160.00
ES,47,valladolid,10,servicios,cursos,4.06,292,6975.75,20221.75
ES,49,zamora,10,servicios,cursos,4.17,2,1871.00,65485.00
ES,08,barcelona,10,servicios,cursos,4.05,159935,2195.22,305192.56
ES,17,girona,10,servicios,cursos,4.24,1146,1046.00,3038.00
ES,43,tarragona,10,servicios,cursos,4.20,9269,737.50,985.00
ES,28,madrid,10,servicios,cursos,4.10,42370,3751.33,1932442.83
ES,03,alicante/alacant,10,servicios,cursos,4.28,29657,268.33,1388.33
ES,46,valencia/valència,10,servicios,cursos,4.15,7124,3250.25,199363.00
ES,10,cáceres,10,servicios,cursos,4.33,60,100.00,100.00
ES,15,a coruña,10,servicios,cursos,4.21,605,3775.33,32764.00
ES,36,pontevedra,10,servicios,cursos,4.17,1424,9137.00,45685.00
ES,07,illes balears,10,servicios,cursos,4.33,46354,2983.87,277361.07
ES,26,la rioja,10,servicios,cursos,4.31,10,3066.00,98112.00
ES,01,araba/álava,10,servicios,cursos,4.41,18,345.00,1455.00
ES,48,bizkaia,10,servicios,cursos,4.31,13509,2556.75,90976.75
ES,20,gipuzkoa,10,servicios,cursos,4.41,140,744.00,3916.33
ES,33,asturias,10,servicios,cursos,4.35,2389,250.00,250.00
ES,30,murcia,10,servicios,cursos,4.20,6,2152.33,307781.00
ES,04,almería,10,paisaje naturaleza,deportes y aventuras,4.19,23376,325.00,16041.67
ES,11,cádiz,10,paisaje naturaleza,deportes y aventuras,4.26,12350,1211.75,198291.00
ES,18,granada,10,paisaje naturaleza,deportes y aventuras,4.37,18492,1888.00,18519.40
ES,21,huelva,10,paisaje naturaleza,deportes y aventuras,4.11,8396,5222.00,135772.00
ES,23,jaén,10,paisaje naturaleza,deportes y aventuras,4.33,4366,1627.00,107314.67
ES,29,málaga,10,paisaje naturaleza,deportes y aventuras,4.43,109648,2110.75,653740.00
ES,41,sevilla,10,paisaje naturaleza,deportes y aventuras,4.34,21476,395.80,34214.20
ES,50,zaragoza,10,paisaje naturaleza,deportes y aventuras,4.21,5888,2290.50,605653.00
ES,35,las palmas,10,paisaje naturaleza,deportes y aventuras,4.28,200378,256.00,69757.17
ES,38,santa cruz de tenerife,10,paisaje naturaleza,deportes y aventuras,4.26,190067,1051.00,39573.25
ES,39,cantabria,10,paisaje naturaleza,deportes y aventuras,4.27,37946,622.00,39186.00
ES,02,albacete,10,paisaje naturaleza,deportes y aventuras,4.15,3169,2198.25,333014.00
ES,13,ciudad real,10,paisaje naturaleza,deportes y aventuras,4.29,3026,1804.00,8118.00
ES,16,cuenca,10,paisaje naturaleza,deportes y aventuras,4.19,3251,30.00,2370.00
ES,19,guadalajara,10,paisaje naturaleza,deportes y aventuras,4.04,1303,2534.00,141791.00
ES,09,burgos,10,paisaje naturaleza,deportes y aventuras,4.28,6285,50.00,2050.00
ES,24,león,10,paisaje naturaleza,deportes y aventuras,4.21,4506,1257.50,173405.00
ES,37,salamanca,10,paisaje naturaleza,deportes y aventuras,4.17,3319,544.50,990.00
ES,47,valladolid,10,paisaje naturaleza,deportes y aventuras,4.06,8696,1260.50,45629.00
ES,08,barcelona,10,paisaje naturaleza,deportes y aventuras,4.05,200444,1626.11,235871.51
ES,17,girona,10,paisaje naturaleza,deportes y aventuras,4.24,61683,367.33,14947.33
ES,43,tarragona,10,paisaje naturaleza,deportes y aventuras,4.20,33701,810.80,3116.00
ES,28,madrid,10,paisaje naturaleza,deportes y aventuras,4.10,121795,1064.75,185491.00
ES,31,navarra,10,paisaje naturaleza,deportes y aventuras,4.23,7007,1015.33,365029.00
ES,03,alicante/alacant,10,paisaje naturaleza,deportes y aventuras,4.28,82424,1646.71,223643.82
ES,46,valencia/valència,10,paisaje naturaleza,deportes y aventuras,4.15,90776,2283.00,145807.00
ES,06,badajoz,10,paisaje naturaleza,deportes y aventuras,4.29,1116,632.00,35726.50
ES,10,cáceres,10,paisaje naturaleza,deportes y aventuras,4.33,5814,1413.00,146213.60
ES,15,a coruña,10,paisaje naturaleza,deportes y aventuras,4.21,18974,322.33,9959.00
ES,36,pontevedra,10,paisaje naturaleza,deportes y aventuras,4.17,15699,50.00,200.00
ES,07,illes balears,10,paisaje naturaleza,deportes y aventuras,4.33,203636,2079.88,355118.62
ES,01,araba/álava,10,paisaje naturaleza,deportes y aventuras,4.41,11468,3654.00,81099.00
ES,48,bizkaia,10,paisaje naturaleza,deportes y aventuras,4.31,7925,1425.00,841924.67
ES,20,gipuzkoa,10,paisaje naturaleza,deportes y aventuras,4.41,26976,1653.00,282904.00
ES,30,murcia,10,paisaje naturaleza,deportes y aventuras,4.20,2633,1274.25,24333.25
ES,04,almería,10,vida nocturna,cine,4.19,5362,615.00,984.00
ES,18,granada,10,vida nocturna,cine,4.37,10900,1502.00,100634.00
ES,23,jaén,10,vida nocturna,cine,4.33,992,635.00,13335.00
ES,29,málaga,10,vida nocturna,cine,4.43,56036,1911.50,234264.50
ES,41,sevilla,10,vida nocturna,cine,4.34,39053,358.00,157927.33
ES,44,teruel,10,vida nocturna,cine,4.28,950,45.00,360.00
ES,50,zaragoza,10,vida nocturna,cine,4.21,1614,866.67,16595.33
ES,35,las palmas,10,vida nocturna,cine,4.28,129544,50.00,2225.00
ES,38,santa cruz de tenerife,10,vida nocturna,cine,4.26,62671,110.00,4840.00
ES,02,albacete,10,vida nocturna,cine,4.15,573,148.50,6118.50
ES,16,cuenca,10,vida nocturna,cine,4.19,760,50.00,500.00
ES,47,valladolid,10,vida nocturna,cine,4.06,1293,618.00,35715.00
ES,08,barcelona,10,vida nocturna,cine,4.05,119743,499.90,50846.20
ES,17,girona,10,vida nocturna,cine,4.24,12856,132.00,1107.00
ES,43,tarragona,10,vida nocturna,cine,4.20,22730,441.00,44982.00
ES,28,madrid,10,vida nocturna,cine,4.10,100430,450.20,10844.40
ES,03,alicante/alacant,10,vida nocturna,cine,4.28,84389,381.78,56247.67
ES,46,valencia/valència,10,vida nocturna,cine,4.15,9307,46.00,1150.00
ES,15,a coruña,10,vida nocturna,cine,4.21,5653,5403.00,75642.00
ES,07,illes balears,10,vida nocturna,cine,4.33,122452,390.67,7467.00
ES,26,la rioja,10,vida nocturna,cine,4.31,1866,50.00,1300.00
ES,20,gipuzkoa,10,vida nocturna,cine,4.41,5503,190.78,17534.11
ES,33,asturias,10,vida nocturna,cine,4.35,9626,80.00,2720.00
ES,30,murcia,10,vida nocturna,cine,4.20,1488,303.00,25755.00
ES,11,cádiz,10,otros,conferencias,4.26,284,200.00,850.00
ES,29,málaga,10,otros,conferencias,4.43,1156,650.00,23725.00
ES,41,sevilla,10,otros,conferencias,4.34,431,983.00,102103.50
ES,44,teruel,10,otros,conferencias,4.28,5064,2518.00,135972.00
ES,50,zaragoza,10,otros,conferencias,4.21,158,3671.00,158703.50
ES,35,las palmas,10,otros,conferencias,4.28,176,1423.67,93745.00
ES,13,ciudad real,10,otros,conferencias,4.29,156,2881.67,172534.00
ES,24,león,10,otros,conferencias,4.21,146,332.00,7859.50
ES,34,palencia,10,otros,conferencias,4.35,16,250.00,500.00
ES,40,segovia,10,otros,conferencias,4.07,248,49.00,539.00
ES,47,valladolid,10,otros,conferencias,4.06,83,120.00,360.00
ES,08,barcelona,10,otros,conferencias,4.05,2019,2599.62,77610.62
ES,25,lleida,10,otros,conferencias,4.27,79,380.00,3040.00
ES,43,tarragona,10,otros,conferencias,4.20,1769,449.00,5388.00
ES,28,madrid,10,otros,conferencias,4.10,1624,7691.75,410225.50
ES,03,alicante/alacant,10,otros,conferencias,4.28,392,260.00,7540.00
ES,46,valencia/valència,10,otros,conferencias,4.15,621,1625.00,180375.00
ES,36,pontevedra,10,otros,conferencias,4.17,119,486.00,452336.00
ES,07,illes balears,10,otros,conferencias,4.33,296,1161.50,2198.00
ES,26,la rioja,10,otros,conferencias,4.31,363,3236.33,255641.67
ES,33,asturias,10,otros,conferencias,4.35,92,3205.00,3846.00
ES,04,almería,10,paisaje urbano,"cultura, teatro y danza",4.19,14318,1343.50,269488.00
ES,11,cádiz,10,paisaje urbano,"cultura, teatro y danza",4.26,8809,1093.00,98925.56
ES,14,córdoba,10,paisaje urbano,"cultura, teatro y danza",4.29,93962,1379.00,846921.00
ES,18,granada,10,paisaje urbano,"cultura, teatro y danza",4.37,153042,784.22,277606.89
ES,23,jaén,10,paisaje urbano,"cultura, teatro y danza",4.33,16236,625.33,3459.33
ES,29,málaga,10,paisaje urbano,"cultura, teatro y danza",4.43,158253,1060.23,396455.15
ES,41,sevilla,10,paisaje urbano,"cultura, teatro y danza",4.34,218279,826.23,645873.38
ES,22,huesca,10,paisaje urbano,"cultura, teatro y danza",4.25,10916,1069.67,21154.00
ES,44,teruel,10,paisaje urbano,"cultura, teatro y danza",4.28,11015,1553.00,26401.00
ES,50,zaragoza,10,paisaje urbano,"cultura, teatro y danza",4.21,41352,500.71,697951.14
ES,35,las palmas,10,paisaje urbano,"cultura, teatro y danza",4.28,51395,975.25,140350.75
ES,38,santa cruz de tenerife,10,paisaje urbano,"cultura, teatro y danza",4.26,66584,995.89,139839.94
ES,39,cantabria,10,paisaje urbano,"cultura, teatro y danza",4.27,27507,653.25,168725.25
ES,02,albacete,10,paisaje urbano,"cultura, teatro y danza",4.15,3663,814.33,244258.00
ES,13,ciudad real,10,paisaje urbano,"cultura, teatro y danza",4.29,7266,1774.00,6878.50
ES,16,cuenca,10,paisaje urbano,"cultura, teatro y danza",4.19,13771,1296.00,9072.00
ES,19,guadalajara,10,paisaje urbano,"cultura, teatro y danza",4.04,6159,80.00,240.00
ES,45,toledo,10,paisaje urbano,"cultura, teatro y danza",4.18,55769,483.30,106068.50
ES,05,ávila,10,paisaje urbano,"cultura, teatro y danza",4.23,13407,100.00,200.00
ES,09,burgos,10,paisaje urbano,"cultura, teatro y danza",4.28,19776,110.00,270.00
ES,24,león,10,paisaje urbano,"cultura, teatro y danza",4.21,19169,250.00,750.00
ES,37,salamanca,10,paisaje urbano,"cultura, teatro y danza",4.17,31972,642.09,236160.64
ES,42,soria,10,paisaje urbano,"cultura, teatro y danza",3.97,6300,160.50,2490.00
ES,47,valladolid,10,paisaje urbano,"cultura, teatro y danza",4.06,13695,789.91,216730.27
ES,49,zamora,10,paisaje urbano,"cultura, teatro y danza",4.17,5872,162.67,10657.33
ES,08,barcelona,10,paisaje urbano,"cultura, teatro y danza",4.05,732080,823.78,385614.98
ES,17,girona,10,paisaje urbano,"cultura, teatro y danza",4.24,50915,601.47,16321.53
ES,25,lleida,10,paisaje urbano,"cultura, teatro y danza",4.27,7171,569.75,156329.00
ES,43,tarragona,10,paisaje urbano,"cultura, teatro y danza",4.20,53439,836.67,418558.83
ES,51,ceuta,10,paisaje urbano,"cultura, teatro y danza",0.00,0,80.00,2880.00
ES,28,madrid,10,paisaje urbano,"cultura, teatro y danza",4.10,458466,576.81,249491.03
ES,31,navarra,10,paisaje urbano,"cultura, teatro y danza",4.23,19680,1685.00,14154.00
ES,03,alicante/alacant,10,paisaje urbano,"cultura, teatro y danza",4.28,67888,1212.47,221700.59
ES,12,castellón/castelló,10,paisaje urbano,"cultura, teatro y danza",4.20,13212,938.67,70620.33
ES,46,valencia/valència,10,paisaje urbano,"cultura, teatro y danza",4.15,114505,1089.93,2285508.21
ES,06,badajoz,10,paisaje urbano,"cultura, teatro y danza",4.29,18348,703.82,69593.45
ES,10,cáceres,10,paisaje urbano,"cultura, teatro y danza",4.33,23514,728.86,91390.14
ES,15,a coruña,10,paisaje urbano,"cultura, teatro y danza",4.21,50198,534.67,75180.56
ES,27,lugo,10,paisaje urbano,"cultura, teatro y danza",4.28,8872,1415.25,33082.00
ES,36,pontevedra,10,paisaje urbano,"cultura, teatro y danza",4.17,15892,890.00,268587.33
ES,07,illes balears,10,paisaje urbano,"cultura, teatro y danza",4.33,107418,991.35,185657.47
ES,26,la rioja,10,paisaje urbano,"cultura, teatro y danza",4.31,11493,2052.75,700798.50
ES,01,araba/álava,10,paisaje urbano,"cultura, teatro y danza",4.41,7811,497.78,79093.67
ES,48,bizkaia,10,paisaje urbano,"cultura, teatro y danza",4.31,56425,1012.25,148977.12
ES,20,gipuzkoa,10,paisaje urbano,"cultura, teatro y danza",4.41,26949,532.17,151166.00
ES,33,asturias,10,paisaje urbano,"cultura, teatro y danza",4.35,40762,474.60,52590.80
ES,30,murcia,10,paisaje urbano,"cultura, teatro y danza",4.20,9308,913.00,176831.89
ES,11,cádiz,10,compras,ferias,4.26,1319,300.00,1500.00
ES,41,sevilla,10,compras,ferias,4.34,7574,1396.00,6980.00
ES,50,zaragoza,10,compras,ferias,4.21,3119,5747.00,109193.00
ES,35,las palmas,10,compras,ferias,4.28,20086,343.50,19129.50
ES,13,ciudad real,10,compras,ferias,4.29,147,2031.00,170604.00
ES,24,león,10,compras,ferias,4.21,389,332.00,7859.50
ES,40,segovia,10,compras,ferias,4.07,395,49.00,539.00
ES,08,barcelona,10,compras,ferias,4.05,95381,7038.00,120204.00
ES,25,lleida,10,compras,ferias,4.27,233,380.00,3040.00
ES,28,madrid,10,compras,ferias,4.10,89796,6279.00,155042.75
ES,46,valencia/valència,10,compras,ferias,4.15,81279,1625.00,180375.00
ES,07,illes balears,10,compras,ferias,4.33,22175,250.00,250.00
ES,26,la rioja,10,compras,ferias,4.31,872,3512.33,186147.67
ES,33,asturias,10,compras,ferias,4.35,2445,3205.00,3846.00
ES,18,granada,10,paisaje urbano,museo y exposiciones,4.37,153042,1188.00,7128.00
ES,29,málaga,10,paisaje urbano,museo y exposiciones,4.43,158253,220.00,1060.00
ES,41,sevilla,10,paisaje urbano,museo y exposiciones,4.34,218279,984.20,37992.00
ES,50,zaragoza,10,paisaje urbano,museo y exposiciones,4.21,41352,357.00,16387.50
ES,45,toledo,10,paisaje urbano,museo y exposiciones,4.18,55769,478.67,53762.00
ES,37,salamanca,10,paisaje urbano,museo y exposiciones,4.17,31972,217.33,116127.33
ES,47,valladolid,10,paisaje urbano,museo y exposiciones,4.06,13695,463.00,31484.00
ES,08,barcelona,10,paisaje urbano,museo y exposiciones,4.05,732080,1147.25,64364.50
ES,17,girona,10,paisaje urbano,museo y exposiciones,4.24,50915,145.00,1740.00
ES,43,tarragona,10,paisaje urbano,museo y exposiciones,4.20,53439,2388.50,110844.00
ES,28,madrid,10,paisaje urbano,museo y exposiciones,4.10,458466,70.00,70.00
ES,03,alicante/alacant,10,paisaje urbano,museo y exposiciones,4.28,67888,5463.00,366021.00
ES,46,valencia/valència,10,paisaje urbano,museo y exposiciones,4.15,114505,1185.00,15405.00
ES,07,illes balears,10,paisaje urbano,museo y exposiciones,4.33,107418,647.50,1683.50
ES,48,bizkaia,10,paisaje urbano,museo y exposiciones,4.31,56425,503.50,364791.00
ES,04,almería,10,vida nocturna,musica,4.19,5362,1924.40,620611.53
ES,11,cádiz,10,vida nocturna,musica,4.26,2343,1098.29,187684.10
ES,14,córdoba,10,vida nocturna,musica,4.29,1908,1576.67,494003.22
ES,18,granada,10,vida nocturna,musica,4.37,10900,1300.75,242889.35
ES,21,huelva,10,vida nocturna,musica,4.11,1623,393.33,4692.00
ES,23,jaén,10,vida nocturna,musica,4.33,992,1160.40,90054.50
ES,29,málaga,10,vida nocturna,musica,4.43,56036,1213.44,316392.44
ES,41,sevilla,10,vida nocturna,musica,4.34,39053,828.05,472994.37
ES,22,huesca,10,vida nocturna,musica,4.25,1293,1019.75,215188.08
ES,44,teruel,10,vida nocturna,musica,4.28,950,1365.38,236329.00
ES,50,zaragoza,10,vida nocturna,musica,4.21,1614,1024.40,3311083.60
ES,35,las palmas,10,vida nocturna,musica,4.28,129544,1119.42,334072.11
ES,38,santa cruz de tenerife,10,vida nocturna,musica,4.26,62671,1549.20,812199.92
ES,39,cantabria,10,vida nocturna,musica,4.27,5819,751.29,78607.29
ES,02,albacete,10,vida nocturna,musica,4.15,573,1010.38,230230.62
ES,13,ciudad real,10,vida nocturna,musica,4.29,385,921.62,83800.38
ES,16,cuenca,10,vida nocturna,musica,4.19,760,935.33,157019.67
ES,19,guadalajara,10,vida nocturna,musica,4.04,447,433.20,2503.20
ES,45,toledo,10,vida nocturna,musica,4.18,434,2210.22,80712.11
ES,05,ávila,10,vida nocturna,musica,4.23,397,1484.33,62460.33
ES,09,burgos,10,vida nocturna,musica,4.28,970,1354.29,372985.86
ES,24,león,10,vida nocturna,musica,4.21,1480,961.00,197301.71
ES,34,palencia,10,vida nocturna,musica,4.35,379,970.75,58835.75
ES,37,salamanca,10,vida nocturna,musica,4.17,3701,930.14,272006.43
ES,40,segovia,10,vida nocturna,musica,4.07,263,800.25,71225.50
ES,42,soria,10,vida nocturna,musica,3.97,154,1223.83,391189.33
ES,47,valladolid,10,vida nocturna,musica,4.06,1293,984.29,320989.43
ES,49,zamora,10,vida nocturna,musica,4.17,462,872.00,356787.33
ES,08,barcelona,10,vida nocturna,musica,4.05,119743,1097.47,827514.16
ES,17,girona,10,vida nocturna,musica,4.24,12856,1227.62,78555.69
ES,25,lleida,10,vida nocturna,musica,4.27,1184,910.53,173467.47
ES,43,tarragona,10,vida nocturna,musica,4.20,22730,1090.46,204693.67
ES,51,ceuta,10,vida nocturna,musica,0.00,0,1089.33,45270.00
ES,28,madrid,10,vida nocturna,musica,4.10,100430,1148.85,1800979.20
ES,31,navarra,10,vida nocturna,musica,4.23,2565,1466.31,302071.15
ES,03,alicante/alacant,10,vida nocturna,musica,4.28,84389,1468.33,340244.25
ES,12,castellón/castelló,10,vida nocturna,musica,4.20,2406,1005.57,504093.29
ES,46,valencia/valència,10,vida nocturna,musica,4.15,9307,985.70,569869.63
ES,06,badajoz,10,vida nocturna,musica,4.29,2109,967.60,237413.10
ES,10,cáceres,10,vida nocturna,musica,4.33,1377,706.89,22192.67
ES,15,a coruña,10,vida nocturna,musica,4.21,5653,881.47,223270.63
ES,27,lugo,10,vida nocturna,musica,4.28,502,573.83,42036.83
ES,32,ourense,10,vida nocturna,musica,4.15,660,1200.00,223852.50
ES,36,pontevedra,10,vida nocturna,musica,4.17,3092,946.13,61582.00
ES,07,illes balears,10,vida nocturna,musica,4.33,122452,1333.95,1107826.53
ES,26,la rioja,10,vida nocturna,musica,4.31,1866,1222.50,127176.62
ES,01,araba/álava,10,vida nocturna,musica,4.41,1138,1399.75,279022.00
ES,48,bizkaia,10,vida nocturna,musica,4.31,5615,1362.71,820238.10
ES,20,gipuzkoa,10,vida nocturna,musica,4.41,5503,1043.46,218283.75
ES,33,asturias,10,vida nocturna,musica,4.35,9626,1064.26,364721.74
ES,30,murcia,10,vida nocturna,musica,4.20,1488,962.15,1126727.77
ES,04,almería,10,vida nocturna,musicales,4.19,5362,1137.67,29616.33
ES,11,cádiz,10,vida nocturna,musicales,4.26,2343,990.50,110520.50
ES,14,córdoba,10,vida nocturna,musicales,4.29,1908,115.00,10735.00
ES,18,granada,10,vida nocturna,musicales,4.37,10900,741.50,51718.67
ES,29,málaga,10,vida nocturna,musicales,4.43,56036,1129.00,184859.00
ES,41,sevilla,10,vida nocturna,musicales,4.34,39053,1246.25,87722.00
ES,50,zaragoza,10,vida nocturna,musicales,4.21,1614,365.50,120564.75
ES,35,las palmas,10,vida nocturna,musicales,4.28,129544,491.40,126405.00
ES,38,santa cruz de tenerife,10,vida nocturna,musicales,4.26,62671,769.83,68654.33
ES,39,cantabria,10,vida nocturna,musicales,4.27,5819,1109.50,97728.00
ES,02,albacete,10,vida nocturna,musicales,4.15,573,1426.00,319424.00
ES,19,guadalajara,10,vida nocturna,musicales,4.04,447,80.00,240.00
ES,45,toledo,10,vida nocturna,musicales,4.18,434,477.00,483678.00
ES,37,salamanca,10,vida nocturna,musicales,4.17,3701,902.25,482411.00
ES,42,soria,10,vida nocturna,musicales,3.97,154,156.00,2340.00
ES,47,valladolid,10,vida nocturna,musicales,4.06,1293,717.67,135199.67
ES,08,barcelona,10,vida nocturna,musicales,4.05,119743,794.17,422069.83
ES,25,lleida,10,vida nocturna,musicales,4.27,1184,462.50,135622.50
ES,43,tarragona,10,vida nocturna,musicales,4.20,22730,2095.00,18436.00
ES,28,madrid,10,vida nocturna,musicales,4.10,100430,606.23,82946.31
ES,03,alicante/alacant,10,vida nocturna,musicales,4.28,84389,295.75,19693.75
ES,12,castellón/castelló,10,vida nocturna,musicales,4.20,2406,150.00,5250.00
ES,46,valencia/valència,10,vida nocturna,musicales,4.15,9307,744.40,667289.80
ES,06,badajoz,10,vida nocturna,musicales,4.29,2109,871.71,92214.14
ES,10,cáceres,10,vida nocturna,musicales,4.33,1377,572.00,15204.75
ES,15,a coruña,10,vida nocturna,musicales,4.21,5653,722.33,33239.33
ES,27,lugo,10,vida nocturna,musicales,4.28,502,1609.50,63412.00
ES,36,pontevedra,10,vida nocturna,musicales,4.17,3092,432.00,432.00
ES,07,illes balears,10,vida nocturna,musicales,4.33,122452,1364.82,146159.82
ES,26,la rioja,10,vida nocturna,musicales,4.31,1866,107.50,2722.50
ES,01,araba/álava,10,vida nocturna,musicales,4.41,1138,612.00,1224.00
ES,20,gipuzkoa,10,vida nocturna,musicales,4.41,5503,1167.00,200724.00
ES,33,asturias,10,vida nocturna,musicales,4.35,9626,427.00,1561.50
ES,30,murcia,10,vida nocturna,musicales,4.20,1488,959.33,41367.67
ES,23,jaén,10,paisaje naturaleza,parques tematicos,4.33,4366,2945.00,1767.00
ES,08,barcelona,10,paisaje naturaleza,parques tematicos,4.05,200444,776.00,967672.00
ES,43,tarragona,10,paisaje naturaleza,parques tematicos,4.20,33701,363.00,726.00
ES,03,alicante/alacant,10,paisaje naturaleza,parques tematicos,4.28,82424,1001.00,706706.00
ES,04,almería,11,paisaje naturaleza,actividades infantiles,4.19,23376,473.67,32660.33
ES,11,cádiz,11,paisaje naturaleza,actividades infantiles,4.26,12350,1499.20,64947.20
ES,14,córdoba,11,paisaje naturaleza,actividades infantiles,4.29,3767,1015.33,164570.67
ES,18,granada,11,paisaje naturaleza,actividades infantiles,4.37,18492,855.83,375932.83
ES,21,huelva,11,paisaje naturaleza,actividades infantiles,4.11,8396,582.40,94000.60
ES,23,jaén,11,paisaje naturaleza,actividades infantiles,4.33,4366,200.00,25600.00
ES,29,málaga,11,paisaje naturaleza,actividades infantiles,4.43,109648,470.17,223993.83
ES,41,sevilla,11,paisaje naturaleza,actividades infantiles,4.34,21476,1001.09,94478.55
ES,22,huesca,11,paisaje naturaleza,actividades infantiles,4.25,17445,301.50,41347.00
ES,50,zaragoza,11,paisaje naturaleza,actividades infantiles,4.21,5888,303.25,224644.75
ES,35,las palmas,11,paisaje naturaleza,actividades infantiles,4.28,200378,194.10,29049.60
ES,38,santa cruz de tenerife,11,paisaje naturaleza,actividades infantiles,4.26,190067,542.64,41284.00
ES,39,cantabria,11,paisaje naturaleza,actividades infantiles,4.27,37946,572.00,49508.00
ES,02,albacete,11,paisaje naturaleza,actividades infantiles,4.15,3169,698.00,162525.33
ES,13,ciudad real,11,paisaje naturaleza,actividades infantiles,4.29,3026,516.00,4128.00
ES,19,guadalajara,11,paisaje naturaleza,actividades infantiles,4.04,1303,784.50,43835.75
ES,45,toledo,11,paisaje naturaleza,actividades infantiles,4.18,1715,1886.00,41776.20
ES,05,ávila,11,paisaje naturaleza,actividades infantiles,4.23,1874,1450.50,109828.50
ES,24,león,11,paisaje naturaleza,actividades infantiles,4.21,4506,455.00,96499.00
ES,37,salamanca,11,paisaje naturaleza,actividades infantiles,4.17,3319,1826.50,152491.50
ES,42,soria,11,paisaje naturaleza,actividades infantiles,3.97,2792,156.00,156.00
ES,47,valladolid,11,paisaje naturaleza,actividades infantiles,4.06,8696,720.55,133042.00
ES,08,barcelona,11,paisaje naturaleza,actividades infantiles,4.05,200444,1112.16,359484.74
ES,17,girona,11,paisaje naturaleza,actividades infantiles,4.24,61683,884.71,29015.14
ES,25,lleida,11,paisaje naturaleza,actividades infantiles,4.27,9898,1727.00,102965.50
ES,43,tarragona,11,paisaje naturaleza,actividades infantiles,4.20,33701,1172.25,28093.38
ES,28,madrid,11,paisaje naturaleza,actividades infantiles,4.10,121795,708.79,199976.79
ES,31,navarra,11,paisaje naturaleza,actividades infantiles,4.23,7007,371.50,28677.00
ES,03,alicante/alacant,11,paisaje naturaleza,actividades infantiles,4.28,82424,728.88,29726.71
ES,12,castellón/castelló,11,paisaje naturaleza,actividades infantiles,4.20,6934,1436.33,315787.67
ES,46,valencia/valència,11,paisaje naturaleza,actividades infantiles,4.15,90776,1360.75,1344122.33
ES,06,badajoz,11,paisaje naturaleza,actividades infantiles,4.29,1116,722.38,57011.62
ES,10,cáceres,11,paisaje naturaleza,actividades infantiles,4.33,5814,1205.78,36878.11
ES,15,a coruña,11,paisaje naturaleza,actividades infantiles,4.21,18974,580.00,96261.25
ES,27,lugo,11,paisaje naturaleza,actividades infantiles,4.28,8089,1132.33,51065.33
ES,36,pontevedra,11,paisaje naturaleza,actividades infantiles,4.17,15699,769.00,63827.00
ES,07,illes balears,11,paisaje naturaleza,actividades infantiles,4.33,203636,1248.13,141262.68
ES,26,la rioja,11,paisaje naturaleza,actividades infantiles,4.31,18300,97.00,20273.00
ES,01,araba/álava,11,paisaje naturaleza,actividades infantiles,4.41,11468,328.29,50448.57
ES,48,bizkaia,11,paisaje naturaleza,actividades infantiles,4.31,7925,906.43,190337.29
ES,20,gipuzkoa,11,paisaje naturaleza,actividades infantiles,4.41,26976,498.40,246278.00
ES,33,asturias,11,paisaje naturaleza,actividades infantiles,4.35,44006,490.64,20252.55
ES,30,murcia,11,paisaje naturaleza,actividades infantiles,4.20,2633,1004.33,138445.33
ES,11,cádiz,11,servicios,cursos,4.26,39,1200.00,1200.00
ES,18,granada,11,servicios,cursos,4.37,1868,355.00,5080.00
ES,23,jaén,11,servicios,cursos,4.33,84,500.00,2500.00
ES,29,málaga,11,servicios,cursos,4.43,51898,1745.75,233059.62
ES,41,sevilla,11,servicios,cursos,4.34,4859,251.00,7182.00
ES,22,huesca,11,servicios,cursos,4.25,533,88.00,704.00
ES,50,zaragoza,11,servicios,cursos,4.21,61,2587.50,657348.00
ES,35,las palmas,11,servicios,cursos,4.28,2863,482.67,12384.67
ES,38,santa cruz de tenerife,11,servicios,cursos,4.26,3753,819.00,9756.00
ES,39,cantabria,11,servicios,cursos,4.27,4877,650.00,2875.00
ES,45,toledo,11,servicios,cursos,4.18,29,130.00,130.00
ES,24,león,11,servicios,cursos,4.21,307,100.00,1500.00
ES,37,salamanca,11,servicios,cursos,4.17,1337,600.00,1200.00
ES,47,valladolid,11,servicios,cursos,4.06,292,4773.60,44607.20
ES,08,barcelona,11,servicios,cursos,4.05,159935,3139.14,266190.86
ES,17,girona,11,servicios,cursos,4.24,1146,1215.00,4525.00
ES,43,tarragona,11,servicios,cursos,4.20,9269,784.33,13750.33
ES,28,madrid,11,servicios,cursos,4.10,42370,1613.00,506906.50
ES,31,navarra,11,servicios,cursos,4.23,108,104.00,520.00
ES,03,alicante/alacant,11,servicios,cursos,4.28,29657,3938.20,57328.00
ES,46,valencia/valència,11,servicios,cursos,4.15,7124,731.67,14235.33
ES,10,cáceres,11,servicios,cursos,4.33,60,486.50,14654.50
ES,15,a coruña,11,servicios,cursos,4.21,605,3908.00,28161.67
ES,36,pontevedra,11,servicios,cursos,4.17,1424,7019.00,64501.00
ES,07,illes balears,11,servicios,cursos,4.33,46354,2537.31,254554.15
ES,26,la rioja,11,servicios,cursos,4.31,10,381.00,8001.00
ES,01,araba/álava,11,servicios,cursos,4.41,18,394.33,9782.33
ES,48,bizkaia,11,servicios,cursos,4.31,13509,3061.67,92993.33
ES,20,gipuzkoa,11,servicios,cursos,4.41,140,1728.25,16489.00
ES,33,asturias,11,servicios,cursos,4.35,2389,241.67,1016.67
ES,30,murcia,11,servicios,cursos,4.20,6,6664.00,46648.00
ES,04,almería,11,paisaje naturaleza,deportes y aventuras,4.19,23376,1549.00,4907.50
ES,11,cádiz,11,paisaje naturaleza,deportes y aventuras,4.26,12350,1018.00,18061.00
ES,18,granada,11,paisaje naturaleza,deportes y aventuras,4.37,18492,1277.50,6187.50
ES,29,málaga,11,paisaje naturaleza,deportes y aventuras,4.43,109648,1330.50,25927.67
ES,41,sevilla,11,paisaje naturaleza,deportes y aventuras,4.34,21476,559.80,12023.00
ES,50,zaragoza,11,paisaje naturaleza,deportes y aventuras,4.21,5888,2669.67,97124.33
ES,35,las palmas,11,paisaje naturaleza,deportes y aventuras,4.28,200378,167.80,13762.20
ES,38,santa cruz de tenerife,11,paisaje naturaleza,deportes y aventuras,4.26,190067,846.50,27121.50
ES,39,cantabria,11,paisaje naturaleza,deportes y aventuras,4.27,37946,62.00,2294.00
ES,02,albacete,11,paisaje naturaleza,deportes y aventuras,4.15,3169,2323.00,37168.00
ES,39,cantabria,11,vida nocturna,cine,4.27,5819,80.00,4560.00
ES,13,ciudad real,11,paisaje naturaleza,deportes y aventuras,4.29,3026,1845.00,738.00
ES,16,cuenca,11,paisaje naturaleza,deportes y aventuras,4.19,3251,30.00,7200.00
ES,45,toledo,11,paisaje naturaleza,deportes y aventuras,4.18,1715,2843.00,11372.00
ES,24,león,11,paisaje naturaleza,deportes y aventuras,4.21,4506,2266.00,108768.00
ES,37,salamanca,11,paisaje naturaleza,deportes y aventuras,4.17,3319,63.00,660.00
ES,47,valladolid,11,paisaje naturaleza,deportes y aventuras,4.06,8696,526.00,7760.00
ES,08,barcelona,11,paisaje naturaleza,deportes y aventuras,4.05,200444,2449.95,230401.59
ES,17,girona,11,paisaje naturaleza,deportes y aventuras,4.24,61683,423.00,45261.00
ES,43,tarragona,11,paisaje naturaleza,deportes y aventuras,4.20,33701,1618.20,24175.20
ES,28,madrid,11,paisaje naturaleza,deportes y aventuras,4.10,121795,1195.00,396395.67
ES,31,navarra,11,paisaje naturaleza,deportes y aventuras,4.23,7007,2089.33,441974.67
ES,03,alicante/alacant,11,paisaje naturaleza,deportes y aventuras,4.28,82424,1744.55,52209.00
ES,12,castellón/castelló,11,paisaje naturaleza,deportes y aventuras,4.20,6934,1103.00,19854.00
ES,46,valencia/valència,11,paisaje naturaleza,deportes y aventuras,4.15,90776,2568.80,141029.00
ES,06,badajoz,11,paisaje naturaleza,deportes y aventuras,4.29,1116,850.25,53700.25
ES,10,cáceres,11,paisaje naturaleza,deportes y aventuras,4.33,5814,1957.60,138599.40
ES,27,lugo,11,paisaje naturaleza,deportes y aventuras,4.28,8089,6544.00,242128.00
ES,07,illes balears,11,paisaje naturaleza,deportes y aventuras,4.33,203636,1312.40,41135.60
ES,48,bizkaia,11,paisaje naturaleza,deportes y aventuras,4.31,7925,1195.17,859013.00
ES,20,gipuzkoa,11,paisaje naturaleza,deportes y aventuras,4.41,26976,2546.33,305017.00
ES,33,asturias,11,paisaje naturaleza,deportes y aventuras,4.35,44006,9332.00,23330.00
ES,30,murcia,11,paisaje naturaleza,deportes y aventuras,4.20,2633,1245.80,42835.40
ES,04,almería,11,vida nocturna,cine,4.19,5362,593.00,17740.50
ES,11,cádiz,11,vida nocturna,cine,4.26,2343,25.00,475.00
ES,29,málaga,11,vida nocturna,cine,4.43,56036,1870.50,224254.50
ES,41,sevilla,11,vida nocturna,cine,4.34,39053,478.00,121245.33
ES,44,teruel,11,vida nocturna,cine,4.28,950,45.00,315.00
ES,50,zaragoza,11,vida nocturna,cine,4.21,1614,386.00,19389.25
ES,35,las palmas,11,vida nocturna,cine,4.28,129544,137.00,3993.00
ES,38,santa cruz de tenerife,11,vida nocturna,cine,4.26,62671,110.00,43780.00
ES,02,albacete,11,vida nocturna,cine,4.15,573,237.00,4558.00
ES,16,cuenca,11,vida nocturna,cine,4.19,760,50.00,450.00
ES,45,toledo,11,vida nocturna,cine,4.18,434,578.00,2312.00
ES,40,segovia,11,vida nocturna,cine,4.07,263,30.00,300.00
ES,47,valladolid,11,vida nocturna,cine,4.06,1293,587.00,2761.50
ES,08,barcelona,11,vida nocturna,cine,4.05,119743,511.43,221543.14
ES,17,girona,11,vida nocturna,cine,4.24,12856,45.00,157.50
ES,43,tarragona,11,vida nocturna,cine,4.20,22730,286.00,2288.00
ES,28,madrid,11,vida nocturna,cine,4.10,100430,666.50,43442.00
ES,03,alicante/alacant,11,vida nocturna,cine,4.28,84389,594.56,247886.89
ES,46,valencia/valència,11,vida nocturna,cine,4.15,9307,525.00,210.00
ES,15,a coruña,11,vida nocturna,cine,4.21,5653,2947.00,14735.00
ES,07,illes balears,11,vida nocturna,cine,4.33,122452,524.00,9016.00
ES,01,araba/álava,11,vida nocturna,cine,4.41,1138,387.50,355690.50
ES,20,gipuzkoa,11,vida nocturna,cine,4.41,5503,217.25,7031.38
ES,33,asturias,11,vida nocturna,cine,4.35,9626,807.00,61332.00
ES,04,almería,11,otros,conferencias,4.19,238,500.00,2500.00
ES,11,cádiz,11,otros,conferencias,4.26,284,1072.00,437866.00
ES,29,málaga,11,otros,conferencias,4.43,1156,300.00,11625.00
ES,41,sevilla,11,otros,conferencias,4.34,431,55.00,8250.00
ES,22,huesca,11,otros,conferencias,4.25,61,2220.00,13320.00
ES,50,zaragoza,11,otros,conferencias,4.21,158,1844.33,180509.67
ES,35,las palmas,11,otros,conferencias,4.28,176,1489.00,42337.00
ES,38,santa cruz de tenerife,11,otros,conferencias,4.26,927,198.00,1980.00
ES,13,ciudad real,11,otros,conferencias,4.29,156,525.50,8778.50
ES,05,ávila,11,otros,conferencias,4.23,173,7745.00,3098.00
ES,40,segovia,11,otros,conferencias,4.07,248,496.00,1984.00
ES,08,barcelona,11,otros,conferencias,4.05,2019,3067.57,122098.00
ES,25,lleida,11,otros,conferencias,4.27,79,380.00,380.00
ES,43,tarragona,11,otros,conferencias,4.20,1769,524.50,31188.00
ES,28,madrid,11,otros,conferencias,4.10,1624,3210.67,118771.17
ES,31,navarra,11,otros,conferencias,4.23,500,3876.00,15504.00
ES,03,alicante/alacant,11,otros,conferencias,4.28,392,2047.50,190355.50
ES,46,valencia/valència,11,otros,conferencias,4.15,621,5593.00,74497.50
ES,32,ourense,11,otros,conferencias,4.15,26,100.00,1000.00
ES,36,pontevedra,11,otros,conferencias,4.17,119,1255.50,41512.50
ES,07,illes balears,11,otros,conferencias,4.33,296,1632.75,22611.50
ES,33,asturias,11,otros,conferencias,4.35,92,380.00,9120.00
ES,30,murcia,11,otros,conferencias,4.20,7,350.00,15050.00
ES,04,almería,11,paisaje urbano,"cultura, teatro y danza",4.19,14318,1224.00,309043.25
ES,11,cádiz,11,paisaje urbano,"cultura, teatro y danza",4.26,8809,829.56,54304.67
ES,14,córdoba,11,paisaje urbano,"cultura, teatro y danza",4.29,93962,975.40,705127.00
ES,18,granada,11,paisaje urbano,"cultura, teatro y danza",4.37,153042,719.50,396425.60
ES,21,huelva,11,paisaje urbano,"cultura, teatro y danza",4.11,9984,582.40,94000.60
ES,23,jaén,11,paisaje urbano,"cultura, teatro y danza",4.33,16236,498.33,23715.00
ES,29,málaga,11,paisaje urbano,"cultura, teatro y danza",4.43,158253,936.42,345855.58
ES,41,sevilla,11,paisaje urbano,"cultura, teatro y danza",4.34,218279,912.44,505834.11
ES,22,huesca,11,paisaje urbano,"cultura, teatro y danza",4.25,10916,830.00,41819.80
ES,50,zaragoza,11,paisaje urbano,"cultura, teatro y danza",4.21,41352,527.43,639162.14
ES,35,las palmas,11,paisaje urbano,"cultura, teatro y danza",4.28,51395,1066.92,255008.56
ES,38,santa cruz de tenerife,11,paisaje urbano,"cultura, teatro y danza",4.26,66584,1124.37,233972.42
ES,39,cantabria,11,paisaje urbano,"cultura, teatro y danza",4.27,27507,845.25,314764.75
ES,02,albacete,11,paisaje urbano,"cultura, teatro y danza",4.15,3663,851.00,286152.29
ES,13,ciudad real,11,paisaje urbano,"cultura, teatro y danza",4.29,7266,652.00,44336.00
ES,16,cuenca,11,paisaje urbano,"cultura, teatro y danza",4.19,13771,1296.00,3888.00
ES,19,guadalajara,11,paisaje urbano,"cultura, teatro y danza",4.04,6159,366.75,24691.25
ES,45,toledo,11,paisaje urbano,"cultura, teatro y danza",4.18,55769,871.78,99157.67
ES,05,ávila,11,paisaje urbano,"cultura, teatro y danza",4.23,13407,1007.00,15105.00
ES,09,burgos,11,paisaje urbano,"cultura, teatro y danza",4.28,19776,425.00,3112.67
ES,34,palencia,11,paisaje urbano,"cultura, teatro y danza",4.35,4984,785.00,22765.00
ES,37,salamanca,11,paisaje urbano,"cultura, teatro y danza",4.17,31972,684.62,220418.00
ES,42,soria,11,paisaje urbano,"cultura, teatro y danza",3.97,6300,738.50,129025.25
ES,47,valladolid,11,paisaje urbano,"cultura, teatro y danza",4.06,13695,775.65,223250.95
ES,49,zamora,11,paisaje urbano,"cultura, teatro y danza",4.17,5872,225.50,1478.00
ES,08,barcelona,11,paisaje urbano,"cultura, teatro y danza",4.05,732080,782.43,518530.96
ES,17,girona,11,paisaje urbano,"cultura, teatro y danza",4.24,50915,655.12,12522.38
ES,25,lleida,11,paisaje urbano,"cultura, teatro y danza",4.27,7171,441.00,68355.00
ES,43,tarragona,11,paisaje urbano,"cultura, teatro y danza",4.20,53439,1094.67,118154.22
ES,51,ceuta,11,paisaje urbano,"cultura, teatro y danza",0.00,0,80.00,1520.00
ES,28,madrid,11,paisaje urbano,"cultura, teatro y danza",4.10,458466,667.40,540345.47
ES,03,alicante/alacant,11,paisaje urbano,"cultura, teatro y danza",4.28,67888,1238.15,194462.90
ES,12,castellón/castelló,11,paisaje urbano,"cultura, teatro y danza",4.20,13212,1737.00,257211.57
ES,46,valencia/valència,11,paisaje urbano,"cultura, teatro y danza",4.15,114505,1007.06,1091751.62
ES,06,badajoz,11,paisaje urbano,"cultura, teatro y danza",4.29,18348,587.70,44169.60
ES,10,cáceres,11,paisaje urbano,"cultura, teatro y danza",4.33,23514,794.57,72813.14
ES,15,a coruña,11,paisaje urbano,"cultura, teatro y danza",4.21,50198,646.89,108779.33
ES,27,lugo,11,paisaje urbano,"cultura, teatro y danza",4.28,8872,1414.75,78003.00
ES,32,ourense,11,paisaje urbano,"cultura, teatro y danza",4.15,6495,452.00,32996.00
ES,36,pontevedra,11,paisaje urbano,"cultura, teatro y danza",4.17,15892,637.20,147685.40
ES,07,illes balears,11,paisaje urbano,"cultura, teatro y danza",4.33,107418,848.94,133649.25
ES,26,la rioja,11,paisaje urbano,"cultura, teatro y danza",4.31,11493,1643.00,1236271.83
ES,01,araba/álava,11,paisaje urbano,"cultura, teatro y danza",4.41,7811,425.10,108985.60
ES,48,bizkaia,11,paisaje urbano,"cultura, teatro y danza",4.31,56425,1110.38,198555.00
ES,20,gipuzkoa,11,paisaje urbano,"cultura, teatro y danza",4.41,26949,808.68,193388.32
ES,33,asturias,11,paisaje urbano,"cultura, teatro y danza",4.35,40762,687.50,71470.75
ES,30,murcia,11,paisaje urbano,"cultura, teatro y danza",4.20,9308,627.12,154086.50
ES,11,cádiz,11,compras,ferias,4.26,1319,2044.00,874832.00
ES,41,sevilla,11,compras,ferias,4.34,7574,401.00,45714.00
ES,22,huesca,11,compras,ferias,4.25,279,1970.00,3940.00
ES,50,zaragoza,11,compras,ferias,4.21,3119,3023.50,81673.00
ES,35,las palmas,11,compras,ferias,4.28,20086,539.50,13698.00
ES,13,ciudad real,11,compras,ferias,4.29,147,451.00,3157.00
ES,40,segovia,11,compras,ferias,4.07,395,496.00,1984.00
ES,08,barcelona,11,compras,ferias,4.05,95381,1295.00,15540.00
ES,25,lleida,11,compras,ferias,4.27,233,380.00,380.00
ES,28,madrid,11,compras,ferias,4.10,89796,3910.50,174848.25
ES,03,alicante/alacant,11,compras,ferias,4.28,12577,3088.00,49408.00
ES,46,valencia/valència,11,compras,ferias,4.15,81279,47799.00,334593.00
ES,33,asturias,11,compras,ferias,4.35,2445,380.00,9120.00
ES,18,granada,11,paisaje urbano,museo y exposiciones,4.37,153042,120.00,360.00
ES,21,huelva,11,paisaje urbano,museo y exposiciones,4.11,9984,464.33,125364.00
ES,41,sevilla,11,paisaje urbano,museo y exposiciones,4.34,218279,934.50,12011.00
ES,50,zaragoza,11,paisaje urbano,museo y exposiciones,4.21,41352,360.00,37465.00
ES,45,toledo,11,paisaje urbano,museo y exposiciones,4.18,55769,664.33,31252.67
ES,37,salamanca,11,paisaje urbano,museo y exposiciones,4.17,31972,229.00,74229.00
ES,47,valladolid,11,paisaje urbano,museo y exposiciones,4.06,13695,47.00,1786.00
ES,08,barcelona,11,paisaje urbano,museo y exposiciones,4.05,732080,742.25,36187.00
ES,17,girona,11,paisaje urbano,museo y exposiciones,4.24,50915,160.00,1120.00
ES,43,tarragona,11,paisaje urbano,museo y exposiciones,4.20,53439,1523.50,27275.50
ES,03,alicante/alacant,11,paisaje urbano,museo y exposiciones,4.28,67888,6021.00,84294.00
ES,46,valencia/valència,11,paisaje urbano,museo y exposiciones,4.15,114505,707.50,3003.50
ES,07,illes balears,11,paisaje urbano,museo y exposiciones,4.33,107418,764.25,14715.00
ES,48,bizkaia,11,paisaje urbano,museo y exposiciones,4.31,56425,956.50,443939.50
ES,04,almería,11,vida nocturna,musica,4.19,5362,1618.00,955050.23
ES,11,cádiz,11,vida nocturna,musica,4.26,2343,913.00,144506.00
ES,14,córdoba,11,vida nocturna,musica,4.29,1908,785.14,348174.57
ES,18,granada,11,vida nocturna,musica,4.37,10900,1448.81,390421.94
ES,21,huelva,11,vida nocturna,musica,4.11,1623,315.25,4079.75
ES,23,jaén,11,vida nocturna,musica,4.33,992,748.25,93841.92
ES,29,málaga,11,vida nocturna,musica,4.43,56036,1366.73,488576.00
ES,41,sevilla,11,vida nocturna,musica,4.34,39053,1096.48,813467.57
ES,22,huesca,11,vida nocturna,musica,4.25,1293,1050.62,163892.77
ES,44,teruel,11,vida nocturna,musica,4.28,950,1110.50,345666.75
ES,50,zaragoza,11,vida nocturna,musica,4.21,1614,495.27,1752957.64
ES,35,las palmas,11,vida nocturna,musica,4.28,129544,1041.25,268869.75
ES,38,santa cruz de tenerife,11,vida nocturna,musica,4.26,62671,1452.54,835741.50
ES,39,cantabria,11,vida nocturna,musica,4.27,5819,1212.86,120812.29
ES,02,albacete,11,vida nocturna,musica,4.15,573,1326.67,570014.33
ES,13,ciudad real,11,vida nocturna,musica,4.29,385,889.75,23234.94
ES,16,cuenca,11,vida nocturna,musica,4.19,760,949.33,38288.00
ES,19,guadalajara,11,vida nocturna,musica,4.04,447,1765.00,268426.50
ES,45,toledo,11,vida nocturna,musica,4.18,434,2654.00,189151.50
ES,05,ávila,11,vida nocturna,musica,4.23,397,982.00,92467.25
ES,09,burgos,11,vida nocturna,musica,4.28,970,1387.71,163937.71
ES,24,león,11,vida nocturna,musica,4.21,1480,1129.29,294558.29
ES,34,palencia,11,vida nocturna,musica,4.35,379,812.00,81500.60
ES,37,salamanca,11,vida nocturna,musica,4.17,3701,834.67,273623.67
ES,40,segovia,11,vida nocturna,musica,4.07,263,967.71,143867.29
ES,42,soria,11,vida nocturna,musica,3.97,154,1237.29,459283.57
ES,47,valladolid,11,vida nocturna,musica,4.06,1293,1233.40,1368567.20
ES,49,zamora,11,vida nocturna,musica,4.17,462,1215.40,437818.00
ES,08,barcelona,11,vida nocturna,musica,4.05,119743,1201.14,933231.82
ES,17,girona,11,vida nocturna,musica,4.24,12856,837.94,78644.38
ES,25,lleida,11,vida nocturna,musica,4.27,1184,903.31,146341.69
ES,43,tarragona,11,vida nocturna,musica,4.20,22730,1309.24,195242.18
ES,51,ceuta,11,vida nocturna,musica,0.00,0,1277.50,314150.50
ES,28,madrid,11,vida nocturna,musica,4.10,100430,1561.18,3100594.85
ES,31,navarra,11,vida nocturna,musica,4.23,2565,1376.67,951798.00
ES,03,alicante/alacant,11,vida nocturna,musica,4.28,84389,1359.51,210324.86
ES,12,castellón/castelló,11,vida nocturna,musica,4.20,2406,713.57,327493.71
ES,46,valencia/valència,11,vida nocturna,musica,4.15,9307,1010.96,585809.50
ES,06,badajoz,11,vida nocturna,musica,4.29,2109,739.38,88634.77
ES,10,cáceres,11,vida nocturna,musica,4.33,1377,905.00,21450.18
ES,15,a coruña,11,vida nocturna,musica,4.21,5653,827.21,312792.42
ES,27,lugo,11,vida nocturna,musica,4.28,502,1159.50,176180.25
ES,32,ourense,11,vida nocturna,musica,4.15,660,1235.75,132472.00
ES,36,pontevedra,11,vida nocturna,musica,4.17,3092,1022.86,206636.36
ES,07,illes balears,11,vida nocturna,musica,4.33,122452,1192.48,616795.39
ES,26,la rioja,11,vida nocturna,musica,4.31,1866,1161.44,150143.89
ES,01,araba/álava,11,vida nocturna,musica,4.41,1138,1149.00,63130.75
ES,48,bizkaia,11,vida nocturna,musica,4.31,5615,1222.63,861866.68
ES,20,gipuzkoa,11,vida nocturna,musica,4.41,5503,842.08,276734.08
ES,33,asturias,11,vida nocturna,musica,4.35,9626,1200.50,250781.50
ES,30,murcia,11,vida nocturna,musica,4.20,1488,1121.38,799577.54
ES,04,almería,11,vida nocturna,musicales,4.19,5362,1185.50,35246.50
ES,11,cádiz,11,vida nocturna,musicales,4.26,2343,1473.00,112320.00
ES,14,córdoba,11,vida nocturna,musicales,4.29,1908,957.75,241408.00
ES,18,granada,11,vida nocturna,musicales,4.37,10900,713.83,285860.83
ES,21,huelva,11,vida nocturna,musicales,4.11,1623,1003.00,89267.00
ES,23,jaén,11,vida nocturna,musicales,4.33,992,559.00,559.00
ES,29,málaga,11,vida nocturna,musicales,4.43,56036,1069.50,160833.50
ES,41,sevilla,11,vida nocturna,musicales,4.34,39053,1077.00,89748.33
ES,22,huesca,11,vida nocturna,musicales,4.25,1293,140.00,280.00
ES,50,zaragoza,11,vida nocturna,musicales,4.21,1614,556.25,284664.25
ES,35,las palmas,11,vida nocturna,musicales,4.28,129544,1018.75,311858.75
ES,38,santa cruz de tenerife,11,vida nocturna,musicales,4.26,62671,765.57,29286.71
ES,39,cantabria,11,vida nocturna,musicales,4.27,5819,200.50,16532.50
ES,02,albacete,11,vida nocturna,musicales,4.15,573,1256.50,1896839.00
ES,19,guadalajara,11,vida nocturna,musicales,4.04,447,127.00,22470.00
ES,45,toledo,11,vida nocturna,musicales,4.18,434,448.00,464576.00
ES,05,ávila,11,vida nocturna,musicales,4.23,397,1007.00,15105.00
ES,37,salamanca,11,vida nocturna,musicales,4.17,3701,1552.67,102331.00
ES,42,soria,11,vida nocturna,musicales,3.97,154,156.00,156.00
ES,47,valladolid,11,vida nocturna,musicales,4.06,1293,362.25,109085.75
ES,08,barcelona,11,vida nocturna,musicales,4.05,119743,802.46,208080.15
ES,17,girona,11,vida nocturna,musicales,4.24,12856,712.00,6824.00
ES,25,lleida,11,vida nocturna,musicales,4.27,1184,441.00,68355.00
ES,28,madrid,11,vida nocturna,musicales,4.10,100430,540.55,79410.55
ES,03,alicante/alacant,11,vida nocturna,musicales,4.28,84389,279.44,35477.56
ES,12,castellón/castelló,11,vida nocturna,musicales,4.20,2406,1484.00,293032.00
ES,46,valencia/valència,11,vida nocturna,musicales,4.15,9307,842.00,1149511.25
ES,06,badajoz,11,vida nocturna,musicales,4.29,2109,807.86,62504.57
ES,10,cáceres,11,vida nocturna,musicales,4.33,1377,1107.75,93566.50
ES,15,a coruña,11,vida nocturna,musicales,4.21,5653,723.00,33022.67
ES,27,lugo,11,vida nocturna,musicales,4.28,502,1618.50,75478.00
ES,36,pontevedra,11,vida nocturna,musicales,4.17,3092,432.00,28944.00
ES,07,illes balears,11,vida nocturna,musicales,4.33,122452,586.78,37387.56
ES,26,la rioja,11,vida nocturna,musicales,4.31,1866,1236.50,152727.50
ES,01,araba/álava,11,vida nocturna,musicales,4.41,1138,406.00,2842.00
ES,20,gipuzkoa,11,vida nocturna,musicales,4.41,5503,1215.50,106869.50
ES,33,asturias,11,vida nocturna,musicales,4.35,9626,504.50,9273.50
ES,30,murcia,11,vida nocturna,musicales,4.20,1488,957.00,82432.33
ES,08,barcelona,11,paisaje naturaleza,parques tematicos,4.05,200444,778.00,10892.00
ES,04,almería,12,paisaje naturaleza,actividades infantiles,4.19,23376,441.17,9094.67
ES,11,cádiz,12,paisaje naturaleza,actividades infantiles,4.26,12350,1609.67,110375.50
ES,14,córdoba,12,paisaje naturaleza,actividades infantiles,4.29,3767,459.33,16223.33
ES,18,granada,12,paisaje naturaleza,actividades infantiles,4.37,18492,1258.86,35698.14
ES,21,huelva,12,paisaje naturaleza,actividades infantiles,4.11,8396,477.00,1466874.00
ES,23,jaén,12,paisaje naturaleza,actividades infantiles,4.33,4366,1876.50,80985.00
ES,29,málaga,12,paisaje naturaleza,actividades infantiles,4.43,109648,433.75,109636.50
ES,41,sevilla,12,paisaje naturaleza,actividades infantiles,4.34,21476,701.22,358246.89
ES,22,huesca,12,paisaje naturaleza,actividades infantiles,4.25,17445,618.67,41275.67
ES,50,zaragoza,12,paisaje naturaleza,actividades infantiles,4.21,5888,805.00,423415.25
ES,35,las palmas,12,paisaje naturaleza,actividades infantiles,4.28,200378,407.80,7018.20
ES,38,santa cruz de tenerife,12,paisaje naturaleza,actividades infantiles,4.26,190067,315.20,31755.20
ES,39,cantabria,12,paisaje naturaleza,actividades infantiles,4.27,37946,787.50,148116.25
ES,02,albacete,12,paisaje naturaleza,actividades infantiles,4.15,3169,896.00,132657.33
ES,13,ciudad real,12,paisaje naturaleza,actividades infantiles,4.29,3026,541.00,22297.00
ES,16,cuenca,12,paisaje naturaleza,actividades infantiles,4.19,3251,50.00,3050.00
ES,19,guadalajara,12,paisaje naturaleza,actividades infantiles,4.04,1303,937.67,186449.67
ES,45,toledo,12,paisaje naturaleza,actividades infantiles,4.18,1715,2223.60,74670.20
ES,05,ávila,12,paisaje naturaleza,actividades infantiles,4.23,1874,2157.00,4314.00
ES,24,león,12,paisaje naturaleza,actividades infantiles,4.21,4506,1489.00,285641.33
ES,34,palencia,12,paisaje naturaleza,actividades infantiles,4.35,398,2063.00,35071.00
ES,37,salamanca,12,paisaje naturaleza,actividades infantiles,4.17,3319,1907.00,719679.00
ES,47,valladolid,12,paisaje naturaleza,actividades infantiles,4.06,8696,896.33,889889.27
ES,49,zamora,12,paisaje naturaleza,actividades infantiles,4.17,2116,1382.00,318277.00
ES,08,barcelona,12,paisaje naturaleza,actividades infantiles,4.05,200444,994.89,411526.53
ES,17,girona,12,paisaje naturaleza,actividades infantiles,4.24,61683,494.00,64012.86
ES,25,lleida,12,paisaje naturaleza,actividades infantiles,4.27,9898,939.00,337943.20
ES,43,tarragona,12,paisaje naturaleza,actividades infantiles,4.20,33701,1192.10,88207.30
ES,28,madrid,12,paisaje naturaleza,actividades infantiles,4.10,121795,813.96,186009.72
ES,31,navarra,12,paisaje naturaleza,actividades infantiles,4.23,7007,2380.33,233954.67
ES,03,alicante/alacant,12,paisaje naturaleza,actividades infantiles,4.28,82424,605.33,41657.78
ES,12,castellón/castelló,12,paisaje naturaleza,actividades infantiles,4.20,6934,1626.50,220214.75
ES,46,valencia/valència,12,paisaje naturaleza,actividades infantiles,4.15,90776,932.69,1283028.08
ES,06,badajoz,12,paisaje naturaleza,actividades infantiles,4.29,1116,794.62,224622.25
ES,10,cáceres,12,paisaje naturaleza,actividades infantiles,4.33,5814,637.60,24852.20
ES,15,a coruña,12,paisaje naturaleza,actividades infantiles,4.21,18974,658.33,81495.33
ES,27,lugo,12,paisaje naturaleza,actividades infantiles,4.28,8089,1624.00,76451.50
ES,32,ourense,12,paisaje naturaleza,actividades infantiles,4.15,1840,805.00,57155.00
ES,36,pontevedra,12,paisaje naturaleza,actividades infantiles,4.17,15699,508.33,132277.67
ES,07,illes balears,12,paisaje naturaleza,actividades infantiles,4.33,203636,982.59,125943.94
ES,26,la rioja,12,paisaje naturaleza,actividades infantiles,4.31,18300,1632.00,184416.00
ES,01,araba/álava,12,paisaje naturaleza,actividades infantiles,4.41,11468,357.14,551527.29
ES,48,bizkaia,12,paisaje naturaleza,actividades infantiles,4.31,7925,1241.91,259619.64
ES,20,gipuzkoa,12,paisaje naturaleza,actividades infantiles,4.41,26976,460.33,69182.00
ES,33,asturias,12,paisaje naturaleza,actividades infantiles,4.35,44006,985.50,34255.40
ES,30,murcia,12,paisaje naturaleza,actividades infantiles,4.20,2633,1163.60,58739.00
ES,18,granada,12,servicios,cursos,4.37,1868,2888.50,104954.50
ES,23,jaén,12,servicios,cursos,4.33,84,1205.00,1446.00
ES,29,málaga,12,servicios,cursos,4.43,51898,851.00,72792.00
ES,41,sevilla,12,servicios,cursos,4.34,4859,175.50,13074.50
ES,50,zaragoza,12,servicios,cursos,4.21,61,1846.00,378990.00
ES,35,las palmas,12,servicios,cursos,4.28,2863,2180.67,19465.33
ES,38,santa cruz de tenerife,12,servicios,cursos,4.26,3753,882.00,5019.50
ES,02,albacete,12,servicios,cursos,4.15,9,150.00,1300.00
ES,45,toledo,12,servicios,cursos,4.18,29,255.00,510.00
ES,47,valladolid,12,servicios,cursos,4.06,292,450.00,900.00
ES,08,barcelona,12,servicios,cursos,4.05,159935,2785.17,298953.33
ES,17,girona,12,servicios,cursos,4.24,1146,18423.50,88702.50
ES,25,lleida,12,servicios,cursos,4.27,313,1620.00,3240.00
ES,43,tarragona,12,servicios,cursos,4.20,9269,1005.00,12060.00
ES,28,madrid,12,servicios,cursos,4.10,42370,4693.67,686454.50
ES,31,navarra,12,servicios,cursos,4.23,108,2467.00,14802.00
ES,03,alicante/alacant,12,servicios,cursos,4.28,29657,1433.25,2437.25
ES,10,cáceres,12,servicios,cursos,4.33,60,923.00,5538.00
ES,15,a coruña,12,servicios,cursos,4.21,605,415.00,3320.00
ES,36,pontevedra,12,servicios,cursos,4.17,1424,2561.00,35854.00
ES,07,illes balears,12,servicios,cursos,4.33,46354,1997.29,132628.00
ES,01,araba/álava,12,servicios,cursos,4.41,18,100.00,8500.00
ES,48,bizkaia,12,servicios,cursos,4.31,13509,4557.25,123782.50
ES,20,gipuzkoa,12,servicios,cursos,4.41,140,506.50,10949.50
ES,33,asturias,12,servicios,cursos,4.35,2389,2500.00,7500.00
ES,30,murcia,12,servicios,cursos,4.20,6,5037.43,420306.43
ES,04,almería,12,paisaje naturaleza,deportes y aventuras,4.19,23376,49.00,3430.00
ES,18,granada,12,paisaje naturaleza,deportes y aventuras,4.37,18492,3602.00,64836.00
ES,29,málaga,12,paisaje naturaleza,deportes y aventuras,4.43,109648,457.33,23105.33
ES,41,sevilla,12,paisaje naturaleza,deportes y aventuras,4.34,21476,701.67,39005.67
ES,50,zaragoza,12,paisaje naturaleza,deportes y aventuras,4.21,5888,255.33,27732.00
ES,35,las palmas,12,paisaje naturaleza,deportes y aventuras,4.28,200378,423.50,1269.50
ES,38,santa cruz de tenerife,12,paisaje naturaleza,deportes y aventuras,4.26,190067,589.60,34852.80
ES,02,albacete,12,paisaje naturaleza,deportes y aventuras,4.15,3169,90.00,450.00
ES,13,ciudad real,12,paisaje naturaleza,deportes y aventuras,4.29,3026,296.00,43808.00
ES,45,toledo,12,paisaje naturaleza,deportes y aventuras,4.18,1715,2847.00,8541.00
ES,37,salamanca,12,paisaje naturaleza,deportes y aventuras,4.17,3319,944.00,16506.50
ES,47,valladolid,12,paisaje naturaleza,deportes y aventuras,4.06,8696,1837.00,84502.00
ES,49,zamora,12,paisaje naturaleza,deportes y aventuras,4.17,2116,1348.00,36396.00
ES,08,barcelona,12,paisaje naturaleza,deportes y aventuras,4.05,200444,3163.57,161411.29
ES,17,girona,12,paisaje naturaleza,deportes y aventuras,4.24,61683,424.00,123384.00
ES,43,tarragona,12,paisaje naturaleza,deportes y aventuras,4.20,33701,746.29,16614.43
ES,28,madrid,12,paisaje naturaleza,deportes y aventuras,4.10,121795,822.75,207934.00
ES,31,navarra,12,paisaje naturaleza,deportes y aventuras,4.23,7007,2718.00,604890.00
ES,03,alicante/alacant,12,paisaje naturaleza,deportes y aventuras,4.28,82424,933.75,36094.25
ES,12,castellón/castelló,12,paisaje naturaleza,deportes y aventuras,4.20,6934,2324.00,194317.50
ES,46,valencia/valència,12,paisaje naturaleza,deportes y aventuras,4.15,90776,2391.33,107039.33
ES,06,badajoz,12,paisaje naturaleza,deportes y aventuras,4.29,1116,425.50,10524.67
ES,10,cáceres,12,paisaje naturaleza,deportes y aventuras,4.33,5814,1126.33,171612.33
ES,15,a coruña,12,paisaje naturaleza,deportes y aventuras,4.21,18974,694.00,11798.00
ES,27,lugo,12,paisaje naturaleza,deportes y aventuras,4.28,8089,650.00,2600.00
ES,36,pontevedra,12,paisaje naturaleza,deportes y aventuras,4.17,15699,379.50,114922.50
ES,07,illes balears,12,paisaje naturaleza,deportes y aventuras,4.33,203636,584.88,30863.38
ES,01,araba/álava,12,paisaje naturaleza,deportes y aventuras,4.41,11468,1789.00,33991.00
ES,48,bizkaia,12,paisaje naturaleza,deportes y aventuras,4.31,7925,1266.33,390135.33
ES,20,gipuzkoa,12,paisaje naturaleza,deportes y aventuras,4.41,26976,3000.00,5578091.00
ES,33,asturias,12,paisaje naturaleza,deportes y aventuras,4.35,44006,9332.00,9332.00
ES,04,almería,12,vida nocturna,cine,4.19,5362,608.00,35052.00
ES,29,málaga,12,vida nocturna,cine,4.43,56036,1918.00,1003531.50
ES,41,sevilla,12,vida nocturna,cine,4.34,39053,40.00,6946.67
ES,44,teruel,12,vida nocturna,cine,4.28,950,45.00,90.00
ES,50,zaragoza,12,vida nocturna,cine,4.21,1614,525.33,22630.83
ES,38,santa cruz de tenerife,12,vida nocturna,cine,4.26,62671,110.00,25520.00
ES,02,albacete,12,vida nocturna,cine,4.15,573,669.00,161918.67
ES,40,segovia,12,vida nocturna,cine,4.07,263,30.00,480.00
ES,47,valladolid,12,vida nocturna,cine,4.06,1293,607.00,37371.00
ES,08,barcelona,12,vida nocturna,cine,4.05,119743,445.40,90054.00
ES,17,girona,12,vida nocturna,cine,4.24,12856,669.00,18267.25
ES,28,madrid,12,vida nocturna,cine,4.10,100430,520.33,138975.67
ES,03,alicante/alacant,12,vida nocturna,cine,4.28,84389,552.64,96423.82
ES,46,valencia/valència,12,vida nocturna,cine,4.15,9307,157.00,4114.50
ES,15,a coruña,12,vida nocturna,cine,4.21,5653,2947.00,2947.00
ES,07,illes balears,12,vida nocturna,cine,4.33,122452,469.50,6033.50
ES,20,gipuzkoa,12,vida nocturna,cine,4.41,5503,319.44,54514.89
ES,04,almería,12,otros,conferencias,4.19,238,500.00,2500.00
ES,29,málaga,12,otros,conferencias,4.43,1156,300.00,9675.00
ES,22,huesca,12,otros,conferencias,4.25,61,1970.00,3940.00
ES,44,teruel,12,otros,conferencias,4.28,5064,230.00,5750.00
ES,50,zaragoza,12,otros,conferencias,4.21,158,477.50,17467.50
ES,35,las palmas,12,otros,conferencias,4.28,176,300.00,1800.00
ES,13,ciudad real,12,otros,conferencias,4.29,156,16585.00,215605.00
ES,05,ávila,12,otros,conferencias,4.23,173,7745.00,1549.00
ES,08,barcelona,12,otros,conferencias,4.05,2019,3624.50,1793.50
ES,28,madrid,12,otros,conferencias,4.10,1624,13238.00,1825689.67
ES,03,alicante/alacant,12,otros,conferencias,4.28,392,545.50,36941.50
ES,07,illes balears,12,otros,conferencias,4.33,296,2876.00,19177.00
ES,01,araba/álava,12,otros,conferencias,0.00,0,4333.00,12999.00
ES,20,gipuzkoa,12,otros,conferencias,4.41,57,952.00,142800.00
ES,33,asturias,12,otros,conferencias,4.35,92,4052.00,89144.00
ES,04,almería,12,paisaje urbano,"cultura, teatro y danza",4.19,14318,1372.91,212110.45
ES,11,cádiz,12,paisaje urbano,"cultura, teatro y danza",4.26,8809,1324.00,63320.60
ES,14,córdoba,12,paisaje urbano,"cultura, teatro y danza",4.29,93962,1009.67,333990.00
ES,18,granada,12,paisaje urbano,"cultura, teatro y danza",4.37,153042,763.09,241465.82
ES,21,huelva,12,paisaje urbano,"cultura, teatro y danza",4.11,9984,382.75,1100230.50
ES,23,jaén,12,paisaje urbano,"cultura, teatro y danza",4.33,16236,520.67,34924.00
ES,29,málaga,12,paisaje urbano,"cultura, teatro y danza",4.43,158253,1124.50,549257.12
ES,41,sevilla,12,paisaje urbano,"cultura, teatro y danza",4.34,218279,1270.17,1818453.00
ES,22,huesca,12,paisaje urbano,"cultura, teatro y danza",4.25,10916,686.60,96701.00
ES,50,zaragoza,12,paisaje urbano,"cultura, teatro y danza",4.21,41352,724.67,577980.56
ES,35,las palmas,12,paisaje urbano,"cultura, teatro y danza",4.28,51395,725.33,305403.11
ES,38,santa cruz de tenerife,12,paisaje urbano,"cultura, teatro y danza",4.26,66584,1180.56,244570.88
ES,39,cantabria,12,paisaje urbano,"cultura, teatro y danza",4.27,27507,1170.00,294489.00
ES,02,albacete,12,paisaje urbano,"cultura, teatro y danza",4.15,3663,810.67,734657.83
ES,13,ciudad real,12,paisaje urbano,"cultura, teatro y danza",4.29,7266,804.00,2010.00
ES,16,cuenca,12,paisaje urbano,"cultura, teatro y danza",4.19,13771,673.00,2821.00
ES,19,guadalajara,12,paisaje urbano,"cultura, teatro y danza",4.04,6159,343.40,317279.00
ES,45,toledo,12,paisaje urbano,"cultura, teatro y danza",4.18,55769,1641.00,72328.40
ES,09,burgos,12,paisaje urbano,"cultura, teatro y danza",4.28,19776,522.00,14094.00
ES,24,león,12,paisaje urbano,"cultura, teatro y danza",4.21,19169,275.00,17600.00
ES,34,palencia,12,paisaje urbano,"cultura, teatro y danza",4.35,4984,794.50,38139.50
ES,37,salamanca,12,paisaje urbano,"cultura, teatro y danza",4.17,31972,580.33,161568.78
ES,42,soria,12,paisaje urbano,"cultura, teatro y danza",3.97,6300,639.50,8425.00
ES,47,valladolid,12,paisaje urbano,"cultura, teatro y danza",4.06,13695,611.76,143965.29
ES,49,zamora,12,paisaje urbano,"cultura, teatro y danza",4.17,5872,1809.33,57091.00
ES,08,barcelona,12,paisaje urbano,"cultura, teatro y danza",4.05,732080,806.75,375136.24
ES,17,girona,12,paisaje urbano,"cultura, teatro y danza",4.24,50915,1225.60,20300.60
ES,25,lleida,12,paisaje urbano,"cultura, teatro y danza",4.27,7171,503.00,563903.00
ES,43,tarragona,12,paisaje urbano,"cultura, teatro y danza",4.20,53439,888.50,32068.62
ES,51,ceuta,12,paisaje urbano,"cultura, teatro y danza",0.00,0,81.00,1620.00
ES,28,madrid,12,paisaje urbano,"cultura, teatro y danza",4.10,458466,576.67,439206.50
ES,31,navarra,12,paisaje urbano,"cultura, teatro y danza",4.23,19680,805.50,1225.50
ES,03,alicante/alacant,12,paisaje urbano,"cultura, teatro y danza",4.28,67888,643.06,212638.29
ES,12,castellón/castelló,12,paisaje urbano,"cultura, teatro y danza",4.20,13212,989.50,228446.00
ES,46,valencia/valència,12,paisaje urbano,"cultura, teatro y danza",4.15,114505,858.84,1255803.95
ES,06,badajoz,12,paisaje urbano,"cultura, teatro y danza",4.29,18348,774.78,56320.33
ES,10,cáceres,12,paisaje urbano,"cultura, teatro y danza",4.33,23514,616.00,25036.14
ES,15,a coruña,12,paisaje urbano,"cultura, teatro y danza",4.21,50198,610.86,42549.43
ES,27,lugo,12,paisaje urbano,"cultura, teatro y danza",4.28,8872,1719.50,130921.50
ES,32,ourense,12,paisaje urbano,"cultura, teatro y danza",4.15,6495,805.00,57155.00
ES,36,pontevedra,12,paisaje urbano,"cultura, teatro y danza",4.17,15892,608.60,137477.20
ES,07,illes balears,12,paisaje urbano,"cultura, teatro y danza",4.33,107418,844.86,133306.86
ES,26,la rioja,12,paisaje urbano,"cultura, teatro y danza",4.31,11493,1447.88,62734.38
ES,01,araba/álava,12,paisaje urbano,"cultura, teatro y danza",4.41,7811,479.29,201599.43
ES,48,bizkaia,12,paisaje urbano,"cultura, teatro y danza",4.31,56425,797.18,164346.91
ES,20,gipuzkoa,12,paisaje urbano,"cultura, teatro y danza",4.41,26949,568.93,260580.21
ES,33,asturias,12,paisaje urbano,"cultura, teatro y danza",4.35,40762,833.50,22063.88
ES,30,murcia,12,paisaje urbano,"cultura, teatro y danza",4.20,9308,650.75,195553.25
ES,35,las palmas,12,compras,ferias,4.28,20086,300.00,1800.00
ES,03,alicante/alacant,12,compras,ferias,4.28,12577,80.00,80.00
ES,07,illes balears,12,compras,ferias,4.33,22175,150.00,27150.00
ES,33,asturias,12,compras,ferias,4.35,2445,4052.00,89144.00
ES,18,granada,12,paisaje urbano,museo y exposiciones,4.37,153042,1173.00,49266.00
ES,21,huelva,12,paisaje urbano,museo y exposiciones,4.11,9984,477.00,1466874.00
ES,41,sevilla,12,paisaje urbano,museo y exposiciones,4.34,218279,726.50,10126.00
ES,45,toledo,12,paisaje urbano,museo y exposiciones,4.18,55769,674.67,39903.67
ES,37,salamanca,12,paisaje urbano,museo y exposiciones,4.17,31972,320.67,55887.33
ES,47,valladolid,12,paisaje urbano,museo y exposiciones,4.06,13695,45.00,990.00
ES,08,barcelona,12,paisaje urbano,museo y exposiciones,4.05,732080,1169.50,78261.00
ES,17,girona,12,paisaje urbano,museo y exposiciones,4.24,50915,145.00,580.00
ES,43,tarragona,12,paisaje urbano,museo y exposiciones,4.20,53439,1066.33,19569.00
ES,28,madrid,12,paisaje urbano,museo y exposiciones,4.10,458466,100.00,700.00
ES,46,valencia/valència,12,paisaje urbano,museo y exposiciones,4.15,114505,854.40,17664.40
ES,07,illes balears,12,paisaje urbano,museo y exposiciones,4.33,107418,971.50,8290.00
ES,48,bizkaia,12,paisaje urbano,museo y exposiciones,4.31,56425,947.00,285606.00
ES,33,asturias,12,paisaje urbano,museo y exposiciones,4.35,40762,260.00,260.00
ES,04,almería,12,vida nocturna,musica,4.19,5362,2189.80,1385882.80
ES,11,cádiz,12,vida nocturna,musica,4.26,2343,1024.93,243444.07
ES,14,córdoba,12,vida nocturna,musica,4.29,1908,973.50,501496.17
ES,18,granada,12,vida nocturna,musica,4.37,10900,1234.62,229631.14
ES,21,huelva,12,vida nocturna,musica,4.11,1623,704.67,162352.00
ES,23,jaén,12,vida nocturna,musica,4.33,992,1309.69,89594.81
ES,29,málaga,12,vida nocturna,musica,4.43,56036,1641.00,484658.89
ES,41,sevilla,12,vida nocturna,musica,4.34,39053,1246.87,693811.35
ES,22,huesca,12,vida nocturna,musica,4.25,1293,1205.58,545860.42
ES,44,teruel,12,vida nocturna,musica,4.28,950,1379.75,278755.50
ES,50,zaragoza,12,vida nocturna,musica,4.21,1614,864.75,2432138.12
ES,35,las palmas,12,vida nocturna,musica,4.28,129544,1334.55,449850.10
ES,38,santa cruz de tenerife,12,vida nocturna,musica,4.26,62671,1577.35,800294.91
ES,39,cantabria,12,vida nocturna,musica,4.27,5819,1197.00,279356.00
ES,02,albacete,12,vida nocturna,musica,4.15,573,1955.00,285701.83
ES,13,ciudad real,12,vida nocturna,musica,4.29,385,1004.00,97690.50
ES,16,cuenca,12,vida nocturna,musica,4.19,760,1574.67,42704.00
ES,19,guadalajara,12,vida nocturna,musica,4.04,447,1482.33,457729.33
ES,45,toledo,12,vida nocturna,musica,4.18,434,2361.67,39503.56
ES,05,ávila,12,vida nocturna,musica,4.23,397,822.40,9499.40
ES,09,burgos,12,vida nocturna,musica,4.28,970,1237.57,238538.29
ES,24,león,12,vida nocturna,musica,4.21,1480,1157.50,167479.75
ES,34,palencia,12,vida nocturna,musica,4.35,379,948.17,54422.67
ES,37,salamanca,12,vida nocturna,musica,4.17,3701,1314.25,236719.50
ES,40,segovia,12,vida nocturna,musica,4.07,263,971.50,112679.00
ES,42,soria,12,vida nocturna,musica,3.97,154,875.89,90914.67
ES,47,valladolid,12,vida nocturna,musica,4.06,1293,1276.18,2853945.82
ES,49,zamora,12,vida nocturna,musica,4.17,462,1361.50,222069.00
ES,08,barcelona,12,vida nocturna,musica,4.05,119743,1150.09,915511.75
ES,17,girona,12,vida nocturna,musica,4.24,12856,1125.70,277615.39
ES,25,lleida,12,vida nocturna,musica,4.27,1184,1260.86,338097.07
ES,43,tarragona,12,vida nocturna,musica,4.20,22730,1187.97,239937.09
ES,51,ceuta,12,vida nocturna,musica,0.00,0,1046.50,70337.50
ES,28,madrid,12,vida nocturna,musica,4.10,100430,1444.88,1361207.37
ES,31,navarra,12,vida nocturna,musica,4.23,2565,2059.00,2352679.80
ES,03,alicante/alacant,12,vida nocturna,musica,4.28,84389,1545.44,493625.22
ES,12,castellón/castelló,12,vida nocturna,musica,4.20,2406,927.60,462099.00
ES,46,valencia/valència,12,vida nocturna,musica,4.15,9307,1211.76,488495.16
ES,06,badajoz,12,vida nocturna,musica,4.29,2109,1091.46,275736.77
ES,10,cáceres,12,vida nocturna,musica,4.33,1377,1405.40,124593.20
ES,15,a coruña,12,vida nocturna,musica,4.21,5653,1376.64,507482.29
ES,27,lugo,12,vida nocturna,musica,4.28,502,818.50,270837.00
ES,32,ourense,12,vida nocturna,musica,4.15,660,1190.50,35985.50
ES,36,pontevedra,12,vida nocturna,musica,4.17,3092,1075.83,398687.67
ES,07,illes balears,12,vida nocturna,musica,4.33,122452,1202.03,997147.06
ES,26,la rioja,12,vida nocturna,musica,4.31,1866,1233.89,290087.11
ES,01,araba/álava,12,vida nocturna,musica,4.41,1138,1048.20,43411.40
ES,48,bizkaia,12,vida nocturna,musica,4.31,5615,1412.69,593286.56
ES,20,gipuzkoa,12,vida nocturna,musica,4.41,5503,1068.56,245809.33
ES,33,asturias,12,vida nocturna,musica,4.35,9626,1261.78,270662.00
ES,30,murcia,12,vida nocturna,musica,4.20,1488,1240.71,674032.79
ES,04,almería,12,vida nocturna,musicales,4.19,5362,674.50,6775.50
ES,11,cádiz,12,vida nocturna,musicales,4.26,2343,1475.50,23627.50
ES,14,córdoba,12,vida nocturna,musicales,4.29,1908,1509.50,156849.50
ES,18,granada,12,vida nocturna,musicales,4.37,10900,568.25,28404.75
ES,29,málaga,12,vida nocturna,musicales,4.43,56036,2489.00,726788.00
ES,41,sevilla,12,vida nocturna,musicales,4.34,39053,799.33,113394.00
ES,50,zaragoza,12,vida nocturna,musicales,4.21,1614,419.00,21265.00
ES,35,las palmas,12,vida nocturna,musicales,4.28,129544,732.25,128236.75
ES,38,santa cruz de tenerife,12,vida nocturna,musicales,4.26,62671,578.50,54287.50
ES,39,cantabria,12,vida nocturna,musicales,4.27,5819,1129.50,102802.50
ES,02,albacete,12,vida nocturna,musicales,4.15,573,935.33,1338388.67
ES,19,guadalajara,12,vida nocturna,musicales,4.04,447,190.00,19950.00
ES,24,león,12,vida nocturna,musicales,4.21,1480,275.00,17600.00
ES,37,salamanca,12,vida nocturna,musicales,4.17,3701,1612.00,482852.00
ES,47,valladolid,12,vida nocturna,musicales,4.06,1293,895.67,173071.17
ES,08,barcelona,12,vida nocturna,musicales,4.05,119743,839.43,368921.00
ES,17,girona,12,vida nocturna,musicales,4.24,12856,684.00,37612.00
ES,25,lleida,12,vida nocturna,musicales,4.27,1184,469.00,287198.67
ES,43,tarragona,12,vida nocturna,musicales,4.20,22730,1156.00,19652.00
ES,28,madrid,12,vida nocturna,musicales,4.10,100430,639.92,175948.62
ES,31,navarra,12,vida nocturna,musicales,4.23,2565,140.00,980.00
ES,03,alicante/alacant,12,vida nocturna,musicales,4.28,84389,360.57,46668.86
ES,12,castellón/castelló,12,vida nocturna,musicales,4.20,2406,836.50,332529.00
ES,46,valencia/valència,12,vida nocturna,musicales,4.15,9307,584.83,856056.17
ES,06,badajoz,12,vida nocturna,musicales,4.29,2109,953.86,71515.86
ES,10,cáceres,12,vida nocturna,musicales,4.33,1377,641.25,346825.75
ES,15,a coruña,12,vida nocturna,musicales,4.21,5653,705.00,5217.00
ES,27,lugo,12,vida nocturna,musicales,4.28,502,1625.00,13325.00
ES,36,pontevedra,12,vida nocturna,musicales,4.17,3092,432.00,3456.00
ES,07,illes balears,12,vida nocturna,musicales,4.33,122452,684.29,130599.43
ES,26,la rioja,12,vida nocturna,musicales,4.31,1866,1321.50,113439.00
ES,20,gipuzkoa,12,vida nocturna,musicales,4.41,5503,1248.00,122304.00
ES,33,asturias,12,vida nocturna,musicales,4.35,9626,714.00,45138.67
ES,30,murcia,12,vida nocturna,musicales,4.20,1488,819.75,49469.50
