id_ccaa,id_provincia,mes,temporada_cod,categoria_cod,subcategoria_cod,valoracion_general_promedio,valoracion_por_categoria_promedio,log_opiniones,log_precio
1,4,1,1,3,0,4.19,4.32,10.059507911994038,4.483002552013883
1,11,1,1,3,0,4.26,4.27,9.421492310438014,7.674501373576274
1,14,1,1,3,0,4.29,4.32,8.234299635696253,6.952250518868688
1,18,1,1,3,0,4.37,4.52,9.825147561084876,6.401369783242168
1,21,1,1,3,0,4.11,4.12,9.035629778183564,6.214608098422191
1,23,1,1,3,0,4.33,4.44,8.381831553485561,5.707110264748875
1,29,1,1,3,0,4.43,4.44,11.605039633877407,6.42745886025097
1,41,1,1,3,0,4.34,4.47,9.974737874064294,6.99154480471182
2,50,1,1,3,0,4.21,4.36,8.68084148294457,6.775366090936392
5,35,1,1,3,0,4.28,4.34,12.207965852282786,6.589613999045648
5,38,1,1,3,0,4.26,4.31,12.15513718185042,5.945420608606575
6,39,1,1,3,0,4.27,4.36,10.543945728315652,5.956691926506723
8,2,1,1,3,0,4.15,4.38,8.061486866871327,6.80903930604298
8,45,1,1,3,0,4.18,4.16,7.447751280047908,6.722870439785018
7,5,1,1,3,0,4.23,4.56,7.536363938404511,6.63200177739563
7,24,1,1,3,0,4.21,4.52,8.413387022690648,5.081404364984463
7,37,1,1,3,0,4.17,4.39,8.107720061910534,6.981934677156389
7,42,1,1,3,0,3.97,4.14,7.934871565945177,4.927253685157205
7,47,1,1,3,0,4.06,4.18,9.070733417589766,6.413180229801903
7,49,1,1,3,0,4.17,4.38,7.6577552711348655,5.3471075307174685
9,8,1,1,3,0,4.05,4.13,12.20829517388327,7.236051324319173
9,17,1,1,3,0,4.24,4.38,11.029779856977546,6.647532719426507
9,43,1,1,3,0,4.2,4.26,10.425312461760488,7.383492440075633
13,28,1,1,3,0,4.1,4.19,11.71010279299617,6.916447392869642
15,31,1,1,3,0,4.23,4.33,8.854807632616227,8.053410173983558
10,3,1,1,3,0,4.28,4.36,11.319644067939931,7.272051110052231
10,46,1,1,3,0,4.15,4.23,11.416161228537758,6.904249139652849
11,6,1,1,3,0,4.29,4.4,7.018401799069201,5.03909316691274
11,10,1,1,3,0,4.33,4.5,8.668196064952765,6.709609171841211
12,15,1,1,3,0,4.21,4.39,9.85087760226383,6.176553105552927
12,27,1,1,3,0,4.28,4.57,8.998384010052538,7.3987862754199485
12,36,1,1,3,0,4.17,4.29,9.6614159913364,6.349138991379798
4,7,1,1,3,0,4.33,4.42,12.22409427602797,7.011637702800233
17,26,1,1,3,0,4.31,4.4,9.814710982145282,7.360103972989152
16,1,1,1,3,0,4.41,4.66,9.347403022364523,5.851713854669542
16,48,1,1,3,0,4.31,4.38,8.97790377375038,7.355641102974253
16,20,1,1,3,0,4.41,4.61,10.202739930102645,6.731018100482083
3,33,1,1,3,0,4.35,4.42,10.692103991155873,6.78105762593618
14,30,1,1,3,0,4.2,4.4,7.876258882303226,7.206748142579785
1,11,1,1,5,4,4.26,4.74,3.6888794541139363,6.191339471482838
1,29,1,1,5,4,4.43,4.62,10.857054801145617,7.056606225714492
1,41,1,1,5,4,4.34,4.06,8.48879371689454,6.318968113746434
2,50,1,1,5,4,4.21,4.05,4.127134385045092,7.641804450862508
5,35,1,1,5,4,4.28,3.72,7.9599745280805365,6.90875477931522
5,38,1,1,5,4,4.26,3.86,8.230577217146454,6.983168827072006
6,39,1,1,5,4,4.27,3.94,8.492490578775866,7.170888478512505
8,45,1,1,5,4,4.18,3.33,3.4011973816621555,5.739792912179234
7,47,1,1,5,4,4.06,2.7,5.680172609017068,7.516161231086992
9,8,1,1,5,4,4.05,4.03,11.982529014194624,8.202482446576537
9,17,1,1,5,4,4.24,3.82,7.044905117129371,5.017279836814924
9,43,1,1,5,4,4.2,3.44,9.1345386585599,6.90875477931522
13,28,1,1,5,4,4.1,3.92,10.654219444947001,7.91237918055958
10,3,1,1,5,4,4.28,3.73,10.297487182535015,7.192686070128113
10,46,1,1,5,4,4.15,4.56,8.871365005136852,8.209580483475577
11,6,1,1,5,4,0.0,0.0,0.0,6.565264970035361
11,10,1,1,5,4,4.33,4.99,4.110873864173311,6.497528853772263
12,15,1,1,5,4,4.21,4.04,6.406879986069314,7.0630481633881725
12,36,1,1,5,4,4.17,4.14,7.261927092702751,6.898714534329988
4,7,1,1,5,4,4.33,4.23,10.744084440041084,7.746227161908221
17,26,1,1,5,4,4.31,4.81,2.3978952727983707,6.311734809152915
16,48,1,1,5,4,4.31,4.03,9.511185430954244,8.816705015621595
16,20,1,1,5,4,4.41,3.84,4.948759890378168,5.529429087511423
3,33,1,1,5,4,4.35,3.91,7.779048644925556,7.741099090035366
14,30,1,1,5,4,4.2,2.83,1.9459101490553132,8.47746434918724
1,4,1,1,3,5,4.19,4.32,10.059507911994038,5.01396308418893
1,11,1,1,3,5,4.26,4.27,9.421492310438014,7.236339342754344
1,41,1,1,3,5,4.34,4.47,9.974737874064294,6.225211681206383
2,50,1,1,3,5,4.21,4.36,8.68084148294457,6.788408521349571
5,35,1,1,3,5,4.28,4.34,12.207965852282786,6.1235887000350235
5,38,1,1,3,5,4.26,4.31,12.15513718185042,6.767343125265392
8,19,1,1,3,5,4.04,4.19,7.1731917424865985,7.153833801578843
7,37,1,1,3,5,4.17,4.39,8.107720061910534,6.202535517187923
9,8,1,1,3,5,4.05,4.13,12.20829517388327,7.127605412946256
13,28,1,1,3,5,4.1,4.19,11.71010279299617,5.9538924742002255
15,31,1,1,3,5,4.23,4.33,8.854807632616227,4.110873864173311
10,3,1,1,3,5,4.28,4.36,11.319644067939931,5.831882477283517
11,6,1,1,3,5,4.29,4.4,7.018401799069201,5.460988784418869
11,10,1,1,3,5,4.33,4.5,8.668196064952765,6.318066806790422
16,1,1,1,3,5,4.41,4.66,9.347403022364523,6.570182436916891
16,48,1,1,3,5,4.31,4.38,8.97790377375038,7.526717561352706
16,20,1,1,3,5,4.41,4.61,10.202739930102645,8.041734711487537
3,33,1,1,3,5,4.35,4.42,10.692103991155873,9.141311785565748
14,30,1,1,3,5,4.2,4.4,7.876258882303226,5.033700567027251
1,11,1,1,0,7,4.26,4.57,3.871201010907891,4.709530201312334
1,29,1,1,0,7,4.43,4.84,7.241366283322318,7.421775793644647
1,41,1,1,0,7,4.34,4.76,9.008346579384707,6.501785043318527
2,50,1,1,0,7,4.21,4.03,3.58351893845611,7.3727463664043285
5,35,1,1,0,7,4.28,3.71,6.095824562432225,6.945532643316167
5,38,1,1,0,7,4.26,4.31,4.290459441148391,6.812345094177479
8,2,1,1,0,7,4.15,4.88,3.5263605246161616,6.84587987526405
7,47,1,1,0,7,4.06,4.44,5.53338948872752,7.813591552952433
9,8,1,1,0,7,4.05,4.67,8.271804031154709,7.492871715328377
9,17,1,1,0,7,4.24,4.57,5.214935757608986,7.331714969726466
9,43,1,1,0,7,4.2,4.67,6.1779441140506,6.939253946041508
13,28,1,1,0,7,4.1,4.71,8.675392806089782,7.138073034044347
10,46,1,1,0,7,4.15,4.79,5.91350300563827,5.5154428455366835
4,7,1,1,0,7,4.33,4.86,7.69484807238461,7.700521524570795
14,30,1,1,0,7,4.2,3.99,5.771441123130016,4.61512051684126
1,4,1,1,6,1,4.19,3.72,8.587278798982926,6.423246963533519
1,18,1,1,6,1,4.37,3.92,9.296609807128359,6.289715570908998
1,29,1,1,6,1,4.43,4.3,10.933767465827414,7.368339686311381
1,41,1,1,6,1,4.34,4.05,10.572700582800442,6.182084906716632
2,50,1,1,6,1,4.21,3.75,7.387090235656757,6.008198746099147
5,38,1,1,6,1,4.26,4.06,11.045670055905612,6.305362461690656
8,2,1,1,6,1,4.15,4.21,6.352629396319567,6.593044534142437
8,16,1,1,6,1,4.19,3.91,6.634633357861686,3.912023005428146
8,45,1,1,6,1,4.18,3.99,6.075346031088684,6.3784261836515865
7,47,1,1,6,1,4.06,4.01,7.165493475060845,6.423246963533519
9,8,1,1,6,1,4.05,3.95,11.693111409633762,6.42648845745769
9,17,1,1,6,1,4.24,3.8,9.46164368908425,5.289932310013596
13,28,1,1,6,1,4.1,3.85,11.51722620352192,6.9985096422506015
10,3,1,1,6,1,4.28,4.03,11.343204190152012,6.515082992672725
10,46,1,1,6,1,4.15,3.72,9.138629524422182,4.7535901911063645
12,15,1,1,6,1,4.21,3.74,8.640118538253535,7.596141142440372
4,7,1,1,6,1,4.33,4.12,11.715482561876033,5.782593655080491
16,20,1,1,6,1,4.41,4.14,8.61323037961318,5.8907321938538395
14,30,1,1,6,1,4.2,3.62,7.305860032684009,5.860786223465865
1,14,1,1,2,2,4.29,4.46,6.171700597410915,5.303304908059076
1,29,1,1,2,2,4.43,4.25,7.053585727193677,6.493753839851686
2,50,1,1,2,2,4.21,3.75,5.0689042022202315,5.993961427306569
7,47,1,1,2,2,4.06,4.45,4.430816798843313,6.267200548541362
9,8,1,1,2,2,4.05,3.9,7.61085279039525,6.0844994130751715
9,43,1,1,2,2,4.2,4.01,7.478734825567875,8.21851757748959
13,28,1,1,2,2,4.1,3.97,7.393263094763838,8.547592417102074
15,31,1,1,2,2,4.23,4.27,6.2166061010848646,8.389132521348719
10,3,1,1,2,2,4.28,4.26,5.973809611869261,6.220590170099739
12,15,1,1,2,2,4.21,4.09,5.303304908059076,7.906547232368036
4,7,1,1,2,2,4.33,4.21,5.6937321388027,8.011796139587927
16,48,1,1,2,2,4.31,4.87,6.678342114654332,3.9318256327243257
1,4,1,1,4,3,4.19,4.25,9.569342605674006,7.033506484287697
1,11,1,1,4,3,4.26,4.35,9.083642718930225,7.509411975403119
1,14,1,1,4,3,4.29,4.3,11.45065636674335,6.821467276657592
1,18,1,1,4,3,4.37,4.35,11.938474206640247,6.866308089067964
1,21,1,1,4,3,4.11,4.23,9.208839245849916,6.214608098422191
1,23,1,1,4,3,4.33,4.3,9.695047867587114,6.889591308354466
1,29,1,1,4,3,4.43,4.43,11.971956616148274,6.815201297371529
1,41,1,1,4,3,4.34,4.41,12.293533921300169,7.754159883392125
2,22,1,1,4,3,4.25,4.12,9.29807648628027,6.257035204062087
2,50,1,1,4,3,4.21,4.34,10.629900249210682,6.882581050433417
5,35,1,1,4,3,4.28,4.27,10.847315627403372,6.799891633106192
5,38,1,1,4,3,4.26,4.28,11.106234605936246,6.932935577512436
6,39,1,1,4,3,4.27,4.28,10.222232150439726,7.038783541388542
8,2,1,1,4,3,4.15,4.09,8.20631072579402,6.515941565126805
8,13,1,1,4,3,4.29,4.33,8.891098830616636,6.5092608193547745
8,16,1,1,4,3,4.19,4.27,9.530392824458414,6.946495107298068
8,45,1,1,4,3,4.18,4.19,10.9289913693836,6.305545093414294
7,5,1,1,4,3,4.23,4.42,9.503606822721864,3.9318256327243257
7,9,1,1,4,3,4.28,4.35,9.892274925322026,4.189654742026425
7,24,1,1,4,3,4.21,4.22,9.86110183603969,5.62040086571715
7,37,1,1,4,3,4.17,4.24,10.37264707562448,6.377406988727283
7,42,1,1,4,3,3.97,4.17,8.748463629942055,5.111987788356544
7,47,1,1,4,3,4.06,4.14,9.524859098381523,6.808708125380903
7,49,1,1,4,3,4.17,4.19,8.67812085552252,6.162261618049983
9,8,1,1,4,3,4.05,4.07,13.503646442559258,6.760078597530363
9,17,1,1,4,3,4.24,4.24,10.837932494990325,5.653506206781466
9,25,1,1,4,3,4.27,4.29,8.877939834725023,6.20050917404269
9,43,1,1,4,3,4.2,4.23,10.886314808210527,6.943547043080194
18,51,1,1,4,3,0.0,0.0,0.0,7.627544390488503
13,28,1,1,4,3,4.1,4.15,13.035643594260717,6.471650534741861
15,31,1,1,4,3,4.23,4.25,9.887408982323437,6.631342798788587
10,3,1,1,4,3,4.28,4.28,11.125629297477385,6.768585161444106
10,12,1,1,4,3,4.2,4.14,9.488956472414216,3.4339872044851463
10,46,1,1,4,3,4.15,4.25,11.648382502350232,7.054820919086165
11,6,1,1,4,3,4.29,4.26,9.817330356084954,6.577402281568945
11,10,1,1,4,3,4.33,4.31,10.065393794379148,6.933423025730715
12,15,1,1,4,3,4.21,4.26,10.823750385162683,6.343880434126331
12,27,1,1,4,3,4.28,4.33,9.090768236835338,7.3987862754199485
12,32,1,1,4,3,4.15,4.18,8.778941881841513,5.3981627015177525
12,36,1,1,4,3,4.17,4.07,9.67363403969682,6.04381977744191
4,7,1,1,4,3,4.33,4.21,11.584492354162721,6.636169627917047
17,26,1,1,4,3,4.31,4.29,9.349580439067687,6.632436465513755
16,1,1,1,4,3,4.41,4.46,8.96341629199657,6.2675230771685735
16,48,1,1,4,3,4.31,4.38,10.940685324169365,7.086018612315238
16,20,1,1,4,3,4.41,4.43,10.201738576337144,6.45833828334479
3,33,1,1,4,3,4.35,4.37,10.615530086198365,6.880640986490565
14,30,1,1,4,3,4.2,4.32,9.13873695311649,6.6684823457380435
13,28,1,1,1,6,4.1,3.83,11.405306846159862,7.84971375760487
10,3,1,1,1,6,4.28,4.22,9.439704535103449,6.807934943699926
4,7,1,1,1,6,4.33,4.17,10.00676590198963,7.558516743045645
16,48,1,1,1,6,4.31,3.8,6.543911845564792,3.9318256327243257
1,21,1,1,4,8,4.11,4.23,9.208839245849916,6.214608098422191
1,41,1,1,4,8,4.34,4.41,12.293533921300169,6.8065527734729745
8,2,1,1,4,8,4.15,4.09,8.20631072579402,6.565264970035361
8,45,1,1,4,8,4.18,4.19,10.9289913693836,6.519147287940395
9,8,1,1,4,8,4.05,4.07,13.503646442559258,7.198557478770161
9,43,1,1,4,8,4.2,4.23,10.886314808210527,7.571216149171722
13,28,1,1,4,8,4.1,4.15,13.035643594260717,6.822741904655181
10,46,1,1,4,8,4.15,4.25,11.648382502350232,6.538617278508967
4,7,1,1,4,8,4.33,4.21,11.584492354162721,6.977281341630747
16,48,1,1,4,8,4.31,4.38,10.940685324169365,6.928537818164665
1,4,1,1,6,9,4.19,3.72,8.587278798982926,7.395721608602045
1,11,1,1,6,9,4.26,4.08,7.759614150696903,6.964683666368029
1,14,1,1,6,9,4.29,4.3,7.554334823725748,6.815091594118718
1,18,1,1,6,9,4.37,3.92,9.296609807128359,6.905131840775423
1,21,1,1,6,9,4.11,4.03,7.392647520721623,4.7318028369214575
1,23,1,1,6,9,4.33,4.0,6.900730664045173,6.626717749249025
1,29,1,1,6,9,4.43,4.3,10.933767465827414,7.255117998434523
1,41,1,1,6,9,4.34,4.05,10.572700582800442,6.999650543686393
2,22,1,1,6,9,4.25,3.85,7.165493475060845,7.133495456143613
2,44,1,1,6,9,4.28,4.35,6.85751406254539,6.759255270663693
2,50,1,1,6,9,4.21,3.75,7.387090235656757,7.073608643068784
5,35,1,1,6,9,4.28,4.24,11.771783590108432,7.3474929810323975
5,38,1,1,6,9,4.26,4.06,11.045670055905612,6.955992909580625
6,39,1,1,6,9,4.27,4.02,8.669055540725484,6.83238497195736
8,2,1,1,6,9,4.15,4.21,6.352629396319567,8.030084094267563
8,13,1,1,6,9,4.29,4.17,5.955837369464831,6.99353840197656
8,16,1,1,6,9,4.19,3.91,6.634633357861686,7.161622002939187
8,19,1,1,6,9,4.04,3.23,6.104793232414985,7.3162158960701
8,45,1,1,6,9,4.18,3.99,6.075346031088684,7.885660260476617
7,5,1,1,6,9,4.23,4.04,5.986452005284438,7.136085356983647
7,9,1,1,6,9,4.28,3.95,6.878326468291325,7.2868764117507
7,24,1,1,6,9,4.21,3.97,7.300472814267799,6.935652507399373
7,34,1,1,6,9,4.35,4.23,5.940171252720432,7.069448867980125
7,37,1,1,6,9,4.17,3.66,8.216628493133443,6.902240098294027
7,40,1,1,6,9,4.07,3.91,5.575949103146316,7.2254814727822945
7,42,1,1,6,9,3.97,4.2,5.043425116919247,6.61472560020376
7,47,1,1,6,9,4.06,4.01,7.165493475060845,7.1597583589769
7,49,1,1,6,9,4.17,4.27,6.137727054086234,7.361534247368852
9,8,1,1,6,9,4.05,3.95,11.693111409633762,7.177118073430998
9,17,1,1,6,9,4.24,3.8,9.46164368908425,8.10079554024238
9,25,1,1,6,9,4.27,3.84,7.077498053569231,6.911169444081925
9,43,1,1,6,9,4.2,4.1,10.031484910599483,7.359626759904457
13,28,1,1,6,9,4.1,3.85,11.51722620352192,7.12027459241884
15,31,1,1,6,9,4.23,3.72,7.850103545175582,7.577070726288737
10,3,1,1,6,9,4.28,4.03,11.343204190152012,7.030176430817976
10,12,1,1,6,9,4.2,3.88,7.786136437783072,7.023758954738443
10,46,1,1,6,9,4.15,3.72,9.138629524422182,7.243069702739499
11,6,1,1,6,9,4.29,4.31,7.6544432264701125,7.185515795166758
11,10,1,1,6,9,4.33,3.95,7.228388451573604,6.845613882444288
12,15,1,1,6,9,4.21,3.74,8.640118538253535,7.206132454380436
12,27,1,1,6,9,4.28,4.18,6.220590170099739,6.828712071641684
12,32,1,1,6,9,4.15,3.7,6.493753839851686,7.1308988302963465
12,36,1,1,6,9,4.17,4.0,8.03689677268507,6.665174033775452
4,7,1,1,6,9,4.33,4.12,11.715482561876033,7.13820011095782
17,26,1,1,6,9,4.31,3.69,7.532088143541722,7.449689959035357
16,1,1,1,6,9,4.41,3.82,7.037905963447182,6.392469724494053
16,48,1,1,6,9,4.31,4.21,8.633374945705647,6.870717780879573
16,20,1,1,6,9,4.41,4.14,8.61323037961318,6.76646817413776
3,33,1,1,6,9,4.35,4.18,9.172326929777967,7.212294468500341
14,30,1,1,6,9,4.2,3.62,7.305860032684009,6.663451929832301
1,4,1,1,6,10,4.19,3.72,8.587278798982926,6.197115999797643
1,11,1,1,6,10,4.26,4.08,7.759614150696903,7.333023014386481
1,14,1,1,6,10,4.29,4.3,7.554334823725748,7.585788821732034
1,18,1,1,6,10,4.37,3.92,9.296609807128359,7.13289683295902
1,29,1,1,6,10,4.43,4.3,10.933767465827414,6.095081042846788
1,41,1,1,6,10,4.34,4.05,10.572700582800442,6.870053411798126
2,50,1,1,6,10,4.21,3.75,7.387090235656757,6.8073823048353495
5,35,1,1,6,10,4.28,4.24,11.771783590108432,6.343880434126331
5,38,1,1,6,10,4.26,4.06,11.045670055905612,6.49299712396238
6,39,1,1,6,10,4.27,4.02,8.669055540725484,5.3981627015177525
8,2,1,1,6,10,4.15,4.21,6.352629396319567,7.335959874059791
8,45,1,1,6,10,4.18,3.99,6.075346031088684,3.9318256327243257
7,24,1,1,6,10,4.21,3.97,7.300472814267799,5.62040086571715
7,37,1,1,6,10,4.17,3.66,8.216628493133443,7.516977224604321
7,47,1,1,6,10,4.06,4.01,7.165493475060845,6.770215864960075
9,8,1,1,6,10,4.05,3.95,11.693111409633762,6.618738983517219
9,17,1,1,6,10,4.24,3.8,9.46164368908425,6.059893926529762
9,25,1,1,6,10,4.27,3.84,7.077498053569231,6.20050917404269
13,28,1,1,6,10,4.1,3.85,11.51722620352192,6.225963382460326
15,31,1,1,6,10,4.23,3.72,7.850103545175582,7.251344983372214
10,3,1,1,6,10,4.28,4.03,11.343204190152012,6.667719859997709
10,46,1,1,6,10,4.15,3.72,9.138629524422182,6.9301721332661375
11,6,1,1,6,10,4.29,4.31,7.6544432264701125,6.961296045910167
11,10,1,1,6,10,4.33,3.95,7.228388451573604,7.313886831633462
12,15,1,1,6,10,4.21,3.74,8.640118538253535,6.583409222158765
12,32,1,1,6,10,4.15,3.7,6.493753839851686,5.3981627015177525
12,36,1,1,6,10,4.17,4.0,8.03689677268507,6.219595639933231
4,7,1,1,6,10,4.33,4.12,11.715482561876033,6.969226601070238
17,26,1,1,6,10,4.31,3.69,7.532088143541722,7.360103972989152
3,33,1,1,6,10,4.35,4.18,9.172326929777967,6.903245123504251
14,30,1,1,6,10,4.2,3.62,7.305860032684009,6.672349351095727
1,4,2,1,3,0,4.19,4.32,10.059507911994038,7.1681946150400435
1,11,2,1,3,0,4.26,4.27,9.421492310438014,7.612994060595474
1,14,2,1,3,0,4.29,4.32,8.234299635696253,6.403574197934815
1,18,2,1,3,0,4.37,4.52,9.825147561084876,7.394738928262557
1,23,2,1,3,0,4.33,4.44,8.381831553485561,5.602118820879701
1,29,2,1,3,0,4.43,4.44,11.605039633877407,6.3448816901714045
1,41,2,1,3,0,4.34,4.47,9.974737874064294,7.2966844184502015
2,22,2,1,3,0,4.25,4.56,9.766865674993165,5.978885764901122
2,50,2,1,3,0,4.21,4.36,8.68084148294457,6.654152520183219
5,35,2,1,3,0,4.28,4.34,12.207965852282786,4.90527477843843
5,38,2,1,3,0,4.26,4.31,12.15513718185042,5.788123623089952
6,39,2,1,3,0,4.27,4.36,10.543945728315652,5.532084289499378
8,2,2,1,3,0,4.15,4.38,8.061486866871327,6.09807428216624
8,45,2,1,3,0,4.18,4.16,7.447751280047908,7.424016105238067
7,5,2,1,3,0,4.23,4.56,7.536363938404511,6.920671504248683
7,24,2,1,3,0,4.21,4.52,8.413387022690648,7.356279876550748
7,37,2,1,3,0,4.17,4.39,8.107720061910534,7.580699752224563
7,42,2,1,3,0,3.97,4.14,7.934871565945177,7.238496840894365
7,47,2,1,3,0,4.06,4.18,9.070733417589766,6.524149505226866
7,49,2,1,3,0,4.17,4.38,7.6577552711348655,5.5134287461649825
9,8,2,1,3,0,4.05,4.13,12.20829517388327,7.37866474783127
9,17,2,1,3,0,4.24,4.38,11.029779856977546,5.988234335587697
9,43,2,1,3,0,4.2,4.26,10.425312461760488,7.57082977528579
13,28,2,1,3,0,4.1,4.19,11.71010279299617,6.6163596531517035
15,31,2,1,3,0,4.23,4.33,8.854807632616227,8.061329125724221
10,3,2,1,3,0,4.28,4.36,11.319644067939931,6.79821939191383
10,46,2,1,3,0,4.15,4.23,11.416161228537758,6.5362132223185325
11,6,2,1,3,0,4.29,4.4,7.018401799069201,5.998117367938082
11,10,2,1,3,0,4.33,4.5,8.668196064952765,6.690220966432438
12,15,2,1,3,0,4.21,4.39,9.85087760226383,6.498282149476434
12,27,2,1,3,0,4.28,4.57,8.998384010052538,6.792344427470809
4,7,2,1,3,0,4.33,4.42,12.22409427602797,6.888368565181947
16,1,2,1,3,0,4.41,4.66,9.347403022364523,5.757007235893499
16,48,2,1,3,0,4.31,4.38,8.97790377375038,8.315524887396991
16,20,2,1,3,0,4.41,4.61,10.202739930102645,5.510399970502822
3,33,2,1,3,0,4.35,4.42,10.692103991155873,6.97166860472579
14,30,2,1,3,0,4.2,4.4,7.876258882303226,6.1070228877422545
1,11,2,1,5,4,4.26,4.74,3.6888794541139363,6.460686621018898
1,29,2,1,5,4,4.43,4.62,10.857054801145617,7.178293735830708
1,41,2,1,5,4,4.34,4.06,8.48879371689454,4.836281906951478
2,50,2,1,5,4,4.21,4.05,4.127134385045092,7.988882253309227
5,35,2,1,5,4,4.28,3.72,7.9599745280805365,6.529900474081888
5,38,2,1,5,4,4.26,3.86,8.230577217146454,8.164700916480406
6,39,2,1,5,4,4.27,3.94,8.492490578775866,7.170888478512505
7,47,2,1,5,4,4.06,2.7,5.680172609017068,6.030685260261263
9,8,2,1,5,4,4.05,4.03,11.982529014194624,7.265821254987008
9,17,2,1,5,4,4.24,3.82,7.044905117129371,7.366021544081429
13,28,2,1,5,4,4.1,3.92,10.654219444947001,8.068246304696112
10,3,2,1,5,4,4.28,3.73,10.297487182535015,9.102810839033516
10,46,2,1,5,4,4.15,4.56,8.871365005136852,5.351858133476067
12,15,2,1,5,4,4.21,4.04,6.406879986069314,5.030437921392435
12,36,2,1,5,4,4.17,4.14,7.261927092702751,6.93828448401696
4,7,2,1,5,4,4.33,4.23,10.744084440041084,8.753319303407809
16,48,2,1,5,4,4.31,4.03,9.511185430954244,8.191463051326927
16,20,2,1,5,4,4.41,3.84,4.948759890378168,6.812345094177479
3,33,2,1,5,4,4.35,3.91,7.779048644925556,9.295646128555283
14,30,2,1,5,4,4.2,2.83,1.9459101490553132,8.437229647275853
1,11,2,1,3,5,4.26,4.27,9.421492310438014,7.3752557780097545
1,29,2,1,3,5,4.43,4.44,11.605039633877407,7.666221925662725
1,41,2,1,3,5,4.34,4.47,9.974737874064294,6.264026636551919
2,50,2,1,3,5,4.21,4.36,8.68084148294457,7.485491608030754
5,35,2,1,3,5,4.28,4.34,12.207965852282786,5.926045638543103
5,38,2,1,3,5,4.26,4.31,12.15513718185042,6.5359666972333565
8,19,2,1,3,5,4.04,4.19,7.1731917424865985,7.006242225696791
7,37,2,1,3,5,4.17,4.39,8.107720061910534,3.713572066704308
9,8,2,1,3,5,4.05,4.13,12.20829517388327,7.322569877408935
9,17,2,1,3,5,4.24,4.38,11.029779856977546,5.730099782973574
13,28,2,1,3,5,4.1,4.19,11.71010279299617,6.672349351095727
15,31,2,1,3,5,4.23,4.33,8.854807632616227,5.855071922202427
10,3,2,1,3,5,4.28,4.36,11.319644067939931,7.989017929315134
10,46,2,1,3,5,4.15,4.23,11.416161228537758,4.324132656254979
11,6,2,1,3,5,4.29,4.4,7.018401799069201,5.2390980068880655
11,10,2,1,3,5,4.33,4.5,8.668196064952765,6.974011074759202
12,15,2,1,3,5,4.21,4.39,9.85087760226383,6.9167150203536085
4,7,2,1,3,5,4.33,4.42,12.22409427602797,7.3108843272927535
16,1,2,1,3,5,4.41,4.66,9.347403022364523,3.4339872044851463
16,48,2,1,3,5,4.31,4.38,8.97790377375038,7.44716835960004
3,33,2,1,3,5,4.35,4.42,10.692103991155873,9.141311785565748
14,30,2,1,3,5,4.2,4.4,7.876258882303226,7.202661196523238
1,18,2,1,0,7,4.37,4.81,6.648984550024776,7.1204443723924875
1,23,2,1,0,7,4.33,5.0,2.302585092994046,5.017279836814924
1,29,2,1,0,7,4.43,4.84,7.241366283322318,7.032032735714223
1,41,2,1,0,7,4.34,4.76,9.008346579384707,7.085340637675651
2,50,2,1,0,7,4.21,4.03,3.58351893845611,4.709530201312334
5,35,2,1,0,7,4.28,3.71,6.095824562432225,6.463544145038838
5,38,2,1,0,7,4.26,4.31,4.290459441148391,4.700480365792417
8,2,2,1,0,7,4.15,4.88,3.5263605246161616,6.992096427415888
7,47,2,1,0,7,4.06,4.44,5.53338948872752,4.836281906951478
9,8,2,1,0,7,4.05,4.67,8.271804031154709,7.097308954182722
9,43,2,1,0,7,4.2,4.67,6.1779441140506,6.942156705699469
13,28,2,1,0,7,4.1,4.71,8.675392806089782,7.0597894348376355
10,3,2,1,0,7,4.28,4.52,6.634633357861686,5.160950054755124
10,46,2,1,0,7,4.15,4.79,5.91350300563827,6.3578422665081
11,6,2,1,0,7,0.0,0.0,0.0,3.713572066704308
11,10,2,1,0,7,4.33,4.5,1.9459101490553132,6.96979066990159
4,7,2,1,0,7,4.33,4.86,7.69484807238461,7.715199425913634
1,4,2,1,6,1,4.19,3.72,8.587278798982926,6.386879319362645
1,29,2,1,6,1,4.43,4.3,10.933767465827414,7.529406457837013
1,41,2,1,6,1,4.34,4.05,10.572700582800442,6.172743894323493
2,22,2,1,6,1,4.25,3.85,7.165493475060845,6.903747257584598
2,50,2,1,6,1,4.21,3.75,7.387090235656757,5.767539440458952
5,38,2,1,6,1,4.26,4.06,11.045670055905612,6.302618975744905
8,2,2,1,6,1,4.15,4.21,6.352629396319567,4.204692619390966
8,16,2,1,6,1,4.19,3.91,6.634633357861686,3.912023005428146
7,47,2,1,6,1,4.06,4.01,7.165493475060845,6.423246963533519
9,8,2,1,6,1,4.05,3.95,11.693111409633762,6.154327167537262
9,17,2,1,6,1,4.24,3.8,9.46164368908425,5.804140498691236
9,25,2,1,6,1,4.27,3.84,7.077498053569231,5.303304908059076
13,28,2,1,6,1,4.1,3.85,11.51722620352192,7.271703706887368
10,3,2,1,6,1,4.28,4.03,11.343204190152012,6.2738199580540375
12,15,2,1,6,1,4.21,3.74,8.640118538253535,3.9318256327243257
4,7,2,1,6,1,4.33,4.12,11.715482561876033,6.156173576585022
16,1,2,1,6,1,4.41,3.82,7.037905963447182,3.828641396489095
16,48,2,1,6,1,4.31,4.21,8.633374945705647,3.9318256327243257
16,20,2,1,6,1,4.41,4.14,8.61323037961318,5.732110746643059
14,30,2,1,6,1,4.2,3.62,7.305860032684009,6.502790045915623
1,14,2,1,2,2,4.29,4.46,6.171700597410915,5.303304908059076
1,18,2,1,2,2,4.37,4.48,5.087596335232384,8.274611946209552
1,29,2,1,2,2,4.43,4.25,7.053585727193677,8.251663923605589
7,24,2,1,2,2,4.21,3.98,4.990432586778736,8.592857095337227
7,37,2,1,2,2,4.17,4.17,6.634633357861686,7.337587743538596
7,47,2,1,2,2,4.06,4.45,4.430816798843313,7.305860032684009
9,8,2,1,2,2,4.05,3.9,7.61085279039525,5.653646405162403
9,25,2,1,2,2,4.27,3.88,4.382026634673881,5.638354669333745
9,43,2,1,2,2,4.2,4.01,7.478734825567875,5.860786223465865
13,28,2,1,2,2,4.1,3.97,7.393263094763838,8.40737832540903
15,31,2,1,2,2,4.23,4.27,6.2166061010848646,5.726847747587197
10,3,2,1,2,2,4.28,4.26,5.973809611869261,6.828712071641684
10,12,2,1,2,2,4.2,3.95,5.5134287461649825,6.90975328164481
12,15,2,1,2,2,4.21,4.09,5.303304908059076,5.831882477283517
4,7,2,1,2,2,4.33,4.21,5.6937321388027,7.59312227222312
16,48,2,1,2,2,4.31,4.87,6.678342114654332,4.836281906951478
1,4,2,1,4,3,4.19,4.25,9.569342605674006,7.04261828461639
1,11,2,1,4,3,4.26,4.35,9.083642718930225,7.236022517912626
1,14,2,1,4,3,4.29,4.3,11.45065636674335,6.876470988942371
1,18,2,1,4,3,4.37,4.35,11.938474206640247,6.70073110954781
1,21,2,1,4,3,4.11,4.23,9.208839245849916,4.787491742782046
1,23,2,1,4,3,4.33,4.3,9.695047867587114,7.009408932708637
1,29,2,1,4,3,4.43,4.43,11.971956616148274,6.704512389374264
1,41,2,1,4,3,4.34,4.41,12.293533921300169,7.3134870182077325
2,22,2,1,4,3,4.25,4.12,9.29807648628027,6.041040117051249
2,50,2,1,4,3,4.21,4.34,10.629900249210682,6.6047835803080135
5,35,2,1,4,3,4.28,4.27,10.847315627403372,6.95278600435644
5,38,2,1,4,3,4.26,4.28,11.106234605936246,7.0172283265760855
6,39,2,1,4,3,4.27,4.28,10.222232150439726,6.042632833682381
8,2,2,1,4,3,4.15,4.09,8.20631072579402,6.742880635791903
8,13,2,1,4,3,4.29,4.33,8.891098830616636,6.837064538359368
8,16,2,1,4,3,4.19,4.27,9.530392824458414,7.090076835776092
8,45,2,1,4,3,4.18,4.19,10.9289913693836,6.261224473050771
7,37,2,1,4,3,4.17,4.24,10.37264707562448,6.230481447578482
7,40,2,1,4,3,4.07,4.12,10.23742085450305,6.311734809152915
7,42,2,1,4,3,3.97,4.17,8.748463629942055,6.765615511821014
7,47,2,1,4,3,4.06,4.14,9.524859098381523,6.728461134946189
7,49,2,1,4,3,4.17,4.19,8.67812085552252,7.804863191439519
9,8,2,1,4,3,4.05,4.07,13.503646442559258,6.569733842970994
9,17,2,1,4,3,4.24,4.24,10.837932494990325,6.644908898315306
9,25,2,1,4,3,4.27,4.29,8.877939834725023,5.017279836814924
9,43,2,1,4,3,4.2,4.23,10.886314808210527,7.37650812632622
18,51,2,1,4,3,0.0,0.0,0.0,7.629975707027789
13,28,2,1,4,3,4.1,4.15,13.035643594260717,6.483963254181089
15,31,2,1,4,3,4.23,4.25,9.887408982323437,6.635290172335217
10,3,2,1,4,3,4.28,4.28,11.125629297477385,7.299344561554653
10,12,2,1,4,3,4.2,4.14,9.488956472414216,7.314885666409363
10,46,2,1,4,3,4.15,4.25,11.648382502350232,6.676201460307957
11,6,2,1,4,3,4.29,4.26,9.817330356084954,5.174000532040656
11,10,2,1,4,3,4.33,4.31,10.065393794379148,6.2799275645428345
12,15,2,1,4,3,4.21,4.26,10.823750385162683,6.785214694114457
12,27,2,1,4,3,4.28,4.33,9.090768236835338,6.792344427470809
12,36,2,1,4,3,4.17,4.07,9.67363403969682,6.278521424165844
4,7,2,1,4,3,4.33,4.21,11.584492354162721,6.699167772551929
17,26,2,1,4,3,4.31,4.29,9.349580439067687,8.24025321549636
16,1,2,1,4,3,4.41,4.46,8.96341629199657,6.176760841645742
16,48,2,1,4,3,4.31,4.38,10.940685324169365,6.732210706467206
16,20,2,1,4,3,4.41,4.43,10.201738576337144,6.498854274938072
3,33,2,1,4,3,4.35,4.37,10.615530086198365,6.70594504560432
14,30,2,1,4,3,4.2,4.32,9.13873695311649,6.671665789459956
7,37,2,1,1,6,4.17,4.47,6.154858094016418,7.337587743538596
7,47,2,1,1,6,4.06,4.08,6.186208623900494,6.26530121273771
9,43,2,1,1,6,4.2,4.19,7.696667081526462,5.860786223465865
13,28,2,1,1,6,4.1,3.83,11.405306846159862,7.12568526324346
10,3,2,1,1,6,4.28,4.22,9.439704535103449,6.828712071641684
4,7,2,1,1,6,4.33,4.17,10.00676590198963,5.5254529391317835
16,48,2,1,1,6,4.31,3.8,6.543911845564792,3.9318256327243257
1,41,2,1,4,8,4.34,4.41,12.293533921300169,6.6039438246004725
2,50,2,1,4,8,4.21,4.34,10.629900249210682,5.700443573390687
8,45,2,1,4,8,4.18,4.19,10.9289913693836,6.486922693742851
7,37,2,1,4,8,4.17,4.24,10.37264707562448,5.765191102784844
7,47,2,1,4,8,4.06,4.14,9.524859098381523,5.017279836814924
9,8,2,1,4,8,4.05,4.07,13.503646442559258,6.5757729476337765
9,43,2,1,4,8,4.2,4.23,10.886314808210527,7.76153210546705
13,28,2,1,4,8,4.1,4.15,13.035643594260717,4.795790545596741
10,46,2,1,4,8,4.15,4.25,11.648382502350232,6.766479691624183
12,36,2,1,4,8,4.17,4.07,9.67363403969682,4.663439094112067
4,7,2,1,4,8,4.33,4.21,11.584492354162721,6.8664123154477545
16,1,2,1,4,8,4.41,4.46,8.96341629199657,4.110873864173311
16,48,2,1,4,8,4.31,4.38,10.940685324169365,6.878326468291325
1,4,2,1,6,9,4.19,3.72,8.587278798982926,7.45182223652793
1,11,2,1,6,9,4.26,4.08,7.759614150696903,6.595780513961311
1,14,2,1,6,9,4.29,4.3,7.554334823725748,6.53813982376767
1,18,2,1,6,9,4.37,3.92,9.296609807128359,7.311358655142353
1,21,2,1,6,9,4.11,4.03,7.392647520721623,6.0473721790462776
1,23,2,1,6,9,4.33,4.0,6.900730664045173,6.923795936976169
1,29,2,1,6,9,4.43,4.3,10.933767465827414,7.166713750314795
1,41,2,1,6,9,4.34,4.05,10.572700582800442,7.039949528028511
2,22,2,1,6,9,4.25,3.85,7.165493475060845,6.930885696370991
2,44,2,1,6,9,4.28,4.35,6.85751406254539,7.364800307063481
2,50,2,1,6,9,4.21,3.75,7.387090235656757,6.972296925114826
5,35,2,1,6,9,4.28,4.24,11.771783590108432,7.233375993084643
5,38,2,1,6,9,4.26,4.06,11.045670055905612,6.954581611333637
6,39,2,1,6,9,4.27,4.02,8.669055540725484,7.029680833657515
8,2,2,1,6,9,4.15,4.21,6.352629396319567,7.345087203428673
8,13,2,1,6,9,4.29,4.17,5.955837369464831,7.10797405416188
8,16,2,1,6,9,4.19,3.91,6.634633357861686,6.814762412132972
8,19,2,1,6,9,4.04,3.23,6.104793232414985,7.326465613840322
8,45,2,1,6,9,4.18,3.99,6.075346031088684,7.61447493537186
7,5,2,1,6,9,4.23,4.04,5.986452005284438,6.302618975744905
7,9,2,1,6,9,4.28,3.95,6.878326468291325,7.37650812632622
7,24,2,1,6,9,4.21,3.97,7.300472814267799,7.034097138741169
7,34,2,1,6,9,4.35,4.23,5.940171252720432,7.273959673136999
7,37,2,1,6,9,4.17,3.66,8.216628493133443,6.6083379503119355
7,40,2,1,6,9,4.07,3.91,5.575949103146316,7.680983628014454
7,42,2,1,6,9,3.97,4.2,5.043425116919247,7.091908490605062
7,47,2,1,6,9,4.06,4.01,7.165493475060845,7.128255339350929
7,49,2,1,6,9,4.17,4.27,6.137727054086234,7.1204443723924875
9,8,2,1,6,9,4.05,3.95,11.693111409633762,7.164921441310717
9,17,2,1,6,9,4.24,3.8,9.46164368908425,7.992282165829755
9,25,2,1,6,9,4.27,3.84,7.077498053569231,7.072141963139724
9,43,2,1,6,9,4.2,4.1,10.031484910599483,7.052721049232323
18,51,2,1,6,9,0.0,0.0,0.0,6.690842277418564
13,28,2,1,6,9,4.1,3.85,11.51722620352192,6.994419095579651
15,31,2,1,6,9,4.23,3.72,7.850103545175582,7.758952669167593
10,3,2,1,6,9,4.28,4.03,11.343204190152012,7.084620309308798
10,12,2,1,6,9,4.2,3.88,7.786136437783072,7.3101021972521805
10,46,2,1,6,9,4.15,3.72,9.138629524422182,7.1560674271492095
11,6,2,1,6,9,4.29,4.31,7.6544432264701125,7.043910725763184
11,10,2,1,6,9,4.33,3.95,7.228388451573604,6.742585781005748
12,15,2,1,6,9,4.21,3.74,8.640118538253535,7.0043646145180825
12,27,2,1,6,9,4.28,4.18,6.220590170099739,6.814542897259958
12,32,2,1,6,9,4.15,3.7,6.493753839851686,7.076653815443951
12,36,2,1,6,9,4.17,4.0,8.03689677268507,6.559856001708345
4,7,2,1,6,9,4.33,4.12,11.715482561876033,7.145661326463384
17,26,2,1,6,9,4.31,3.69,7.532088143541722,6.948897222313312
16,1,2,1,6,9,4.41,3.82,7.037905963447182,6.3513219217380135
16,48,2,1,6,9,4.31,4.21,8.633374945705647,6.536879985642264
16,20,2,1,6,9,4.41,4.14,8.61323037961318,7.085014041433629
3,33,2,1,6,9,4.35,4.18,9.172326929777967,7.12427695398746
14,30,2,1,6,9,4.2,3.62,7.305860032684009,7.069023426578259
1,4,2,1,6,10,4.19,3.72,8.587278798982926,6.531460548173753
1,11,2,1,6,10,4.26,4.08,7.759614150696903,7.404279118037268
1,14,2,1,6,10,4.29,4.3,7.554334823725748,6.35088571671474
1,18,2,1,6,10,4.37,3.92,9.296609807128359,5.994784031518324
1,29,2,1,6,10,4.43,4.3,10.933767465827414,6.2600593613261095
1,41,2,1,6,10,4.34,4.05,10.572700582800442,4.110873864173311
2,50,2,1,6,10,4.21,3.75,7.387090235656757,6.300785794663244
5,35,2,1,6,10,4.28,4.24,11.771783590108432,5.7825012293675915
5,38,2,1,6,10,4.26,4.06,11.045670055905612,5.966146739123692
8,2,2,1,6,10,4.15,4.21,6.352629396319567,6.576469569048224
7,37,2,1,6,10,4.17,3.66,8.216628493133443,7.421177528595393
7,47,2,1,6,10,4.06,4.01,7.165493475060845,6.547258756390557
9,8,2,1,6,10,4.05,3.95,11.693111409633762,7.013465733404251
9,17,2,1,6,10,4.24,3.8,9.46164368908425,4.61512051684126
9,43,2,1,6,10,4.2,4.1,10.031484910599483,5.293304824724492
13,28,2,1,6,10,4.1,3.85,11.51722620352192,6.425598093563831
15,31,2,1,6,10,4.23,3.72,7.850103545175582,7.255591274253665
10,3,2,1,6,10,4.28,4.03,11.343204190152012,6.776792014463324
10,46,2,1,6,10,4.15,3.72,9.138629524422182,6.882098952168351
11,6,2,1,6,10,4.29,4.31,7.6544432264701125,5.205818232051113
11,10,2,1,6,10,4.33,3.95,7.228388451573604,6.880640986490565
12,15,2,1,6,10,4.21,3.74,8.640118538253535,6.583409222158765
12,27,2,1,6,10,4.28,4.18,6.220590170099739,6.792344427470809
12,36,2,1,6,10,4.17,4.0,8.03689677268507,6.07073772800249
4,7,2,1,6,10,4.33,4.12,11.715482561876033,6.782758788807452
16,48,2,1,6,10,4.31,4.21,8.633374945705647,7.175489713624222
14,30,2,1,6,10,4.2,3.62,7.305860032684009,6.877296071497429
1,4,3,2,3,0,4.19,4.32,10.059507911994038,5.8338453589543695
1,11,3,2,3,0,4.26,4.27,9.421492310438014,7.085901464365611
1,14,3,2,3,0,4.29,4.32,8.234299635696253,6.92510391731675
1,18,3,2,3,0,4.37,4.52,9.825147561084876,7.5840105918718645
1,23,3,2,3,0,4.33,4.44,8.381831553485561,7.453173615516943
1,29,3,2,3,0,4.43,4.44,11.605039633877407,6.83760101905893
1,41,3,2,3,0,4.34,4.47,9.974737874064294,7.065613363597717
2,44,3,2,3,0,4.28,4.32,8.182838710766026,3.713572066704308
2,50,3,2,3,0,4.21,4.36,8.68084148294457,6.029891676225963
5,35,3,2,3,0,4.28,4.34,12.207965852282786,5.185764380308706
5,38,3,2,3,0,4.26,4.31,12.15513718185042,7.426549072397305
6,39,3,2,3,0,4.27,4.36,10.543945728315652,6.314145693737225
8,2,3,2,3,0,4.15,4.38,8.061486866871327,6.364750756851911
8,19,3,2,3,0,4.04,4.19,7.1731917424865985,6.697034247666484
8,45,3,2,3,0,4.18,4.16,7.447751280047908,7.0762314289540384
7,24,3,2,3,0,4.21,4.52,8.413387022690648,6.333279628139691
7,37,3,2,3,0,4.17,4.39,8.107720061910534,6.953684210870537
7,47,3,2,3,0,4.06,4.18,9.070733417589766,6.678342114654332
7,49,3,2,3,0,4.17,4.38,7.6577552711348655,7.333023014386481
9,8,3,2,3,0,4.05,4.13,12.20829517388327,7.154154313149318
9,17,3,2,3,0,4.24,4.38,11.029779856977546,7.10434949506281
9,25,3,2,3,0,4.27,4.38,9.200189020919808,7.618251097876695
9,43,3,2,3,0,4.2,4.26,10.425312461760488,7.217590156075051
13,28,3,2,3,0,4.1,4.19,11.71010279299617,6.748759547491679
15,31,3,2,3,0,4.23,4.33,8.854807632616227,7.7437032581737535
10,3,3,2,3,0,4.28,4.36,11.319644067939931,5.586311890181863
10,12,3,2,3,0,4.2,4.22,8.844336332748933,4.795790545596741
10,46,3,2,3,0,4.15,4.23,11.416161228537758,6.977589130079918
11,6,3,2,3,0,4.29,4.4,7.018401799069201,4.929642134886724
11,10,3,2,3,0,4.33,4.5,8.668196064952765,5.912610715774155
12,15,3,2,3,0,4.21,4.39,9.85087760226383,6.124683390894205
12,27,3,2,3,0,4.28,4.57,8.998384010052538,6.794586580876499
4,7,3,2,3,0,4.33,4.42,12.22409427602797,7.012160338336927
16,1,3,2,3,0,4.41,4.66,9.347403022364523,6.004504160615785
16,48,3,2,3,0,4.31,4.38,8.97790377375038,8.522666187214577
16,20,3,2,3,0,4.41,4.61,10.202739930102645,6.07706868440013
3,33,3,2,3,0,4.35,4.42,10.692103991155873,6.876264611890766
14,30,3,2,3,0,4.2,4.4,7.876258882303226,6.384637751686887
1,11,3,2,5,4,4.26,4.74,3.6888794541139363,5.033700567027251
1,18,3,2,5,4,4.37,4.47,7.533158807455563,4.875197323201151
1,23,3,2,5,4,4.33,4.34,4.442651256490317,6.889591308354466
1,29,3,2,5,4,4.43,4.62,10.857054801145617,8.843759381917984
1,41,3,2,5,4,4.34,4.06,8.48879371689454,8.681350777582521
5,35,3,2,5,4,4.28,3.72,7.9599745280805365,6.699500340161678
5,38,3,2,5,4,4.26,3.86,8.230577217146454,7.110696122978827
8,16,3,2,5,4,4.19,5.0,1.9459101490553132,9.18563775933581
7,47,3,2,5,4,4.06,2.7,5.680172609017068,4.406719247264253
9,8,3,2,5,4,4.05,4.03,11.982529014194624,8.011235699047107
9,17,3,2,5,4,4.24,3.82,7.044905117129371,7.414976414378016
9,43,3,2,5,4,4.2,3.44,9.1345386585599,6.440946540632921
13,28,3,2,5,4,4.1,3.92,10.654219444947001,8.685725106626638
10,3,3,2,5,4,4.28,3.73,10.297487182535015,7.104144092987527
10,46,3,2,5,4,4.15,4.56,8.871365005136852,8.188966863648876
12,15,3,2,5,4,4.21,4.04,6.406879986069314,5.214935757608986
12,27,3,2,5,4,4.28,4.19,6.329720905522696,7.344719054149673
12,36,3,2,5,4,4.17,4.14,7.261927092702751,6.93828448401696
4,7,3,2,5,4,4.33,4.23,10.744084440041084,7.9278220719286505
16,1,3,2,5,4,4.41,5.0,2.9444389791664403,6.822197390620491
16,48,3,2,5,4,4.31,4.03,9.511185430954244,7.991639642245635
16,20,3,2,5,4,4.41,3.84,4.948759890378168,6.16541785423142
14,30,3,2,5,4,4.2,2.83,1.9459101490553132,7.611842399580417
1,11,3,2,3,5,4.26,4.27,9.421492310438014,7.764720544771477
1,18,3,2,3,5,4.37,4.52,9.825147561084876,4.59511985013459
1,29,3,2,3,5,4.43,4.44,11.605039633877407,7.504942068396171
1,41,3,2,3,5,4.34,4.47,9.974737874064294,6.322565239927284
2,50,3,2,3,5,4.21,4.36,8.68084148294457,7.3537223303996315
5,35,3,2,3,5,4.28,4.34,12.207965852282786,5.921578419643816
5,38,3,2,3,5,4.26,4.31,12.15513718185042,5.501258210544727
8,19,3,2,3,5,4.04,4.19,7.1731917424865985,7.9868449011613825
7,5,3,2,3,5,4.23,4.56,7.536363938404511,3.9318256327243257
7,37,3,2,3,5,4.17,4.39,8.107720061910534,3.828641396489095
9,8,3,2,3,5,4.05,4.13,12.20829517388327,7.589472384407164
9,17,3,2,3,5,4.24,4.38,11.029779856977546,7.460490305825338
9,43,3,2,3,5,4.2,4.26,10.425312461760488,5.736572297479192
13,28,3,2,3,5,4.1,4.19,11.71010279299617,5.871300554221184
15,31,3,2,3,5,4.23,4.33,8.854807632616227,8.362175469149628
10,3,3,2,3,5,4.28,4.36,11.319644067939931,7.683712104941169
10,46,3,2,3,5,4.15,4.23,11.416161228537758,6.140961558253893
11,6,3,2,3,5,4.29,4.4,7.018401799069201,6.199920765670314
11,10,3,2,3,5,4.33,4.5,8.668196064952765,7.050989447068045
12,15,3,2,3,5,4.21,4.39,9.85087760226383,6.279459070741808
4,7,3,2,3,5,4.33,4.42,12.22409427602797,7.69821064200908
16,1,3,2,3,5,4.41,4.66,9.347403022364523,6.666956792429207
16,48,3,2,3,5,4.31,4.38,8.97790377375038,6.777646593635117
3,33,3,2,3,5,4.35,4.42,10.692103991155873,9.141311785565748
14,30,3,2,3,5,4.2,4.4,7.876258882303226,7.309212365692763
1,11,3,2,0,7,4.26,4.57,3.871201010907891,6.913737350659685
1,18,3,2,0,7,4.37,4.81,6.648984550024776,7.282761179605593
1,23,3,2,0,7,4.33,5.0,2.302585092994046,5.5254529391317835
1,29,3,2,0,7,4.43,4.84,7.241366283322318,7.625268189443836
1,41,3,2,0,7,4.34,4.76,9.008346579384707,6.47543271670409
5,35,3,2,0,7,4.28,3.71,6.095824562432225,6.446513155404975
5,38,3,2,0,7,4.26,4.31,4.290459441148391,3.9318256327243257
8,2,3,2,0,7,4.15,4.88,3.5263605246161616,6.182084906716632
7,37,3,2,0,7,4.17,4.84,4.007333185232471,7.310550158534422
9,8,3,2,0,7,4.05,4.67,8.271804031154709,7.343167463458253
9,17,3,2,0,7,4.24,4.57,5.214935757608986,5.363636832668679
9,43,3,2,0,7,4.2,4.67,6.1779441140506,7.052721049232323
13,28,3,2,0,7,4.1,4.71,8.675392806089782,7.10359340728774
10,3,3,2,0,7,4.28,4.52,6.634633357861686,6.363028103540465
10,46,3,2,0,7,4.15,4.79,5.91350300563827,6.3690444517266105
11,6,3,2,0,7,0.0,0.0,0.0,3.713572066704308
11,10,3,2,0,7,4.33,4.5,1.9459101490553132,5.093750200806762
12,36,3,2,0,7,4.17,4.41,5.472270673671475,4.007333185232471
4,7,3,2,0,7,4.33,4.86,7.69484807238461,7.4074208604890766
16,1,3,2,0,7,4.41,4.37,5.717027701406222,3.4339872044851463
1,4,3,2,6,1,4.19,3.72,8.587278798982926,6.423246963533519
1,29,3,2,6,1,4.43,4.3,10.933767465827414,7.516977224604321
1,41,3,2,6,1,4.34,4.05,10.572700582800442,6.056784013228625
2,22,3,2,6,1,4.25,3.85,7.165493475060845,6.690842277418564
2,50,3,2,6,1,4.21,3.75,7.387090235656757,6.064552356215148
5,35,3,2,6,1,4.28,4.24,11.771783590108432,4.02535169073515
8,2,3,2,6,1,4.15,4.21,6.352629396319567,5.368309738368072
7,47,3,2,6,1,4.06,4.01,7.165493475060845,6.413458957167357
9,8,3,2,6,1,4.05,3.95,11.693111409633762,6.230481447578482
9,17,3,2,6,1,4.24,3.8,9.46164368908425,5.564520407322694
9,25,3,2,6,1,4.27,3.84,7.077498053569231,6.42648845745769
9,43,3,2,6,1,4.2,4.1,10.031484910599483,4.795790545596741
13,28,3,2,6,1,4.1,3.85,11.51722620352192,6.457554277032581
10,3,3,2,6,1,4.28,4.03,11.343204190152012,6.4778489016942
4,7,3,2,6,1,4.33,4.12,11.715482561876033,5.860786223465865
16,1,3,2,6,1,4.41,3.82,7.037905963447182,3.828641396489095
16,20,3,2,6,1,4.41,4.14,8.61323037961318,5.863631175598097
14,30,3,2,6,1,4.2,3.62,7.305860032684009,6.46302945692067
1,14,3,2,2,2,4.29,4.46,6.171700597410915,4.61512051684126
1,29,3,2,2,2,4.43,4.25,7.053585727193677,7.282761179605593
2,50,3,2,2,2,4.21,3.75,5.0689042022202315,6.1235887000350235
5,35,3,2,2,2,4.28,4.32,5.176149732573829,5.081404364984463
7,24,3,2,2,2,4.21,3.98,4.990432586778736,8.592857095337227
7,37,3,2,2,2,4.17,4.17,6.634633357861686,7.134890851565884
7,47,3,2,2,2,4.06,4.45,4.430816798843313,6.26530121273771
7,49,3,2,2,2,4.17,3.68,5.937536205082426,6.57507584059962
9,8,3,2,2,2,4.05,3.9,7.61085279039525,5.5073619934827445
9,25,3,2,2,2,4.27,3.88,4.382026634673881,5.831882477283517
9,43,3,2,2,2,4.2,4.01,7.478734825567875,7.8504931808711405
13,28,3,2,2,2,4.1,3.97,7.393263094763838,8.031492607055869
10,3,3,2,2,2,4.28,4.26,5.973809611869261,8.048628526364757
10,12,3,2,2,2,4.2,3.95,5.5134287461649825,4.61512051684126
10,46,3,2,2,2,4.15,4.49,6.432940092739179,6.399143868701845
4,7,3,2,2,2,4.33,4.21,5.6937321388027,7.32052696227274
16,48,3,2,2,2,4.31,4.87,6.678342114654332,7.713784616598755
3,33,3,2,2,2,4.35,4.4,4.532599493153256,8.820256365906321
1,4,3,2,4,3,4.19,4.25,9.569342605674006,7.073837352934377
1,11,3,2,4,3,4.26,4.35,9.083642718930225,7.598329151422956
1,14,3,2,4,3,4.29,4.3,11.45065636674335,7.087907818491252
1,18,3,2,4,3,4.37,4.35,11.938474206640247,6.8501261661455
1,21,3,2,4,3,4.11,4.23,9.208839245849916,4.61512051684126
1,23,3,2,4,3,4.33,4.3,9.695047867587114,7.315551002428584
1,29,3,2,4,3,4.43,4.43,11.971956616148274,7.213503177245545
1,41,3,2,4,3,4.34,4.41,12.293533921300169,7.406103381237015
2,22,3,2,4,3,4.25,4.12,9.29807648628027,6.867276975393387
2,44,3,2,4,3,4.28,4.27,9.307104040408491,3.713572066704308
2,50,3,2,4,3,4.21,4.34,10.629900249210682,6.4604207529973445
5,35,3,2,4,3,4.28,4.27,10.847315627403372,6.696565001785386
5,38,3,2,4,3,4.26,4.28,11.106234605936246,7.115037705065344
6,39,3,2,4,3,4.27,4.28,10.222232150439726,6.830150430646622
8,2,3,2,4,3,4.15,4.09,8.20631072579402,7.049905671086815
8,13,3,2,4,3,4.29,4.33,8.891098830616636,7.070154701339218
8,16,3,2,4,3,4.19,4.27,9.530392824458414,6.622403821868638
8,45,3,2,4,3,4.18,4.19,10.9289913693836,6.119043886354404
7,9,3,2,4,3,4.28,4.35,9.892274925322026,4.890349128221754
7,34,3,2,4,3,4.35,4.45,8.514188682395938,4.795790545596741
7,37,3,2,4,3,4.17,4.24,10.37264707562448,6.24255395007259
7,42,3,2,4,3,3.97,4.17,8.748463629942055,5.176149732573829
7,47,3,2,4,3,4.06,4.14,9.524859098381523,7.323111310238272
7,49,3,2,4,3,4.17,4.19,8.67812085552252,7.774015077250727
9,8,3,2,4,3,4.05,4.07,13.503646442559258,6.635185111005569
9,17,3,2,4,3,4.24,4.24,10.837932494990325,6.5671364571469955
9,25,3,2,4,3,4.27,4.29,8.877939834725023,6.644219328358434
9,43,3,2,4,3,4.2,4.23,10.886314808210527,6.935662232235145
18,51,3,2,4,3,0.0,0.0,0.0,6.71295620067707
13,28,3,2,4,3,4.1,4.15,13.035643594260717,6.549564901639741
15,31,3,2,4,3,4.23,4.25,9.887408982323437,9.291274989472182
10,3,3,2,4,3,4.28,4.28,11.125629297477385,7.413307020245419
10,12,3,2,4,3,4.2,4.14,9.488956472414216,6.756932389247553
10,46,3,2,4,3,4.15,4.25,11.648382502350232,6.542082835816257
11,6,3,2,4,3,4.29,4.26,9.817330356084954,4.56611745872439
11,10,3,2,4,3,4.33,4.31,10.065393794379148,6.79794041297493
12,15,3,2,4,3,4.21,4.26,10.823750385162683,6.36418260925599
12,27,3,2,4,3,4.28,4.33,9.090768236835338,6.9394961647662
12,36,3,2,4,3,4.17,4.07,9.67363403969682,6.74993119378857
4,7,3,2,4,3,4.33,4.21,11.584492354162721,6.6455719981361225
17,26,3,2,4,3,4.31,4.29,9.349580439067687,7.9671068536969445
16,1,3,2,4,3,4.41,4.46,8.96341629199657,6.539788247294057
16,48,3,2,4,3,4.31,4.38,10.940685324169365,6.7915584845796255
16,20,3,2,4,3,4.41,4.43,10.201738576337144,6.369438547154207
3,33,3,2,4,3,4.35,4.37,10.615530086198365,6.430525604644662
14,30,3,2,4,3,4.2,4.32,9.13873695311649,6.415096959171596
2,50,3,2,1,6,4.21,4.41,8.045588280803528,6.70196036600254
7,37,3,2,1,6,4.17,4.47,6.154858094016418,7.134890851565884
7,47,3,2,1,6,4.06,4.08,6.186208623900494,6.26530121273771
7,49,3,2,1,6,4.17,4.36,5.493061443340548,6.57507584059962
9,8,3,2,1,6,4.05,3.75,11.465645160388927,5.53338948872752
9,43,3,2,1,6,4.2,4.19,7.696667081526462,7.519421217674199
13,28,3,2,1,6,4.1,3.83,11.405306846159862,7.614805364711073
10,3,3,2,1,6,4.28,4.22,9.439704535103449,6.364750756851911
4,7,3,2,1,6,4.33,4.17,10.00676590198963,7.83002808253384
1,41,3,2,4,8,4.34,4.41,12.293533921300169,6.539874931201244
2,50,3,2,4,8,4.21,4.34,10.629900249210682,5.872117789475416
8,45,3,2,4,8,4.18,4.19,10.9289913693836,6.519147287940395
7,37,3,2,4,8,4.17,4.24,10.37264707562448,5.666426688112432
7,47,3,2,4,8,4.06,4.14,9.524859098381523,5.685279003091641
9,8,3,2,4,8,4.05,4.07,13.503646442559258,6.741311008344597
9,43,3,2,4,8,4.2,4.23,10.886314808210527,7.187657164114956
10,46,3,2,4,8,4.15,4.25,11.648382502350232,6.45467956075705
4,7,3,2,4,8,4.33,4.21,11.584492354162721,6.474662003756499
16,1,3,2,4,8,4.41,4.46,8.96341629199657,7.805882040228621
16,48,3,2,4,8,4.31,4.38,10.940685324169365,6.88653164253051
1,4,3,2,6,9,4.19,3.72,8.587278798982926,7.255414704993914
1,11,3,2,6,9,4.26,4.08,7.759614150696903,6.722906531530238
1,14,3,2,6,9,4.29,4.3,7.554334823725748,6.7580945044277305
1,18,3,2,6,9,4.37,3.92,9.296609807128359,7.122221289102659
1,21,3,2,6,9,4.11,4.03,7.392647520721623,6.092056209840677
1,23,3,2,6,9,4.33,4.0,6.900730664045173,7.091866899322588
1,29,3,2,6,9,4.43,4.3,10.933767465827414,7.183301509089395
1,41,3,2,6,9,4.34,4.05,10.572700582800442,7.05481228667578
2,22,3,2,6,9,4.25,3.85,7.165493475060845,7.023758954738443
2,44,3,2,6,9,4.28,4.35,6.85751406254539,7.435320018752404
2,50,3,2,6,9,4.21,3.75,7.387090235656757,6.97914527506881
5,35,3,2,6,9,4.28,4.24,11.771783590108432,7.062594293281429
5,38,3,2,6,9,4.26,4.06,11.045670055905612,7.486893542930215
6,39,3,2,6,9,4.27,4.02,8.669055540725484,6.60552793508832
8,2,3,2,6,9,4.15,4.21,6.352629396319567,7.104719112512962
8,13,3,2,6,9,4.29,4.17,5.955837369464831,6.8282465953590386
8,16,3,2,6,9,4.19,3.91,6.634633357861686,6.8001700683022
8,19,3,2,6,9,4.04,3.23,6.104793232414985,7.285280340623053
8,45,3,2,6,9,4.18,3.99,6.075346031088684,7.141941633491167
7,5,3,2,6,9,4.23,4.04,5.986452005284438,6.843216757844566
7,9,3,2,6,9,4.28,3.95,6.878326468291325,7.593474943713286
7,24,3,2,6,9,4.21,3.97,7.300472814267799,6.873577827180551
7,34,3,2,6,9,4.35,4.23,5.940171252720432,7.4065892898957495
7,37,3,2,6,9,4.17,3.66,8.216628493133443,7.1731917424865985
7,40,3,2,6,9,4.07,3.91,5.575949103146316,7.481414846919495
7,42,3,2,6,9,3.97,4.2,5.043425116919247,6.537850346272523
7,47,3,2,6,9,4.06,4.01,7.165493475060845,7.237188514143679
7,49,3,2,6,9,4.17,4.27,6.137727054086234,7.294601458945777
9,8,3,2,6,9,4.05,3.95,11.693111409633762,7.042198755531627
9,17,3,2,6,9,4.24,3.8,9.46164368908425,7.937228256870156
9,25,3,2,6,9,4.27,3.84,7.077498053569231,6.75124180996569
9,43,3,2,6,9,4.2,4.1,10.031484910599483,7.0978713792420045
18,51,3,2,6,9,0.0,0.0,0.0,5.856503561673865
13,28,3,2,6,9,4.1,3.85,11.51722620352192,6.80434840927026
15,31,3,2,6,9,4.23,3.72,7.850103545175582,7.424839278198582
10,3,3,2,6,9,4.28,4.03,11.343204190152012,7.095644640079555
10,12,3,2,6,9,4.2,3.88,7.786136437783072,6.932769790976848
10,46,3,2,6,9,4.15,3.72,9.138629524422182,7.3385501950025915
11,6,3,2,6,9,4.29,4.31,7.6544432264701125,7.055062596327388
11,10,3,2,6,9,4.33,3.95,7.228388451573604,6.501935107846555
12,15,3,2,6,9,4.21,3.74,8.640118538253535,6.951149961301326
12,27,3,2,6,9,4.28,4.18,6.220590170099739,7.028866104731195
12,32,3,2,6,9,4.15,3.7,6.493753839851686,7.621033464289034
12,36,3,2,6,9,4.17,4.0,8.03689677268507,6.858628058015444
4,7,3,2,6,9,4.33,4.12,11.715482561876033,7.127597386523272
17,26,3,2,6,9,4.31,3.69,7.532088143541722,7.381501894506707
16,1,3,2,6,9,4.41,3.82,7.037905963447182,6.427135497273212
16,48,3,2,6,9,4.31,4.21,8.633374945705647,7.010239662534462
16,20,3,2,6,9,4.41,4.14,8.61323037961318,7.0689212937033
3,33,3,2,6,9,4.35,4.18,9.172326929777967,7.157930169347377
14,30,3,2,6,9,4.2,3.62,7.305860032684009,6.853615832881489
1,4,3,2,6,10,4.19,3.72,8.587278798982926,7.251344983372214
1,11,3,2,6,10,4.26,4.08,7.759614150696903,7.373374309910049
1,14,3,2,6,10,4.29,4.3,7.554334823725748,6.297109319933935
1,18,3,2,6,10,4.37,3.92,9.296609807128359,6.302014397419859
1,23,3,2,6,10,4.33,4.0,6.900730664045173,7.491087593534876
1,29,3,2,6,10,4.43,4.3,10.933767465827414,6.5841005460715385
1,41,3,2,6,10,4.34,4.05,10.572700582800442,6.71901315438526
2,50,3,2,6,10,4.21,3.75,7.387090235656757,6.465366816769375
5,35,3,2,6,10,4.28,4.24,11.771783590108432,6.386879319362645
5,38,3,2,6,10,4.26,4.06,11.045670055905612,5.126935749792416
8,2,3,2,6,10,4.15,4.21,6.352629396319567,7.238496840894365
7,37,3,2,6,10,4.17,3.66,8.216628493133443,7.070299208167417
7,47,3,2,6,10,4.06,4.01,7.165493475060845,6.596231232044786
9,8,3,2,6,10,4.05,3.95,11.693111409633762,6.804714293355613
9,17,3,2,6,10,4.24,3.8,9.46164368908425,6.822741904655181
9,43,3,2,6,10,4.2,4.1,10.031484910599483,5.863631175598097
13,28,3,2,6,10,4.1,3.85,11.51722620352192,6.467543434544138
10,3,3,2,6,10,4.28,4.03,11.343204190152012,6.765327285849859
10,46,3,2,6,10,4.15,3.72,9.138629524422182,6.593044534142437
11,6,3,2,6,10,4.29,4.31,7.6544432264701125,5.2548878086207
11,10,3,2,6,10,4.33,3.95,7.228388451573604,6.71174039505618
12,27,3,2,6,10,4.28,4.18,6.220590170099739,6.794586580876499
4,7,3,2,6,10,4.33,4.12,11.715482561876033,6.924936827190896
16,48,3,2,6,10,4.31,4.21,8.633374945705647,6.401917196727186
16,20,3,2,6,10,4.41,4.14,8.61323037961318,3.912023005428146
3,33,3,2,6,10,4.35,4.18,9.172326929777967,6.717804695023691
14,30,3,2,6,10,4.2,3.62,7.305860032684009,6.6216319909943495
1,4,4,2,3,0,4.19,4.32,10.059507911994038,5.953243334287785
1,11,4,2,3,0,4.26,4.27,9.421492310438014,7.783640596221253
1,14,4,2,3,0,4.29,4.32,8.234299635696253,4.48863636973214
1,18,4,2,3,0,4.37,4.52,9.825147561084876,6.210017578087814
1,23,4,2,3,0,4.33,4.44,8.381831553485561,7.651595573857601
1,29,4,2,3,0,4.43,4.44,11.605039633877407,6.6005505400414926
1,41,4,2,3,0,4.34,4.47,9.974737874064294,7.637393488957827
2,50,4,2,3,0,4.21,4.36,8.68084148294457,6.095824562432225
5,35,4,2,3,0,4.28,4.34,12.207965852282786,5.874115792138089
5,38,4,2,3,0,4.26,4.31,12.15513718185042,6.053429446821183
6,39,4,2,3,0,4.27,4.36,10.543945728315652,6.421622267806518
8,2,4,2,3,0,4.15,4.38,8.061486866871327,6.580084198313993
8,13,4,2,3,0,4.29,4.36,8.01532730902172,4.875197323201151
8,19,4,2,3,0,4.04,4.19,7.1731917424865985,4.59511985013459
8,45,4,2,3,0,4.18,4.16,7.447751280047908,7.41728005701508
7,24,4,2,3,0,4.21,4.52,8.413387022690648,7.307202314764738
7,37,4,2,3,0,4.17,4.39,8.107720061910534,6.971199451538672
7,47,4,2,3,0,4.06,4.18,9.070733417589766,6.808597707448919
7,49,4,2,3,0,4.17,4.38,7.6577552711348655,7.347943823148687
9,8,4,2,3,0,4.05,4.13,12.20829517388327,7.2320537146716415
9,17,4,2,3,0,4.24,4.38,11.029779856977546,7.317212408359839
9,25,4,2,3,0,4.27,4.38,9.200189020919808,7.02509377139937
9,43,4,2,3,0,4.2,4.26,10.425312461760488,6.834775900496159
13,28,4,2,3,0,4.1,4.19,11.71010279299617,6.605000177032835
15,31,4,2,3,0,4.23,4.33,8.854807632616227,7.775485820240915
10,3,4,2,3,0,4.28,4.36,11.319644067939931,5.557792847109637
10,12,4,2,3,0,4.2,4.22,8.844336332748933,7.098375638590786
10,46,4,2,3,0,4.15,4.23,11.416161228537758,6.215847330257143
11,6,4,2,3,0,4.29,4.4,7.018401799069201,5.176149732573829
11,10,4,2,3,0,4.33,4.5,8.668196064952765,5.558101381957238
12,15,4,2,3,0,4.21,4.39,9.85087760226383,6.513230110912307
12,27,4,2,3,0,4.28,4.57,8.998384010052538,5.176149732573829
12,36,4,2,3,0,4.17,4.29,9.6614159913364,6.4692503167957724
4,7,4,2,3,0,4.33,4.42,12.22409427602797,7.0492114375361306
17,26,4,2,3,0,4.31,4.4,9.814710982145282,7.793174347189205
16,1,4,2,3,0,4.41,4.66,9.347403022364523,6.003887067106539
16,48,4,2,3,0,4.31,4.38,8.97790377375038,8.75719385979687
16,20,4,2,3,0,4.41,4.61,10.202739930102645,5.980150787207709
3,33,4,2,3,0,4.35,4.42,10.692103991155873,6.683986532274009
14,30,4,2,3,0,4.2,4.4,7.876258882303226,5.708206009715981
1,11,4,2,5,4,4.26,4.74,3.6888794541139363,7.672138812541345
1,14,4,2,5,4,4.29,4.3,3.1354942159291497,4.663439094112067
1,23,4,2,5,4,4.33,4.34,4.442651256490317,5.017279836814924
1,29,4,2,5,4,4.43,4.62,10.857054801145617,8.156797046675651
1,41,4,2,5,4,4.34,4.06,8.48879371689454,8.355027140825847
2,50,4,2,5,4,4.21,4.05,4.127134385045092,5.303304908059076
5,35,4,2,5,4,4.28,3.72,7.9599745280805365,7.79821525082177
5,38,4,2,5,4,4.26,3.86,8.230577217146454,7.272745554524583
8,16,4,2,5,4,4.19,5.0,1.9459101490553132,9.205126804923296
9,8,4,2,5,4,4.05,4.03,11.982529014194624,8.072807405139793
9,17,4,2,5,4,4.24,3.82,7.044905117129371,6.866099603713304
9,43,4,2,5,4,4.2,3.44,9.1345386585599,7.805882040228621
13,28,4,2,5,4,4.1,3.92,10.654219444947001,8.343701337806747
10,3,4,2,5,4,4.28,3.73,10.297487182535015,6.515704791170833
10,46,4,2,5,4,4.15,4.56,8.871365005136852,9.301551252029567
12,15,4,2,5,4,4.21,4.04,6.406879986069314,5.303304908059076
12,27,4,2,5,4,4.28,4.19,6.329720905522696,6.9726062513017535
4,7,4,2,5,4,4.33,4.23,10.744084440041084,7.792522319483815
16,1,4,2,5,4,4.41,5.0,2.9444389791664403,3.4339872044851463
16,48,4,2,5,4,4.31,4.03,9.511185430954244,7.413729152017103
16,20,4,2,5,4,4.41,3.84,4.948759890378168,7.060261750696906
14,30,4,2,5,4,4.2,2.83,1.9459101490553132,9.39046535139281
1,18,4,2,3,5,4.37,4.52,9.825147561084876,6.937314081223682
1,29,4,2,3,5,4.43,4.44,11.605039633877407,7.026684324385096
1,41,4,2,3,5,4.34,4.47,9.974737874064294,6.173786103901937
2,50,4,2,3,5,4.21,4.36,8.68084148294457,7.022868086082641
5,35,4,2,3,5,4.28,4.34,12.207965852282786,6.690842277418564
5,38,4,2,3,5,4.26,4.31,12.15513718185042,6.274762021241939
8,19,4,2,3,5,4.04,4.19,7.1731917424865985,4.30406509320417
7,37,4,2,3,5,4.17,4.39,8.107720061910534,6.380122536899765
7,47,4,2,3,5,4.06,4.18,9.070733417589766,4.61512051684126
9,8,4,2,3,5,4.05,4.13,12.20829517388327,7.803435056952168
9,17,4,2,3,5,4.24,4.38,11.029779856977546,3.828641396489095
9,43,4,2,3,5,4.2,4.26,10.425312461760488,8.027476530860483
13,28,4,2,3,5,4.1,4.19,11.71010279299617,6.485947351533799
15,31,4,2,3,5,4.23,4.33,8.854807632616227,8.163940954755008
10,3,4,2,3,5,4.28,4.36,11.319644067939931,7.549714422772649
10,12,4,2,3,5,4.2,4.22,8.844336332748933,7.303843225277705
10,46,4,2,3,5,4.15,4.23,11.416161228537758,5.526766816652428
11,6,4,2,3,5,4.29,4.4,7.018401799069201,6.512042462316651
11,10,4,2,3,5,4.33,4.5,8.668196064952765,7.039660349862076
12,15,4,2,3,5,4.21,4.39,9.85087760226383,7.424165281042028
4,7,4,2,3,5,4.33,4.42,12.22409427602797,7.70014580339675
17,26,4,2,3,5,4.31,4.4,9.814710982145282,6.842683282238422
16,1,4,2,3,5,4.41,4.66,9.347403022364523,6.889591308354466
16,48,4,2,3,5,4.31,4.38,8.97790377375038,6.186208623900494
16,20,4,2,3,5,4.41,4.61,10.202739930102645,7.80016307039296
3,33,4,2,3,5,4.35,4.42,10.692103991155873,8.605204068738951
14,30,4,2,3,5,4.2,4.4,7.876258882303226,7.418780882750794
1,11,4,2,0,7,4.26,4.57,3.871201010907891,4.808111029984782
1,18,4,2,0,7,4.37,4.81,6.648984550024776,7.144407180321139
1,23,4,2,0,7,4.33,5.0,2.302585092994046,4.61512051684126
1,29,4,2,0,7,4.43,4.84,7.241366283322318,7.005562338985049
1,41,4,2,0,7,4.34,4.76,9.008346579384707,6.78332520060396
2,50,4,2,0,7,4.21,4.03,3.58351893845611,5.420534999272286
5,35,4,2,0,7,4.28,3.71,6.095824562432225,7.820840879907344
5,38,4,2,0,7,4.26,4.31,4.290459441148391,7.1770187659099
8,2,4,2,0,7,4.15,4.88,3.5263605246161616,6.70400986140291
7,37,4,2,0,7,4.17,4.84,4.007333185232471,7.220373836723949
9,8,4,2,0,7,4.05,4.67,8.271804031154709,7.616775808698373
9,17,4,2,0,7,4.24,4.57,5.214935757608986,6.226536669287466
9,43,4,2,0,7,4.2,4.67,6.1779441140506,7.71289096149013
13,28,4,2,0,7,4.1,4.71,8.675392806089782,7.365604086769864
10,3,4,2,0,7,4.28,4.52,6.634633357861686,7.393263094763838
10,46,4,2,0,7,4.15,4.79,5.91350300563827,7.65728279297819
11,10,4,2,0,7,4.33,4.5,1.9459101490553132,7.3914152346753585
12,15,4,2,0,7,4.21,4.21,4.330733340286331,4.663439094112067
4,7,4,2,0,7,4.33,4.86,7.69484807238461,7.6953031349635665
16,1,4,2,0,7,4.41,4.37,5.717027701406222,3.4339872044851463
1,4,4,2,6,1,4.19,3.72,8.587278798982926,6.418364935936212
1,29,4,2,6,1,4.43,4.3,10.933767465827414,7.579934153105886
1,41,4,2,6,1,4.34,4.05,10.572700582800442,3.713572066704308
2,22,4,2,6,1,4.25,3.85,7.165493475060845,3.9318256327243257
2,50,4,2,6,1,4.21,3.75,7.387090235656757,6.297716870144554
5,35,4,2,6,1,4.28,4.24,11.771783590108432,6.195425279005418
8,2,4,2,6,1,4.15,4.21,6.352629396319567,6.1872369016260595
7,37,4,2,6,1,4.17,3.66,8.216628493133443,3.4339872044851463
7,47,4,2,6,1,4.06,4.01,7.165493475060845,6.423246963533519
9,8,4,2,6,1,4.05,3.95,11.693111409633762,6.427297191832543
9,17,4,2,6,1,4.24,3.8,9.46164368908425,3.828641396489095
9,25,4,2,6,1,4.27,3.84,7.077498053569231,4.795790545596741
9,43,4,2,6,1,4.2,4.1,10.031484910599483,4.795790545596741
13,28,4,2,6,1,4.1,3.85,11.51722620352192,6.016157159698354
10,3,4,2,6,1,4.28,4.03,11.343204190152012,6.58640611012651
12,36,4,2,6,1,4.17,4.0,8.03689677268507,7.5443321080536885
4,7,4,2,6,1,4.33,4.12,11.715482561876033,5.681025487533585
16,20,4,2,6,1,4.41,4.14,8.61323037961318,5.434987577922902
1,14,4,2,2,2,4.29,4.46,6.171700597410915,6.654152520183219
1,29,4,2,2,2,4.43,4.25,7.053585727193677,7.126890808898808
2,50,4,2,2,2,4.21,3.75,5.0689042022202315,6.127960291696519
5,35,4,2,2,2,4.28,4.32,5.176149732573829,6.881411303642535
5,38,4,2,2,2,4.26,4.6,6.833031732786201,6.111467339502679
8,13,4,2,2,2,4.29,4.21,5.056245805348308,9.701126540404447
7,47,4,2,2,2,4.06,4.45,4.430816798843313,5.961005339623274
9,8,4,2,2,2,4.05,3.9,7.61085279039525,9.338293736286644
9,43,4,2,2,2,4.2,4.01,7.478734825567875,5.5897548785012345
13,28,4,2,2,2,4.1,3.97,7.393263094763838,8.572690337225376
10,3,4,2,2,2,4.28,4.26,5.973809611869261,6.364750756851911
10,46,4,2,2,2,4.15,4.49,6.432940092739179,7.874358824729881
12,36,4,2,2,2,4.17,4.43,4.787491742782046,6.045005314036012
4,7,4,2,2,2,4.33,4.21,5.6937321388027,7.6624678152002375
16,48,4,2,2,2,4.31,4.87,6.678342114654332,5.303304908059076
3,33,4,2,2,2,4.35,4.4,4.532599493153256,7.802822374404665
14,30,4,2,2,2,4.2,3.14,2.0794415416798357,6.431331081933479
1,4,4,2,4,3,4.19,4.25,9.569342605674006,7.043448084070916
1,11,4,2,4,3,4.26,4.35,9.083642718930225,7.047030146233725
1,14,4,2,4,3,4.29,4.3,11.45065636674335,6.636602508481567
1,18,4,2,4,3,4.37,4.35,11.938474206640247,6.452048954437226
1,23,4,2,4,3,4.33,4.3,9.695047867587114,6.473890696352274
1,29,4,2,4,3,4.43,4.43,11.971956616148274,6.877883527777174
1,41,4,2,4,3,4.34,4.41,12.293533921300169,7.697271169814392
2,22,4,2,4,3,4.25,4.12,9.29807648628027,6.438551329906966
2,44,4,2,4,3,4.28,4.27,9.307104040408491,7.221105098182496
2,50,4,2,4,3,4.21,4.34,10.629900249210682,6.056315519427598
5,35,4,2,4,3,4.28,4.27,10.847315627403372,6.898825527160974
5,38,4,2,4,3,4.26,4.28,11.106234605936246,7.139906142389634
6,39,4,2,4,3,4.27,4.28,10.222232150439726,7.1143628616562475
8,2,4,2,4,3,4.15,4.09,8.20631072579402,6.940948246337901
8,13,4,2,4,3,4.29,4.33,8.891098830616636,6.859090107000856
8,16,4,2,4,3,4.19,4.27,9.530392824458414,6.57182089769081
8,45,4,2,4,3,4.18,4.19,10.9289913693836,6.251903883165888
7,9,4,2,4,3,4.28,4.35,9.892274925322026,4.890349128221754
7,34,4,2,4,3,4.35,4.45,8.514188682395938,7.0967213784947605
7,37,4,2,4,3,4.17,4.24,10.37264707562448,6.174306801648666
7,47,4,2,4,3,4.06,4.14,9.524859098381523,6.496895646556665
7,49,4,2,4,3,4.17,4.19,8.67812085552252,5.564520407322694
9,8,4,2,4,3,4.05,4.07,13.503646442559258,6.628504232008209
9,17,4,2,4,3,4.24,4.24,10.837932494990325,6.120780818578038
9,25,4,2,4,3,4.27,4.29,8.877939834725023,6.101820066935569
9,43,4,2,4,3,4.2,4.23,10.886314808210527,7.787456712492312
18,51,4,2,4,3,0.0,0.0,0.0,4.330733340286331
13,28,4,2,4,3,4.1,4.15,13.035643594260717,6.582925010894851
15,31,4,2,4,3,4.23,4.25,9.887408982323437,8.725263713232927
10,3,4,2,4,3,4.28,4.28,11.125629297477385,7.340037570449326
10,12,4,2,4,3,4.2,4.14,9.488956472414216,6.482725015379133
10,46,4,2,4,3,4.15,4.25,11.648382502350232,7.022074544930667
11,6,4,2,4,3,4.29,4.26,9.817330356084954,5.964016266148753
11,10,4,2,4,3,4.33,4.31,10.065393794379148,6.49767955831629
12,15,4,2,4,3,4.21,4.26,10.823750385162683,5.8998973535824915
12,27,4,2,4,3,4.28,4.33,9.090768236835338,7.1872791637324545
12,36,4,2,4,3,4.17,4.07,9.67363403969682,6.865369562485699
4,7,4,2,4,3,4.33,4.21,11.584492354162721,6.7992453647263345
17,26,4,2,4,3,4.31,4.29,9.349580439067687,7.542319502109785
16,1,4,2,4,3,4.41,4.46,8.96341629199657,5.756374924775372
16,48,4,2,4,3,4.31,4.38,10.940685324169365,6.835184586147301
16,20,4,2,4,3,4.41,4.43,10.201738576337144,6.242748419366502
3,33,4,2,4,3,4.35,4.37,10.615530086198365,6.262769493529209
14,30,4,2,4,3,4.2,4.32,9.13873695311649,7.007084643758051
8,13,4,2,1,6,4.29,4.64,4.997212273764115,9.701126540404447
9,43,4,2,1,6,4.2,4.19,7.696667081526462,5.303304908059076
13,28,4,2,1,6,4.1,3.83,11.405306846159862,8.576593534697684
10,3,4,2,1,6,4.28,4.22,9.439704535103449,6.364750756851911
10,46,4,2,1,6,4.15,3.72,11.305655262812309,7.556689304865757
1,41,4,2,4,8,4.34,4.41,12.293533921300169,6.823286122355687
2,50,4,2,4,8,4.21,4.34,10.629900249210682,5.857933154483459
8,2,4,2,4,8,4.15,4.09,8.20631072579402,6.90975328164481
8,45,4,2,4,8,4.18,4.19,10.9289913693836,5.914853444736141
7,37,4,2,4,8,4.17,4.24,10.37264707562448,5.71042701737487
7,47,4,2,4,8,4.06,4.14,9.524859098381523,5.6222108209623896
9,8,4,2,4,8,4.05,4.07,13.503646442559258,7.062191632286556
9,43,4,2,4,8,4.2,4.23,10.886314808210527,7.975908360165538
10,46,4,2,4,8,4.15,4.25,11.648382502350232,6.669498089857879
4,7,4,2,4,8,4.33,4.21,11.584492354162721,6.613827073324965
16,1,4,2,4,8,4.41,4.46,8.96341629199657,7.805882040228621
16,48,4,2,4,8,4.31,4.38,10.940685324169365,6.8829501600631655
1,4,4,2,6,9,4.19,3.72,8.587278798982926,7.513054368968887
1,11,4,2,6,9,4.26,4.08,7.759614150696903,6.993088582126411
1,14,4,2,6,9,4.29,4.3,7.554334823725748,6.708816416364745
1,18,4,2,6,9,4.37,3.92,9.296609807128359,6.931061565212372
1,21,4,2,6,9,4.11,4.03,7.392647520721623,7.317876198626496
1,23,4,2,6,9,4.33,4.0,6.900730664045173,6.86462854726098
1,29,4,2,6,9,4.43,4.3,10.933767465827414,7.355040283540764
1,41,4,2,6,9,4.34,4.05,10.572700582800442,7.302765929186442
2,22,4,2,6,9,4.25,3.85,7.165493475060845,6.824373670043086
2,44,4,2,6,9,4.28,4.35,6.85751406254539,6.935049382806683
2,50,4,2,6,9,4.21,3.75,7.387090235656757,6.587384711906823
5,35,4,2,6,9,4.28,4.24,11.771783590108432,7.3377699000115095
5,38,4,2,6,9,4.26,4.06,11.045670055905612,7.433335516116613
6,39,4,2,6,9,4.27,4.02,8.669055540725484,7.0155598056105735
8,2,4,2,6,9,4.15,4.21,6.352629396319567,7.067643751860392
8,13,4,2,6,9,4.29,4.17,5.955837369464831,7.039660349862076
8,16,4,2,6,9,4.19,3.91,6.634633357861686,7.037317555074806
8,19,4,2,6,9,4.04,3.23,6.104793232414985,7.206377291472252
8,45,4,2,6,9,4.18,3.99,6.075346031088684,7.343995278075064
7,5,4,2,6,9,4.23,4.04,5.986452005284438,6.937314081223682
7,9,4,2,6,9,4.28,3.95,6.878326468291325,7.886739080194715
7,24,4,2,6,9,4.21,3.97,7.300472814267799,6.895682697747868
7,34,4,2,6,9,4.35,4.23,5.940171252720432,7.421973142591115
7,37,4,2,6,9,4.17,3.66,8.216628493133443,7.113345671048758
7,40,4,2,6,9,4.07,3.91,5.575949103146316,7.158669627241704
7,42,4,2,6,9,3.97,4.2,5.043425116919247,7.058930106779255
7,47,4,2,6,9,4.06,4.01,7.165493475060845,7.0854829667658645
7,49,4,2,6,9,4.17,4.27,6.137727054086234,7.013915474810528
9,8,4,2,6,9,4.05,3.95,11.693111409633762,6.992473194665487
9,17,4,2,6,9,4.24,3.8,9.46164368908425,7.078341579557671
9,25,4,2,6,9,4.27,3.84,7.077498053569231,6.863719793392381
9,43,4,2,6,9,4.2,4.1,10.031484910599483,7.226608930121999
18,51,4,2,6,9,0.0,0.0,0.0,6.556778356158042
13,28,4,2,6,9,4.1,3.85,11.51722620352192,7.021458893994214
15,31,4,2,6,9,4.23,3.72,7.850103545175582,7.3312632970570935
10,3,4,2,6,9,4.28,4.03,11.343204190152012,7.047795443519486
10,12,4,2,6,9,4.2,3.88,7.786136437783072,6.918695219020472
10,46,4,2,6,9,4.15,3.72,9.138629524422182,7.098152473195374
11,6,4,2,6,9,4.29,4.31,7.6544432264701125,6.8235254843483215
11,10,4,2,6,9,4.33,3.95,7.228388451573604,6.503224734033749
12,15,4,2,6,9,4.21,3.74,8.640118538253535,7.049037803816026
12,27,4,2,6,9,4.28,4.18,6.220590170099739,7.162916742369651
12,32,4,2,6,9,4.15,3.7,6.493753839851686,7.298783339292532
12,36,4,2,6,9,4.17,4.0,8.03689677268507,6.8927431588616335
4,7,4,2,6,9,4.33,4.12,11.715482561876033,7.329657881548645
17,26,4,2,6,9,4.31,3.69,7.532088143541722,6.877296071497429
16,1,4,2,6,9,4.41,3.82,7.037905963447182,6.779546837142169
16,48,4,2,6,9,4.31,4.21,8.633374945705647,6.932574712798649
16,20,4,2,6,9,4.41,4.14,8.61323037961318,6.886889086300752
3,33,4,2,6,9,4.35,4.18,9.172326929777967,6.9541616517962925
14,30,4,2,6,9,4.2,3.62,7.305860032684009,6.966854031369343
1,4,4,2,6,10,4.19,3.72,8.587278798982926,7.175872195939078
1,11,4,2,6,10,4.26,4.08,7.759614150696903,7.1604576325378915
1,18,4,2,6,10,4.37,3.92,9.296609807128359,6.609686113643869
1,23,4,2,6,10,4.33,4.0,6.900730664045173,7.489412083508719
1,29,4,2,6,10,4.43,4.3,10.933767465827414,6.628041376179533
1,41,4,2,6,10,4.34,4.05,10.572700582800442,7.134093721192866
2,50,4,2,6,10,4.21,3.75,7.387090235656757,6.495265555937008
5,35,4,2,6,10,4.28,4.24,11.771783590108432,7.021378563747601
5,38,4,2,6,10,4.26,4.06,11.045670055905612,6.688354713946762
8,2,4,2,6,10,4.15,4.21,6.352629396319567,6.476972362889683
7,37,4,2,6,10,4.17,3.66,8.216628493133443,7.43277962214794
7,47,4,2,6,10,4.06,4.01,7.165493475060845,6.406335283290242
9,8,4,2,6,10,4.05,3.95,11.693111409633762,7.039563938553831
9,17,4,2,6,10,4.24,3.8,9.46164368908425,6.901234061991872
9,43,4,2,6,10,4.2,4.1,10.031484910599483,7.2485040723706105
13,28,4,2,6,10,4.1,3.85,11.51722620352192,6.926861585471872
10,3,4,2,6,10,4.28,4.03,11.343204190152012,6.835722076082305
10,12,4,2,6,10,4.2,3.88,7.786136437783072,4.844187086458591
10,46,4,2,6,10,4.15,3.72,9.138629524422182,6.024415647247668
11,6,4,2,6,10,4.29,4.31,7.6544432264701125,6.975881108029737
11,10,4,2,6,10,4.33,3.95,7.228388451573604,6.000176487710004
12,27,4,2,6,10,4.28,4.18,6.220590170099739,5.176149732573829
4,7,4,2,6,10,4.33,4.12,11.715482561876033,6.779921907472252
16,48,4,2,6,10,4.31,4.21,8.633374945705647,6.677083461247136
16,20,4,2,6,10,4.41,4.14,8.61323037961318,6.210600077024653
14,30,4,2,6,10,4.2,3.62,7.305860032684009,6.877914436971116
1,29,4,2,3,11,4.43,4.44,11.605039633877407,7.845416036592485
1,4,5,2,3,0,4.19,4.32,10.059507911994038,6.215267880717977
1,11,5,2,3,0,4.26,4.27,9.421492310438014,6.745236349484363
1,14,5,2,3,0,4.29,4.32,8.234299635696253,6.688354713946762
1,18,5,2,3,0,4.37,4.52,9.825147561084876,6.923205310205576
1,23,5,2,3,0,4.33,4.44,8.381831553485561,7.852244665214971
1,29,5,2,3,0,4.43,4.44,11.605039633877407,6.74993119378857
1,41,5,2,3,0,4.34,4.47,9.974737874064294,7.619071400157403
2,50,5,2,3,0,4.21,4.36,8.68084148294457,6.786152457222888
5,35,5,2,3,0,4.28,4.34,12.207965852282786,6.504542632177263
5,38,5,2,3,0,4.26,4.31,12.15513718185042,5.476463551931511
8,2,5,2,3,0,4.15,4.38,8.061486866871327,6.282266746896006
8,13,5,2,3,0,4.29,4.36,8.01532730902172,6.542471960506805
8,19,5,2,3,0,4.04,4.19,7.1731917424865985,4.59511985013459
8,45,5,2,3,0,4.18,4.16,7.447751280047908,7.604147189706971
7,24,5,2,3,0,4.21,4.52,8.413387022690648,6.3080984415095305
7,37,5,2,3,0,4.17,4.39,8.107720061910534,5.176149732573829
7,47,5,2,3,0,4.06,4.18,9.070733417589766,6.557246996329082
7,49,5,2,3,0,4.17,4.38,7.6577552711348655,7.37650812632622
9,8,5,2,3,0,4.05,4.13,12.20829517388327,6.913777111300631
9,17,5,2,3,0,4.24,4.38,11.029779856977546,6.963426476352598
9,25,5,2,3,0,4.27,4.38,9.200189020919808,6.635946555686647
9,43,5,2,3,0,4.2,4.26,10.425312461760488,7.05858616868472
13,28,5,2,3,0,4.1,4.19,11.71010279299617,6.60284566086373
15,31,5,2,3,0,4.23,4.33,8.854807632616227,7.360949671265179
10,3,5,2,3,0,4.28,4.36,11.319644067939931,7.084083914039683
10,12,5,2,3,0,4.2,4.22,8.844336332748933,7.109062135687172
10,46,5,2,3,0,4.15,4.23,11.416161228537758,6.857093364179909
11,6,5,2,3,0,4.29,4.4,7.018401799069201,6.2176036074019905
11,10,5,2,3,0,4.33,4.5,8.668196064952765,5.176149732573829
12,15,5,2,3,0,4.21,4.39,9.85087760226383,6.448889394146858
12,27,5,2,3,0,4.28,4.57,8.998384010052538,5.176149732573829
12,36,5,2,3,0,4.17,4.29,9.6614159913364,6.361302477572996
4,7,5,2,3,0,4.33,4.42,12.22409427602797,7.370230641807081
17,26,5,2,3,0,4.31,4.4,9.814710982145282,5.5254529391317835
16,1,5,2,3,0,4.41,4.66,9.347403022364523,5.811739616161293
16,48,5,2,3,0,4.31,4.38,8.97790377375038,9.247938615791478
16,20,5,2,3,0,4.41,4.61,10.202739930102645,6.360956994757329
14,30,5,2,3,0,4.2,4.4,7.876258882303226,6.328829242512215
1,4,5,2,5,4,4.19,4.19,6.066108090103747,7.826443135456014
1,11,5,2,5,4,4.26,4.74,3.6888794541139363,7.895249769862624
1,29,5,2,5,4,4.43,4.62,10.857054801145617,8.854593568610273
1,41,5,2,5,4,4.34,4.06,8.48879371689454,7.374315486450112
2,50,5,2,5,4,4.21,4.05,4.127134385045092,8.336390480591552
5,35,5,2,5,4,4.28,3.72,7.9599745280805365,7.9808206735986875
5,38,5,2,5,4,4.26,3.86,8.230577217146454,6.498282149476434
8,16,5,2,5,4,4.19,5.0,1.9459101490553132,8.984568369308281
9,8,5,2,5,4,4.05,4.03,11.982529014194624,7.670726985108891
9,17,5,2,5,4,4.24,3.82,7.044905117129371,5.170483995038151
9,43,5,2,5,4,4.2,3.44,9.1345386585599,8.142645185942795
13,28,5,2,5,4,4.1,3.92,10.654219444947001,8.710179345366585
15,31,5,2,5,4,4.23,1.93,4.6913478822291435,5.017279836814924
10,3,5,2,5,4,4.28,3.73,10.297487182535015,3.4339872044851463
10,46,5,2,5,4,4.15,4.56,8.871365005136852,9.119266207576787
12,15,5,2,5,4,4.21,4.04,6.406879986069314,4.7535901911063645
12,27,5,2,5,4,4.28,4.19,6.329720905522696,6.716594773520978
12,36,5,2,5,4,4.17,4.14,7.261927092702751,6.93828448401696
4,7,5,2,5,4,4.33,4.23,10.744084440041084,7.691656822810547
17,26,5,2,5,4,4.31,4.81,2.3978952727983707,8.0106915391303
16,1,5,2,5,4,4.41,5.0,2.9444389791664403,4.189654742026425
16,48,5,2,5,4,4.31,4.03,9.511185430954244,7.890020999779825
16,20,5,2,5,4,4.41,3.84,4.948759890378168,6.646715137476777
3,33,5,2,5,4,4.35,3.91,7.779048644925556,5.993961427306569
14,30,5,2,5,4,4.2,2.83,1.9459101490553132,7.473409939026806
1,29,5,2,3,5,4.43,4.44,11.605039633877407,7.108735017594625
2,50,5,2,3,5,4.21,4.36,8.68084148294457,7.122866658599083
8,19,5,2,3,5,4.04,4.19,7.1731917424865985,3.258096538021482
7,37,5,2,3,5,4.17,4.39,8.107720061910534,5.908082938168931
7,42,5,2,3,5,3.97,4.14,7.934871565945177,7.492203042618741
7,47,5,2,3,5,4.06,4.18,9.070733417589766,6.886020786836131
9,8,5,2,3,5,4.05,4.13,12.20829517388327,6.956612107596112
9,17,5,2,3,5,4.24,4.38,11.029779856977546,7.901654990183275
9,43,5,2,3,5,4.2,4.26,10.425312461760488,5.648974238161206
13,28,5,2,3,5,4.1,4.19,11.71010279299617,6.4119988753730786
15,31,5,2,3,5,4.23,4.33,8.854807632616227,7.848933726364071
10,3,5,2,3,5,4.28,4.36,11.319644067939931,5.919216382900358
10,12,5,2,3,5,4.2,4.22,8.844336332748933,7.3098814858247865
10,46,5,2,3,5,4.15,4.23,11.416161228537758,4.02535169073515
11,6,5,2,3,5,4.29,4.4,7.018401799069201,5.86220971125072
11,10,5,2,3,5,4.33,4.5,8.668196064952765,6.890609120147166
12,15,5,2,3,5,4.21,4.39,9.85087760226383,6.870053411798126
12,36,5,2,3,5,4.17,4.29,9.6614159913364,5.5254529391317835
4,7,5,2,3,5,4.33,4.42,12.22409427602797,7.111838327557605
17,26,5,2,3,5,4.31,4.4,9.814710982145282,7.333349758385467
16,1,5,2,3,5,4.41,4.66,9.347403022364523,5.348677725886986
16,48,5,2,3,5,4.31,4.38,8.97790377375038,6.723832440821209
16,20,5,2,3,5,4.41,4.61,10.202739930102645,7.799618063239056
3,33,5,2,3,5,4.35,4.42,10.692103991155873,9.124855465700735
14,30,5,2,3,5,4.2,4.4,7.876258882303226,5.049856007249537
1,4,5,2,0,7,4.19,5.0,1.9459101490553132,5.081404364984463
1,11,5,2,0,7,4.26,4.57,3.871201010907891,8.30015595853379
1,18,5,2,0,7,4.37,4.81,6.648984550024776,7.121252453244542
1,29,5,2,0,7,4.43,4.84,7.241366283322318,7.00420117725039
1,41,5,2,0,7,4.34,4.76,9.008346579384707,5.757323241584231
2,50,5,2,0,7,4.21,4.03,3.58351893845611,6.836259277277067
5,35,5,2,0,7,4.28,3.71,6.095824562432225,6.848005274576363
5,38,5,2,0,7,4.26,4.31,4.290459441148391,5.043425116919247
8,2,5,2,0,7,4.15,4.88,3.5263605246161616,6.250940027669582
7,49,5,2,0,7,0.0,0.0,0.0,7.323830566202317
9,8,5,2,0,7,4.05,4.67,8.271804031154709,7.533025037138996
9,17,5,2,0,7,4.24,4.57,5.214935757608986,7.1872791637324545
9,43,5,2,0,7,4.2,4.67,6.1779441140506,5.564520407322694
13,28,5,2,0,7,4.1,4.71,8.675392806089782,6.9985096422506015
10,3,5,2,0,7,4.28,4.52,6.634633357861686,7.124478262493424
10,46,5,2,0,7,4.15,4.79,5.91350300563827,6.7336399587352815
12,15,5,2,0,7,4.21,4.21,4.330733340286331,6.98100574072173
4,7,5,2,0,7,4.33,4.86,7.69484807238461,7.891977519296701
17,26,5,2,0,7,4.31,4.62,4.709530201312334,8.0106915391303
1,4,5,2,6,1,4.19,3.72,8.587278798982926,6.407704728384105
1,11,5,2,6,1,4.26,4.08,7.759614150696903,5.6507332535663855
1,41,5,2,6,1,4.34,4.05,10.572700582800442,5.776103136235827
5,35,5,2,6,1,4.28,4.24,11.771783590108432,7.3453648404168685
8,2,5,2,6,1,4.15,4.21,6.352629396319567,5.616771097666572
7,47,5,2,6,1,4.06,4.01,7.165493475060845,6.423246963533519
9,8,5,2,6,1,4.05,3.95,11.693111409633762,6.3835066348840055
9,17,5,2,6,1,4.24,3.8,9.46164368908425,3.828641396489095
9,25,5,2,6,1,4.27,3.84,7.077498053569231,4.795790545596741
9,43,5,2,6,1,4.2,4.1,10.031484910599483,4.795790545596741
13,28,5,2,6,1,4.1,3.85,11.51722620352192,6.5799454154395765
10,3,5,2,6,1,4.28,4.03,11.343204190152012,3.9318256327243257
12,36,5,2,6,1,4.17,4.0,8.03689677268507,7.889084407035514
4,7,5,2,6,1,4.33,4.12,11.715482561876033,6.600414568867172
16,20,5,2,6,1,4.41,4.14,8.61323037961318,5.6951789031820335
3,33,5,2,6,1,4.35,4.18,9.172326929777967,4.584967478670572
1,14,5,2,2,2,4.29,4.46,6.171700597410915,4.02535169073515
1,29,5,2,2,2,4.43,4.25,7.053585727193677,6.92461239604856
1,41,5,2,2,2,4.34,3.68,6.068425588244111,6.429719478039138
2,50,5,2,2,2,4.21,3.75,5.0689042022202315,7.550924089735841
5,35,5,2,2,2,4.28,4.32,5.176149732573829,6.428912701069197
8,13,5,2,2,2,4.29,4.21,5.056245805348308,9.592877975440642
9,8,5,2,2,2,4.05,3.9,7.61085279039525,7.804524703985811
9,25,5,2,2,2,4.27,3.88,4.382026634673881,4.290459441148391
9,43,5,2,2,2,4.2,4.01,7.478734825567875,8.381946042008211
13,28,5,2,2,2,4.1,3.97,7.393263094763838,8.087025470667701
10,46,5,2,2,2,4.15,4.49,6.432940092739179,7.7569099857910695
12,36,5,2,2,2,4.17,4.43,4.787491742782046,6.361302477572996
4,7,5,2,2,2,4.33,4.21,5.6937321388027,7.080447286800249
16,48,5,2,2,2,4.31,4.87,6.678342114654332,8.4096079807363
3,33,5,2,2,2,4.35,4.4,4.532599493153256,5.017279836814924
14,30,5,2,2,2,4.2,3.14,2.0794415416798357,6.913737350659685
1,4,5,2,4,3,4.19,4.25,9.569342605674006,6.950977590435406
1,11,5,2,4,3,4.26,4.35,9.083642718930225,6.693769665452693
1,14,5,2,4,3,4.29,4.3,11.45065636674335,6.665046572173087
1,18,5,2,4,3,4.37,4.35,11.938474206640247,6.5739594575643325
1,23,5,2,4,3,4.33,4.3,9.695047867587114,7.370230641807081
1,29,5,2,4,3,4.43,4.43,11.971956616148274,7.515540630390945
1,41,5,2,4,3,4.34,4.41,12.293533921300169,6.191339471482838
2,22,5,2,4,3,4.25,4.12,9.29807648628027,6.430928424388276
2,44,5,2,4,3,4.28,4.27,9.307104040408491,7.379320188794825
2,50,5,2,4,3,4.21,4.34,10.629900249210682,6.782192056006791
5,35,5,2,4,3,4.28,4.27,10.847315627403372,6.771798089346843
5,38,5,2,4,3,4.26,4.28,11.106234605936246,6.940638645816847
6,39,5,2,4,3,4.27,4.28,10.222232150439726,6.457554277032581
8,2,5,2,4,3,4.15,4.09,8.20631072579402,7.0127547294637775
8,13,5,2,4,3,4.29,4.33,8.891098830616636,7.136483208590247
8,16,5,2,4,3,4.19,4.27,9.530392824458414,6.647688373563329
8,45,5,2,4,3,4.18,4.19,10.9289913693836,7.4632655077742704
7,24,5,2,4,3,4.21,4.22,9.86110183603969,5.3981627015177525
7,34,5,2,4,3,4.35,4.45,8.514188682395938,7.143617602704121
7,37,5,2,4,3,4.17,4.24,10.37264707562448,6.156067553408256
7,40,5,2,4,3,4.07,4.12,10.23742085450305,5.017279836814924
7,47,5,2,4,3,4.06,4.14,9.524859098381523,7.465036916334933
7,49,5,2,4,3,4.17,4.19,8.67812085552252,7.240649694255466
9,8,5,2,4,3,4.05,4.07,13.503646442559258,6.642851793419696
9,17,5,2,4,3,4.24,4.24,10.837932494990325,6.488018817836401
9,25,5,2,4,3,4.27,4.29,8.877939834725023,4.2626798770413155
9,43,5,2,4,3,4.2,4.23,10.886314808210527,7.501761451475929
18,51,5,2,4,3,0.0,0.0,0.0,6.748759547491679
13,28,5,2,4,3,4.1,4.15,13.035643594260717,6.523165751761288
15,31,5,2,4,3,4.23,4.25,9.887408982323437,7.277938572945661
10,3,5,2,4,3,4.28,4.28,11.125629297477385,6.819929024615557
10,12,5,2,4,3,4.2,4.14,9.488956472414216,6.411818267709897
10,46,5,2,4,3,4.15,4.25,11.648382502350232,6.884599235264931
11,6,5,2,4,3,4.29,4.26,9.817330356084954,4.711779921046349
11,10,5,2,4,3,4.33,4.31,10.065393794379148,5.855071922202427
12,15,5,2,4,3,4.21,4.26,10.823750385162683,6.537415972849347
12,27,5,2,4,3,4.28,4.33,9.090768236835338,7.199678345691172
12,36,5,2,4,3,4.17,4.07,9.67363403969682,6.48768401848461
4,7,5,2,4,3,4.33,4.21,11.584492354162721,6.696663808692069
17,26,5,2,4,3,4.31,4.29,9.349580439067687,7.79539959226617
16,1,5,2,4,3,4.41,4.46,8.96341629199657,6.182084906716632
16,48,5,2,4,3,4.31,4.38,10.940685324169365,6.826545223556594
16,20,5,2,4,3,4.41,4.43,10.201738576337144,6.39922701426483
3,33,5,2,4,3,4.35,4.37,10.615530086198365,6.944569252104853
14,30,5,2,4,3,4.2,4.32,9.13873695311649,6.949856455000773
2,50,5,2,1,6,4.21,4.41,8.045588280803528,7.84971375760487
8,13,5,2,1,6,4.29,4.64,4.997212273764115,9.592877975440642
9,8,5,2,1,6,4.05,3.75,11.465645160388927,8.274611946209552
9,43,5,2,1,6,4.2,4.19,7.696667081526462,9.0280988119824
13,28,5,2,1,6,4.1,3.83,11.405306846159862,7.978996370854115
10,46,5,2,1,6,4.15,3.72,11.305655262812309,8.323851131338817
16,48,5,2,1,6,4.31,3.8,6.543911845564792,8.4096079807363
1,18,5,2,4,8,4.37,4.35,11.938474206640247,4.795790545596741
1,41,5,2,4,8,4.34,4.41,12.293533921300169,6.8315975151324055
2,50,5,2,4,8,4.21,4.34,10.629900249210682,5.86220971125072
8,45,5,2,4,8,4.18,4.19,10.9289913693836,6.573680166960646
7,37,5,2,4,8,4.17,4.24,10.37264707562448,5.6240175061873385
7,47,5,2,4,8,4.06,4.14,9.524859098381523,6.878326468291325
9,8,5,2,4,8,4.05,4.07,13.503646442559258,6.795705775173514
9,43,5,2,4,8,4.2,4.23,10.886314808210527,7.3453648404168685
10,46,5,2,4,8,4.15,4.25,11.648382502350232,5.945420608606575
4,7,5,2,4,8,4.33,4.21,11.584492354162721,6.498583308942647
16,48,5,2,4,8,4.31,4.38,10.940685324169365,6.902742737158593
1,4,5,2,6,9,4.19,3.72,8.587278798982926,6.890609120147166
1,11,5,2,6,9,4.26,4.08,7.759614150696903,6.766882720100721
1,14,5,2,6,9,4.29,4.3,7.554334823725748,6.67245057975871
1,18,5,2,6,9,4.37,3.92,9.296609807128359,7.154873136185731
1,21,5,2,6,9,4.11,4.03,7.392647520721623,7.513163545234075
1,23,5,2,6,9,4.33,4.0,6.900730664045173,7.024515569590836
1,29,5,2,6,9,4.43,4.3,10.933767465827414,7.3443766182642145
1,41,5,2,6,9,4.34,4.05,10.572700582800442,7.194061405253987
2,22,5,2,6,9,4.25,3.85,7.165493475060845,6.544487219573761
2,44,5,2,6,9,4.28,4.35,6.85751406254539,7.48067080346009
2,50,5,2,6,9,4.21,3.75,7.387090235656757,6.805722553416985
5,35,5,2,6,9,4.28,4.24,11.771783590108432,7.19686632995761
5,38,5,2,6,9,4.26,4.06,11.045670055905612,7.6191401374533045
6,39,5,2,6,9,4.27,4.02,8.669055540725484,6.9175075704248155
8,2,5,2,6,9,4.15,4.21,6.352629396319567,7.220863841012149
8,13,5,2,6,9,4.29,4.17,5.955837369464831,6.903184850467376
8,16,5,2,6,9,4.19,3.91,6.634633357861686,7.008957159491104
8,19,5,2,6,9,4.04,3.23,6.104793232414985,6.77078942390898
8,45,5,2,6,9,4.18,3.99,6.075346031088684,7.852660678222349
7,9,5,2,6,9,4.28,3.95,6.878326468291325,7.565347818128219
7,24,5,2,6,9,4.21,3.97,7.300472814267799,7.2196420401307355
7,34,5,2,6,9,4.35,4.23,5.940171252720432,6.95129358099662
7,37,5,2,6,9,4.17,3.66,8.216628493133443,7.203256700486049
7,40,5,2,6,9,4.07,3.91,5.575949103146316,7.453272142538058
7,42,5,2,6,9,3.97,4.2,5.043425116919247,6.899723107284872
7,47,5,2,6,9,4.06,4.01,7.165493475060845,6.969057318358301
7,49,5,2,6,9,4.17,4.27,6.137727054086234,7.2937928894242035
9,8,5,2,6,9,4.05,3.95,11.693111409633762,7.153419329457889
9,17,5,2,6,9,4.24,3.8,9.46164368908425,7.4198001591528575
9,25,5,2,6,9,4.27,3.84,7.077498053569231,7.025609423221356
9,43,5,2,6,9,4.2,4.1,10.031484910599483,6.989980219237807
18,51,5,2,6,9,0.0,0.0,0.0,7.168579897264035
13,28,5,2,6,9,4.1,3.85,11.51722620352192,7.037326339835005
15,31,5,2,6,9,4.23,3.72,7.850103545175582,7.35862068516631
10,3,5,2,6,9,4.28,4.03,11.343204190152012,7.400718312362783
10,12,5,2,6,9,4.2,3.88,7.786136437783072,7.073439194623068
10,46,5,2,6,9,4.15,3.72,9.138629524422182,7.253519921443308
11,6,5,2,6,9,4.29,4.31,7.6544432264701125,6.744059186311348
11,10,5,2,6,9,4.33,3.95,7.228388451573604,7.131962264649544
12,15,5,2,6,9,4.21,3.74,8.640118538253535,6.890069808926088
12,27,5,2,6,9,4.28,4.18,6.220590170099739,7.2078598714324755
12,32,5,2,6,9,4.15,3.7,6.493753839851686,7.3107172568721825
12,36,5,2,6,9,4.17,4.0,8.03689677268507,6.814345292666107
4,7,5,2,6,9,4.33,4.12,11.715482561876033,7.336539699411797
17,26,5,2,6,9,4.31,3.69,7.532088143541722,7.214084900118871
16,1,5,2,6,9,4.41,3.82,7.037905963447182,6.723832440821209
16,48,5,2,6,9,4.31,4.21,8.633374945705647,7.006495931616748
16,20,5,2,6,9,4.41,4.14,8.61323037961318,7.043875816875378
3,33,5,2,6,9,4.35,4.18,9.172326929777967,7.902439359084045
14,30,5,2,6,9,4.2,3.62,7.305860032684009,6.963426476352598
1,4,5,2,6,10,4.19,3.72,8.587278798982926,7.093404625868766
1,11,5,2,6,10,4.26,4.08,7.759614150696903,7.049254841255837
1,14,5,2,6,10,4.29,4.3,7.554334823725748,6.848535919322166
1,18,5,2,6,10,4.37,3.92,9.296609807128359,5.825026181941565
1,23,5,2,6,10,4.33,4.0,6.900730664045173,7.428927194802272
1,29,5,2,6,10,4.43,4.3,10.933767465827414,4.375757021660286
1,41,5,2,6,10,4.34,4.05,10.572700582800442,7.489970898834801
2,22,5,2,6,10,4.25,3.85,7.165493475060845,6.4967749901858625
2,50,5,2,6,10,4.21,3.75,7.387090235656757,6.706250902771409
5,35,5,2,6,10,4.28,4.24,11.771783590108432,6.4138687092730695
5,38,5,2,6,10,4.26,4.06,11.045670055905612,5.904462260986121
8,2,5,2,6,10,4.15,4.21,6.352629396319567,4.997212273764115
7,24,5,2,6,10,4.21,3.97,7.300472814267799,5.3981627015177525
7,37,5,2,6,10,4.17,3.66,8.216628493133443,7.266827347520591
7,47,5,2,6,10,4.06,4.01,7.165493475060845,6.648116297554999
9,8,5,2,6,10,4.05,3.95,11.693111409633762,6.758907182245721
9,17,5,2,6,10,4.24,3.8,9.46164368908425,6.089044875446846
9,43,5,2,6,10,4.2,4.1,10.031484910599483,7.5569505720129
13,28,5,2,6,10,4.1,3.85,11.51722620352192,6.29156913955832
10,3,5,2,6,10,4.28,4.03,11.343204190152012,4.634728988229636
10,46,5,2,6,10,4.15,3.72,9.138629524422182,6.328829242512215
11,6,5,2,6,10,4.29,4.31,7.6544432264701125,5.2284312390838705
11,10,5,2,6,10,4.33,3.95,7.228388451573604,5.985823667217896
12,27,5,2,6,10,4.28,4.18,6.220590170099739,5.176149732573829
4,7,5,2,6,10,4.33,4.12,11.715482561876033,6.917705609835305
14,30,5,2,6,10,4.2,3.62,7.305860032684009,6.70808408385307
1,4,6,3,3,0,4.19,4.32,10.059507911994038,6.205224207111851
1,11,6,3,3,0,4.26,4.27,9.421492310438014,6.4532312205847875
1,14,6,3,3,0,4.29,4.32,8.234299635696253,4.07753744390572
1,18,6,3,3,0,4.37,4.52,9.825147561084876,7.6613717751814905
1,21,6,3,3,0,4.11,4.12,9.035629778183564,6.884486652042782
1,23,6,3,3,0,4.33,4.44,8.381831553485561,8.157370441186774
1,29,6,3,3,0,4.43,4.44,11.605039633877407,5.861925175752996
1,41,6,3,3,0,4.34,4.47,9.974737874064294,7.668093709082406
2,22,6,3,3,0,4.25,4.56,9.766865674993165,6.173786103901937
2,50,6,3,3,0,4.21,4.36,8.68084148294457,6.595097220460179
5,35,6,3,3,0,4.28,4.34,12.207965852282786,4.182050142641207
5,38,6,3,3,0,4.26,4.31,12.15513718185042,5.167639042905921
6,39,6,3,3,0,4.27,4.36,10.543945728315652,6.952728644624869
8,2,6,3,3,0,4.15,4.38,8.061486866871327,6.61248448488168
8,13,6,3,3,0,4.29,4.36,8.01532730902172,4.852030263919617
8,45,6,3,3,0,4.18,4.16,7.447751280047908,7.2191514366420035
7,9,6,3,3,0,4.28,4.44,8.746080217357513,6.413458957167357
7,24,6,3,3,0,4.21,4.52,8.413387022690648,6.858827605358713
7,34,6,3,3,0,4.35,4.36,5.988961416889864,4.060443010546419
7,37,6,3,3,0,4.17,4.39,8.107720061910534,5.176149732573829
7,42,6,3,3,0,3.97,4.14,7.934871565945177,7.072421900537371
7,47,6,3,3,0,4.06,4.18,9.070733417589766,7.4398941531843015
7,49,6,3,3,0,4.17,4.38,7.6577552711348655,7.785720896534624
9,8,6,3,3,0,4.05,4.13,12.20829517388327,6.884701572650914
9,17,6,3,3,0,4.24,4.38,11.029779856977546,6.957497370876951
9,25,6,3,3,0,4.27,4.38,9.200189020919808,5.276429566790007
9,43,6,3,3,0,4.2,4.26,10.425312461760488,6.375024819828097
13,28,6,3,3,0,4.1,4.19,11.71010279299617,7.025911578300305
15,31,6,3,3,0,4.23,4.33,8.854807632616227,7.607505610675655
10,3,6,3,3,0,4.28,4.36,11.319644067939931,7.446147430465933
10,46,6,3,3,0,4.15,4.23,11.416161228537758,7.066637604042329
11,6,6,3,3,0,4.29,4.4,7.018401799069201,8.08794755464267
11,10,6,3,3,0,4.33,4.5,8.668196064952765,7.124156149428954
12,15,6,3,3,0,4.21,4.39,9.85087760226383,7.074963197966044
12,27,6,3,3,0,4.28,4.57,8.998384010052538,7.094234845924755
12,32,6,3,3,0,4.15,4.42,7.518064181233078,7.072421900537371
12,36,6,3,3,0,4.17,4.29,9.6614159913364,6.516193076042964
4,7,6,3,3,0,4.33,4.42,12.22409427602797,7.042784299601808
17,26,6,3,3,0,4.31,4.4,9.814710982145282,4.394449154672439
16,1,6,3,3,0,4.41,4.66,9.347403022364523,6.203749355087316
16,48,6,3,3,0,4.31,4.38,8.97790377375038,9.213674806565056
16,20,6,3,3,0,4.41,4.61,10.202739930102645,6.350012735428395
3,33,6,3,3,0,4.35,4.42,10.692103991155873,6.5092608193547745
14,30,6,3,3,0,4.2,4.4,7.876258882303226,6.343001313190591
1,11,6,3,5,4,4.26,4.74,3.6888794541139363,5.993961427306569
1,29,6,3,5,4,4.43,4.62,10.857054801145617,7.389255073366299
1,41,6,3,5,4,4.34,4.06,8.48879371689454,6.297109319933935
2,22,6,3,5,4,4.25,4.88,6.280395838960195,5.5254529391317835
2,50,6,3,5,4,4.21,4.05,4.127134385045092,8.605204068738951
5,35,6,3,5,4,4.28,3.72,7.9599745280805365,6.904750769961838
5,38,6,3,5,4,4.26,3.86,8.230577217146454,7.752335163302292
9,8,6,3,5,4,4.05,4.03,11.982529014194624,7.539027055823995
9,17,6,3,5,4,4.24,3.82,7.044905117129371,6.758675055967984
9,43,6,3,5,4,4.2,3.44,9.1345386585599,8.602866173154387
13,28,6,3,5,4,4.1,3.92,10.654219444947001,8.193505285875267
10,46,6,3,5,4,4.15,4.56,8.871365005136852,7.071997722376186
12,15,6,3,5,4,4.21,4.04,6.406879986069314,3.4339872044851463
12,36,6,3,5,4,4.17,4.14,7.261927092702751,6.3818160174060985
4,7,6,3,5,4,4.33,4.23,10.744084440041084,7.457897765125078
16,1,6,3,5,4,4.41,5.0,2.9444389791664403,5.84354441703136
16,48,6,3,5,4,4.31,4.03,9.511185430954244,6.896360605568251
14,30,6,3,5,4,4.2,2.83,1.9459101490553132,9.728568529258915
1,21,6,3,3,5,4.11,4.12,9.035629778183564,6.729226520426879
1,29,6,3,3,5,4.43,4.44,11.605039633877407,7.6511201757027
2,44,6,3,3,5,4.28,4.32,8.182838710766026,7.843064016692054
2,50,6,3,3,5,4.21,4.36,8.68084148294457,7.5935404261552
5,35,6,3,3,5,4.28,4.34,12.207965852282786,6.2166061010848646
5,38,6,3,3,5,4.26,4.31,12.15513718185042,5.459585514144159
8,2,6,3,3,5,4.15,4.38,8.061486866871327,8.287528423111763
8,16,6,3,3,5,4.19,4.42,8.087025470667701,6.2166061010848646
8,19,6,3,3,5,4.04,4.19,7.1731917424865985,5.5909869805108565
7,5,6,3,3,5,4.23,4.56,7.536363938404511,8.914491710191342
7,34,6,3,3,5,4.35,4.36,5.988961416889864,5.860786223465865
7,37,6,3,3,5,4.17,4.39,8.107720061910534,5.570251082031678
7,42,6,3,3,5,3.97,4.14,7.934871565945177,7.496097345175956
7,47,6,3,3,5,4.06,4.18,9.070733417589766,7.876573942765176
9,8,6,3,3,5,4.05,4.13,12.20829517388327,6.47095429056412
9,17,6,3,3,5,4.24,4.38,11.029779856977546,7.394695913941854
9,43,6,3,3,5,4.2,4.26,10.425312461760488,6.455198563340122
13,28,6,3,3,5,4.1,4.19,11.71010279299617,7.282499977110311
15,31,6,3,3,5,4.23,4.33,8.854807632616227,8.105407148222806
10,3,6,3,3,5,4.28,4.36,11.319644067939931,6.014936903293124
10,46,6,3,3,5,4.15,4.23,11.416161228537758,8.383661798791715
11,6,6,3,3,5,4.29,4.4,7.018401799069201,7.2743409490293836
11,10,6,3,3,5,4.33,4.5,8.668196064952765,7.420878261796811
12,15,6,3,3,5,4.21,4.39,9.85087760226383,6.674561391814426
4,7,6,3,3,5,4.33,4.42,12.22409427602797,6.904750769961838
17,26,6,3,3,5,4.31,4.4,9.814710982145282,7.60489448081162
16,1,6,3,3,5,4.41,4.66,9.347403022364523,6.199839578717014
16,48,6,3,3,5,4.31,4.38,8.97790377375038,7.355001921105257
16,20,6,3,3,5,4.41,4.61,10.202739930102645,7.5975217513826045
3,33,6,3,3,5,4.35,4.42,10.692103991155873,7.948455929031254
14,30,6,3,3,5,4.2,4.4,7.876258882303226,5.272999558563747
1,4,6,3,0,7,4.19,5.0,1.9459101490553132,4.867534450455582
1,11,6,3,0,7,4.26,4.57,3.871201010907891,7.895436006942965
1,29,6,3,0,7,4.43,4.84,7.241366283322318,7.25157899854172
1,41,6,3,0,7,4.34,4.76,9.008346579384707,7.327123292259293
2,22,6,3,0,7,4.25,4.6,3.713572066704308,6.227188630627521
2,50,6,3,0,7,4.21,4.03,3.58351893845611,7.682482446534506
5,35,6,3,0,7,4.28,3.71,6.095824562432225,6.306275286948016
5,38,6,3,0,7,4.26,4.31,4.290459441148391,6.359573868672378
6,39,6,3,0,7,4.27,4.65,3.295836866004329,6.952728644624869
8,2,6,3,0,7,4.15,4.88,3.5263605246161616,6.875232087276577
7,24,6,3,0,7,4.21,4.94,5.44673737166631,6.997138840116823
7,42,6,3,0,7,3.97,4.5,1.6094379124341003,7.072421900537371
7,49,6,3,0,7,0.0,0.0,0.0,7.338238150065589
9,8,6,3,0,7,4.05,4.67,8.271804031154709,7.021423192459044
9,17,6,3,0,7,4.24,4.57,5.214935757608986,7.383883862341373
9,43,6,3,0,7,4.2,4.67,6.1779441140506,7.348587530927593
13,28,6,3,0,7,4.1,4.71,8.675392806089782,7.346655163176539
15,31,6,3,0,7,4.23,4.63,4.912654885736052,6.4337436283388625
10,3,6,3,0,7,4.28,4.52,6.634633357861686,7.4112541273616666
10,12,6,3,0,7,0.0,0.0,0.0,6.875232087276577
10,46,6,3,0,7,4.15,4.79,5.91350300563827,5.969985515430857
12,15,6,3,0,7,4.21,4.21,4.330733340286331,4.795790545596741
12,32,6,3,0,7,0.0,0.0,0.0,7.072421900537371
4,7,6,3,0,7,4.33,4.86,7.69484807238461,7.905349461920327
16,1,6,3,0,7,4.41,4.37,5.717027701406222,6.970730078143525
3,33,6,3,0,7,4.35,4.33,4.8283137373023015,6.5757729476337765
14,30,6,3,0,7,4.2,3.99,5.771441123130016,6.210600077024653
1,4,6,3,6,1,4.19,3.72,8.587278798982926,6.377576926700331
1,11,6,3,6,1,4.26,4.08,7.759614150696903,5.908082938168931
1,29,6,3,6,1,4.43,4.3,10.933767465827414,4.61512051684126
1,41,6,3,6,1,4.34,4.05,10.572700582800442,6.3690444517266105
2,22,6,3,6,1,4.25,3.85,7.165493475060845,5.993961427306569
8,45,6,3,6,1,4.18,3.99,6.075346031088684,7.14243206611002
7,47,6,3,6,1,4.06,4.01,7.165493475060845,6.451654554905393
9,8,6,3,6,1,4.05,3.95,11.693111409633762,6.938769332511306
9,17,6,3,6,1,4.24,3.8,9.46164368908425,6.20455776256869
13,28,6,3,6,1,4.1,3.85,11.51722620352192,5.8522024797744745
10,3,6,3,6,1,4.28,4.03,11.343204190152012,4.454347296253507
12,15,6,3,6,1,4.21,3.74,8.640118538253535,4.430816798843313
4,7,6,3,6,1,4.33,4.12,11.715482561876033,5.938854596835685
16,20,6,3,6,1,4.41,4.14,8.61323037961318,5.742201584560146
1,4,6,3,2,2,4.19,4.31,5.476463551931511,8.824236617346639
1,14,6,3,2,2,4.29,4.46,6.171700597410915,4.02535169073515
1,18,6,3,2,2,4.37,4.48,5.087596335232384,6.523562306149512
1,29,6,3,2,2,4.43,4.25,7.053585727193677,9.581972891547895
1,41,6,3,2,2,4.34,3.68,6.068425588244111,6.429719478039138
2,50,6,3,2,2,4.21,3.75,5.0689042022202315,8.374246182096304
5,35,6,3,2,2,4.28,4.32,5.176149732573829,5.572154032177765
8,13,6,3,2,2,4.29,4.21,5.056245805348308,9.555205857955418
9,8,6,3,2,2,4.05,3.9,7.61085279039525,6.854702542947655
9,25,6,3,2,2,4.27,3.88,4.382026634673881,4.795790545596741
9,43,6,3,2,2,4.2,4.01,7.478734825567875,6.115892125483034
13,28,6,3,2,2,4.1,3.97,7.393263094763838,7.20823017323267
10,46,6,3,2,2,4.15,4.49,6.432940092739179,8.901683865931318
12,15,6,3,2,2,4.21,4.09,5.303304908059076,7.588829878307813
12,36,6,3,2,2,4.17,4.43,4.787491742782046,5.91350300563827
4,7,6,3,2,2,4.33,4.21,5.6937321388027,8.294799358992574
16,48,6,3,2,2,4.31,4.87,6.678342114654332,5.780743515792329
14,30,6,3,2,2,4.2,3.14,2.0794415416798357,4.61512051684126
1,4,6,3,4,3,4.19,4.25,9.569342605674006,7.333565350955545
1,11,6,3,4,3,4.26,4.35,9.083642718930225,7.687933003014701
1,14,6,3,4,3,4.29,4.3,11.45065636674335,6.68586094706836
1,18,6,3,4,3,4.37,4.35,11.938474206640247,8.031190253081592
1,21,6,3,4,3,4.11,4.23,9.208839245849916,7.1372784372603855
1,23,6,3,4,3,4.33,4.3,9.695047867587114,5.860786223465865
1,29,6,3,4,3,4.43,4.43,11.971956616148274,7.118251184958982
1,41,6,3,4,3,4.34,4.41,12.293533921300169,6.669079220418435
2,22,6,3,4,3,4.25,4.12,9.29807648628027,6.539108963262184
2,44,6,3,4,3,4.28,4.27,9.307104040408491,7.3752557780097545
2,50,6,3,4,3,4.21,4.34,10.629900249210682,6.892469037444435
5,35,6,3,4,3,4.28,4.27,10.847315627403372,6.277939641454655
5,38,6,3,4,3,4.26,4.28,11.106234605936246,6.9239828960867875
6,39,6,3,4,3,4.27,4.28,10.222232150439726,7.084226422097916
8,2,6,3,4,3,4.15,4.09,8.20631072579402,6.9823988219779025
8,13,6,3,4,3,4.29,4.33,8.891098830616636,7.47477218239787
8,16,6,3,4,3,4.19,4.27,9.530392824458414,4.110873864173311
8,19,6,3,4,3,4.04,4.18,8.725832056527565,6.617737146732808
8,45,6,3,4,3,4.18,4.19,10.9289913693836,7.654798613549609
7,24,6,3,4,3,4.21,4.22,9.86110183603969,7.402451520818244
7,37,6,3,4,3,4.17,4.24,10.37264707562448,6.224063257192947
7,47,6,3,4,3,4.06,4.14,9.524859098381523,7.048125731829413
7,49,6,3,4,3,4.17,4.19,8.67812085552252,7.724446645633537
9,8,6,3,4,3,4.05,4.07,13.503646442559258,6.907655273981804
9,17,6,3,4,3,4.24,4.24,10.837932494990325,5.6369301676683605
9,25,6,3,4,3,4.27,4.29,8.877939834725023,6.285290209007722
9,43,6,3,4,3,4.2,4.23,10.886314808210527,6.338594078203183
18,51,6,3,4,3,0.0,0.0,0.0,5.8522024797744745
13,28,6,3,4,3,4.1,4.15,13.035643594260717,6.12483655203096
10,3,6,3,4,3,4.28,4.28,11.125629297477385,7.73201843739962
10,12,6,3,4,3,4.2,4.14,9.488956472414216,4.460144413937834
10,46,6,3,4,3,4.15,4.25,11.648382502350232,6.851184927493743
11,6,6,3,4,3,4.29,4.26,9.817330356084954,7.299797366758161
11,10,6,3,4,3,4.33,4.31,10.065393794379148,6.05286533821532
12,15,6,3,4,3,4.21,4.26,10.823750385162683,6.518409552753856
12,27,6,3,4,3,4.28,4.33,9.090768236835338,7.824445930877619
12,36,6,3,4,3,4.17,4.07,9.67363403969682,6.951580758522167
4,7,6,3,4,3,4.33,4.21,11.584492354162721,6.720220155135295
17,26,6,3,4,3,4.31,4.29,9.349580439067687,8.527044507466611
16,1,6,3,4,3,4.41,4.46,8.96341629199657,6.883124414485312
16,48,6,3,4,3,4.31,4.38,10.940685324169365,6.409072300662528
16,20,6,3,4,3,4.41,4.43,10.201738576337144,6.356454822650428
3,33,6,3,4,3,4.35,4.37,10.615530086198365,5.908979275469038
14,30,6,3,4,3,4.2,4.32,9.13873695311649,6.841465892640915
1,4,6,3,1,6,4.19,4.23,7.820439515262181,8.824236617346639
2,50,6,3,1,6,4.21,4.41,8.045588280803528,8.606942483559845
8,13,6,3,1,6,4.29,4.64,4.997212273764115,9.555205857955418
9,43,6,3,1,6,4.2,4.19,7.696667081526462,6.115892125483034
13,28,6,3,1,6,4.1,3.83,11.405306846159862,5.685279003091641
10,46,6,3,1,6,4.15,3.72,11.305655262812309,9.360569085222874
16,48,6,3,1,6,4.31,3.8,6.543911845564792,5.780743515792329
1,4,6,3,4,8,4.19,4.25,9.569342605674006,6.089044875446846
1,18,6,3,4,8,4.37,4.35,11.938474206640247,4.74493212836325
1,41,6,3,4,8,4.34,4.41,12.293533921300169,6.8658910748834385
2,50,6,3,4,8,4.21,4.34,10.629900249210682,5.8650506222523235
8,45,6,3,4,8,4.18,4.19,10.9289913693836,6.590987625635259
7,37,6,3,4,8,4.17,4.24,10.37264707562448,5.480638923341991
7,47,6,3,4,8,4.06,4.14,9.524859098381523,5.720311776607412
9,8,6,3,4,8,4.05,4.07,13.503646442559258,7.468798618908745
9,43,6,3,4,8,4.2,4.23,10.886314808210527,4.867534450455582
13,28,6,3,4,8,4.1,4.15,13.035643594260717,5.673323267171493
10,46,6,3,4,8,4.15,4.25,11.648382502350232,7.443078374348516
16,48,6,3,4,8,4.31,4.38,10.940685324169365,6.954638864880987
3,33,6,3,4,8,4.35,4.37,10.615530086198365,6.3784261836515865
1,4,6,3,6,9,4.19,3.72,8.587278798982926,7.382279923021796
1,11,6,3,6,9,4.26,4.08,7.759614150696903,7.4124018516714125
1,14,6,3,6,9,4.29,4.3,7.554334823725748,7.317544358570356
1,18,6,3,6,9,4.37,3.92,9.296609807128359,7.346777657285693
1,21,6,3,6,9,4.11,4.03,7.392647520721623,7.4999765409521215
1,23,6,3,6,9,4.33,4.0,6.900730664045173,7.4133673356952405
1,29,6,3,6,9,4.43,4.3,10.933767465827414,7.32544535671287
1,41,6,3,6,9,4.34,4.05,10.572700582800442,7.295816480561763
2,22,6,3,6,9,4.25,3.85,7.165493475060845,7.102680409342311
2,44,6,3,6,9,4.28,4.35,6.85751406254539,7.702827079264008
2,50,6,3,6,9,4.21,3.75,7.387090235656757,6.744942188576226
5,35,6,3,6,9,4.28,4.24,11.771783590108432,7.24355586152281
5,38,6,3,6,9,4.26,4.06,11.045670055905612,7.456287007923159
6,39,6,3,6,9,4.27,4.02,8.669055540725484,7.049402399812982
8,2,6,3,6,9,4.15,4.21,6.352629396319567,7.366761154018331
8,13,6,3,6,9,4.29,4.17,5.955837369464831,6.642864826386585
8,16,6,3,6,9,4.19,3.91,6.634633357861686,7.266128779556451
8,19,6,3,6,9,4.04,3.23,6.104793232414985,6.272877006546167
8,45,6,3,6,9,4.18,3.99,6.075346031088684,7.626813841326583
7,9,6,3,6,9,4.28,3.95,6.878326468291325,7.4406339371541605
7,24,6,3,6,9,4.21,3.97,7.300472814267799,6.798264021322386
7,34,6,3,6,9,4.35,4.23,5.940171252720432,6.479538298827788
7,37,6,3,6,9,4.17,3.66,8.216628493133443,6.602927047695386
7,40,6,3,6,9,4.07,3.91,5.575949103146316,7.305456996472468
7,42,6,3,6,9,3.97,4.2,5.043425116919247,6.489964521183336
7,47,6,3,6,9,4.06,4.01,7.165493475060845,7.5904732640515435
7,49,6,3,6,9,4.17,4.27,6.137727054086234,6.941383459962121
9,8,6,3,6,9,4.05,3.95,11.693111409633762,7.123850045883013
9,17,6,3,6,9,4.24,3.8,9.46164368908425,7.420465126483134
9,25,6,3,6,9,4.27,3.84,7.077498053569231,6.988874330266929
9,43,6,3,6,9,4.2,4.1,10.031484910599483,7.433731549873323
18,51,6,3,6,9,0.0,0.0,0.0,7.042286171939743
13,28,6,3,6,9,4.1,3.85,11.51722620352192,7.388544286371588
15,31,6,3,6,9,4.23,3.72,7.850103545175582,7.418780882750794
10,3,6,3,6,9,4.28,4.03,11.343204190152012,7.389353925446598
10,12,6,3,6,9,4.2,3.88,7.786136437783072,7.403115934193127
10,46,6,3,6,9,4.15,3.72,9.138629524422182,7.177698443203916
11,6,6,3,6,9,4.29,4.31,7.6544432264701125,6.251903883165888
11,10,6,3,6,9,4.33,3.95,7.228388451573604,7.1994916217619584
12,15,6,3,6,9,4.21,3.74,8.640118538253535,7.044390599434745
12,27,6,3,6,9,4.28,4.18,6.220590170099739,6.996681488176539
12,32,6,3,6,9,4.15,3.7,6.493753839851686,6.125405230961421
12,36,6,3,6,9,4.17,4.0,8.03689677268507,6.569102667069374
4,7,6,3,6,9,4.33,4.12,11.715482561876033,7.428570836777475
17,26,6,3,6,9,4.31,3.69,7.532088143541722,7.282561847025398
16,1,6,3,6,9,4.41,3.82,7.037905963447182,6.837118199382696
16,48,6,3,6,9,4.31,4.21,8.633374945705647,7.020896446708818
16,20,6,3,6,9,4.41,4.14,8.61323037961318,7.121793502327661
3,33,6,3,6,9,4.35,4.18,9.172326929777967,8.064551566509156
14,30,6,3,6,9,4.2,3.62,7.305860032684009,7.355532470875918
1,4,6,3,6,10,4.19,3.72,8.587278798982926,4.795790545596741
1,14,6,3,6,10,4.29,4.3,7.554334823725748,7.00033446027523
1,18,6,3,6,10,4.37,3.92,9.296609807128359,6.669498089857879
1,29,6,3,6,10,4.43,4.3,10.933767465827414,4.61512051684126
1,41,6,3,6,10,4.34,4.05,10.572700582800442,6.104793232414985
2,22,6,3,6,10,4.25,3.85,7.165493475060845,6.530877627725885
2,50,6,3,6,10,4.21,3.75,7.387090235656757,6.592359367962841
5,35,6,3,6,10,4.28,4.24,11.771783590108432,6.292494637079263
5,38,6,3,6,10,4.26,4.06,11.045670055905612,4.795790545596741
8,2,6,3,6,10,4.15,4.21,6.352629396319567,5.176149732573829
7,24,6,3,6,10,4.21,3.97,7.300472814267799,7.402451520818244
7,37,6,3,6,10,4.17,3.66,8.216628493133443,6.680854678790215
7,47,6,3,6,10,4.06,4.01,7.165493475060845,6.982862751468942
9,8,6,3,6,10,4.05,3.95,11.693111409633762,5.91943134420815
9,17,6,3,6,10,4.24,3.8,9.46164368908425,6.747586526829315
9,43,6,3,6,10,4.2,4.1,10.031484910599483,7.528331766707247
13,28,6,3,6,10,4.1,3.85,11.51722620352192,6.082675427161366
10,3,6,3,6,10,4.28,4.03,11.343204190152012,5.643076599538806
10,46,6,3,6,10,4.15,3.72,9.138629524422182,6.623626884729654
11,6,6,3,6,10,4.29,4.31,7.6544432264701125,7.200178593959135
11,10,6,3,6,10,4.33,3.95,7.228388451573604,5.176149732573829
12,15,6,3,6,10,4.21,3.74,8.640118538253535,6.07073772800249
12,36,6,3,6,10,4.17,4.0,8.03689677268507,6.591673732008658
4,7,6,3,6,10,4.33,4.12,11.715482561876033,7.151877236681538
16,48,6,3,6,10,4.31,4.21,8.633374945705647,4.110873864173311
14,30,6,3,6,10,4.2,3.62,7.305860032684009,6.822197390620491
4,7,6,3,3,11,4.33,4.42,12.22409427602797,7.044032897274685
1,4,7,3,3,0,4.19,4.32,10.059507911994038,5.664105657503303
1,11,7,3,3,0,4.26,4.27,9.421492310438014,6.68938780403572
1,14,7,3,3,0,4.29,4.32,8.234299635696253,7.102087748442227
1,18,7,3,3,0,4.37,4.52,9.825147561084876,7.390798521735676
1,21,7,3,3,0,4.11,4.12,9.035629778183564,7.278856659662342
1,23,7,3,3,0,4.33,4.44,8.381831553485561,7.285732705264077
1,29,7,3,3,0,4.43,4.44,11.605039633877407,7.135822688187587
1,41,7,3,3,0,4.34,4.47,9.974737874064294,7.152738596900803
2,22,7,3,3,0,4.25,4.56,9.766865674993165,6.201320204095256
2,50,7,3,3,0,4.21,4.36,8.68084148294457,6.960660773077056
5,35,7,3,3,0,4.28,4.34,12.207965852282786,3.8918202981106265
5,38,7,3,3,0,4.26,4.31,12.15513718185042,3.713572066704308
6,39,7,3,3,0,4.27,4.36,10.543945728315652,6.518557143337845
8,2,7,3,3,0,4.15,4.38,8.061486866871327,7.07284589884773
8,13,7,3,3,0,4.29,4.36,8.01532730902172,7.205137651031877
8,16,7,3,3,0,4.19,4.42,8.087025470667701,6.311734809152915
8,45,7,3,3,0,4.18,4.16,7.447751280047908,6.949856455000773
7,9,7,3,3,0,4.28,4.44,8.746080217357513,7.085064293952548
7,24,7,3,3,0,4.21,4.52,8.413387022690648,6.886020786836131
7,37,7,3,3,0,4.17,4.39,8.107720061910534,5.176149732573829
7,42,7,3,3,0,3.97,4.14,7.934871565945177,6.9930151229329605
7,47,7,3,3,0,4.06,4.18,9.070733417589766,6.786152457222888
9,8,7,3,3,0,4.05,4.13,12.20829517388327,7.086085547839619
9,17,7,3,3,0,4.24,4.38,11.029779856977546,7.650487545772475
9,25,7,3,3,0,4.27,4.38,9.200189020919808,7.878344784263671
9,43,7,3,3,0,4.2,4.26,10.425312461760488,7.209953973565566
13,28,7,3,3,0,4.1,4.19,11.71010279299617,7.4341097043657545
15,31,7,3,3,0,4.23,4.33,8.854807632616227,7.6143812116545115
10,3,7,3,3,0,4.28,4.36,11.319644067939931,6.859614903654202
10,12,7,3,3,0,4.2,4.22,8.844336332748933,7.355641102974253
10,46,7,3,3,0,4.15,4.23,11.416161228537758,7.31455283232408
11,6,7,3,3,0,4.29,4.4,7.018401799069201,6.8785015302070525
11,10,7,3,3,0,4.33,4.5,8.668196064952765,7.752047197477976
12,15,7,3,3,0,4.21,4.39,9.85087760226383,4.110873864173311
12,32,7,3,3,0,4.15,4.42,7.518064181233078,6.983789965258135
12,36,7,3,3,0,4.17,4.29,9.6614159913364,6.452048954437226
4,7,7,3,3,0,4.33,4.42,12.22409427602797,7.614272678480254
17,26,7,3,3,0,4.31,4.4,9.814710982145282,6.480550568852878
16,1,7,3,3,0,4.41,4.66,9.347403022364523,6.259198981750067
16,48,7,3,3,0,4.31,4.38,8.97790377375038,9.262861662068282
16,20,7,3,3,0,4.41,4.61,10.202739930102645,6.362165662779806
3,33,7,3,3,0,4.35,4.42,10.692103991155873,6.391582048889551
14,30,7,3,3,0,4.2,4.4,7.876258882303226,7.263679941530166
1,11,7,3,5,4,4.26,4.74,3.6888794541139363,8.458716261657262
1,18,7,3,5,4,4.37,4.47,7.533158807455563,5.017279836814924
1,23,7,3,5,4,4.33,4.34,4.442651256490317,6.897704943128636
1,29,7,3,5,4,4.43,4.62,10.857054801145617,6.8684945650288345
1,41,7,3,5,4,4.34,4.06,8.48879371689454,8.067932923308401
2,22,7,3,5,4,4.25,4.88,6.280395838960195,5.5254529391317835
2,50,7,3,5,4,4.21,4.05,4.127134385045092,9.058121158998672
5,35,7,3,5,4,4.28,3.72,7.9599745280805365,4.7678840964758376
5,38,7,3,5,4,4.26,3.86,8.230577217146454,8.249575150000199
8,2,7,3,5,4,4.15,4.08,2.302585092994046,3.58351893845611
8,16,7,3,5,4,4.19,5.0,1.9459101490553132,6.928537818164665
7,47,7,3,5,4,4.06,2.7,5.680172609017068,9.47830431356186
9,8,7,3,5,4,4.05,4.03,11.982529014194624,7.914208418131456
9,17,7,3,5,4,4.24,3.82,7.044905117129371,6.478509642208569
9,43,7,3,5,4,4.2,3.44,9.1345386585599,8.058327306580958
13,28,7,3,5,4,4.1,3.92,10.654219444947001,8.590280071003765
15,31,7,3,5,4,4.23,1.93,4.6913478822291435,6.928537818164665
10,3,7,3,5,4,4.28,3.73,10.297487182535015,7.323830566202317
10,46,7,3,5,4,4.15,4.56,8.871365005136852,8.200013648175434
12,36,7,3,5,4,4.17,4.14,7.261927092702751,7.167809184316444
4,7,7,3,5,4,4.33,4.23,10.744084440041084,7.15305163493748
16,1,7,3,5,4,4.41,5.0,2.9444389791664403,8.902999661861218
16,48,7,3,5,4,4.31,4.03,9.511185430954244,7.157992460574457
16,20,7,3,5,4,4.41,3.84,4.948759890378168,5.62040086571715
14,30,7,3,5,4,4.2,2.83,1.9459101490553132,7.8814655017237785
1,11,7,3,3,5,4.26,4.27,9.421492310438014,6.478509642208569
1,14,7,3,3,5,4.29,4.32,8.234299635696253,7.738923757439457
1,21,7,3,3,5,4.11,4.12,9.035629778183564,6.787281125514262
1,23,7,3,3,5,4.33,4.44,8.381831553485561,8.228977643358313
1,29,7,3,3,5,4.43,4.44,11.605039633877407,3.713572066704308
1,41,7,3,3,5,4.34,4.47,9.974737874064294,5.879135362134062
2,50,7,3,3,5,4.21,4.36,8.68084148294457,7.067746015291078
5,35,7,3,3,5,4.28,4.34,12.207965852282786,5.707110264748875
5,38,7,3,3,5,4.26,4.31,12.15513718185042,7.16420206968559
8,2,7,3,3,5,4.15,4.38,8.061486866871327,7.930925372483388
8,13,7,3,3,5,4.29,4.36,8.01532730902172,6.982862751468942
8,16,7,3,3,5,4.19,4.42,8.087025470667701,7.286191714702382
8,19,7,3,3,5,4.04,4.19,7.1731917424865985,5.749392985908253
7,5,7,3,3,5,4.23,4.56,7.536363938404511,8.381831553485561
7,34,7,3,3,5,4.35,4.36,5.988961416889864,7.634820677745543
7,37,7,3,3,5,4.17,4.39,8.107720061910534,5.734958092124651
7,40,7,3,3,5,4.07,4.14,8.430327258394575,6.659934739955487
7,42,7,3,3,5,3.97,4.14,7.934871565945177,6.837332814685591
7,47,7,3,3,5,4.06,4.18,9.070733417589766,6.633318433280377
9,8,7,3,3,5,4.05,4.13,12.20829517388327,6.807736028890063
9,17,7,3,3,5,4.24,4.38,11.029779856977546,7.305860032684009
9,25,7,3,3,5,4.27,4.38,9.200189020919808,8.044626279767337
9,43,7,3,3,5,4.2,4.26,10.425312461760488,5.771441123130016
13,28,7,3,3,5,4.1,4.19,11.71010279299617,7.367916884009329
15,31,7,3,3,5,4.23,4.33,8.854807632616227,7.7131144501490105
10,3,7,3,3,5,4.28,4.36,11.319644067939931,7.222566018822171
10,46,7,3,3,5,4.15,4.23,11.416161228537758,8.170468578330674
11,6,7,3,3,5,4.29,4.4,7.018401799069201,6.400024860123449
11,10,7,3,3,5,4.33,4.5,8.668196064952765,7.632076461500342
4,7,7,3,3,5,4.33,4.42,12.22409427602797,6.843483388961997
16,48,7,3,3,5,4.31,4.38,8.97790377375038,8.25712628599743
16,20,7,3,3,5,4.41,4.61,10.202739930102645,6.943122422819428
3,33,7,3,3,5,4.35,4.42,10.692103991155873,8.484360034320996
14,30,7,3,3,5,4.2,4.4,7.876258882303226,7.193310090417744
1,11,7,3,0,7,4.26,4.57,3.871201010907891,8.072735664093747
1,18,7,3,0,7,4.37,4.81,6.648984550024776,6.580639137284949
1,29,7,3,0,7,4.43,4.84,7.241366283322318,7.4567433638424765
1,41,7,3,0,7,4.34,4.76,9.008346579384707,7.597396320212795
2,22,7,3,0,7,4.25,4.6,3.713572066704308,6.615623320456725
2,50,7,3,0,7,4.21,4.03,3.58351893845611,7.46412580675253
5,35,7,3,0,7,4.28,3.71,6.095824562432225,6.840546529288687
5,38,7,3,0,7,4.26,4.31,4.290459441148391,7.352441100243583
6,39,7,3,0,7,4.27,4.65,3.295836866004329,6.619633109701952
8,2,7,3,0,7,4.15,4.88,3.5263605246161616,4.948759890378168
8,16,7,3,0,7,4.19,4.68,4.634728988229636,6.92510391731675
7,9,7,3,0,7,4.28,4.9,5.0689042022202315,7.072421900537371
7,24,7,3,0,7,4.21,4.94,5.44673737166631,6.957021520285055
7,42,7,3,0,7,3.97,4.5,1.6094379124341003,6.9930151229329605
7,49,7,3,0,7,0.0,0.0,0.0,7.323170717943469
9,8,7,3,0,7,4.05,4.67,8.271804031154709,6.975329811768794
9,17,7,3,0,7,4.24,4.57,5.214935757608986,7.20023830837496
9,43,7,3,0,7,4.2,4.67,6.1779441140506,7.109062135687172
13,28,7,3,0,7,4.1,4.71,8.675392806089782,7.470605829427489
15,31,7,3,0,7,4.23,4.63,4.912654885736052,6.986871403664056
10,3,7,3,0,7,4.28,4.52,6.634633357861686,7.188035021667156
10,46,7,3,0,7,4.15,4.79,5.91350300563827,7.9195379923155125
12,32,7,3,0,7,0.0,0.0,0.0,6.983789965258135
4,7,7,3,0,7,4.33,4.86,7.69484807238461,7.734996194022781
17,26,7,3,0,7,4.31,4.62,4.709530201312334,7.024649030453636
16,1,7,3,0,7,4.41,4.37,5.717027701406222,6.440148774336123
3,33,7,3,0,7,4.35,4.33,4.8283137373023015,6.6601525253352625
14,30,7,3,0,7,4.2,3.99,5.771441123130016,6.22455842927536
1,4,7,3,6,1,4.19,3.72,8.587278798982926,6.415914955127227
1,29,7,3,6,1,4.43,4.3,10.933767465827414,6.917705609835305
1,41,7,3,6,1,4.34,4.05,10.572700582800442,6.302618975744905
2,22,7,3,6,1,4.25,3.85,7.165493475060845,6.829069150738498
5,35,7,3,6,1,4.28,4.24,11.771783590108432,4.110873864173311
5,38,7,3,6,1,4.26,4.06,11.045670055905612,6.302618975744905
8,2,7,3,6,1,4.15,4.21,6.352629396319567,6.061456918928017
8,45,7,3,6,1,4.18,3.99,6.075346031088684,6.992712046706971
7,47,7,3,6,1,4.06,4.01,7.165493475060845,5.97464895417942
9,8,7,3,6,1,4.05,3.95,11.693111409633762,6.974366650280639
9,17,7,3,6,1,4.24,3.8,9.46164368908425,3.9318256327243257
13,28,7,3,6,1,4.1,3.85,11.51722620352192,7.278628942320682
10,3,7,3,6,1,4.28,4.03,11.343204190152012,5.03909316691274
4,7,7,3,6,1,4.33,4.12,11.715482561876033,5.8531503063070245
16,20,7,3,6,1,4.41,4.14,8.61323037961318,7.374001859350161
1,41,7,3,2,2,4.34,3.68,6.068425588244111,6.536691597591305
2,22,7,3,2,2,4.25,4.26,4.127134385045092,7.9868449011613825
2,50,7,3,2,2,4.21,3.75,5.0689042022202315,5.0689042022202315
5,35,7,3,2,2,4.28,4.32,5.176149732573829,6.563389973891583
8,13,7,3,2,2,4.29,4.21,5.056245805348308,5.153291594497779
8,16,7,3,2,2,4.19,4.51,8.133587417660966,7.415776975415394
9,8,7,3,2,2,4.05,3.9,7.61085279039525,8.597703482063507
9,43,7,3,2,2,4.2,4.01,7.478734825567875,7.577633832602728
13,28,7,3,2,2,4.1,3.97,7.393263094763838,8.18596319023697
10,46,7,3,2,2,4.15,4.49,6.432940092739179,9.378393956972433
12,36,7,3,2,2,4.17,4.43,4.787491742782046,5.849324779946859
4,7,7,3,2,2,4.33,4.21,5.6937321388027,7.51928559686976
16,1,7,3,2,2,0.0,0.0,0.0,8.679822114864455
16,48,7,3,2,2,4.31,4.87,6.678342114654332,8.954931860074698
1,4,7,3,4,3,4.19,4.25,9.569342605674006,7.267218332528504
1,11,7,3,4,3,4.26,4.35,9.083642718930225,6.915822650059896
1,14,7,3,4,3,4.29,4.3,11.45065636674335,7.21340005180809
1,18,7,3,4,3,4.37,4.35,11.938474206640247,7.5688956634069955
1,21,7,3,4,3,4.11,4.23,9.208839245849916,7.271008538280992
1,23,7,3,4,3,4.33,4.3,9.695047867587114,7.720683497861139
1,29,7,3,4,3,4.43,4.43,11.971956616148274,7.338998589077006
1,41,7,3,4,3,4.34,4.41,12.293533921300169,6.775822607721311
2,22,7,3,4,3,4.25,4.12,9.29807648628027,6.515704791170833
2,44,7,3,4,3,4.28,4.27,9.307104040408491,7.146244481189278
2,50,7,3,4,3,4.21,4.34,10.629900249210682,6.578264614371555
5,35,7,3,4,3,4.28,4.27,10.847315627403372,6.430170988995949
5,38,7,3,4,3,4.26,4.28,11.106234605936246,6.922377846236775
6,39,7,3,4,3,4.27,4.28,10.222232150439726,6.543911845564792
8,2,7,3,4,3,4.15,4.09,8.20631072579402,6.720051262707306
8,13,7,3,4,3,4.29,4.33,8.891098830616636,7.010311867307229
8,16,7,3,4,3,4.19,4.27,9.530392824458414,6.576469569048224
8,19,7,3,4,3,4.04,4.18,8.725832056527565,5.291645156779972
8,45,7,3,4,3,4.18,4.19,10.9289913693836,6.70726567823246
7,5,7,3,4,3,4.23,4.42,9.503606822721864,7.145196134997171
7,9,7,3,4,3,4.28,4.35,9.892274925322026,7.63433723562832
7,37,7,3,4,3,4.17,4.24,10.37264707562448,5.987004616385889
7,47,7,3,4,3,4.06,4.14,9.524859098381523,6.768585161444106
7,49,7,3,4,3,4.17,4.19,8.67812085552252,5.873525249243295
9,8,7,3,4,3,4.05,4.07,13.503646442559258,6.491209000863155
9,17,7,3,4,3,4.24,4.24,10.837932494990325,6.336648724331217
9,25,7,3,4,3,4.27,4.29,8.877939834725023,6.34651316930213
9,43,7,3,4,3,4.2,4.23,10.886314808210527,7.040334968881252
18,51,7,3,4,3,0.0,0.0,0.0,6.692083742506628
13,28,7,3,4,3,4.1,4.15,13.035643594260717,6.614256321208791
15,31,7,3,4,3,4.23,4.25,9.887408982323437,8.88202101016732
10,3,7,3,4,3,4.28,4.28,11.125629297477385,6.538863151104813
10,46,7,3,4,3,4.15,4.25,11.648382502350232,7.257270654265776
11,6,7,3,4,3,4.29,4.26,9.817330356084954,7.1080067956920585
11,10,7,3,4,3,4.33,4.31,10.065393794379148,5.765191102784844
12,15,7,3,4,3,4.21,4.26,10.823750385162683,7.584264818389059
12,27,7,3,4,3,4.28,4.33,9.090768236835338,8.215276958936633
12,36,7,3,4,3,4.17,4.07,9.67363403969682,6.6234009966230305
4,7,7,3,4,3,4.33,4.21,11.584492354162721,6.908085224544113
17,26,7,3,4,3,4.31,4.29,9.349580439067687,7.298878025374425
16,1,7,3,4,3,4.41,4.46,8.96341629199657,5.954100110007766
16,48,7,3,4,3,4.31,4.38,10.940685324169365,6.691252131305182
16,20,7,3,4,3,4.41,4.43,10.201738576337144,6.714862038335215
3,33,7,3,4,3,4.35,4.37,10.615530086198365,6.626717749249025
14,30,7,3,4,3,4.2,4.32,9.13873695311649,6.805722553416985
1,41,7,3,1,6,4.34,3.84,8.93260863037757,6.536691597591305
8,13,7,3,1,6,4.29,4.64,4.997212273764115,5.153291594497779
9,8,7,3,1,6,4.05,3.75,11.465645160388927,8.681265913153396
9,43,7,3,1,6,4.2,4.19,7.696667081526462,8.140898460607852
13,28,7,3,1,6,4.1,3.83,11.405306846159862,8.692909649158056
10,46,7,3,1,6,4.15,3.72,11.305655262812309,9.931102719569102
4,7,7,3,1,6,4.33,4.17,10.00676590198963,7.048386408721883
16,1,7,3,1,6,4.41,3.88,5.707110264748875,8.679822114864455
16,48,7,3,1,6,4.31,3.8,6.543911845564792,8.954931860074698
1,4,7,3,4,8,4.19,4.25,9.569342605674006,6.089044875446846
1,18,7,3,4,8,4.37,4.35,11.938474206640247,7.044905117129371
1,41,7,3,4,8,4.34,4.41,12.293533921300169,7.138470095792665
8,45,7,3,4,8,4.18,4.19,10.9289913693836,6.497528853772263
7,37,7,3,4,8,4.17,4.24,10.37264707562448,5.924255797414532
7,47,7,3,4,8,4.06,4.14,9.524859098381523,6.142037405587356
9,8,7,3,4,8,4.05,4.07,13.503646442559258,6.9865664594064265
9,43,7,3,4,8,4.2,4.23,10.886314808210527,7.518064181233078
10,3,7,3,4,8,4.28,4.28,11.125629297477385,6.736966958001855
10,46,7,3,4,8,4.15,4.25,11.648382502350232,7.4073177104694174
12,15,7,3,4,8,4.21,4.26,10.823750385162683,8.68185981297147
12,27,7,3,4,8,4.28,4.33,9.090768236835338,3.713572066704308
4,7,7,3,4,8,4.33,4.21,11.584492354162721,6.251903883165888
16,1,7,3,4,8,4.41,4.46,8.96341629199657,6.137727054086234
16,48,7,3,4,8,4.31,4.38,10.940685324169365,6.5362132223185325
3,33,7,3,4,8,4.35,4.37,10.615530086198365,6.745236349484363
1,4,7,3,6,9,4.19,3.72,8.587278798982926,7.443318392380291
1,11,7,3,6,9,4.26,4.08,7.759614150696903,7.550966138786064
1,14,7,3,6,9,4.29,4.3,7.554334823725748,7.280511227680597
1,18,7,3,6,9,4.37,3.92,9.296609807128359,7.271543860895166
1,21,7,3,6,9,4.11,4.03,7.392647520721623,6.07458712250074
1,23,7,3,6,9,4.33,4.0,6.900730664045173,7.391088424188616
1,29,7,3,6,9,4.43,4.3,10.933767465827414,7.228613389988591
1,41,7,3,6,9,4.34,4.05,10.572700582800442,7.103848239860009
2,22,7,3,6,9,4.25,3.85,7.165493475060845,7.353293301119807
2,44,7,3,6,9,4.28,4.35,6.85751406254539,7.530710655336732
2,50,7,3,6,9,4.21,3.75,7.387090235656757,7.206303104744224
5,35,7,3,6,9,4.28,4.24,11.771783590108432,6.8777804902302
5,38,7,3,6,9,4.26,4.06,11.045670055905612,7.46158291929267
6,39,7,3,6,9,4.27,4.02,8.669055540725484,7.33849819427457
8,2,7,3,6,9,4.15,4.21,6.352629396319567,7.107998610410014
8,13,7,3,6,9,4.29,4.17,5.955837369464831,7.206110193490222
8,16,7,3,6,9,4.19,3.91,6.634633357861686,7.253328829849695
8,19,7,3,6,9,4.04,3.23,6.104793232414985,7.0230908776620415
8,45,7,3,6,9,4.18,3.99,6.075346031088684,8.146361367202424
7,5,7,3,6,9,4.23,4.04,5.986452005284438,7.268571635421419
7,9,7,3,6,9,4.28,3.95,6.878326468291325,7.150858308035951
7,24,7,3,6,9,4.21,3.97,7.300472814267799,6.911747300251674
7,34,7,3,6,9,4.35,4.23,5.940171252720432,7.189356399867916
7,37,7,3,6,9,4.17,3.66,8.216628493133443,6.305179796606579
7,40,7,3,6,9,4.07,3.91,5.575949103146316,7.02331361961641
7,42,7,3,6,9,3.97,4.2,5.043425116919247,7.004273819333796
7,47,7,3,6,9,4.06,4.01,7.165493475060845,7.51655299107372
7,49,7,3,6,9,4.17,4.27,6.137727054086234,6.840279113857223
9,8,7,3,6,9,4.05,3.95,11.693111409633762,7.269484428876452
9,17,7,3,6,9,4.24,3.8,9.46164368908425,7.156644546714762
9,25,7,3,6,9,4.27,3.84,7.077498053569231,7.199827699735211
9,43,7,3,6,9,4.2,4.1,10.031484910599483,7.054941765007762
18,51,7,3,6,9,0.0,0.0,0.0,4.574710978503383
13,28,7,3,6,9,4.1,3.85,11.51722620352192,7.487341747318916
15,31,7,3,6,9,4.23,3.72,7.850103545175582,7.4049970586737315
10,3,7,3,6,9,4.28,4.03,11.343204190152012,7.2937724968674855
10,12,7,3,6,9,4.2,3.88,7.786136437783072,7.271008538280992
10,46,7,3,6,9,4.15,3.72,9.138629524422182,6.9496359129458645
11,6,7,3,6,9,4.29,4.31,7.6544432264701125,6.685985783221071
11,10,7,3,6,9,4.33,3.95,7.228388451573604,7.097639830760507
12,15,7,3,6,9,4.21,3.74,8.640118538253535,6.975367197392157
12,27,7,3,6,9,4.28,4.18,6.220590170099739,6.678518199779367
12,32,7,3,6,9,4.15,3.7,6.493753839851686,5.98770749823027
12,36,7,3,6,9,4.17,4.0,8.03689677268507,7.230787603236648
4,7,7,3,6,9,4.33,4.12,11.715482561876033,7.437624418462591
17,26,7,3,6,9,4.31,3.69,7.532088143541722,7.05600285544234
16,1,7,3,6,9,4.41,3.82,7.037905963447182,7.123132752225291
16,48,7,3,6,9,4.31,4.21,8.633374945705647,7.065954893655682
16,20,7,3,6,9,4.41,4.14,8.61323037961318,7.003610764625658
3,33,7,3,6,9,4.35,4.18,9.172326929777967,7.160993411312904
14,30,7,3,6,9,4.2,3.62,7.305860032684009,6.746882053394052
1,4,7,3,6,10,4.19,3.72,8.587278798982926,4.816241156068032
1,11,7,3,6,10,4.26,4.08,7.759614150696903,5.176149732573829
1,14,7,3,6,10,4.29,4.3,7.554334823725748,6.953684210870537
1,18,7,3,6,10,4.37,3.92,9.296609807128359,4.812184355372417
1,29,7,3,6,10,4.43,4.3,10.933767465827414,6.220590170099739
2,44,7,3,6,10,4.28,4.35,6.85751406254539,6.593044534142437
5,35,7,3,6,10,4.28,4.24,11.771783590108432,6.521210055726484
5,38,7,3,6,10,4.26,4.06,11.045670055905612,6.394426524998027
6,39,7,3,6,10,4.27,4.02,8.669055540725484,5.0106352940962555
8,2,7,3,6,10,4.15,4.21,6.352629396319567,6.948897222313312
7,37,7,3,6,10,4.17,3.66,8.216628493133443,5.241747015059643
7,47,7,3,6,10,4.06,4.01,7.165493475060845,6.8658910748834385
9,8,7,3,6,10,4.05,3.95,11.693111409633762,6.405228458030842
9,17,7,3,6,10,4.24,3.8,9.46164368908425,4.394449154672439
9,43,7,3,6,10,4.2,4.1,10.031484910599483,7.812782818577581
13,28,7,3,6,10,4.1,3.85,11.51722620352192,6.715783306356008
10,46,7,3,6,10,4.15,3.72,9.138629524422182,6.5564231794539
11,6,7,3,6,10,4.29,4.31,7.6544432264701125,6.666104011612187
11,10,7,3,6,10,4.33,3.95,7.228388451573604,5.216727629508083
4,7,7,3,6,10,4.33,4.12,11.715482561876033,7.661409427378736
17,26,7,3,6,10,4.31,3.69,7.532088143541722,6.913737350659685
16,48,7,3,6,10,4.31,4.21,8.633374945705647,6.403574197934815
14,30,7,3,6,10,4.2,3.62,7.305860032684009,7.517520850603031
8,13,7,3,3,11,4.29,4.36,8.01532730902172,7.613324979540639
9,25,7,3,3,11,4.27,4.38,9.200189020919808,8.044626279767337
13,28,7,3,3,11,4.1,4.19,11.71010279299617,6.240275845170769
4,7,7,3,3,11,4.33,4.42,12.22409427602797,7.204892510204673
1,4,8,3,3,0,4.19,4.32,10.059507911994038,6.316261752148692
1,11,8,3,3,0,4.26,4.27,9.421492310438014,7.684324067681155
1,14,8,3,3,0,4.29,4.32,8.234299635696253,7.47495934582328
1,18,8,3,3,0,4.37,4.52,9.825147561084876,6.52795791762255
1,21,8,3,3,0,4.11,4.12,9.035629778183564,5.14166355650266
1,23,8,3,3,0,4.33,4.44,8.381831553485561,6.79794041297493
1,29,8,3,3,0,4.43,4.44,11.605039633877407,7.917627424477822
1,41,8,3,3,0,4.34,4.47,9.974737874064294,6.938041971587009
2,22,8,3,3,0,4.25,4.56,9.766865674993165,6.548505594670936
2,50,8,3,3,0,4.21,4.36,8.68084148294457,6.937314081223682
5,35,8,3,3,0,4.28,4.34,12.207965852282786,5.961005339623274
5,38,8,3,3,0,4.26,4.31,12.15513718185042,6.450991613314677
6,39,8,3,3,0,4.27,4.36,10.543945728315652,6.732210706467206
8,2,8,3,3,0,4.15,4.38,8.061486866871327,4.61512051684126
8,13,8,3,3,0,4.29,4.36,8.01532730902172,7.6290038896529575
8,16,8,3,3,0,4.19,4.42,8.087025470667701,6.692083742506628
8,45,8,3,3,0,4.18,4.16,7.447751280047908,6.851184927493743
7,9,8,3,3,0,4.28,4.44,8.746080217357513,6.595780513961311
7,24,8,3,3,0,4.21,4.52,8.413387022690648,7.036588150825105
7,37,8,3,3,0,4.17,4.39,8.107720061910534,5.176149732573829
7,42,8,3,3,0,3.97,4.14,7.934871565945177,6.955592608396297
7,47,8,3,3,0,4.06,4.18,9.070733417589766,6.888827269096618
9,8,8,3,3,0,4.05,4.13,12.20829517388327,7.290176913921688
9,17,8,3,3,0,4.24,4.38,11.029779856977546,7.342565574284767
9,25,8,3,3,0,4.27,4.38,9.200189020919808,7.693937325509272
9,43,8,3,3,0,4.2,4.26,10.425312461760488,6.781863203754876
13,28,8,3,3,0,4.1,4.19,11.71010279299617,7.703048313707953
15,31,8,3,3,0,4.23,4.33,8.854807632616227,7.1770187659099
10,3,8,3,3,0,4.28,4.36,11.319644067939931,8.10175350216087
10,12,8,3,3,0,4.2,4.22,8.844336332748933,7.476472381163905
10,46,8,3,3,0,4.15,4.23,11.416161228537758,6.481577129276431
11,6,8,3,3,0,4.29,4.4,7.018401799069201,6.39672963521348
11,10,8,3,3,0,4.33,4.5,8.668196064952765,6.738886822067929
12,15,8,3,3,0,4.21,4.39,9.85087760226383,7.0707241072602764
12,27,8,3,3,0,4.28,4.57,8.998384010052538,5.111987788356544
12,32,8,3,3,0,4.15,4.42,7.518064181233078,6.406879986069314
12,36,8,3,3,0,4.17,4.29,9.6614159913364,6.483871585349955
4,7,8,3,3,0,4.33,4.42,12.22409427602797,7.594788809208443
17,26,8,3,3,0,4.31,4.4,9.814710982145282,6.773938131247798
16,1,8,3,3,0,4.41,4.66,9.347403022364523,6.546498425538293
16,48,8,3,3,0,4.31,4.38,8.97790377375038,8.841069285824572
16,20,8,3,3,0,4.41,4.61,10.202739930102645,4.561740628060756
3,33,8,3,3,0,4.35,4.42,10.692103991155873,6.244166900663736
14,30,8,3,3,0,4.2,4.4,7.876258882303226,7.406862509793929
1,11,8,3,5,4,4.26,4.74,3.6888794541139363,5.017279836814924
1,23,8,3,5,4,4.33,4.34,4.442651256490317,6.890609120147166
1,29,8,3,5,4,4.43,4.62,10.857054801145617,6.186208623900494
1,41,8,3,5,4,4.34,4.06,8.48879371689454,8.127109185346375
2,50,8,3,5,4,4.21,4.05,4.127134385045092,9.459541457609681
5,35,8,3,5,4,4.28,3.72,7.9599745280805365,8.197469904752992
5,38,8,3,5,4,4.26,3.86,8.230577217146454,7.400009517162692
8,45,8,3,5,4,4.18,3.33,3.4011973816621555,5.3981627015177525
7,42,8,3,5,4,3.97,2.0,1.0986122886681098,7.294377299288821
9,8,8,3,5,4,4.05,4.03,11.982529014194624,8.193953023563742
9,43,8,3,5,4,4.2,3.44,9.1345386585599,7.081288329743012
13,28,8,3,5,4,4.1,3.92,10.654219444947001,8.899901312401786
10,3,8,3,5,4,4.28,3.73,10.297487182535015,8.001522515987046
10,46,8,3,5,4,4.15,4.56,8.871365005136852,8.60300384782935
11,10,8,3,5,4,4.33,4.99,4.110873864173311,3.9318256327243257
12,15,8,3,5,4,4.21,4.04,6.406879986069314,8.776167099731275
12,36,8,3,5,4,4.17,4.14,7.261927092702751,7.116799905916845
4,7,8,3,5,4,4.33,4.23,10.744084440041084,7.186901020411631
16,1,8,3,5,4,4.41,5.0,2.9444389791664403,8.902999661861218
16,48,8,3,5,4,4.31,4.03,9.511185430954244,6.941509153087356
16,20,8,3,5,4,4.41,3.84,4.948759890378168,6.16541785423142
14,30,8,3,5,4,4.2,2.83,1.9459101490553132,7.609862200913554
1,4,8,3,3,5,4.19,4.32,10.059507911994038,6.249975242259483
1,14,8,3,3,5,4.29,4.32,8.234299635696253,5.351858133476067
1,18,8,3,3,5,4.37,4.52,9.825147561084876,6.251903883165888
1,29,8,3,3,5,4.43,4.44,11.605039633877407,6.952728644624869
2,50,8,3,3,5,4.21,4.36,8.68084148294457,6.705235096494986
5,35,8,3,3,5,4.28,4.34,12.207965852282786,4.709530201312334
5,38,8,3,3,5,4.26,4.31,12.15513718185042,7.296074228255331
8,2,8,3,3,5,4.15,4.38,8.061486866871327,7.554072872185285
8,13,8,3,3,5,4.29,4.36,8.01532730902172,7.6290038896529575
8,16,8,3,3,5,4.19,4.42,8.087025470667701,4.61512051684126
7,5,8,3,3,5,4.23,4.56,7.536363938404511,5.786897381366708
7,34,8,3,3,5,4.35,4.36,5.988961416889864,7.59890045687141
7,37,8,3,3,5,4.17,4.39,8.107720061910534,6.126869184114185
7,42,8,3,3,5,3.97,4.14,7.934871565945177,6.536691597591305
7,47,8,3,3,5,4.06,4.18,9.070733417589766,7.546446273746024
9,8,8,3,3,5,4.05,4.13,12.20829517388327,7.025182695858101
9,17,8,3,3,5,4.24,4.38,11.029779856977546,7.789454566086673
9,43,8,3,3,5,4.2,4.26,10.425312461760488,5.831882477283517
13,28,8,3,3,5,4.1,4.19,11.71010279299617,8.016647877057803
15,31,8,3,3,5,4.23,4.33,8.854807632616227,8.03073492409854
10,3,8,3,3,5,4.28,4.36,11.319644067939931,8.097730573664219
10,46,8,3,3,5,4.15,4.23,11.416161228537758,5.236441962829949
11,6,8,3,3,5,4.29,4.4,7.018401799069201,6.634344222767871
11,10,8,3,3,5,4.33,4.5,8.668196064952765,7.060905458475812
12,15,8,3,3,5,4.21,4.39,9.85087760226383,4.61512051684126
12,32,8,3,3,5,4.15,4.42,7.518064181233078,7.036148493750536
12,36,8,3,3,5,4.17,4.29,9.6614159913364,6.608000625296087
4,7,8,3,3,5,4.33,4.42,12.22409427602797,6.831230542651223
16,48,8,3,3,5,4.31,4.38,8.97790377375038,6.97424502025097
16,20,8,3,3,5,4.41,4.61,10.202739930102645,7.68017564043659
3,33,8,3,3,5,4.35,4.42,10.692103991155873,8.865841003967583
1,11,8,3,0,7,4.26,4.57,3.871201010907891,8.001288021906948
1,18,8,3,0,7,4.37,4.81,6.648984550024776,6.663988013372059
1,29,8,3,0,7,4.43,4.84,7.241366283322318,7.212294468500341
1,41,8,3,0,7,4.34,4.76,9.008346579384707,7.605890001053122
2,22,8,3,0,7,4.25,4.6,3.713572066704308,7.227480928142591
2,50,8,3,0,7,4.21,4.03,3.58351893845611,7.614312146452
5,35,8,3,0,7,4.28,3.71,6.095824562432225,6.679850410566217
5,38,8,3,0,7,4.26,4.31,4.290459441148391,7.102499355774649
6,39,8,3,0,7,4.27,4.65,3.295836866004329,6.998810966710839
8,2,8,3,0,7,4.15,4.88,3.5263605246161616,4.9344739331306915
7,9,8,3,0,7,4.28,4.9,5.0689042022202315,6.99117688712121
7,24,8,3,0,7,4.21,4.94,5.44673737166631,7.036588150825105
7,42,8,3,0,7,3.97,4.5,1.6094379124341003,6.955592608396297
7,49,8,3,0,7,0.0,0.0,0.0,7.321188556739478
9,8,8,3,0,7,4.05,4.67,8.271804031154709,7.269268499561119
9,17,8,3,0,7,4.24,4.57,5.214935757608986,7.246546253822308
9,43,8,3,0,7,4.2,4.67,6.1779441140506,7.604396348796338
13,28,8,3,0,7,4.1,4.71,8.675392806089782,7.3864708488298945
15,31,8,3,0,7,4.23,4.63,4.912654885736052,6.35088571671474
10,3,8,3,0,7,4.28,4.52,6.634633357861686,6.5359666972333565
10,12,8,3,0,7,0.0,0.0,0.0,6.22455842927536
10,46,8,3,0,7,4.15,4.79,5.91350300563827,7.496652438168283
11,6,8,3,0,7,0.0,0.0,0.0,4.394449154672439
12,15,8,3,0,7,4.21,4.21,4.330733340286331,4.61512051684126
12,32,8,3,0,7,0.0,0.0,0.0,6.952728644624869
12,36,8,3,0,7,4.17,4.41,5.472270673671475,6.4588553910008875
4,7,8,3,0,7,4.33,4.86,7.69484807238461,7.296047100047419
17,26,8,3,0,7,4.31,4.62,4.709530201312334,6.573680166960646
16,1,8,3,0,7,4.41,4.37,5.717027701406222,7.00850518208228
16,48,8,3,0,7,4.31,4.31,5.768320995793772,6.71174039505618
3,33,8,3,0,7,4.35,4.33,4.8283137373023015,6.60934924316738
14,30,8,3,0,7,4.2,3.99,5.771441123130016,4.2626798770413155
1,18,8,3,6,1,4.37,3.92,9.296609807128359,6.461468176353717
1,29,8,3,6,1,4.43,4.3,10.933767465827414,7.5740450053721995
1,41,8,3,6,1,4.34,4.05,10.572700582800442,6.231130842974854
2,22,8,3,6,1,4.25,3.85,7.165493475060845,7.117205503164344
2,50,8,3,6,1,4.21,3.75,7.387090235656757,6.436150368369428
5,35,8,3,6,1,4.28,4.24,11.771783590108432,6.418364935936212
8,2,8,3,6,1,4.15,4.21,6.352629396319567,6.293419278846481
8,45,8,3,6,1,4.18,3.99,6.075346031088684,4.499809670330265
7,47,8,3,6,1,4.06,4.01,7.165493475060845,6.423246963533519
9,8,8,3,6,1,4.05,3.95,11.693111409633762,6.446243491769067
9,43,8,3,6,1,4.2,4.1,10.031484910599483,6.553933404025811
13,28,8,3,6,1,4.1,3.85,11.51722620352192,7.041997668788249
10,3,8,3,6,1,4.28,4.03,11.343204190152012,6.333279628139691
4,7,8,3,6,1,4.33,4.12,11.715482561876033,5.126935749792416
16,1,8,3,6,1,4.41,3.82,7.037905963447182,3.9318256327243257
16,20,8,3,6,1,4.41,4.14,8.61323037961318,6.514223682438503
1,41,8,3,2,2,4.34,3.68,6.068425588244111,6.5722825426940075
2,50,8,3,2,2,4.21,3.75,5.0689042022202315,7.294377299288821
5,35,8,3,2,2,4.28,4.32,5.176149732573829,5.7408534428653
8,13,8,3,2,2,4.29,4.21,5.056245805348308,7.530479995245536
7,34,8,3,2,2,4.35,5.0,2.833213344056216,7.832014180505469
9,8,8,3,2,2,4.05,3.9,7.61085279039525,9.319374133000306
9,43,8,3,2,2,4.2,4.01,7.478734825567875,8.944811104165534
13,28,8,3,2,2,4.1,3.97,7.393263094763838,9.840387995592812
10,46,8,3,2,2,4.15,4.49,6.432940092739179,9.560222295507314
12,36,8,3,2,2,4.17,4.43,4.787491742782046,6.3080984415095305
4,7,8,3,2,2,4.33,4.21,5.6937321388027,7.049688774870804
16,48,8,3,2,2,4.31,4.87,6.678342114654332,8.262042843966942
1,4,8,3,4,3,4.19,4.25,9.569342605674006,7.574363393304906
1,11,8,3,4,3,4.26,4.35,9.083642718930225,7.198183577101943
1,14,8,3,4,3,4.29,4.3,11.45065636674335,7.272398392570047
1,18,8,3,4,3,4.37,4.35,11.938474206640247,7.2176855153779735
1,21,8,3,4,3,4.11,4.23,9.208839245849916,5.14166355650266
1,23,8,3,4,3,4.33,4.3,9.695047867587114,8.159946655578548
1,29,8,3,4,3,4.43,4.43,11.971956616148274,6.826859707723823
1,41,8,3,4,3,4.34,4.41,12.293533921300169,7.181744024301915
2,22,8,3,4,3,4.25,4.12,9.29807648628027,6.697651341175731
2,44,8,3,4,3,4.28,4.27,9.307104040408491,7.141640926828249
2,50,8,3,4,3,4.21,4.34,10.629900249210682,6.645520006194862
5,35,8,3,4,3,4.28,4.27,10.847315627403372,6.771821001741304
5,38,8,3,4,3,4.26,4.28,11.106234605936246,7.05996979994864
6,39,8,3,4,3,4.27,4.28,10.222232150439726,5.786897381366708
8,2,8,3,4,3,4.15,4.09,8.20631072579402,7.035858214156472
8,13,8,3,4,3,4.29,4.33,8.891098830616636,7.248859627929911
8,16,8,3,4,3,4.19,4.27,9.530392824458414,6.908085224544113
8,19,8,3,4,3,4.04,4.18,8.725832056527565,6.907755278982137
8,45,8,3,4,3,4.18,4.19,10.9289913693836,6.874405299300583
7,5,8,3,4,3,4.23,4.42,9.503606822721864,7.146772179452637
7,9,8,3,4,3,4.28,4.35,9.892274925322026,6.901062935121012
7,37,8,3,4,3,4.17,4.24,10.37264707562448,6.541996343096007
7,47,8,3,4,3,4.06,4.14,9.524859098381523,6.820692991605687
7,49,8,3,4,3,4.17,4.19,8.67812085552252,6.094427190165807
9,8,8,3,4,3,4.05,4.07,13.503646442559258,6.408940567882282
9,17,8,3,4,3,4.24,4.24,10.837932494990325,8.089439528653324
9,25,8,3,4,3,4.27,4.29,8.877939834725023,6.633318433280377
9,43,8,3,4,3,4.2,4.23,10.886314808210527,6.095419074827832
18,51,8,3,4,3,0.0,0.0,0.0,6.573680166960646
13,28,8,3,4,3,4.1,4.15,13.035643594260717,6.385076348185145
15,31,8,3,4,3,4.23,4.25,9.887408982323437,7.512071245835466
10,3,8,3,4,3,4.28,4.28,11.125629297477385,7.314106660900284
10,12,8,3,4,3,4.2,4.14,9.488956472414216,4.948759890378168
10,46,8,3,4,3,4.15,4.25,11.648382502350232,7.415578399743871
11,6,8,3,4,3,4.29,4.26,9.817330356084954,6.682947844181225
11,10,8,3,4,3,4.33,4.31,10.065393794379148,5.113191882421348
12,15,8,3,4,3,4.21,4.26,10.823750385162683,6.52172508351258
12,27,8,3,4,3,4.28,4.33,9.090768236835338,7.099201743553092
12,32,8,3,4,3,4.15,4.18,8.778941881841513,6.451259999761194
12,36,8,3,4,3,4.17,4.07,9.67363403969682,6.887144325078013
4,7,8,3,4,3,4.33,4.21,11.584492354162721,6.8780586672453
17,26,8,3,4,3,4.31,4.29,9.349580439067687,7.089243155027514
16,1,8,3,4,3,4.41,4.46,8.96341629199657,7.072303148787763
16,48,8,3,4,3,4.31,4.38,10.940685324169365,6.877069241649772
16,20,8,3,4,3,4.41,4.43,10.201738576337144,7.061334366910438
3,33,8,3,4,3,4.35,4.37,10.615530086198365,8.548061815078704
14,30,8,3,4,3,4.2,4.32,9.13873695311649,7.455009259361679
1,41,8,3,1,6,4.34,3.84,8.93260863037757,6.5722825426940075
5,35,8,3,1,6,4.28,3.9,9.907828118634548,6.152732694704104
8,13,8,3,1,6,4.29,4.64,4.997212273764115,7.530479995245536
9,8,8,3,1,6,4.05,3.75,11.465645160388927,9.54559758504085
13,28,8,3,1,6,4.1,3.83,11.405306846159862,9.436638940983693
10,46,8,3,1,6,4.15,3.72,11.305655262812309,7.696667081526462
4,7,8,3,1,6,4.33,4.17,10.00676590198963,7.048386408721883
16,48,8,3,1,6,4.31,3.8,6.543911845564792,8.262042843966942
1,4,8,3,4,8,4.19,4.25,9.569342605674006,6.089044875446846
1,18,8,3,4,8,4.37,4.35,11.938474206640247,7.022868086082641
1,41,8,3,4,8,4.34,4.41,12.293533921300169,6.578556526327422
5,38,8,3,4,8,4.26,4.28,11.106234605936246,7.020637436038809
8,45,8,3,4,8,4.18,4.19,10.9289913693836,6.526977905403666
7,37,8,3,4,8,4.17,4.24,10.37264707562448,5.555553118030016
7,47,8,3,4,8,4.06,4.14,9.524859098381523,6.129050210060545
9,8,8,3,4,8,4.05,4.07,13.503646442559258,6.895176496775277
9,43,8,3,4,8,4.2,4.23,10.886314808210527,6.9598732332442435
10,3,8,3,4,8,4.28,4.28,11.125629297477385,7.31986492980897
10,46,8,3,4,8,4.15,4.25,11.648382502350232,7.118559006878333
4,7,8,3,4,8,4.33,4.21,11.584492354162721,6.251903883165888
16,1,8,3,4,8,4.41,4.46,8.96341629199657,5.4359030295006
16,48,8,3,4,8,4.31,4.38,10.940685324169365,6.842683282238422
3,33,8,3,4,8,4.35,4.37,10.615530086198365,6.745236349484363
1,4,8,3,6,9,4.19,3.72,8.587278798982926,7.336897850444658
1,11,8,3,6,9,4.26,4.08,7.759614150696903,7.354567043951197
1,14,8,3,6,9,4.29,4.3,7.554334823725748,7.3959978135478694
1,18,8,3,6,9,4.37,3.92,9.296609807128359,6.98933526597456
1,23,8,3,6,9,4.33,4.0,6.900730664045173,7.064254627098885
1,29,8,3,6,9,4.43,4.3,10.933767465827414,7.611115132218249
1,41,8,3,6,9,4.34,4.05,10.572700582800442,7.3039374334913845
2,22,8,3,6,9,4.25,3.85,7.165493475060845,7.408482080870713
2,44,8,3,6,9,4.28,4.35,6.85751406254539,7.428333194190806
2,50,8,3,6,9,4.21,3.75,7.387090235656757,7.206970587247591
5,35,8,3,6,9,4.28,4.24,11.771783590108432,6.631856839356388
5,38,8,3,6,9,4.26,4.06,11.045670055905612,7.306927293717187
6,39,8,3,6,9,4.27,4.02,8.669055540725484,7.143617602704121
8,2,8,3,6,9,4.15,4.21,6.352629396319567,7.049254841255837
8,13,8,3,6,9,4.29,4.17,5.955837369464831,6.970147748998403
8,16,8,3,6,9,4.19,3.91,6.634633357861686,6.512235551219837
8,19,8,3,6,9,4.04,3.23,6.104793232414985,7.922261058353247
8,45,8,3,6,9,4.18,3.99,6.075346031088684,8.125098302246245
7,5,8,3,6,9,4.23,4.04,5.986452005284438,6.121395716700013
7,9,8,3,6,9,4.28,3.95,6.878326468291325,7.131938289871009
7,24,8,3,6,9,4.21,3.97,7.300472814267799,7.042941551537205
7,34,8,3,6,9,4.35,4.23,5.940171252720432,6.813444599510896
7,37,8,3,6,9,4.17,3.66,8.216628493133443,6.582371339346345
7,40,8,3,6,9,4.07,3.91,5.575949103146316,7.470873497668542
7,42,8,3,6,9,3.97,4.2,5.043425116919247,7.204045197398949
7,47,8,3,6,9,4.06,4.01,7.165493475060845,7.039511346649466
7,49,8,3,6,9,4.17,4.27,6.137727054086234,6.902491449307038
9,8,8,3,6,9,4.05,3.95,11.693111409633762,7.4051126111209875
9,17,8,3,6,9,4.24,3.8,9.46164368908425,7.153716515576792
9,25,8,3,6,9,4.27,3.84,7.077498053569231,7.373242474478143
9,43,8,3,6,9,4.2,4.1,10.031484910599483,6.79592946379988
18,51,8,3,6,9,0.0,0.0,0.0,5.8805329864007
13,28,8,3,6,9,4.1,3.85,11.51722620352192,7.592774517129917
15,31,8,3,6,9,4.23,3.72,7.850103545175582,7.241330466061976
10,3,8,3,6,9,4.28,4.03,11.343204190152012,7.25162863108366
10,12,8,3,6,9,4.2,3.88,7.786136437783072,7.303264322887364
10,46,8,3,6,9,4.15,3.72,9.138629524422182,6.959711853350878
11,6,8,3,6,9,4.29,4.31,7.6544432264701125,7.034467221925993
11,10,8,3,6,9,4.33,3.95,7.228388451573604,7.530748199618875
12,15,8,3,6,9,4.21,3.74,8.640118538253535,6.978623723814578
12,27,8,3,6,9,4.28,4.18,6.220590170099739,6.722148331196653
12,32,8,3,6,9,4.15,3.7,6.493753839851686,7.261927092702751
12,36,8,3,6,9,4.17,4.0,8.03689677268507,7.416294290441698
4,7,8,3,6,9,4.33,4.12,11.715482561876033,7.431542536657921
17,26,8,3,6,9,4.31,3.69,7.532088143541722,6.7816250018379245
16,1,8,3,6,9,4.41,3.82,7.037905963447182,6.897846347272012
16,48,8,3,6,9,4.31,4.21,8.633374945705647,6.929712446334179
16,20,8,3,6,9,4.41,4.14,8.61323037961318,7.049983742209648
3,33,8,3,6,9,4.35,4.18,9.172326929777967,7.272578931827409
14,30,8,3,6,9,4.2,3.62,7.305860032684009,7.135854530504437
1,4,8,3,6,10,4.19,3.72,8.587278798982926,6.505036396541998
1,11,8,3,6,10,4.26,4.08,7.759614150696903,5.176149732573829
1,14,8,3,6,10,4.29,4.3,7.554334823725748,6.461468176353717
1,18,8,3,6,10,4.37,3.92,9.296609807128359,6.516932447610842
1,41,8,3,6,10,4.34,4.05,10.572700582800442,6.590987625635259
2,22,8,3,6,10,4.25,3.85,7.165493475060845,6.385194398997726
2,44,8,3,6,10,4.28,4.35,6.85751406254539,6.598509028614515
2,50,8,3,6,10,4.21,3.75,7.387090235656757,5.662960480135946
5,35,8,3,6,10,4.28,4.24,11.771783590108432,6.437751649736401
5,38,8,3,6,10,4.26,4.06,11.045670055905612,6.652437132220424
6,39,8,3,6,10,4.27,4.02,8.669055540725484,5.293304824724492
8,2,8,3,6,10,4.15,4.21,6.352629396319567,6.313548046277095
8,13,8,3,6,10,4.29,4.17,5.955837369464831,6.26530121273771
7,37,8,3,6,10,4.17,3.66,8.216628493133443,6.9584483932976555
7,47,8,3,6,10,4.06,4.01,7.165493475060845,6.745236349484363
9,8,8,3,6,10,4.05,3.95,11.693111409633762,6.941992441001033
9,17,8,3,6,10,4.24,3.8,9.46164368908425,4.795790545596741
9,43,8,3,6,10,4.2,4.1,10.031484910599483,4.993828175779875
13,28,8,3,6,10,4.1,3.85,11.51722620352192,5.9274592171320695
10,46,8,3,6,10,4.15,3.72,9.138629524422182,6.083747421972477
11,6,8,3,6,10,4.29,4.31,7.6544432264701125,5.182906515036709
11,10,8,3,6,10,4.33,3.95,7.228388451573604,5.206750173022546
12,15,8,3,6,10,4.21,3.74,8.640118538253535,6.692083742506628
12,27,8,3,6,10,4.28,4.18,6.220590170099739,5.111987788356544
12,32,8,3,6,10,4.15,3.7,6.493753839851686,5.111987788356544
4,7,8,3,6,10,4.33,4.12,11.715482561876033,7.597797644588604
17,26,8,3,6,10,4.31,3.69,7.532088143541722,6.6039438246004725
16,1,8,3,6,10,4.41,3.82,7.037905963447182,3.9318256327243257
16,48,8,3,6,10,4.31,4.21,8.633374945705647,4.61512051684126
14,30,8,3,6,10,4.2,3.62,7.305860032684009,7.139921998794036
8,13,8,3,3,11,4.29,4.36,8.01532730902172,7.6290038896529575
4,7,8,3,3,11,4.33,4.42,12.22409427602797,7.154615356913663
1,4,9,3,3,0,4.19,4.32,10.059507911994038,5.376435145811989
1,11,9,3,3,0,4.26,4.27,9.421492310438014,7.412009357365089
1,14,9,3,3,0,4.29,4.32,8.234299635696253,7.315883504509785
1,18,9,3,3,0,4.37,4.52,9.825147561084876,7.053153481671494
1,21,9,3,3,0,4.11,4.12,9.035629778183564,7.607878073278507
1,23,9,3,3,0,4.33,4.44,8.381831553485561,8.12533508671429
1,29,9,3,3,0,4.43,4.44,11.605039633877407,7.293289751601423
1,41,9,3,3,0,4.34,4.47,9.974737874064294,7.060648025085279
2,50,9,3,3,0,4.21,4.36,8.68084148294457,6.809591030194905
5,35,9,3,3,0,4.28,4.34,12.207965852282786,6.1645771648166265
5,38,9,3,3,0,4.26,4.31,12.15513718185042,6.516193076042964
6,39,9,3,3,0,4.27,4.36,10.543945728315652,6.07993319509559
8,2,9,3,3,0,4.15,4.38,8.061486866871327,4.591780948869076
8,13,9,3,3,0,4.29,4.36,8.01532730902172,6.745236349484363
8,45,9,3,3,0,4.18,4.16,7.447751280047908,7.0427231393926215
7,5,9,3,3,0,4.23,4.56,7.536363938404511,7.552762084214147
7,9,9,3,3,0,4.28,4.44,8.746080217357513,6.22455842927536
7,24,9,3,3,0,4.21,4.52,8.413387022690648,7.294377299288821
7,37,9,3,3,0,4.17,4.39,8.107720061910534,6.980540948707785
7,47,9,3,3,0,4.06,4.18,9.070733417589766,6.441584295756578
7,49,9,3,3,0,4.17,4.38,7.6577552711348655,6.023447592961033
9,8,9,3,3,0,4.05,4.13,12.20829517388327,7.426959702362994
9,17,9,3,3,0,4.24,4.38,11.029779856977546,7.0857340863419545
9,25,9,3,3,0,4.27,4.38,9.200189020919808,7.619233416226805
9,43,9,3,3,0,4.2,4.26,10.425312461760488,7.378820844174251
13,28,9,3,3,0,4.1,4.19,11.71010279299617,7.1935505725856475
15,31,9,3,3,0,4.23,4.33,8.854807632616227,7.525505195069635
10,3,9,3,3,0,4.28,4.36,11.319644067939931,7.8468245977456315
10,12,9,3,3,0,4.2,4.22,8.844336332748933,7.581719640125308
10,46,9,3,3,0,4.15,4.23,11.416161228537758,7.1113489710516316
11,6,9,3,3,0,4.29,4.4,7.018401799069201,5.876137867138306
11,10,9,3,3,0,4.33,4.5,8.668196064952765,6.759255270663693
12,15,9,3,3,0,4.21,4.39,9.85087760226383,6.297569619136539
12,27,9,3,3,0,4.28,4.57,8.998384010052538,7.4073177104694174
12,32,9,3,3,0,4.15,4.42,7.518064181233078,5.10594547390058
12,36,9,3,3,0,4.17,4.29,9.6614159913364,5.713732805509369
4,7,9,3,3,0,4.33,4.42,12.22409427602797,6.977505197170241
17,26,9,3,3,0,4.31,4.4,9.814710982145282,6.687108607866515
16,1,9,3,3,0,4.41,4.66,9.347403022364523,5.882765130184641
16,48,9,3,3,0,4.31,4.38,8.97790377375038,7.016609683894219
16,20,9,3,3,0,4.41,4.61,10.202739930102645,6.109980647340194
3,33,9,3,3,0,4.35,4.42,10.692103991155873,6.342121418721152
14,30,9,3,3,0,4.2,4.4,7.876258882303226,6.863280788880307
1,4,9,3,5,4,4.19,4.19,6.066108090103747,6.018593214496234
1,18,9,3,5,4,4.37,4.47,7.533158807455563,4.795790545596741
1,23,9,3,5,4,4.33,4.34,4.442651256490317,6.90975328164481
1,29,9,3,5,4,4.43,4.62,10.857054801145617,7.141245122350491
1,41,9,3,5,4,4.34,4.06,8.48879371689454,6.866933284461882
2,50,9,3,5,4,4.21,4.05,4.127134385045092,5.755742213586912
5,35,9,3,5,4,4.28,3.72,7.9599745280805365,8.115595594834563
5,38,9,3,5,4,4.26,3.86,8.230577217146454,7.293697720601438
6,39,9,3,5,4,4.27,3.94,8.492490578775866,9.271247306879705
8,45,9,3,5,4,4.18,3.33,3.4011973816621555,7.946971357693591
7,42,9,3,5,4,3.97,2.0,1.0986122886681098,7.294377299288821
7,47,9,3,5,4,4.06,2.7,5.680172609017068,9.547276786564419
7,49,9,3,5,4,4.17,5.0,1.0986122886681098,7.77863014732581
9,8,9,3,5,4,4.05,4.03,11.982529014194624,8.0251075390243
9,17,9,3,5,4,4.24,3.82,7.044905117129371,6.118097198041348
9,43,9,3,5,4,4.2,3.44,9.1345386585599,8.24143968982973
13,28,9,3,5,4,4.1,3.92,10.654219444947001,8.287168519400995
10,3,9,3,5,4,4.28,3.73,10.297487182535015,9.723044230753946
10,46,9,3,5,4,4.15,4.56,8.871365005136852,8.557999185808491
11,10,9,3,5,4,4.33,4.99,4.110873864173311,4.330733340286331
12,15,9,3,5,4,4.21,4.04,6.406879986069314,8.274611946209552
12,32,9,3,5,4,4.15,3.34,3.6375861597263857,7.613818684808629
12,36,9,3,5,4,4.17,4.14,7.261927092702751,6.525762527059115
4,7,9,3,5,4,4.33,4.23,10.744084440041084,7.747532069756045
16,1,9,3,5,4,4.41,5.0,2.9444389791664403,8.256996575899317
16,48,9,3,5,4,4.31,4.03,9.511185430954244,7.955365458934208
16,20,9,3,5,4,4.41,3.84,4.948759890378168,7.328437352895162
14,30,9,3,5,4,4.2,2.83,1.9459101490553132,5.831882477283517
1,4,9,3,3,5,4.19,4.32,10.059507911994038,8.565411763686711
1,11,9,3,3,5,4.26,4.27,9.421492310438014,7.036148493750536
1,18,9,3,3,5,4.37,4.52,9.825147561084876,6.063785208687608
1,21,9,3,3,5,4.11,4.12,9.035629778183564,7.607878073278507
1,23,9,3,3,5,4.33,4.44,8.381831553485561,8.863898604317479
1,29,9,3,3,5,4.43,4.44,11.605039633877407,7.118502309959795
1,41,9,3,3,5,4.34,4.47,9.974737874064294,6.317164686747284
2,50,9,3,3,5,4.21,4.36,8.68084148294457,6.6814818346589995
5,35,9,3,3,5,4.28,4.34,12.207965852282786,6.585481761760737
5,38,9,3,3,5,4.26,4.31,12.15513718185042,7.716015266642587
8,2,9,3,3,5,4.15,4.38,8.061486866871327,8.017966703493599
8,16,9,3,3,5,4.19,4.42,8.087025470667701,4.61512051684126
8,45,9,3,3,5,4.18,4.16,7.447751280047908,5.5254529391317835
7,5,9,3,3,5,4.23,4.56,7.536363938404511,8.369388996647842
7,24,9,3,3,5,4.21,4.52,8.413387022690648,6.7621513051233455
7,37,9,3,3,5,4.17,4.39,8.107720061910534,6.513230110912307
7,47,9,3,3,5,4.06,4.18,9.070733417589766,7.5480289699350145
9,8,9,3,3,5,4.05,4.13,12.20829517388327,7.079352872413116
9,17,9,3,3,5,4.24,4.38,11.029779856977546,6.156978985585555
9,43,9,3,3,5,4.2,4.26,10.425312461760488,5.8650506222523235
13,28,9,3,3,5,4.1,4.19,11.71010279299617,7.985630704091237
15,31,9,3,3,5,4.23,4.33,8.854807632616227,7.936184702687545
10,3,9,3,3,5,4.28,4.36,11.319644067939931,8.08717921038666
10,12,9,3,3,5,4.2,4.22,8.844336332748933,5.111987788356544
10,46,9,3,3,5,4.15,4.23,11.416161228537758,7.687309487282821
11,6,9,3,3,5,4.29,4.4,7.018401799069201,5.641907070938114
11,10,9,3,3,5,4.33,4.5,8.668196064952765,6.26862268672843
12,15,9,3,3,5,4.21,4.39,9.85087760226383,5.936665113391144
12,32,9,3,3,5,4.15,4.42,7.518064181233078,6.940222469119639
4,7,9,3,3,5,4.33,4.42,12.22409427602797,7.215761901328329
16,1,9,3,3,5,4.41,4.66,9.347403022364523,8.443869526997394
16,48,9,3,3,5,4.31,4.38,8.97790377375038,7.815477404981358
16,20,9,3,3,5,4.41,4.61,10.202739930102645,7.842671474979457
3,33,9,3,3,5,4.35,4.42,10.692103991155873,9.141311785565748
14,30,9,3,3,5,4.2,4.4,7.876258882303226,7.860956364876389
1,11,9,3,0,7,4.26,4.57,3.871201010907891,6.671184484353897
1,18,9,3,0,7,4.37,4.81,6.648984550024776,6.911747300251674
1,29,9,3,0,7,4.43,4.84,7.241366283322318,7.201670385653517
1,41,9,3,0,7,4.34,4.76,9.008346579384707,6.025865973825314
2,22,9,3,0,7,4.25,4.6,3.713572066704308,7.7306140660637395
2,50,9,3,0,7,4.21,4.03,3.58351893845611,8.197401065046224
5,35,9,3,0,7,4.28,3.71,6.095824562432225,7.6165789389270895
5,38,9,3,0,7,4.26,4.31,4.290459441148391,6.302618975744905
8,2,9,3,0,7,4.15,4.88,3.5263605246161616,6.601909235902685
9,8,9,3,0,7,4.05,4.67,8.271804031154709,6.43794363130676
9,17,9,3,0,7,4.24,4.57,5.214935757608986,6.6934723561001235
9,43,9,3,0,7,4.2,4.67,6.1779441140506,8.61323037961318
13,28,9,3,0,7,4.1,4.71,8.675392806089782,7.653115330989016
15,31,9,3,0,7,4.23,4.63,4.912654885736052,4.430816798843313
10,3,9,3,0,7,4.28,4.52,6.634633357861686,7.325148957955575
10,12,9,3,0,7,0.0,0.0,0.0,6.22455842927536
10,46,9,3,0,7,4.15,4.79,5.91350300563827,6.440946540632921
12,15,9,3,0,7,4.21,4.21,4.330733340286331,4.394449154672439
4,7,9,3,0,7,4.33,4.86,7.69484807238461,7.565042094091006
17,26,9,3,0,7,4.31,4.62,4.709530201312334,3.4339872044851463
16,1,9,3,0,7,4.41,4.37,5.717027701406222,6.030685260261263
16,48,9,3,0,7,4.31,4.31,5.768320995793772,6.656083644053389
16,20,9,3,0,7,4.41,4.44,7.003065458786462,6.945051063725834
14,30,9,3,0,7,4.2,3.99,5.771441123130016,4.189654742026425
1,18,9,3,6,1,4.37,3.92,9.296609807128359,5.924255797414532
1,29,9,3,6,1,4.43,4.3,10.933767465827414,7.454141078146678
1,41,9,3,6,1,4.34,4.05,10.572700582800442,5.980580530505903
2,22,9,3,6,1,4.25,3.85,7.165493475060845,3.9318256327243257
2,50,9,3,6,1,4.21,3.75,7.387090235656757,4.204692619390966
6,39,9,3,6,1,4.27,4.02,8.669055540725484,4.795790545596741
8,2,9,3,6,1,4.15,4.21,6.352629396319567,6.637258031284457
9,8,9,3,6,1,4.05,3.95,11.693111409633762,6.495265555937008
9,17,9,3,6,1,4.24,3.8,9.46164368908425,5.802118375377063
9,43,9,3,6,1,4.2,4.1,10.031484910599483,4.2626798770413155
13,28,9,3,6,1,4.1,3.85,11.51722620352192,6.821107472256465
10,3,9,3,6,1,4.28,4.03,11.343204190152012,6.138094157321945
10,46,9,3,6,1,4.15,3.72,9.138629524422182,4.5591262474866845
12,36,9,3,6,1,4.17,4.0,8.03689677268507,3.58351893845611
4,7,9,3,6,1,4.33,4.12,11.715482561876033,5.4875731591948895
16,48,9,3,6,1,4.31,4.21,8.633374945705647,3.4339872044851463
16,20,9,3,6,1,4.41,4.14,8.61323037961318,6.102871744682113
1,4,9,3,2,2,4.19,4.31,5.476463551931511,5.707110264748875
1,18,9,3,2,2,4.37,4.48,5.087596335232384,6.246106765481563
1,23,9,3,2,2,4.33,4.24,6.641182169740591,3.9318256327243257
1,29,9,3,2,2,4.43,4.25,7.053585727193677,6.309918278226516
1,41,9,3,2,2,4.34,3.68,6.068425588244111,6.164366881985445
2,50,9,3,2,2,4.21,3.75,5.0689042022202315,7.103733162223577
5,35,9,3,2,2,4.28,4.32,5.176149732573829,5.777652323222656
8,13,9,3,2,2,4.29,4.21,5.056245805348308,7.457609289715606
7,5,9,3,2,2,4.23,3.61,5.159055299214529,8.663023639627777
7,34,9,3,2,2,4.35,5.0,2.833213344056216,7.825644732219989
7,47,9,3,2,2,4.06,4.45,4.430816798843313,4.795790545596741
9,8,9,3,2,2,4.05,3.9,7.61085279039525,8.90473869822145
9,17,9,3,2,2,4.24,4.07,6.683360945766275,8.740336742730447
13,28,9,3,2,2,4.1,3.97,7.393263094763838,8.729041187468514
10,3,9,3,2,2,4.28,4.26,5.973809611869261,5.564520407322694
10,46,9,3,2,2,4.15,4.49,6.432940092739179,8.945593270806897
12,36,9,3,2,2,4.17,4.43,4.787491742782046,6.3578422665081
4,7,9,3,2,2,4.33,4.21,5.6937321388027,8.559741055766002
17,26,9,3,2,2,4.31,4.09,5.8971538676367405,8.452974619089586
16,48,9,3,2,2,4.31,4.87,6.678342114654332,8.830543010616596
3,33,9,3,2,2,4.35,4.4,4.532599493153256,8.183955717304954
1,4,9,3,4,3,4.19,4.25,9.569342605674006,7.016699365971316
1,11,9,3,4,3,4.26,4.35,9.083642718930225,6.970936629580262
1,14,9,3,4,3,4.29,4.3,11.45065636674335,7.218418744625609
1,18,9,3,4,3,4.37,4.35,11.938474206640247,6.813664355582541
1,23,9,3,4,3,4.33,4.3,9.695047867587114,7.2015436698656785
1,29,9,3,4,3,4.43,4.43,11.971956616148274,6.716836874962664
1,41,9,3,4,3,4.34,4.41,12.293533921300169,6.786073402714764
2,22,9,3,4,3,4.25,4.12,9.29807648628027,7.174724309836376
2,50,9,3,4,3,4.21,4.34,10.629900249210682,6.678090510677662
5,35,9,3,4,3,4.28,4.27,10.847315627403372,6.838726692571701
5,38,9,3,4,3,4.26,4.28,11.106234605936246,6.849850704480606
6,39,9,3,4,3,4.27,4.28,10.222232150439726,6.694970390983631
8,2,9,3,4,3,4.15,4.09,8.20631072579402,6.661854740545311
8,13,9,3,4,3,4.29,4.33,8.891098830616636,6.498282149476434
8,16,9,3,4,3,4.19,4.27,9.530392824458414,5.017279836814924
8,45,9,3,4,3,4.18,4.19,10.9289913693836,6.231327546228959
7,9,9,3,4,3,4.28,4.35,9.892274925322026,5.573407998484993
7,37,9,3,4,3,4.17,4.24,10.37264707562448,6.391246872080648
7,42,9,3,4,3,3.97,4.17,8.748463629942055,7.323830566202317
7,47,9,3,4,3,4.06,4.14,9.524859098381523,6.529535619764168
7,49,9,3,4,3,4.17,4.19,8.67812085552252,5.666426688112432
9,8,9,3,4,3,4.05,4.07,13.503646442559258,6.857818958226119
9,17,9,3,4,3,4.24,4.24,10.837932494990325,7.140373800658865
9,25,9,3,4,3,4.27,4.29,8.877939834725023,5.490300433612623
9,43,9,3,4,3,4.2,4.23,10.886314808210527,6.987647206058082
18,51,9,3,4,3,0.0,0.0,0.0,6.396929655216146
13,28,9,3,4,3,4.1,4.15,13.035643594260717,6.3822220263438725
15,31,9,3,4,3,4.23,4.25,9.887408982323437,6.608445870289377
10,3,9,3,4,3,4.28,4.28,11.125629297477385,7.310449886127634
10,12,9,3,4,3,4.2,4.14,9.488956472414216,6.657690070101663
10,46,9,3,4,3,4.15,4.25,11.648382502350232,6.700632703722106
11,6,9,3,4,3,4.29,4.26,9.817330356084954,5.604183109433446
11,10,9,3,4,3,4.33,4.31,10.065393794379148,6.173431874503444
12,15,9,3,4,3,4.21,4.26,10.823750385162683,6.344073737058987
12,27,9,3,4,3,4.28,4.33,9.090768236835338,7.964677140596038
12,32,9,3,4,3,4.15,4.18,8.778941881841513,5.10594547390058
12,36,9,3,4,3,4.17,4.07,9.67363403969682,6.732603954522419
4,7,9,3,4,3,4.33,4.21,11.584492354162721,6.793017601511714
17,26,9,3,4,3,4.31,4.29,9.349580439067687,7.781693679300745
16,1,9,3,4,3,4.41,4.46,8.96341629199657,6.171094986090446
16,48,9,3,4,3,4.31,4.38,10.940685324169365,6.776073603147667
16,20,9,3,4,3,4.41,4.43,10.201738576337144,6.578236808788192
3,33,9,3,4,3,4.35,4.37,10.615530086198365,6.486465620527001
14,30,9,3,4,3,4.2,4.32,9.13873695311649,7.001546123362527
1,4,9,3,1,6,4.19,4.23,7.820439515262181,5.707110264748875
1,23,9,3,1,6,4.33,4.55,6.184148890937483,3.9318256327243257
1,29,9,3,1,6,4.43,4.36,9.878836189094999,6.450470422144176
1,41,9,3,1,6,4.34,3.84,8.93260863037757,4.976733742420574
5,35,9,3,1,6,4.28,3.9,9.907828118634548,6.22455842927536
8,13,9,3,1,6,4.29,4.64,4.997212273764115,7.457609289715606
9,8,9,3,1,6,4.05,3.75,11.465645160388927,9.260399254791166
13,28,9,3,1,6,4.1,3.83,11.405306846159862,9.402983477842008
10,46,9,3,1,6,4.15,3.72,11.305655262812309,9.295600215927006
4,7,9,3,1,6,4.33,4.17,10.00676590198963,7.401231264413015
17,26,9,3,1,6,4.31,4.36,6.771935555839602,8.452974619089586
16,48,9,3,1,6,4.31,3.8,6.543911845564792,8.830543010616596
3,33,9,3,1,6,4.35,4.23,7.802209316247118,8.183955717304954
1,18,9,3,4,8,4.37,4.35,11.938474206640247,7.044905117129371
1,23,9,3,4,8,4.33,4.3,9.695047867587114,7.631916513071252
1,29,9,3,4,8,4.43,4.43,11.971956616148274,5.993961427306569
1,41,9,3,4,8,4.34,4.41,12.293533921300169,6.585481761760737
2,50,9,3,4,8,4.21,4.34,10.629900249210682,5.847882818629958
8,45,9,3,4,8,4.18,4.19,10.9289913693836,6.571345040439003
7,37,9,3,4,8,4.17,4.24,10.37264707562448,5.725217755376266
7,47,9,3,4,8,4.06,4.14,9.524859098381523,6.20455776256869
9,8,9,3,4,8,4.05,4.07,13.503646442559258,6.890100343743416
9,43,9,3,4,8,4.2,4.23,10.886314808210527,7.414874040816802
13,28,9,3,4,8,4.1,4.15,13.035643594260717,4.795790545596741
10,46,9,3,4,8,4.15,4.25,11.648382502350232,7.213031659834869
4,7,9,3,4,8,4.33,4.21,11.584492354162721,6.251903883165888
16,1,9,3,4,8,4.41,4.46,8.96341629199657,7.805882040228621
16,48,9,3,4,8,4.31,4.38,10.940685324169365,6.212606095751519
1,4,9,3,6,9,4.19,3.72,8.587278798982926,7.005163256868608
1,11,9,3,6,9,4.26,4.08,7.759614150696903,6.7864799021953
1,14,9,3,6,9,4.29,4.3,7.554334823725748,7.465781232371517
1,18,9,3,6,9,4.37,3.92,9.296609807128359,6.984716320118266
1,23,9,3,6,9,4.33,4.0,6.900730664045173,7.206948345007351
1,29,9,3,6,9,4.43,4.3,10.933767465827414,7.578631287895852
1,41,9,3,6,9,4.34,4.05,10.572700582800442,7.316548177182976
2,22,9,3,6,9,4.25,3.85,7.165493475060845,7.571154339381032
2,44,9,3,6,9,4.28,4.35,6.85751406254539,7.304347808586703
2,50,9,3,6,9,4.21,3.75,7.387090235656757,7.3154379265312555
5,35,9,3,6,9,4.28,4.24,11.771783590108432,7.139985421897508
5,38,9,3,6,9,4.26,4.06,11.045670055905612,7.240778718189585
6,39,9,3,6,9,4.27,4.02,8.669055540725484,6.793600652679757
8,2,9,3,6,9,4.15,4.21,6.352629396319567,7.294037567673527
8,13,9,3,6,9,4.29,4.17,5.955837369464831,7.187770536372886
8,16,9,3,6,9,4.19,3.91,6.634633357861686,7.054881343872431
8,19,9,3,6,9,4.04,3.23,6.104793232414985,6.884895984836055
8,45,9,3,6,9,4.18,3.99,6.075346031088684,7.827938425571636
7,5,9,3,6,9,4.23,4.04,5.986452005284438,7.370230641807081
7,9,9,3,6,9,4.28,3.95,6.878326468291325,6.930074345231403
7,24,9,3,6,9,4.21,3.97,7.300472814267799,6.796823718274855
7,34,9,3,6,9,4.35,4.23,5.940171252720432,6.998281305681508
7,37,9,3,6,9,4.17,3.66,8.216628493133443,6.591673732008658
7,40,9,3,6,9,4.07,3.91,5.575949103146316,6.994483282491961
7,42,9,3,6,9,3.97,4.2,5.043425116919247,6.810142450115136
7,47,9,3,6,9,4.06,4.01,7.165493475060845,7.279594659440641
7,49,9,3,6,9,4.17,4.27,6.137727054086234,7.224651434072312
9,8,9,3,6,9,4.05,3.95,11.693111409633762,7.246966617977849
9,17,9,3,6,9,4.24,3.8,9.46164368908425,7.115094598751379
9,25,9,3,6,9,4.27,3.84,7.077498053569231,6.824514964408393
9,43,9,3,6,9,4.2,4.1,10.031484910599483,6.861575205560342
18,51,9,3,6,9,0.0,0.0,0.0,4.61512051684126
13,28,9,3,6,9,4.1,3.85,11.51722620352192,7.375230715039039
15,31,9,3,6,9,4.23,3.72,7.850103545175582,7.4980942395604
10,3,9,3,6,9,4.28,4.03,11.343204190152012,7.434032903307044
10,12,9,3,6,9,4.2,3.88,7.786136437783072,7.003610764625658
10,46,9,3,6,9,4.15,3.72,9.138629524422182,7.013051792591876
11,6,9,3,6,9,4.29,4.31,7.6544432264701125,6.933812813301427
11,10,9,3,6,9,4.33,3.95,7.228388451573604,6.943286502021793
12,15,9,3,6,9,4.21,3.74,8.640118538253535,6.991130887903188
12,27,9,3,6,9,4.28,4.18,6.220590170099739,7.370337688974054
12,32,9,3,6,9,4.15,3.7,6.493753839851686,7.366919119424236
12,36,9,3,6,9,4.17,4.0,8.03689677268507,7.098127673965803
4,7,9,3,6,9,4.33,4.12,11.715482561876033,7.250181185855144
17,26,9,3,6,9,4.31,3.69,7.532088143541722,7.459338895220296
16,1,9,3,6,9,4.41,3.82,7.037905963447182,6.855619524561608
16,48,9,3,6,9,4.31,4.21,8.633374945705647,7.32099673940191
16,20,9,3,6,9,4.41,4.14,8.61323037961318,7.027536317301194
3,33,9,3,6,9,4.35,4.18,9.172326929777967,7.016663494105616
14,30,9,3,6,9,4.2,3.62,7.305860032684009,6.988413181999592
1,4,9,3,6,10,4.19,3.72,8.587278798982926,6.518409552753856
1,11,9,3,6,10,4.26,4.08,7.759614150696903,7.556427969440253
1,14,9,3,6,10,4.29,4.3,7.554334823725748,6.0928245714604
1,18,9,3,6,10,4.37,3.92,9.296609807128359,6.004504160615785
1,29,9,3,6,10,4.43,4.3,10.933767465827414,7.688455356549944
1,41,9,3,6,10,4.34,4.05,10.572700582800442,7.055744156695586
2,50,9,3,6,10,4.21,3.75,7.387090235656757,6.746024274284191
5,35,9,3,6,10,4.28,4.24,11.771783590108432,6.607555181971383
5,38,9,3,6,10,4.26,4.06,11.045670055905612,5.977872593588515
6,39,9,3,6,10,4.27,4.02,8.669055540725484,6.608000625296087
8,2,9,3,6,10,4.15,4.21,6.352629396319567,6.984716320118266
8,13,9,3,6,10,4.29,4.17,5.955837369464831,6.473890696352274
7,37,9,3,6,10,4.17,3.66,8.216628493133443,6.147762918992699
7,47,9,3,6,10,4.06,4.01,7.165493475060845,6.773080375655535
9,8,9,3,6,10,4.05,3.95,11.693111409633762,7.20934025660291
9,17,9,3,6,10,4.24,3.8,9.46164368908425,4.663439094112067
9,43,9,3,6,10,4.2,4.1,10.031484910599483,7.066893500320434
13,28,9,3,6,10,4.1,3.85,11.51722620352192,6.561497317959371
10,3,9,3,6,10,4.28,4.03,11.343204190152012,5.568344503761097
10,46,9,3,6,10,4.15,3.72,9.138629524422182,6.427022295523316
11,6,9,3,6,10,4.29,4.31,7.6544432264701125,5.172130366297652
11,10,9,3,6,10,4.33,3.95,7.228388451573604,6.966212848553706
12,15,9,3,6,10,4.21,3.74,8.640118538253535,6.618298298980117
12,27,9,3,6,10,4.28,4.18,6.220590170099739,7.4073177104694174
12,32,9,3,6,10,4.15,3.7,6.493753839851686,5.10594547390058
12,36,9,3,6,10,4.17,4.0,8.03689677268507,6.692083742506628
4,7,9,3,6,10,4.33,4.12,11.715482561876033,6.880466298744467
16,1,9,3,6,10,4.41,3.82,7.037905963447182,6.317164686747284
16,48,9,3,6,10,4.31,4.21,8.633374945705647,6.917705609835305
3,33,9,3,6,10,4.35,4.18,9.172326929777967,6.70196036600254
14,30,9,3,6,10,4.2,3.62,7.305860032684009,6.8684945650288345
9,43,9,3,3,11,4.2,4.26,10.425312461760488,5.8971538676367405
1,4,10,2,3,0,4.19,4.32,10.059507911994038,6.736492349544916
1,11,10,2,3,0,4.26,4.27,9.421492310438014,7.423687840116273
1,14,10,2,3,0,4.29,4.32,8.234299635696253,7.291656209174461
1,18,10,2,3,0,4.37,4.52,9.825147561084876,6.82567716794653
1,21,10,2,3,0,4.11,4.12,9.035629778183564,8.560827228436299
1,23,10,2,3,0,4.33,4.44,8.381831553485561,6.876264611890766
1,29,10,2,3,0,4.43,4.44,11.605039633877407,6.142037405587356
1,41,10,2,3,0,4.34,4.47,9.974737874064294,6.9263316645550725
2,50,10,2,3,0,4.21,4.36,8.68084148294457,6.8065527734729745
5,35,10,2,3,0,4.28,4.34,12.207965852282786,4.856473503096157
5,38,10,2,3,0,4.26,4.31,12.15513718185042,6.803316560560887
6,39,10,2,3,0,4.27,4.36,10.543945728315652,6.085250839112145
8,2,10,2,3,0,4.15,4.38,8.061486866871327,5.817111159963204
8,13,10,2,3,0,4.29,4.36,8.01532730902172,6.495265555937008
8,19,10,2,3,0,4.04,4.19,7.1731917424865985,7.448333860897476
8,45,10,2,3,0,4.18,4.16,7.447751280047908,6.791502322157887
7,5,10,2,3,0,4.23,4.56,7.536363938404511,7.545389749611823
7,24,10,2,3,0,4.21,4.52,8.413387022690648,7.022422353960263
7,37,10,2,3,0,4.17,4.39,8.107720061910534,7.060476365999801
7,42,10,2,3,0,3.97,4.14,7.934871565945177,5.056245805348308
7,47,10,2,3,0,4.06,4.18,9.070733417589766,6.550837448405976
7,49,10,2,3,0,4.17,4.38,7.6577552711348655,5.41610040220442
9,8,10,2,3,0,4.05,4.13,12.20829517388327,7.133694917598348
9,17,10,2,3,0,4.24,4.38,11.029779856977546,6.865432158335615
9,25,10,2,3,0,4.27,4.38,9.200189020919808,7.2411298656930585
9,43,10,2,3,0,4.2,4.26,10.425312461760488,6.842021376994813
13,28,10,2,3,0,4.1,4.19,11.71010279299617,6.565968947537155
15,31,10,2,3,0,4.23,4.33,8.854807632616227,4.624972813284271
10,3,10,2,3,0,4.28,4.36,11.319644067939931,7.2522169435299695
10,12,10,2,3,0,4.2,4.22,8.844336332748933,5.096812990337308
10,46,10,2,3,0,4.15,4.23,11.416161228537758,7.361712094027392
11,6,10,2,3,0,4.29,4.4,7.018401799069201,5.864028823798298
11,10,10,2,3,0,4.33,4.5,8.668196064952765,6.716134619240084
12,15,10,2,3,0,4.21,4.39,9.85087760226383,6.542471960506805
12,27,10,2,3,0,4.28,4.57,8.998384010052538,7.384299968771254
12,36,10,2,3,0,4.17,4.29,9.6614159913364,5.717027701406222
4,7,10,2,3,0,4.33,4.42,12.22409427602797,6.9454459761037635
17,26,10,2,3,0,4.31,4.4,9.814710982145282,5.111987788356544
16,1,10,2,3,0,4.41,4.66,9.347403022364523,5.899513718360073
16,48,10,2,3,0,4.31,4.38,8.97790377375038,6.456251467960954
16,20,10,2,3,0,4.41,4.61,10.202739930102645,5.940618521102067
3,33,10,2,3,0,4.35,4.42,10.692103991155873,6.69000963272952
14,30,10,2,3,0,4.2,4.4,7.876258882303226,6.465631373210922
1,11,10,2,5,4,4.26,4.74,3.6888794541139363,9.13637085177601
1,18,10,2,5,4,4.37,4.47,7.533158807455563,5.799092654460526
1,23,10,2,5,4,4.33,4.34,4.442651256490317,6.2166061010848646
1,29,10,2,5,4,4.43,4.62,10.857054801145617,6.860454005864124
1,41,10,2,5,4,4.34,4.06,8.48879371689454,7.2606982678311915
2,22,10,2,5,4,4.25,4.88,6.280395838960195,4.51085950651685
2,50,10,2,5,4,4.21,4.05,4.127134385045092,6.744059186311348
5,35,10,2,5,4,4.28,3.72,7.9599745280805365,7.87331225215921
5,38,10,2,5,4,4.26,3.86,8.230577217146454,6.775594375379798
6,39,10,2,5,4,4.27,3.94,8.492490578775866,8.911597352164977
8,2,10,2,5,4,4.15,4.08,2.302585092994046,5.44673737166631
8,45,10,2,5,4,4.18,3.33,3.4011973816621555,5.75890177387728
7,47,10,2,5,4,4.06,2.7,5.680172609017068,8.850338471277762
7,49,10,2,5,4,4.17,5.0,1.0986122886681098,7.534762657037537
9,8,10,2,5,4,4.05,4.03,11.982529014194624,7.694492979760887
9,17,10,2,5,4,4.24,3.82,7.044905117129371,6.953684210870537
9,43,10,2,5,4,4.2,3.44,9.1345386585599,6.604621101971435
13,28,10,2,5,4,4.1,3.92,10.654219444947001,8.230132259350153
10,3,10,2,5,4,4.28,3.73,10.297487182535015,5.595937393538776
10,46,10,2,5,4,4.15,4.56,8.871365005136852,8.086794816762861
11,10,10,2,5,4,4.33,4.99,4.110873864173311,4.61512051684126
12,15,10,2,5,4,4.21,4.04,6.406879986069314,8.23650791751455
12,36,10,2,5,4,4.17,4.14,7.261927092702751,9.120196822123217
4,7,10,2,5,4,4.33,4.23,10.744084440041084,8.00131147378955
17,26,10,2,5,4,4.31,4.81,2.3978952727983707,8.028455164114252
16,1,10,2,5,4,4.41,5.0,2.9444389791664403,5.846438775057725
16,48,10,2,5,4,4.31,4.03,9.511185430954244,7.8468832447590495
16,20,10,2,5,4,4.41,3.84,4.948759890378168,6.61338421837956
3,33,10,2,5,4,4.35,3.91,7.779048644925556,5.5254529391317835
14,30,10,2,5,4,4.2,2.83,1.9459101490553132,7.674770760119723
1,4,10,2,3,5,4.19,4.32,10.059507911994038,5.786897381366708
1,11,10,2,3,5,4.26,4.27,9.421492310438014,7.100645787125326
1,18,10,2,3,5,4.37,4.52,9.825147561084876,7.543802867501509
1,21,10,2,3,5,4.11,4.12,9.035629778183564,8.560827228436299
1,23,10,2,3,5,4.33,4.44,8.381831553485561,7.395107546562485
1,29,10,2,3,5,4.43,4.44,11.605039633877407,7.655272266607606
1,41,10,2,3,5,4.34,4.47,9.974737874064294,5.983432375410718
2,50,10,2,3,5,4.21,4.36,8.68084148294457,7.736961903949179
5,35,10,2,3,5,4.28,4.34,12.207965852282786,5.54907608489522
5,38,10,2,3,5,4.26,4.31,12.15513718185042,6.9584483932976555
6,39,10,2,3,5,4.27,4.36,10.543945728315652,6.434546518787453
8,2,10,2,3,5,4.15,4.38,8.061486866871327,7.695871672132784
8,13,10,2,3,5,4.29,4.36,8.01532730902172,7.498315870766981
8,16,10,2,3,5,4.19,4.42,8.087025470667701,3.4339872044851463
8,19,10,2,3,5,4.04,4.19,7.1731917424865985,7.837948916025283
7,9,10,2,3,5,4.28,4.44,8.746080217357513,3.9318256327243257
7,24,10,2,3,5,4.21,4.52,8.413387022690648,7.1376758145753705
7,37,10,2,3,5,4.17,4.39,8.107720061910534,6.301702805273125
7,47,10,2,3,5,4.06,4.18,9.070733417589766,7.140056768081112
9,8,10,2,3,5,4.05,4.13,12.20829517388327,7.394560714030143
9,17,10,2,3,5,4.24,4.38,11.029779856977546,5.908979275469038
9,43,10,2,3,5,4.2,4.26,10.425312461760488,6.699254004404797
13,28,10,2,3,5,4.1,4.19,11.71010279299617,6.97143405564532
15,31,10,2,3,5,4.23,4.33,8.854807632616227,6.92395337855091
10,3,10,2,3,5,4.28,4.36,11.319644067939931,7.407141724110939
10,46,10,2,3,5,4.15,4.23,11.416161228537758,7.7336835707759
11,6,10,2,3,5,4.29,4.4,7.018401799069201,6.450470422144176
11,10,10,2,3,5,4.33,4.5,8.668196064952765,7.254177846456518
12,15,10,2,3,5,4.21,4.39,9.85087760226383,5.778673473497827
12,36,10,2,3,5,4.17,4.29,9.6614159913364,3.9318256327243257
4,7,10,2,3,5,4.33,4.42,12.22409427602797,7.640546160146634
16,1,10,2,3,5,4.41,4.66,9.347403022364523,8.203851372183879
16,48,10,2,3,5,4.31,4.38,8.97790377375038,7.262628600974241
16,20,10,2,3,5,4.41,4.61,10.202739930102645,7.4109518755836366
14,30,10,2,3,5,4.2,4.4,7.876258882303226,7.1508975168030355
1,11,10,2,0,7,4.26,4.57,3.871201010907891,4.61512051684126
1,18,10,2,0,7,4.37,4.81,6.648984550024776,4.02535169073515
1,29,10,2,0,7,4.43,4.84,7.241366283322318,7.24231855183374
1,41,10,2,0,7,4.34,4.76,9.008346579384707,6.482342533064276
2,50,10,2,0,7,4.21,4.03,3.58351893845611,6.956545443151569
5,35,10,2,0,7,4.28,3.71,6.095824562432225,6.271933165041461
5,38,10,2,0,7,4.26,4.31,4.290459441148391,6.233763457461933
8,2,10,2,0,7,4.15,4.88,3.5263605246161616,7.036588150825105
9,8,10,2,0,7,4.05,4.67,8.271804031154709,7.057570861553164
9,17,10,2,0,7,4.24,4.57,5.214935757608986,7.054276931644904
13,28,10,2,0,7,4.1,4.71,8.675392806089782,7.596794031497539
10,3,10,2,0,7,4.28,4.52,6.634633357861686,7.4821189235521155
10,46,10,2,0,7,4.15,4.79,5.91350300563827,7.05142262879455
11,6,10,2,0,7,0.0,0.0,0.0,4.394449154672439
12,15,10,2,0,7,4.21,4.21,4.330733340286331,5.2548878086207
12,36,10,2,0,7,4.17,4.41,5.472270673671475,5.093750200806762
4,7,10,2,0,7,4.33,4.86,7.69484807238461,7.838974031440529
16,1,10,2,0,7,4.41,4.37,5.717027701406222,5.846438775057725
16,48,10,2,0,7,4.31,4.31,5.768320995793772,6.61472560020376
3,33,10,2,0,7,4.35,4.33,4.8283137373023015,6.327936783729195
14,30,10,2,0,7,4.2,3.99,5.771441123130016,6.748759547491679
1,4,10,2,6,1,4.19,3.72,8.587278798982926,6.423246963533519
1,18,10,2,6,1,4.37,3.92,9.296609807128359,7.315218389752975
1,23,10,2,6,1,4.33,4.0,6.900730664045173,6.455198563340122
1,29,10,2,6,1,4.43,4.3,10.933767465827414,7.556166565700691
1,41,10,2,6,1,4.34,4.05,10.572700582800442,5.883322388488279
2,44,10,2,6,1,4.28,4.35,6.85751406254539,3.828641396489095
2,50,10,2,6,1,4.21,3.75,7.387090235656757,6.765811458040167
5,35,10,2,6,1,4.28,4.24,11.771783590108432,3.9318256327243257
5,38,10,2,6,1,4.26,4.06,11.045670055905612,4.709530201312334
8,2,10,2,6,1,4.15,4.21,6.352629396319567,5.0072963928307415
8,16,10,2,6,1,4.19,3.91,6.634633357861686,3.9318256327243257
7,47,10,2,6,1,4.06,4.01,7.165493475060845,6.428105272684596
9,8,10,2,6,1,4.05,3.95,11.693111409633762,6.216406480363571
9,17,10,2,6,1,4.24,3.8,9.46164368908425,4.890349128221754
9,43,10,2,6,1,4.2,4.1,10.031484910599483,6.091309882077698
13,28,10,2,6,1,4.1,3.85,11.51722620352192,6.1119107001838495
10,3,10,2,6,1,4.28,4.03,11.343204190152012,5.947460411609927
10,46,10,2,6,1,4.15,3.72,9.138629524422182,3.8501476017100584
12,15,10,2,6,1,4.21,3.74,8.640118538253535,8.59489469908009
4,7,10,2,6,1,4.33,4.12,11.715482561876033,5.970419648512232
17,26,10,2,6,1,4.31,3.69,7.532088143541722,3.9318256327243257
16,20,10,2,6,1,4.41,4.14,8.61323037961318,5.256348881725535
3,33,10,2,6,1,4.35,4.18,9.172326929777967,4.394449154672439
14,30,10,2,6,1,4.2,3.62,7.305860032684009,5.717027701406222
1,11,10,2,2,2,4.26,4.12,5.652489180268651,5.303304908059076
1,29,10,2,2,2,4.43,4.25,7.053585727193677,6.478509642208569
1,41,10,2,2,2,4.34,3.68,6.068425588244111,6.891625897052253
2,44,10,2,2,2,4.28,4.17,8.530109416682784,7.831617276352611
2,50,10,2,2,2,4.21,3.75,5.0689042022202315,8.20849175174038
5,35,10,2,2,2,4.28,4.32,5.176149732573829,7.261695486936838
8,13,10,2,2,2,4.29,4.21,5.056245805348308,7.966472226986991
7,24,10,2,2,2,4.21,3.98,4.990432586778736,5.808142489980444
7,34,10,2,2,2,4.35,5.0,2.833213344056216,5.5254529391317835
7,40,10,2,2,2,4.07,4.22,5.517452896464707,3.912023005428146
7,47,10,2,2,2,4.06,4.45,4.430816798843313,4.795790545596741
9,8,10,2,2,2,4.05,3.9,7.61085279039525,7.863505157120602
9,25,10,2,2,2,4.27,3.88,4.382026634673881,5.942799375126701
9,43,10,2,2,2,4.2,4.01,7.478734825567875,6.1092475827643655
13,28,10,2,2,2,4.1,3.97,7.393263094763838,8.94803360585563
10,3,10,2,2,2,4.28,4.26,5.973809611869261,5.564520407322694
10,46,10,2,2,2,4.15,4.49,6.432940092739179,7.3938782901077555
12,36,10,2,2,2,4.17,4.43,4.787491742782046,6.18826412308259
4,7,10,2,2,2,4.33,4.21,5.6937321388027,7.058328137461511
17,26,10,2,2,2,4.31,4.09,5.8971538676367405,8.082504194976604
3,33,10,2,2,2,4.35,4.4,4.532599493153256,8.072779333169498
1,4,10,2,4,3,4.19,4.25,9.569342605674006,7.203777475708919
1,11,10,2,4,3,4.26,4.35,9.083642718930225,6.9975959829819265
1,14,10,2,4,3,4.29,4.3,11.45065636674335,7.22983877815125
1,18,10,2,4,3,4.37,4.35,11.938474206640247,6.665963933295444
1,23,10,2,4,3,4.33,4.3,9.695047867587114,6.439877388751418
1,29,10,2,4,3,4.43,4.43,11.971956616148274,6.96718389174715
1,41,10,2,4,3,4.34,4.41,12.293533921300169,6.7180827700211
2,22,10,2,4,3,4.25,4.12,9.29807648628027,6.976039899718727
2,44,10,2,4,3,4.28,4.27,9.307104040408491,7.348587530927593
2,50,10,2,4,3,4.21,4.34,10.629900249210682,6.21802226352198
5,35,10,2,4,3,4.28,4.27,10.847315627403372,6.883718701153896
5,38,10,2,4,3,4.26,4.28,11.106234605936246,6.904640432881948
6,39,10,2,4,3,4.27,4.28,10.222232150439726,6.483489541410255
8,2,10,2,4,3,4.15,4.09,8.20631072579402,6.70359293926321
8,13,10,2,4,3,4.29,4.33,8.891098830616636,7.4815557019095165
8,16,10,2,4,3,4.19,4.27,9.530392824458414,7.167809184316444
8,19,10,2,4,3,4.04,4.18,8.725832056527565,4.394449154672439
8,45,10,2,4,3,4.18,4.19,10.9289913693836,6.182704549409183
7,5,10,2,4,3,4.23,4.42,9.503606822721864,4.61512051684126
7,9,10,2,4,3,4.28,4.35,9.892274925322026,4.709530201312334
7,24,10,2,4,3,4.21,4.22,9.86110183603969,5.5254529391317835
7,37,10,2,4,3,4.17,4.24,10.37264707562448,6.466284683338689
7,42,10,2,4,3,3.97,4.17,8.748463629942055,5.084505142662711
7,47,10,2,4,3,4.06,4.14,9.524859098381523,6.673184181268931
7,49,10,2,4,3,4.17,4.19,8.67812085552252,5.097852205517793
9,8,10,2,4,3,4.05,4.07,13.503646442559258,6.715116684106136
9,17,10,2,4,3,4.24,4.24,10.837932494990325,6.401037871594
9,25,10,2,4,3,4.27,4.29,8.877939834725023,6.346951285409905
9,43,10,2,4,3,4.2,4.23,10.886314808210527,6.730624228175166
18,51,10,2,4,3,0.0,0.0,0.0,4.394449154672439
13,28,10,2,4,3,4.1,4.15,13.035643594260717,6.3592450949090225
15,31,10,2,4,3,4.23,4.25,9.887408982323437,7.430114138561801
10,3,10,2,4,3,4.28,4.28,11.125629297477385,7.1012393029822025
10,12,10,2,4,3,4.2,4.14,9.488956472414216,6.84552874979693
10,46,10,2,4,3,4.15,4.25,11.648382502350232,6.994785822454755
11,6,10,2,4,3,4.29,4.26,9.817330356084954,6.55794245106385
11,10,10,2,4,3,4.33,4.31,10.065393794379148,6.5928527349282255
12,15,10,2,4,3,4.21,4.26,10.823750385162683,6.283518299825399
12,27,10,2,4,3,4.28,4.33,9.090768236835338,7.255767812342216
12,36,10,2,4,3,4.17,4.07,9.67363403969682,6.792344427470809
4,7,10,2,4,3,4.33,4.21,11.584492354162721,6.900075867638267
17,26,10,2,4,3,4.31,4.29,9.349580439067687,7.6274226693514775
16,1,10,2,4,3,4.41,4.46,8.96341629199657,6.212165116771052
16,48,10,2,4,3,4.31,4.38,10.940685324169365,6.920918265508418
16,20,10,2,4,3,4.41,4.43,10.201738576337144,6.278840322655655
3,33,10,2,4,3,4.35,4.37,10.615530086198365,6.1645771648166265
14,30,10,2,4,3,4.2,4.32,9.13873695311649,6.81783057145415
1,11,10,2,1,6,4.26,4.16,7.1853870155804165,5.707110264748875
1,41,10,2,1,6,4.34,3.84,8.93260863037757,7.242082359256962
2,50,10,2,1,6,4.21,4.41,8.045588280803528,8.656607247198915
5,35,10,2,1,6,4.28,3.9,9.907828118634548,5.842094090453713
8,13,10,2,1,6,4.29,4.64,4.997212273764115,7.616775808698373
7,24,10,2,1,6,4.21,4.31,5.966146739123692,5.808142489980444
7,40,10,2,1,6,4.07,4.57,5.981414211254481,3.912023005428146
9,8,10,2,1,6,4.05,3.75,11.465645160388927,8.85922139360813
9,25,10,2,1,6,4.27,4.4,5.455321115357702,5.942799375126701
13,28,10,2,1,6,4.1,3.83,11.405306846159862,8.745125259462244
10,46,10,2,1,6,4.15,3.72,11.305655262812309,7.3938782901077555
4,7,10,2,1,6,4.33,4.17,10.00676590198963,5.5254529391317835
17,26,10,2,1,6,4.31,4.36,6.771935555839602,8.16431958466019
3,33,10,2,1,6,4.35,4.23,7.802209316247118,8.072779333169498
1,18,10,2,4,8,4.37,4.35,11.938474206640247,7.080867896690782
1,29,10,2,4,8,4.43,4.43,11.971956616148274,5.3981627015177525
1,41,10,2,4,8,4.34,4.41,12.293533921300169,6.892844666246383
2,50,10,2,4,8,4.21,4.34,10.629900249210682,5.8805329864007
8,45,10,2,4,8,4.18,4.19,10.9289913693836,6.173098367465439
7,37,10,2,4,8,4.17,4.24,10.37264707562448,5.386007679675025
7,47,10,2,4,8,4.06,4.14,9.524859098381523,6.139884552226255
9,8,10,2,4,8,4.05,4.07,13.503646442559258,7.045994323205903
9,17,10,2,4,8,4.24,4.24,10.837932494990325,4.983606621708336
9,43,10,2,4,8,4.2,4.23,10.886314808210527,7.7788394180182125
13,28,10,2,4,8,4.1,4.15,13.035643594260717,4.2626798770413155
10,3,10,2,4,8,4.28,4.28,11.125629297477385,8.605936401250625
10,46,10,2,4,8,4.15,4.25,11.648382502350232,7.078341579557671
4,7,10,2,4,8,4.33,4.21,11.584492354162721,6.474662003756499
16,48,10,2,4,8,4.31,4.38,10.940685324169365,6.223567839793664
1,4,10,2,6,9,4.19,3.72,8.587278798982926,7.562889017343866
1,11,10,2,6,9,4.26,4.08,7.759614150696903,7.002419795845544
1,14,10,2,6,9,4.29,4.3,7.554334823725748,7.363704354060753
1,18,10,2,6,9,4.37,3.92,9.296609807128359,7.171464792043008
1,21,10,2,6,9,4.11,4.03,7.392647520721623,5.977188122189173
1,23,10,2,6,9,4.33,4.0,6.900730664045173,7.05738145293795
1,29,10,2,6,9,4.43,4.3,10.933767465827414,7.102038344175336
1,41,10,2,6,9,4.34,4.05,10.572700582800442,6.720280466947382
2,22,10,2,6,9,4.25,3.85,7.165493475060845,6.928292930199685
2,44,10,2,6,9,4.28,4.35,6.85751406254539,7.219920185924842
2,50,10,2,6,9,4.21,3.75,7.387090235656757,6.9328380593496
5,35,10,2,6,9,4.28,4.24,11.771783590108432,7.021458893994214
5,38,10,2,6,9,4.26,4.06,11.045670055905612,7.346139233847411
6,39,10,2,6,9,4.27,4.02,8.669055540725484,6.6231218879083755
8,2,10,2,6,9,4.15,4.21,6.352629396319567,6.91907101388046
8,13,10,2,6,9,4.29,4.17,5.955837369464831,6.827217448755657
8,16,10,2,6,9,4.19,3.91,6.634633357861686,6.841967978444037
8,19,10,2,6,9,4.04,3.23,6.104793232414985,6.073505257444191
8,45,10,2,6,9,4.18,3.99,6.075346031088684,7.701299678394964
7,5,10,2,6,9,4.23,4.04,5.986452005284438,7.303392248771321
7,9,10,2,6,9,4.28,3.95,6.878326468291325,7.211770732554552
7,24,10,2,6,9,4.21,3.97,7.300472814267799,6.8690144506657065
7,34,10,2,6,9,4.35,4.23,5.940171252720432,6.879098569732332
7,37,10,2,6,9,4.17,3.66,8.216628493133443,6.8364096419115885
7,40,10,2,6,9,4.07,3.91,5.575949103146316,6.68617300823488
7,42,10,2,6,9,3.97,4.2,5.043425116919247,7.1105573378384115
7,47,10,2,6,9,4.06,4.01,7.165493475060845,6.892936014083786
7,49,10,2,6,9,4.17,4.27,6.137727054086234,6.771935555839602
9,8,10,2,6,9,4.05,3.95,11.693111409633762,7.001673581483603
9,17,10,2,6,9,4.24,3.8,9.46164368908425,7.113646867288524
9,25,10,2,6,9,4.27,3.84,7.077498053569231,6.815124506358234
9,43,10,2,6,9,4.2,4.1,10.031484910599483,6.99527152850218
18,51,10,2,6,9,0.0,0.0,0.0,6.99423568169654
13,28,10,2,6,9,4.1,3.85,11.51722620352192,7.047386778067331
15,31,10,2,6,9,4.23,3.72,7.850103545175582,7.291186071429071
10,3,10,2,6,9,4.28,4.03,11.343204190152012,7.292561793559527
10,12,10,2,6,9,4.2,3.88,7.786136437783072,6.9143037905999005
10,46,10,2,6,9,4.15,3.72,9.138629524422182,6.894366041863121
11,6,10,2,6,9,4.29,4.31,7.6544432264701125,6.875851729969129
11,10,10,2,6,9,4.33,3.95,7.228388451573604,6.562288714391343
12,15,10,2,6,9,4.21,3.74,8.640118538253535,6.782724793895354
12,27,10,2,6,9,4.28,4.18,6.220590170099739,6.3540743449097175
12,32,10,2,6,9,4.15,3.7,6.493753839851686,7.0909098220799835
12,36,10,2,6,9,4.17,4.0,8.03689677268507,6.853436359371825
4,7,10,2,6,9,4.33,4.12,11.715482561876033,7.196649116949441
17,26,10,2,6,9,4.31,3.69,7.532088143541722,7.109470882882726
16,1,10,2,6,9,4.41,3.82,7.037905963447182,7.244763086445394
16,48,10,2,6,9,4.31,4.21,8.633374945705647,7.217964205828029
16,20,10,2,6,9,4.41,4.14,8.61323037961318,6.9512552844279885
3,33,10,2,6,9,4.35,4.18,9.172326929777967,6.97097417980369
14,30,10,2,6,9,4.2,3.62,7.305860032684009,6.870209162908167
1,4,10,2,6,10,4.19,3.72,8.587278798982926,7.037616193636534
1,11,10,2,6,10,4.26,4.08,7.759614150696903,6.8992189479598505
1,14,10,2,6,10,4.29,4.3,7.554334823725748,4.7535901911063645
1,18,10,2,6,10,4.37,3.92,9.296609807128359,6.610022870676855
1,29,10,2,6,10,4.43,4.3,10.933767465827414,7.029972911706386
1,41,10,2,6,10,4.34,4.05,10.572700582800442,7.128696406741147
2,50,10,2,6,10,4.21,3.75,7.387090235656757,5.903998521326706
5,35,10,2,6,10,4.28,4.24,11.771783590108432,6.199291394310299
5,38,10,2,6,10,4.26,4.06,11.045670055905612,6.647467856384797
6,39,10,2,6,10,4.27,4.02,8.669055540725484,7.012565643334482
8,2,10,2,6,10,4.15,4.21,6.352629396319567,7.2633296174768365
8,19,10,2,6,10,4.04,3.23,6.104793232414985,4.394449154672439
8,45,10,2,6,10,4.18,3.99,6.075346031088684,6.169610732491456
7,37,10,2,6,10,4.17,3.66,8.216628493133443,6.80599937002775
7,42,10,2,6,10,3.97,4.2,5.043425116919247,5.056245805348308
7,47,10,2,6,10,4.06,4.01,7.165493475060845,6.577402281568945
9,8,10,2,6,10,4.05,3.95,11.693111409633762,6.678555928272559
9,25,10,2,6,10,4.27,3.84,7.077498053569231,6.13880638500591
9,43,10,2,6,10,4.2,4.1,10.031484910599483,7.647786045440933
13,28,10,2,6,10,4.1,3.85,11.51722620352192,6.408907631975554
10,3,10,2,6,10,4.28,4.03,11.343204190152012,5.692890033489777
10,12,10,2,6,10,4.2,3.88,7.786136437783072,5.017279836814924
10,46,10,2,6,10,4.15,3.72,9.138629524422182,6.613920987045158
11,6,10,2,6,10,4.29,4.31,7.6544432264701125,6.771603312795033
11,10,10,2,6,10,4.33,3.95,7.228388451573604,6.35088571671474
12,15,10,2,6,10,4.21,3.74,8.640118538253535,6.583865549560847
12,27,10,2,6,10,4.28,4.18,6.220590170099739,7.384299968771254
12,36,10,2,6,10,4.17,4.0,8.03689677268507,6.07073772800249
4,7,10,2,6,10,4.33,4.12,11.715482561876033,7.219510259852195
17,26,10,2,6,10,4.31,3.69,7.532088143541722,4.686750172980514
16,1,10,2,6,10,4.41,3.82,7.037905963447182,6.418364935936212
16,20,10,2,6,10,4.41,4.14,8.61323037961318,7.0630481633881725
3,33,10,2,6,10,4.35,4.18,9.172326929777967,6.059123195581797
14,30,10,2,6,10,4.2,3.62,7.305860032684009,6.867276975393387
1,23,10,2,3,11,4.33,4.44,8.381831553485561,7.988203597022576
9,8,10,2,3,11,4.05,4.13,12.20829517388327,6.655440350367647
9,43,10,2,3,11,4.2,4.26,10.425312461760488,5.8971538676367405
10,3,10,2,3,11,4.28,4.36,11.319644067939931,6.90975328164481
1,4,11,2,3,0,4.19,4.32,10.059507911994038,6.162619825751064
1,11,11,2,3,0,4.26,4.27,9.421492310438014,7.313353711535536
1,14,11,2,3,0,4.29,4.32,8.234299635696253,6.92395337855091
1,18,11,2,3,0,4.37,4.52,9.825147561084876,6.753239532526165
1,21,11,2,3,0,4.11,4.12,9.035629778183564,6.368873057433621
1,23,11,2,3,0,4.33,4.44,8.381831553485561,5.303304908059076
1,29,11,2,3,0,4.43,4.44,11.605039633877407,6.155218963077935
1,41,11,2,3,0,4.34,4.47,9.974737874064294,6.909843097970485
2,22,11,2,3,0,4.25,4.56,9.766865674993165,5.7120812774708964
2,50,11,2,3,0,4.21,4.36,8.68084148294457,5.717849731867637
5,35,11,2,3,0,4.28,4.34,12.207965852282786,5.273512247629066
5,38,11,2,3,0,4.26,4.31,12.15513718185042,6.298287263087147
6,39,11,2,3,0,4.27,4.36,10.543945728315652,6.35088571671474
8,2,11,2,3,0,4.15,4.38,8.061486866871327,6.54965074223381
8,13,11,2,3,0,4.29,4.36,8.01532730902172,6.248042874508429
8,19,11,2,3,0,4.04,4.19,7.1731917424865985,6.666320457695676
8,45,11,2,3,0,4.18,4.16,7.447751280047908,7.54274354536855
7,5,11,2,3,0,4.23,4.56,7.536363938404511,7.280352783464685
7,24,11,2,3,0,4.21,4.52,8.413387022690648,6.1224928095143865
7,37,11,2,3,0,4.17,4.39,8.107720061910534,7.510704191623933
7,42,11,2,3,0,3.97,4.14,7.934871565945177,5.056245805348308
7,47,11,2,3,0,4.06,4.18,9.070733417589766,6.581401675882087
9,8,11,2,3,0,4.05,4.13,12.20829517388327,7.01495809655915
9,17,11,2,3,0,4.24,4.38,11.029779856977546,6.786389583256486
9,25,11,2,3,0,4.27,4.38,9.200189020919808,7.454719949364001
9,43,11,2,3,0,4.2,4.26,10.425312461760488,7.067532954674527
13,28,11,2,3,0,4.1,4.19,11.71010279299617,6.564969151637525
15,31,11,2,3,0,4.23,4.33,8.854807632616227,5.920237037819614
10,3,11,2,3,0,4.28,4.36,11.319644067939931,6.5928801370683345
10,12,11,2,3,0,4.2,4.22,8.844336332748933,7.270542504808573
10,46,11,2,3,0,4.15,4.23,11.416161228537758,7.216525916263784
11,6,11,2,3,0,4.29,4.4,7.018401799069201,6.583934671914352
11,10,11,2,3,0,4.33,4.5,8.668196064952765,7.095710934393185
12,15,11,2,3,0,4.21,4.39,9.85087760226383,6.364750756851911
12,27,11,2,3,0,4.28,4.57,8.998384010052538,7.032915480755348
12,36,11,2,3,0,4.17,4.29,9.6614159913364,6.646390514847729
4,7,11,2,3,0,4.33,4.42,12.22409427602797,7.130202587975904
17,26,11,2,3,0,4.31,4.4,9.814710982145282,4.584967478670572
16,1,11,2,3,0,4.41,4.66,9.347403022364523,5.796938821475121
16,48,11,2,3,0,4.31,4.38,8.97790377375038,6.810616428177724
16,20,11,2,3,0,4.41,4.61,10.202739930102645,6.213407377845673
3,33,11,2,3,0,4.35,4.42,10.692103991155873,6.19774674134678
14,30,11,2,3,0,4.2,4.4,7.876258882303226,6.913071124804373
1,11,11,2,5,4,4.26,4.74,3.6888794541139363,7.0909098220799835
1,18,11,2,5,4,4.37,4.47,7.533158807455563,5.87493073085203
1,23,11,2,5,4,4.33,4.34,4.442651256490317,6.2166061010848646
1,29,11,2,5,4,4.43,4.62,10.857054801145617,7.4655121974325604
1,41,11,2,5,4,4.34,4.06,8.48879371689454,5.529429087511423
2,22,11,2,5,4,4.25,4.88,6.280395838960195,4.48863636973214
2,50,11,2,5,4,4.21,4.05,4.127134385045092,7.858833836341956
5,35,11,2,5,4,4.28,3.72,7.9599745280805365,6.181402855991089
5,38,11,2,5,4,4.26,3.86,8.230577217146454,6.709304340258298
6,39,11,2,5,4,4.27,3.94,8.492490578775866,6.478509642208569
8,45,11,2,5,4,4.18,3.33,3.4011973816621555,4.875197323201151
7,24,11,2,5,4,4.21,3.51,5.730099782973574,4.61512051684126
7,37,11,2,5,4,4.17,3.87,7.198931240688173,6.398594934535208
7,47,11,2,5,4,4.06,2.7,5.680172609017068,8.47106547977245
9,8,11,2,5,4,4.05,4.03,11.982529014194624,8.052022663895634
9,17,11,2,5,4,4.24,3.82,7.044905117129371,7.103322062526113
9,43,11,2,5,4,4.2,3.44,9.1345386585599,6.666104011612187
13,28,11,2,5,4,4.1,3.92,10.654219444947001,7.3864708488298945
15,31,11,2,5,4,4.23,1.93,4.6913478822291435,4.653960350157523
10,3,11,2,5,4,4.28,3.73,10.297487182535015,8.278732935990135
10,46,11,2,5,4,4.15,4.56,8.871365005136852,6.596695395875645
11,10,11,2,5,4,4.33,4.99,4.110873864173311,6.189290290437902
12,15,11,2,5,4,4.21,4.04,6.406879986069314,8.271036865792954
12,36,11,2,5,4,4.17,4.14,7.261927092702751,8.856518497019858
4,7,11,2,5,4,4.33,4.23,10.744084440041084,7.839253784235448
17,26,11,2,5,4,4.31,4.81,2.3978952727983707,5.945420608606575
16,1,11,2,5,4,4.41,5.0,2.9444389791664403,5.9797208591508095
16,48,11,2,5,4,4.31,4.03,9.511185430954244,8.02704236351643
16,20,11,2,5,4,4.41,3.84,4.948759890378168,7.455443067480694
3,33,11,2,5,4,4.35,3.91,7.779048644925556,5.491702495697971
14,30,11,2,5,4,4.2,2.83,1.9459101490553132,8.804625232612809
1,4,11,2,3,5,4.19,4.32,10.059507911994038,7.346010209913293
1,11,11,2,3,5,4.26,4.27,9.421492310438014,6.926577033222725
1,18,11,2,3,5,4.37,4.52,9.825147561084876,7.153442794731241
1,29,11,2,3,5,4.43,4.44,11.605039633877407,7.194061405253987
1,41,11,2,3,5,4.34,4.47,9.974737874064294,6.32936433572038
2,50,11,2,3,5,4.21,4.36,8.68084148294457,7.890084656244628
5,35,11,2,3,5,4.28,4.34,12.207965852282786,5.128714582161857
5,38,11,2,3,5,4.26,4.31,12.15513718185042,6.742290839254605
6,39,11,2,3,5,4.27,4.36,10.543945728315652,4.143134726391533
8,2,11,2,3,5,4.15,4.38,8.061486866871327,7.751045117971802
8,13,11,2,3,5,4.29,4.36,8.01532730902172,7.520776415062797
8,16,11,2,3,5,4.19,4.42,8.087025470667701,3.4339872044851463
8,45,11,2,3,5,4.18,4.16,7.447751280047908,7.952966790923131
7,24,11,2,3,5,4.21,4.52,8.413387022690648,7.726212650507529
7,37,11,2,3,5,4.17,4.39,8.107720061910534,4.1588830833596715
7,47,11,2,3,5,4.06,4.18,9.070733417589766,6.267200548541362
9,8,11,2,3,5,4.05,4.13,12.20829517388327,7.804230983483231
9,17,11,2,3,5,4.24,4.38,11.029779856977546,6.049733455231958
9,43,11,2,3,5,4.2,4.26,10.425312461760488,7.389687479093147
13,28,11,2,3,5,4.1,4.19,11.71010279299617,7.086737934510577
15,31,11,2,3,5,4.23,4.33,8.854807632616227,7.645077227231637
10,3,11,2,3,5,4.28,4.36,11.319644067939931,7.464824971222195
10,12,11,2,3,5,4.2,4.22,8.844336332748933,7.00669522683704
10,46,11,2,3,5,4.15,4.23,11.416161228537758,7.851583353849381
11,6,11,2,3,5,4.29,4.4,7.018401799069201,6.746705857463722
11,10,11,2,3,5,4.33,4.5,8.668196064952765,7.579985211286694
12,27,11,2,3,5,4.28,4.57,8.998384010052538,8.786456678344
4,7,11,2,3,5,4.33,4.42,12.22409427602797,7.180374473756872
16,48,11,2,3,5,4.31,4.38,8.97790377375038,7.086880064877805
16,20,11,2,3,5,4.41,4.61,10.202739930102645,7.84280103077991
3,33,11,2,3,5,4.35,4.42,10.692103991155873,9.141311785565748
14,30,11,2,3,5,4.2,4.4,7.876258882303226,7.128335547893182
1,4,11,2,0,7,4.19,5.0,1.9459101490553132,6.914730892718563
1,11,11,2,0,7,4.26,4.57,3.871201010907891,6.494509983555011
1,18,11,2,0,7,4.37,4.81,6.648984550024776,4.02535169073515
1,29,11,2,0,7,4.43,4.84,7.241366283322318,6.7269525681574525
1,41,11,2,0,7,4.34,4.76,9.008346579384707,6.503539390274405
2,50,11,2,0,7,4.21,4.03,3.58351893845611,6.986261422129431
5,35,11,2,0,7,4.28,3.71,6.095824562432225,6.968539887999937
5,38,11,2,0,7,4.26,4.31,4.290459441148391,6.806276110032283
8,2,11,2,0,7,4.15,4.88,3.5263605246161616,7.040974122768359
8,19,11,2,0,7,4.04,3.0,1.6094379124341003,6.429719478039138
9,8,11,2,0,7,4.05,4.67,8.271804031154709,6.851417704631847
9,17,11,2,0,7,4.24,4.57,5.214935757608986,6.802950164616011
13,28,11,2,0,7,4.1,4.71,8.675392806089782,7.374735592611473
15,31,11,2,0,7,4.23,4.63,4.912654885736052,4.653960350157523
10,3,11,2,0,7,4.28,4.52,6.634633357861686,7.92563823541512
10,46,11,2,0,7,4.15,4.79,5.91350300563827,7.021824761259867
11,6,11,2,0,7,0.0,0.0,0.0,4.639571612705423
11,10,11,2,0,7,4.33,4.5,1.9459101490553132,6.198478716492308
12,36,11,2,0,7,4.17,4.41,5.472270673671475,6.6293632534374485
4,7,11,2,0,7,4.33,4.86,7.69484807238461,8.056743774975313
16,1,11,2,0,7,4.41,4.37,5.717027701406222,5.4278972120839315
14,30,11,2,0,7,4.2,3.99,5.771441123130016,6.70808408385307
1,4,11,2,6,1,4.19,3.72,8.587278798982926,6.386879319362645
1,11,11,2,6,1,4.26,4.08,7.759614150696903,3.258096538021482
1,29,11,2,6,1,4.43,4.3,10.933767465827414,7.534495527344483
1,41,11,2,6,1,4.34,4.05,10.572700582800442,6.171700597410915
2,44,11,2,6,1,4.28,4.35,6.85751406254539,3.828641396489095
2,50,11,2,6,1,4.21,3.75,7.387090235656757,5.958424693029782
5,35,11,2,6,1,4.28,4.24,11.771783590108432,4.927253685157205
5,38,11,2,6,1,4.26,4.06,11.045670055905612,4.709530201312334
6,39,11,2,6,1,4.27,4.02,8.669055540725484,4.394449154672439
8,2,11,2,6,1,4.15,4.21,6.352629396319567,5.472270673671475
8,16,11,2,6,1,4.19,3.91,6.634633357861686,3.9318256327243257
8,45,11,2,6,1,4.18,3.99,6.075346031088684,6.361302477572996
7,40,11,2,6,1,4.07,3.91,5.575949103146316,3.4339872044851463
7,47,11,2,6,1,4.06,4.01,7.165493475060845,6.376726947898627
9,8,11,2,6,1,4.05,3.95,11.693111409633762,6.239164116318079
9,17,11,2,6,1,4.24,3.8,9.46164368908425,3.828641396489095
9,43,11,2,6,1,4.2,4.1,10.031484910599483,5.659482215759621
13,28,11,2,6,1,4.1,3.85,11.51722620352192,6.503539390274405
10,3,11,2,6,1,4.28,4.03,11.343204190152012,6.38950213938735
10,46,11,2,6,1,4.15,3.72,9.138629524422182,6.26530121273771
12,15,11,2,6,1,4.21,3.74,8.640118538253535,7.988882253309227
4,7,11,2,6,1,4.33,4.12,11.715482561876033,6.263398262591624
16,1,11,2,6,1,4.41,3.82,7.037905963447182,5.962293169807702
16,20,11,2,6,1,4.41,4.14,8.61323037961318,5.385641194719711
3,33,11,2,6,1,4.35,4.18,9.172326929777967,6.694562058521095
1,4,11,2,2,2,4.19,4.31,5.476463551931511,6.2166061010848646
1,11,11,2,2,2,4.26,4.12,5.652489180268651,6.9782137426306985
1,29,11,2,2,2,4.43,4.25,7.053585727193677,5.707110264748875
1,41,11,2,2,2,4.34,3.68,6.068425588244111,4.02535169073515
2,22,11,2,2,2,4.25,4.26,4.127134385045092,7.7057128238944275
2,50,11,2,2,2,4.21,3.75,5.0689042022202315,7.520413402269383
5,35,11,2,2,2,4.28,4.32,5.176149732573829,7.306531398939505
5,38,11,2,2,2,4.26,4.6,6.833031732786201,5.293304824724492
8,13,11,2,2,2,4.29,4.21,5.056245805348308,6.26625133157403
7,5,11,2,2,2,4.23,3.61,5.159055299214529,8.954931860074698
7,40,11,2,2,2,4.07,4.22,5.517452896464707,6.208590026096629
9,8,11,2,2,2,4.05,3.9,7.61085279039525,8.028966934018031
9,25,11,2,2,2,4.27,3.88,4.382026634673881,5.942799375126701
9,43,11,2,2,2,4.2,4.01,7.478734825567875,6.264350190317006
13,28,11,2,2,2,4.1,3.97,7.393263094763838,8.074546330062537
15,31,11,2,2,2,4.23,4.27,6.2166061010848646,8.262816937670928
10,3,11,2,2,2,4.28,4.26,5.973809611869261,7.6248630969869255
10,46,11,2,2,2,4.15,4.49,6.432940092739179,8.629449873761905
12,32,11,2,2,2,4.15,4.73,3.295836866004329,4.61512051684126
12,36,11,2,2,2,4.17,4.43,4.787491742782046,7.136085356983647
4,7,11,2,2,2,4.33,4.21,5.6937321388027,7.398633264938431
3,33,11,2,2,2,4.35,4.4,4.532599493153256,5.942799375126701
14,30,11,2,2,2,4.2,3.14,2.0794415416798357,5.860786223465865
1,4,11,2,4,3,4.19,4.25,9.569342605674006,7.110696122978827
1,11,11,2,4,3,4.26,4.35,9.083642718930225,6.722100172078918
1,14,11,2,4,3,4.29,4.3,11.45065636674335,6.883872338518805
1,18,11,2,4,3,4.37,4.35,11.938474206640247,6.5799454154395765
1,21,11,2,4,3,4.11,4.23,9.208839245849916,6.368873057433621
1,23,11,2,4,3,4.33,4.3,9.695047867587114,6.2132671998193505
1,29,11,2,4,3,4.43,4.43,11.971956616148274,6.843131420870137
1,41,11,2,4,3,4.34,4.41,12.293533921300169,6.817217692215949
2,22,11,2,4,3,4.25,4.12,9.29807648628027,6.7226297948554485
2,50,11,2,4,3,4.21,4.34,10.629900249210682,6.269910346206847
5,35,11,2,4,3,4.28,4.27,10.847315627403372,6.973468110347477
5,38,11,2,4,3,4.26,4.28,11.106234605936246,7.025867149455314
6,39,11,2,4,3,4.27,4.28,10.222232150439726,6.740814824226485
8,2,11,2,4,3,4.15,4.09,8.20631072579402,6.747586526829315
8,13,11,2,4,3,4.29,4.33,8.891098830616636,6.481577129276431
8,16,11,2,4,3,4.19,4.27,9.530392824458414,7.167809184316444
8,19,11,2,4,3,4.04,4.18,8.725832056527565,5.907403359481547
8,45,11,2,4,3,4.18,4.19,10.9289913693836,6.77168351949921
7,5,11,2,4,3,4.23,4.42,9.503606822721864,6.915723448631314
7,9,11,2,4,3,4.28,4.35,9.892274925322026,6.054439346269371
7,34,11,2,4,3,4.35,4.45,8.514188682395938,6.666956792429207
7,37,11,2,4,3,4.17,4.24,10.37264707562448,6.530323538386678
7,42,11,2,4,3,3.97,4.17,8.748463629942055,6.6059742821508545
7,47,11,2,4,3,4.06,4.14,9.524859098381523,6.654989798433916
7,49,11,2,4,3,4.17,4.19,8.67812085552252,5.422744944923089
9,8,11,2,4,3,4.05,4.07,13.503646442559258,6.663681715111736
9,17,11,2,4,3,4.24,4.24,10.837932494990325,6.486343699044285
9,25,11,2,4,3,4.27,4.29,8.877939834725023,6.091309882077698
9,43,11,2,4,3,4.2,4.23,10.886314808210527,6.9991213272792825
18,51,11,2,4,3,0.0,0.0,0.0,4.394449154672439
13,28,11,2,4,3,4.1,4.15,13.035643594260717,6.504886796721238
10,3,11,2,4,3,4.28,4.28,11.125629297477385,7.122180939676624
10,12,11,2,4,3,4.2,4.14,9.488956472414216,7.460490305825338
10,46,11,2,4,3,4.15,4.25,11.648382502350232,6.915782970669366
11,6,11,2,4,3,4.29,4.26,9.817330356084954,6.377916716034216
11,10,11,2,4,3,4.33,4.31,10.065393794379148,6.679058838878227
12,15,11,2,4,3,4.21,4.26,10.823750385162683,6.473720928856169
12,27,11,2,4,3,4.28,4.33,9.090768236835338,7.255414704993914
12,32,11,2,4,3,4.15,4.18,8.778941881841513,6.115892125483034
12,36,11,2,4,3,4.17,4.07,9.67363403969682,6.4586517138441435
4,7,11,2,4,3,4.33,4.21,11.584492354162721,6.745165758757602
17,26,11,2,4,3,4.31,4.29,9.349580439067687,7.404887575616125
16,1,11,2,4,3,4.41,4.46,8.96341629199657,6.054674060505866
16,48,11,2,4,3,4.31,4.38,10.940685324169365,7.013357765362687
16,20,11,2,4,3,4.41,4.43,10.201738576337144,6.696639107880646
3,33,11,2,4,3,4.35,4.37,10.615530086198365,6.53451531816871
14,30,11,2,4,3,4.2,4.32,9.13873695311649,6.4427312310167535
1,11,11,2,1,6,4.26,4.16,7.1853870155804165,7.623153068476902
1,41,11,2,1,6,4.34,3.84,8.93260863037757,5.996452088619021
2,22,11,2,1,6,4.25,4.25,5.634789603169249,7.58629630715272
2,50,11,2,1,6,4.21,4.41,8.045588280803528,8.014501067546968
5,35,11,2,1,6,4.28,3.9,9.907828118634548,6.292494637079263
8,13,11,2,1,6,4.29,4.64,4.997212273764115,6.113682179832232
7,40,11,2,1,6,4.07,4.57,5.981414211254481,6.208590026096629
9,8,11,2,1,6,4.05,3.75,11.465645160388927,7.16703787691222
9,25,11,2,1,6,4.27,4.4,5.455321115357702,5.942799375126701
13,28,11,2,1,6,4.1,3.83,11.405306846159862,8.271676211125135
10,3,11,2,1,6,4.28,4.22,9.439704535103449,8.035602692918582
10,46,11,2,1,6,4.15,3.72,11.305655262812309,10.774780918479548
3,33,11,2,1,6,4.35,4.23,7.802209316247118,5.942799375126701
1,18,11,2,4,8,4.37,4.35,11.938474206640247,4.795790545596741
1,21,11,2,4,8,4.11,4.23,9.208839245849916,6.142746831304769
1,41,11,2,4,8,4.34,4.41,12.293533921300169,6.841081145714145
2,50,11,2,4,8,4.21,4.34,10.629900249210682,5.8888779583328805
8,45,11,2,4,8,4.18,4.19,10.9289913693836,6.500283158170709
7,37,11,2,4,8,4.17,4.24,10.37264707562448,5.438079308923196
7,47,11,2,4,8,4.06,4.14,9.524859098381523,3.871201010907891
9,8,11,2,4,8,4.05,4.07,13.503646442559258,6.6110324618782075
9,17,11,2,4,8,4.24,4.24,10.837932494990325,5.081404364984463
9,43,11,2,4,8,4.2,4.23,10.886314808210527,7.329421766428309
10,3,11,2,4,8,4.28,4.28,11.125629297477385,8.70317470904168
10,46,11,2,4,8,4.15,4.25,11.648382502350232,6.563150059130735
4,7,11,2,4,8,4.33,4.21,11.584492354162721,6.640202577825522
16,48,11,2,4,8,4.31,4.38,10.940685324169365,6.864325721054801
1,4,11,2,6,9,4.19,3.72,8.587278798982926,7.389563953677635
1,11,11,2,6,9,4.26,4.08,7.759614150696903,6.81783057145415
1,14,11,2,6,9,4.29,4.3,7.554334823725748,6.667134893616595
1,18,11,2,6,9,4.37,3.92,9.296609807128359,7.279187792346094
1,21,11,2,6,9,4.11,4.03,7.392647520721623,5.75653304004173
1,23,11,2,6,9,4.33,4.0,6.900730664045173,6.619072706196772
1,29,11,2,6,9,4.43,4.3,10.933767465827414,7.220907710281733
1,41,11,2,6,9,4.34,4.05,10.572700582800442,7.000771921548657
2,22,11,2,6,9,4.25,3.85,7.165493475060845,6.95808711131314
2,44,11,2,6,9,4.28,4.35,6.85751406254539,7.013465733404251
2,50,11,2,6,9,4.21,3.75,7.387090235656757,6.207120133456288
5,35,11,2,6,9,4.28,4.24,11.771783590108432,6.949137116760906
5,38,11,2,6,9,4.26,4.06,11.045670055905612,7.28175723940011
6,39,11,2,6,9,4.27,4.02,8.669055540725484,7.101560643717377
8,2,11,2,6,9,4.15,4.21,6.352629396319567,7.191180805180732
8,13,11,2,6,9,4.29,4.17,5.955837369464831,6.792063804485945
8,16,11,2,6,9,4.19,3.91,6.634633357861686,6.856809292697197
8,19,11,2,6,9,4.04,3.23,6.104793232414985,7.476472381163905
8,45,11,2,6,9,4.18,3.99,6.075346031088684,7.884199933676039
7,5,11,2,6,9,4.23,4.04,5.986452005284438,6.890609120147166
7,9,11,2,6,9,4.28,3.95,6.878326468291325,7.236130537658741
7,24,11,2,6,9,4.21,3.97,7.300472814267799,7.030229515948843
7,34,11,2,6,9,4.35,4.23,5.940171252720432,6.70073110954781
7,37,11,2,6,9,4.17,3.66,8.216628493133443,6.728233798313501
7,40,11,2,6,9,4.07,3.91,5.575949103146316,6.875965289492507
7,42,11,2,6,9,3.97,4.2,5.043425116919247,7.121486674600946
7,47,11,2,6,9,4.06,4.01,7.165493475060845,7.118340301048951
7,49,11,2,6,9,4.17,4.27,6.137727054086234,7.10365095580321
9,8,11,2,6,9,4.05,3.95,11.693111409633762,7.09185858085851
9,17,11,2,6,9,4.24,3.8,9.46164368908425,6.732139190203186
9,25,11,2,6,9,4.27,3.84,7.077498053569231,6.8071722219624125
9,43,11,2,6,9,4.2,4.1,10.031484910599483,7.177965605521878
18,51,11,2,6,9,0.0,0.0,0.0,7.153442794731241
13,28,11,2,6,9,4.1,3.85,11.51722620352192,7.3538375606361726
15,31,11,2,6,9,4.23,3.72,7.850103545175582,7.228148945390659
10,3,11,2,6,9,4.28,4.03,11.343204190152012,7.215614908435171
10,12,11,2,6,9,4.2,3.88,7.786136437783072,6.571680963179933
10,46,11,2,6,9,4.15,3.72,9.138629524422182,6.91964432337455
11,6,11,2,6,9,4.29,4.31,7.6544432264701125,6.607163567908785
11,10,11,2,6,9,4.33,3.95,7.228388451573604,6.80903930604298
12,15,11,2,6,9,4.21,3.74,8.640118538253535,6.719266745416742
12,27,11,2,6,9,4.28,4.18,6.220590170099739,7.056606225714492
12,32,11,2,6,9,4.15,3.7,6.493753839851686,7.120242250107818
12,36,11,2,6,9,4.17,4.0,8.03689677268507,6.931335077502593
4,7,11,2,6,9,4.33,4.12,11.715482561876033,7.084628688202365
17,26,11,2,6,9,4.31,3.69,7.532088143541722,7.058276523226294
16,1,11,2,6,9,4.41,3.82,7.037905963447182,7.047517221357296
16,48,11,2,6,9,4.31,4.21,8.633374945705647,7.109577129792472
16,20,11,2,6,9,4.41,4.14,8.61323037961318,6.737061852668846
3,33,11,2,6,9,4.35,4.18,9.172326929777967,7.091326055176523
14,30,11,2,6,9,4.2,3.62,7.305860032684009,7.023206709670119
1,4,11,2,6,10,4.19,3.72,8.587278798982926,7.078763075875818
1,11,11,2,6,10,4.26,4.08,7.759614150696903,7.295735072749282
1,14,11,2,6,10,4.29,4.3,7.554334823725748,6.865630352681466
1,18,11,2,6,10,4.37,3.92,9.296609807128359,6.572044752186324
1,21,11,2,6,10,4.11,4.03,7.392647520721623,6.911747300251674
1,23,11,2,6,10,4.33,4.0,6.900730664045173,6.327936783729195
1,29,11,2,6,10,4.43,4.3,10.933767465827414,6.975881108029737
1,41,11,2,6,10,4.34,4.05,10.572700582800442,6.982862751468942
2,22,11,2,6,10,4.25,3.85,7.165493475060845,4.948759890378168
2,50,11,2,6,10,4.21,3.75,7.387090235656757,6.323013972265978
5,35,11,2,6,10,4.28,4.24,11.771783590108432,6.927312778197668
5,38,11,2,6,10,4.26,4.06,11.045670055905612,6.641926018342981
6,39,11,2,6,10,4.27,4.02,8.669055540725484,5.305789381386738
8,2,11,2,6,10,4.15,4.21,6.352629396319567,7.136880901973894
8,19,11,2,6,10,4.04,3.23,6.104793232414985,4.852030263919617
8,45,11,2,6,10,4.18,3.99,6.075346031088684,6.1070228877422545
7,5,11,2,6,10,4.23,4.04,5.986452005284438,6.915723448631314
7,37,11,2,6,10,4.17,3.66,8.216628493133443,7.348375153164677
7,42,11,2,6,10,3.97,4.2,5.043425116919247,5.056245805348308
7,47,11,2,6,10,4.06,4.01,7.165493475060845,5.895091302450393
9,8,11,2,6,10,4.05,3.95,11.693111409633762,6.68892740173553
9,17,11,2,6,10,4.24,3.8,9.46164368908425,6.569481420414296
9,25,11,2,6,10,4.27,3.84,7.077498053569231,6.091309882077698
13,28,11,2,6,10,4.1,3.85,11.51722620352192,6.294435398281746
10,3,11,2,6,10,4.28,4.03,11.343204190152012,5.636359798338767
10,12,11,2,6,10,4.2,3.88,7.786136437783072,7.3031700512368
10,46,11,2,6,10,4.15,3.72,9.138629524422182,6.736966958001855
11,6,11,2,6,10,4.29,4.31,7.6544432264701125,6.695625848931027
11,10,11,2,6,10,4.33,3.95,7.228388451573604,7.010988533623789
12,15,11,2,6,10,4.21,3.74,8.640118538253535,6.584791392385716
12,27,11,2,6,10,4.28,4.18,6.220590170099739,7.389872738611384
12,36,11,2,6,10,4.17,4.0,8.03689677268507,6.07073772800249
4,7,11,2,6,10,4.33,4.12,11.715482561876033,6.376352728227316
17,26,11,2,6,10,4.31,3.69,7.532088143541722,7.120848494442845
16,1,11,2,6,10,4.41,3.82,7.037905963447182,6.008813185442595
16,20,11,2,6,10,4.41,4.14,8.61323037961318,7.103733162223577
3,33,11,2,6,10,4.35,4.18,9.172326929777967,6.225548038460526
14,30,11,2,6,10,4.2,3.62,7.305860032684009,6.86484777797086
9,8,11,2,3,11,4.05,4.13,12.20829517388327,6.658011045870748
1,4,12,1,3,0,4.19,4.32,10.059507911994038,6.091694423516777
1,11,12,1,3,0,4.26,4.27,9.421492310438014,7.384405520480824
1,14,12,1,3,0,4.29,4.32,8.234299635696253,6.131943623585349
1,18,12,1,3,0,4.37,4.52,9.825147561084876,7.1387558826611155
1,21,12,1,3,0,4.11,4.12,9.035629778183564,6.169610732491456
1,23,12,1,3,0,4.33,4.44,8.381831553485561,7.5376963836382895
1,29,12,1,3,0,4.43,4.44,11.605039633877407,6.074771153234392
1,41,12,1,3,0,4.34,4.47,9.974737874064294,6.554246745242715
2,22,12,1,3,0,4.25,4.56,9.766865674993165,6.429187078275015
2,50,12,1,3,0,4.21,4.36,8.68084148294457,6.692083742506628
5,35,12,1,3,0,4.28,4.34,12.207965852282786,6.013226038889495
5,38,12,1,3,0,4.26,4.31,12.15513718185042,5.756374924775372
6,39,12,1,3,0,4.27,4.36,10.543945728315652,6.670132406403093
8,2,12,1,3,0,4.15,4.38,8.061486866871327,6.799055862058796
8,13,12,1,3,0,4.29,4.36,8.01532730902172,6.295266001439646
8,16,12,1,3,0,4.19,4.42,8.087025470667701,3.9318256327243257
8,19,12,1,3,0,4.04,4.19,7.1731917424865985,6.844463979739881
8,45,12,1,3,0,4.18,4.16,7.447751280047908,7.7073324031579284
7,5,12,1,3,0,4.23,4.56,7.536363938404511,7.67693714581808
7,24,12,1,3,0,4.21,4.52,8.413387022690648,7.306531398939505
7,34,12,1,3,0,4.35,4.36,5.988961416889864,7.6324011266014535
7,37,12,1,3,0,4.17,4.39,8.107720061910534,7.553810852008231
7,47,12,1,3,0,4.06,4.18,9.070733417589766,6.799423687379357
7,49,12,1,3,0,4.17,4.38,7.6577552711348655,7.232010331664759
9,8,12,1,3,0,4.05,4.13,12.20829517388327,6.903636809718389
9,17,12,1,3,0,4.24,4.38,11.029779856977546,6.20455776256869
9,25,12,1,3,0,4.27,4.38,9.200189020919808,6.84587987526405
9,43,12,1,3,0,4.2,4.26,10.425312461760488,7.084310240881755
13,28,12,1,3,0,4.1,4.19,11.71010279299617,6.703139032281811
15,31,12,1,3,0,4.23,4.33,8.854807632616227,7.77541443411121
10,3,12,1,3,0,4.28,4.36,11.319644067939931,6.407424392308788
10,12,12,1,3,0,4.2,4.22,8.844336332748933,7.394800374082724
10,46,12,1,3,0,4.15,4.23,11.416161228537758,6.839144477354344
11,6,12,1,3,0,4.29,4.4,7.018401799069201,6.679121684924289
11,10,12,1,3,0,4.33,4.5,8.668196064952765,6.459278280280682
12,15,12,1,3,0,4.21,4.39,9.85087760226383,6.4912241678900395
12,27,12,1,3,0,4.28,4.57,8.998384010052538,7.393263094763838
12,32,12,1,3,0,4.15,4.42,7.518064181233078,6.692083742506628
12,36,12,1,3,0,4.17,4.29,9.6614159913364,6.233096136534323
4,7,12,1,3,0,4.33,4.42,12.22409427602797,6.891209143555911
17,26,12,1,3,0,4.31,4.4,9.814710982145282,7.398174092970465
16,1,12,1,3,0,4.41,4.66,9.347403022364523,5.880923971408613
16,48,12,1,3,0,4.31,4.38,8.97790377375038,7.125210683418673
16,20,12,1,3,0,4.41,4.61,10.202739930102645,6.134113622049876
3,33,12,1,3,0,4.35,4.42,10.692103991155873,6.89416332546267
14,30,12,1,3,0,4.2,4.4,7.876258882303226,7.0601329594030195
1,18,12,1,5,4,4.37,4.47,7.533158807455563,7.968838755757833
1,23,12,1,5,4,4.33,4.34,4.442651256490317,7.095064377287131
1,29,12,1,5,4,4.43,4.62,10.857054801145617,6.747586526829315
1,41,12,1,5,4,4.34,4.06,8.48879371689454,5.173320876373351
2,50,12,1,5,4,4.21,4.05,4.127134385045092,7.52131798019924
5,35,12,1,5,4,4.28,3.72,7.9599745280805365,7.6878459175586045
5,38,12,1,5,4,4.26,3.86,8.230577217146454,6.78332520060396
8,2,12,1,5,4,4.15,4.08,2.302585092994046,5.017279836814924
8,45,12,1,5,4,4.18,3.33,3.4011973816621555,5.545177444479562
7,47,12,1,5,4,4.06,2.7,5.680172609017068,6.111467339502679
9,8,12,1,5,4,4.05,4.03,11.982529014194624,7.932423171860772
9,17,12,1,5,4,4.24,3.82,7.044905117129371,9.821436579647258
9,25,12,1,5,4,4.27,3.81,5.749392985908253,7.390798521735676
9,43,12,1,5,4,4.2,3.44,9.1345386585599,6.913737350659685
13,28,12,1,5,4,4.1,3.92,10.654219444947001,8.454183101632143
15,31,12,1,5,4,4.23,1.93,4.6913478822291435,7.811163385025279
10,3,12,1,5,4,4.28,3.73,10.297487182535015,7.268397343481981
11,10,12,1,5,4,4.33,4.99,4.110873864173311,6.828712071641684
12,15,12,1,5,4,4.21,4.04,6.406879986069314,6.030685260261263
12,36,12,1,5,4,4.17,4.14,7.261927092702751,7.848543482456679
4,7,12,1,5,4,4.33,4.23,10.744084440041084,7.600047093821106
16,1,12,1,5,4,4.41,5.0,2.9444389791664403,4.61512051684126
16,48,12,1,5,4,4.31,4.03,9.511185430954244,8.424694056919314
16,20,12,1,5,4,4.41,3.84,4.948759890378168,6.229496710915942
3,33,12,1,5,4,4.35,3.91,7.779048644925556,7.824445930877619
14,30,12,1,5,4,4.2,2.83,1.9459101490553132,8.524849804600231
1,4,12,1,3,5,4.19,4.32,10.059507911994038,3.912023005428146
1,18,12,1,3,5,4.37,4.52,9.825147561084876,8.189522110748094
1,29,12,1,3,5,4.43,4.44,11.605039633877407,6.127589448678843
1,41,12,1,3,5,4.34,4.47,9.974737874064294,6.554887364814908
2,50,12,1,3,5,4.21,4.36,8.68084148294457,5.546465676851812
5,35,12,1,3,5,4.28,4.34,12.207965852282786,6.050912005751402
5,38,12,1,3,5,4.26,4.31,12.15513718185042,6.381138969309823
8,2,12,1,3,5,4.15,4.38,8.061486866871327,4.51085950651685
8,13,12,1,3,5,4.29,4.36,8.01532730902172,5.6937321388027
8,45,12,1,3,5,4.18,4.16,7.447751280047908,7.954372272531867
7,37,12,1,3,5,4.17,4.39,8.107720061910534,6.851184927493743
7,47,12,1,3,5,4.06,4.18,9.070733417589766,7.516433302915632
7,49,12,1,3,5,4.17,4.38,7.6577552711348655,7.207118856207756
9,8,12,1,3,5,4.05,4.13,12.20829517388327,8.059772464368875
9,17,12,1,3,5,4.24,4.38,11.029779856977546,6.052089168924417
9,43,12,1,3,5,4.2,4.26,10.425312461760488,6.6164533293399534
13,28,12,1,3,5,4.1,4.19,11.71010279299617,6.713867085816717
15,31,12,1,3,5,4.23,4.33,8.854807632616227,7.908019444632471
10,3,12,1,3,5,4.28,4.36,11.319644067939931,6.840279113857223
10,12,12,1,3,5,4.2,4.22,8.844336332748933,7.751475318021456
10,46,12,1,3,5,4.15,4.23,11.416161228537758,7.7800230654211555
11,6,12,1,3,5,4.29,4.4,7.018401799069201,6.055612366931734
11,10,12,1,3,5,4.33,4.5,8.668196064952765,7.027607283955766
12,15,12,1,3,5,4.21,4.39,9.85087760226383,6.543911845564792
12,27,12,1,3,5,4.28,4.57,8.998384010052538,6.478509642208569
12,36,12,1,3,5,4.17,4.29,9.6614159913364,5.941486177301741
4,7,12,1,3,5,4.33,4.42,12.22409427602797,6.373114990450106
16,1,12,1,3,5,4.41,4.66,9.347403022364523,7.489970898834801
16,48,12,1,3,5,4.31,4.38,8.97790377375038,7.144667604182171
16,20,12,1,3,5,4.41,4.61,10.202739930102645,8.006700845440367
3,33,12,1,3,5,4.35,4.42,10.692103991155873,9.141311785565748
1,11,12,1,0,7,4.26,4.57,3.871201010907891,6.913737350659685
1,18,12,1,0,7,4.37,4.81,6.648984550024776,6.2878585601617845
1,29,12,1,0,7,4.43,4.84,7.241366283322318,7.271356182991602
1,41,12,1,0,7,4.34,4.76,9.008346579384707,6.075346031088684
2,50,12,1,0,7,4.21,4.03,3.58351893845611,5.962293169807702
5,35,12,1,0,7,4.28,3.71,6.095824562432225,6.851184927493743
5,38,12,1,0,7,4.26,4.31,4.290459441148391,6.9957661563048505
8,2,12,1,0,7,4.15,4.88,3.5263605246161616,6.195425279005418
8,19,12,1,0,7,4.04,3.0,1.6094379124341003,6.405228458030842
9,8,12,1,0,7,4.05,4.67,8.271804031154709,7.229041358847695
9,17,12,1,0,7,4.24,4.57,5.214935757608986,6.912742820493176
9,25,12,1,0,7,4.27,4.81,2.995732273553991,7.390798521735676
13,28,12,1,0,7,4.1,4.71,8.675392806089782,7.511344205649506
10,3,12,1,0,7,4.28,4.52,6.634633357861686,6.635290172335217
10,46,12,1,0,7,4.15,4.79,5.91350300563827,6.661854740545311
11,6,12,1,0,7,0.0,0.0,0.0,5.049856007249537
12,36,12,1,0,7,4.17,4.41,5.472270673671475,4.007333185232471
4,7,12,1,0,7,4.33,4.86,7.69484807238461,8.035861642877949
16,48,12,1,0,7,4.31,4.31,5.768320995793772,5.627621113690637
3,33,12,1,0,7,4.35,4.33,4.8283137373023015,4.442651256490317
14,30,12,1,0,7,4.2,3.99,5.771441123130016,4.61512051684126
1,4,12,1,6,1,4.19,3.72,8.587278798982926,6.411818267709897
1,29,12,1,6,1,4.43,4.3,10.933767465827414,7.5595594960077
1,41,12,1,6,1,4.34,4.05,10.572700582800442,3.713572066704308
2,44,12,1,6,1,4.28,4.35,6.85751406254539,3.828641396489095
2,50,12,1,6,1,4.21,3.75,7.387090235656757,6.265928392445249
5,38,12,1,6,1,4.26,4.06,11.045670055905612,4.709530201312334
8,2,12,1,6,1,4.15,4.21,6.352629396319567,6.507277712385012
7,40,12,1,6,1,4.07,3.91,5.575949103146316,3.4339872044851463
7,47,12,1,6,1,4.06,4.01,7.165493475060845,6.410174881966167
9,8,12,1,6,1,4.05,3.95,11.693111409633762,6.101215411067101
9,17,12,1,6,1,4.24,3.8,9.46164368908425,6.507277712385012
13,28,12,1,6,1,4.1,3.85,11.51722620352192,6.256383238554814
10,3,12,1,6,1,4.28,4.03,11.343204190152012,6.3165146560285015
10,46,12,1,6,1,4.15,3.72,9.138629524422182,5.062595033026967
12,15,12,1,6,1,4.21,3.74,8.640118538253535,7.988882253309227
4,7,12,1,6,1,4.33,4.12,11.715482561876033,6.153795959025435
16,20,12,1,6,1,4.41,4.14,8.61323037961318,5.769695051346916
1,4,12,1,2,2,4.19,4.31,5.476463551931511,6.2166061010848646
1,29,12,1,2,2,4.43,4.25,7.053585727193677,5.707110264748875
2,22,12,1,2,2,4.25,4.26,4.127134385045092,7.58629630715272
2,44,12,1,2,2,4.28,4.17,8.530109416682784,5.442417710521793
2,50,12,1,2,2,4.21,3.75,5.0689042022202315,6.170656210893009
5,35,12,1,2,2,4.28,4.32,5.176149732573829,5.707110264748875
8,13,12,1,2,2,4.29,4.21,5.056245805348308,9.71631424501115
7,5,12,1,2,2,4.23,3.61,5.159055299214529,8.954931860074698
9,8,12,1,2,2,4.05,3.9,7.61085279039525,8.195747488811648
13,28,12,1,2,2,4.1,3.97,7.393263094763838,9.490922297937656
10,3,12,1,2,2,4.28,4.26,5.973809611869261,6.3035343076165935
4,7,12,1,2,2,4.33,4.21,5.6937321388027,7.964503363551548
16,1,12,1,2,2,0.0,0.0,0.0,8.374246182096304
16,20,12,1,2,2,4.41,4.01,4.060443010546419,6.859614903654202
3,33,12,1,2,2,4.35,4.4,4.532599493153256,8.307212626628308
1,4,12,1,4,3,4.19,4.25,9.569342605674006,7.225415968453527
1,11,12,1,4,3,4.26,4.35,9.083642718930225,7.1891677384203225
1,14,12,1,4,3,4.29,4.3,11.45065636674335,6.9183687562417475
1,18,12,1,4,3,4.37,4.35,11.938474206640247,6.638685583275643
1,21,12,1,4,3,4.11,4.23,9.208839245849916,5.9499912989014065
1,23,12,1,4,3,4.33,4.3,9.695047867587114,6.257035204062087
1,29,12,1,4,3,4.43,4.43,11.971956616148274,7.025982660346787
1,41,12,1,4,3,4.34,4.41,12.293533921300169,7.147693015195759
2,22,12,1,4,3,4.25,4.12,9.29807648628027,6.533207273508694
2,50,12,1,4,3,4.21,4.34,10.629900249210682,6.58709536603315
5,35,12,1,4,3,4.28,4.27,10.847315627403372,6.588004457004851
5,38,12,1,4,3,4.26,4.28,11.106234605936246,7.0745908782406435
6,39,12,1,4,3,4.27,4.28,10.222232150439726,7.065613363597717
8,2,12,1,4,3,4.15,4.09,8.20631072579402,6.699093853616328
8,13,12,1,4,3,4.29,4.33,8.891098830616636,6.690842277418564
8,16,12,1,4,3,4.19,4.27,9.530392824458414,6.513230110912307
8,19,12,1,4,3,4.04,4.18,8.725832056527565,5.841803772553575
8,45,12,1,4,3,4.18,4.19,10.9289913693836,7.403670290012373
7,9,12,1,4,3,4.28,4.35,9.892274925322026,6.259581464064923
7,24,12,1,4,3,4.21,4.22,9.86110183603969,5.62040086571715
7,34,12,1,4,3,4.35,4.45,8.514188682395938,6.678970847777841
7,37,12,1,4,3,4.17,4.24,10.37264707562448,6.365318581839422
7,42,12,1,4,3,3.97,4.17,8.748463629942055,6.4622491213367885
7,47,12,1,4,3,4.06,4.14,9.524859098381523,6.417973342144496
7,49,12,1,4,3,4.17,4.19,8.67812085552252,7.501264428083508
9,8,12,1,4,3,4.05,4.07,13.503646442559258,6.694252604704608
9,17,12,1,4,3,4.24,4.24,10.837932494990325,7.112001393191883
9,25,12,1,4,3,4.27,4.29,8.877939834725023,6.222576268071369
9,43,12,1,4,3,4.2,4.23,10.886314808210527,6.7906595071058895
18,51,12,1,4,3,0.0,0.0,0.0,4.406719247264253
13,28,12,1,4,3,4.1,4.15,13.035643594260717,6.359002771371298
15,31,12,1,4,3,4.23,4.25,9.887408982323437,6.692703897565264
10,3,12,1,4,3,4.28,4.28,11.125629297477385,6.467791889466376
10,12,12,1,4,3,4.2,4.14,9.488956472414216,6.898209866138606
10,46,12,1,4,3,4.15,4.25,11.648382502350232,6.756746325427127
11,6,12,1,4,3,4.29,4.26,9.817330356084954,6.653868974833396
11,10,12,1,4,3,4.33,4.31,10.065393794379148,6.424869023905388
12,15,12,1,4,3,4.21,4.26,10.823750385162683,6.416503498173251
12,27,12,1,4,3,4.28,4.33,9.090768236835338,7.450370225237535
12,32,12,1,4,3,4.15,4.18,8.778941881841513,6.692083742506628
12,36,12,1,4,3,4.17,4.07,9.67363403969682,6.412803004372437
4,7,12,1,4,3,4.33,4.21,11.584492354162721,6.740353861278561
17,26,12,1,4,3,4.31,4.29,9.349580439067687,7.27854612315628
16,1,12,1,4,3,4.41,4.46,8.96341629199657,6.1743900881334
16,48,12,1,4,3,4.31,4.38,10.940685324169365,6.6823341359238695
16,20,12,1,4,3,4.41,4.43,10.201738576337144,6.345513546269653
3,33,12,1,4,3,4.35,4.37,10.615530086198365,6.72683274310189
14,30,12,1,4,3,4.2,4.32,9.13873695311649,6.479661052813611
5,35,12,1,1,6,4.28,3.9,9.907828118634548,5.707110264748875
10,3,12,1,1,6,4.28,4.22,9.439704535103449,4.394449154672439
4,7,12,1,1,6,4.33,4.17,10.00676590198963,5.017279836814924
3,33,12,1,1,6,4.35,4.23,7.802209316247118,8.307212626628308
1,18,12,1,4,8,4.37,4.35,11.938474206640247,7.068172000388042
1,21,12,1,4,8,4.11,4.23,9.208839245849916,6.169610732491456
1,41,12,1,4,8,4.34,4.41,12.293533921300169,6.589613999045648
8,45,12,1,4,8,4.18,4.19,10.9289913693836,6.515704791170833
7,37,12,1,4,8,4.17,4.24,10.37264707562448,5.773526175311485
7,47,12,1,4,8,4.06,4.14,9.524859098381523,3.828641396489095
9,8,12,1,4,8,4.05,4.07,13.503646442559258,7.065186286930966
9,17,12,1,4,8,4.24,4.24,10.837932494990325,4.983606621708336
9,43,12,1,4,8,4.2,4.23,10.886314808210527,6.972915481835579
13,28,12,1,4,8,4.1,4.15,13.035643594260717,4.61512051684126
10,46,12,1,4,8,4.15,4.25,11.648382502350232,6.751569195792809
4,7,12,1,4,8,4.33,4.21,11.584492354162721,6.879870075492601
16,48,12,1,4,8,4.31,4.38,10.940685324169365,6.854354502255021
3,33,12,1,4,8,4.35,4.37,10.615530086198365,5.564520407322694
1,4,12,1,6,9,4.19,3.72,8.587278798982926,7.692022052909566
1,11,12,1,6,9,4.26,4.08,7.759614150696903,6.93335479728235
1,14,12,1,6,9,4.29,4.3,7.554334823725748,6.881924518947615
1,18,12,1,6,9,4.37,3.92,9.296609807128359,7.11932814738154
1,21,12,1,6,9,4.11,4.03,7.392647520721623,6.559147706121164
1,23,12,1,6,9,4.33,4.0,6.900730664045173,7.178308995085446
1,29,12,1,6,9,4.43,4.3,10.933767465827414,7.403670290012373
1,41,12,1,6,9,4.34,4.05,10.572700582800442,7.129193376836982
2,22,12,1,6,9,4.25,3.85,7.165493475060845,7.0955451903678775
2,44,12,1,6,9,4.28,4.35,6.85751406254539,7.2303821087812965
2,50,12,1,6,9,4.21,3.75,7.387090235656757,6.763596183282531
5,35,12,1,6,9,4.28,4.24,11.771783590108432,7.19709847101055
5,38,12,1,6,9,4.26,4.06,11.045670055905612,7.3641352765584065
6,39,12,1,6,9,4.27,4.02,8.669055540725484,7.088408778675395
8,2,12,1,6,9,4.15,4.21,6.352629396319567,7.578656850594762
8,13,12,1,6,9,4.29,4.17,5.955837369464831,6.912742820493176
8,16,12,1,6,9,4.19,3.91,6.634633357861686,7.362435857629553
8,19,12,1,6,9,4.04,3.23,6.104793232414985,7.30204483929864
8,45,12,1,6,9,4.18,3.99,6.075346031088684,7.7675476144510265
7,5,12,1,6,9,4.23,4.04,5.986452005284438,6.713442109335804
7,9,12,1,6,9,4.28,3.95,6.878326468291325,7.121712767316072
7,24,12,1,6,9,4.21,3.97,7.300472814267799,7.054881343872431
7,34,12,1,6,9,4.35,4.23,5.940171252720432,6.855587918499563
7,37,12,1,6,9,4.17,3.66,8.216628493133443,7.1817820406109165
7,40,12,1,6,9,4.07,3.91,5.575949103146316,6.879870075492601
7,42,12,1,6,9,3.97,4.2,5.043425116919247,6.776381556911414
7,47,12,1,6,9,4.06,4.01,7.165493475060845,7.1524098014634
7,49,12,1,6,9,4.17,4.27,6.137727054086234,7.217076526537399
9,8,12,1,6,9,4.05,3.95,11.693111409633762,7.048464598540739
9,17,12,1,6,9,4.24,3.8,9.46164368908425,7.02704828517012
9,25,12,1,6,9,4.27,3.84,7.077498053569231,7.1403421019236415
9,43,12,1,6,9,4.2,4.1,10.031484910599483,7.080842665085672
18,51,12,1,6,9,0.0,0.0,0.0,6.9541616517962925
13,28,12,1,6,9,4.1,3.85,11.51722620352192,7.2764734117231855
15,31,12,1,6,9,4.23,3.72,7.850103545175582,7.630461261783627
10,3,12,1,6,9,4.28,4.03,11.343204190152012,7.3437107940883
10,12,12,1,6,9,4.2,3.88,7.786136437783072,6.833678075585821
10,46,12,1,6,9,4.15,3.72,9.138629524422182,7.100654032813861
11,6,12,1,6,9,4.29,4.31,7.6544432264701125,6.996187313027152
11,10,12,1,6,9,4.33,3.95,7.228388451573604,7.2487885269309125
12,15,12,1,6,9,4.21,3.74,8.640118538253535,7.228127169256576
12,27,12,1,6,9,4.28,4.18,6.220590170099739,6.7086943981838845
12,32,12,1,6,9,4.15,3.7,6.493753839851686,7.082968296538797
12,36,12,1,6,9,4.17,4.0,8.03689677268507,6.981776818829266
4,7,12,1,6,9,4.33,4.12,11.715482561876033,7.092598653319601
17,26,12,1,6,9,4.31,3.69,7.532088143541722,7.1187371762693035
16,1,12,1,6,9,4.41,3.82,7.037905963447182,6.955783247992719
16,48,12,1,6,9,4.31,4.21,8.633374945705647,7.253958586211412
16,20,12,1,6,9,4.41,4.14,8.61323037961318,6.9750026279306265
3,33,12,1,6,9,4.35,4.18,9.172326929777967,7.141070918737701
14,30,12,1,6,9,4.2,3.62,7.305860032684009,7.124244740865442
1,4,12,1,6,10,4.19,3.72,8.587278798982926,6.515453157400254
1,11,12,1,6,10,4.26,4.08,7.759614150696903,7.297429701183978
1,14,12,1,6,10,4.29,4.3,7.554334823725748,7.320196000826726
1,18,12,1,6,10,4.37,3.92,9.296609807128359,6.344319704943849
1,29,12,1,6,10,4.43,4.3,10.933767465827414,7.820037989458753
1,41,12,1,6,10,4.34,4.05,10.572700582800442,6.685024142613192
2,50,12,1,6,10,4.21,3.75,7.387090235656757,6.040254711277414
5,35,12,1,6,10,4.28,4.24,11.771783590108432,6.59748670785756
5,38,12,1,6,10,4.26,4.06,11.045670055905612,6.362165662779806
6,39,12,1,6,10,4.27,4.02,8.669055540725484,7.0304152917180245
8,2,12,1,6,10,4.15,4.21,6.352629396319567,6.841967978444037
8,19,12,1,6,10,4.04,3.23,6.104793232414985,5.25227342804663
7,24,12,1,6,10,4.21,3.97,7.300472814267799,5.62040086571715
7,37,12,1,6,10,4.17,3.66,8.216628493133443,7.385851078125209
7,47,12,1,6,10,4.06,4.01,7.165493475060845,6.798687901392984
9,8,12,1,6,10,4.05,3.95,11.693111409633762,6.733913665620719
9,17,12,1,6,10,4.24,3.8,9.46164368908425,6.529418838262226
9,25,12,1,6,10,4.27,3.84,7.077498053569231,6.152732694704104
9,43,12,1,6,10,4.2,4.1,10.031484910599483,7.053585727193677
13,28,12,1,6,10,4.1,3.85,11.51722620352192,6.462904644139679
15,31,12,1,6,10,4.23,3.72,7.850103545175582,4.948759890378168
10,3,12,1,6,10,4.28,4.03,11.343204190152012,5.890455660474498
10,12,12,1,6,10,4.2,3.88,7.786136437783072,6.730421263699221
10,46,12,1,6,10,4.15,3.72,9.138629524422182,6.373029645100096
11,6,12,1,6,10,4.29,4.31,7.6544432264701125,6.861564732875721
11,10,12,1,6,10,4.33,3.95,7.228388451573604,6.464977635989993
12,15,12,1,6,10,4.21,3.74,8.640118538253535,6.559615237493242
12,27,12,1,6,10,4.28,4.18,6.220590170099739,7.3938782901077555
12,36,12,1,6,10,4.17,4.0,8.03689677268507,6.07073772800249
4,7,12,1,6,10,4.33,4.12,11.715482561876033,6.529842106335888
17,26,12,1,6,10,4.31,3.69,7.532088143541722,7.1872791637324545
16,20,12,1,6,10,4.41,4.14,8.61323037961318,7.130098510125578
3,33,12,1,6,10,4.35,4.18,9.172326929777967,6.5722825426940075
14,30,12,1,6,10,4.2,3.62,7.305860032684009,6.710218556381702
